Store,DayOfWeek,Customers,Open,Promo,StateHoliday,SchoolHoliday,StoreType,Assortment,CompetitionDistance,CompetitionOpenSinceMonth,CompetitionOpenSinceYear,Promo2,Promo2SinceWeek,Promo2SinceYear,PromoInterval,Year,Month,Day,Week,Quarter,DayName,Lag_1,Lag_7,Rolling_Mean_7,Rolling_STD_7,IsWeekend,Month_Start,Month_End,Sales
3,4,1170,1,0,0,0,2,1,500.0,5.0,2012.0,1,10.0,2011.0,1,2015,1,8,2,1,4,10319.0,4760.0,6301.0,5254.517421546277,0,0,0,13546
3,5,1067,1,1,0,0,2,1,500.0,5.0,2012.0,1,10.0,2011.0,1,2015,1,9,2,1,0,13546.0,4143.0,7512.285714285715,5637.483265733795,0,0,0,12622
3,6,1030,1,0,0,0,2,1,500.0,5.0,2012.0,1,10.0,2011.0,1,2015,1,10,2,1,2,12622.0,0.0,8529.714285714286,4603.604845273818,1,0,0,7122
3,7,0,0,0,0,0,2,1,500.0,5.0,2012.0,1,10.0,2011.0,1,2015,1,11,2,1,3,7122.0,0.0,8529.714285714286,4603.604845273818,1,0,0,0
3,1,1009,1,1,0,0,2,1,500.0,5.0,2012.0,1,10.0,2011.0,1,2015,1,12,3,1,1,0.0,6199.0,8954.0,4488.418318294319,0,0,0,9169
3,2,582,1,0,0,0,2,1,500.0,5.0,2012.0,1,10.0,2011.0,1,2015,1,13,3,1,5,9169.0,9900.0,8371.857142857143,4607.943989408272,0,0,0,5825
3,3,711,1,0,0,0,2,1,500.0,5.0,2012.0,1,10.0,2011.0,1,2015,1,14,3,1,6,5825.0,10319.0,7905.142857142857,4542.847654227887,0,0,0,7052
3,4,1138,1,0,0,0,2,1,500.0,5.0,2012.0,1,10.0,2011.0,1,2015,1,15,3,1,4,7052.0,13546.0,7202.857142857143,3853.1048272171133,0,0,0,8630
3,5,1168,1,0,0,0,2,1,500.0,5.0,2012.0,1,10.0,2011.0,1,2015,1,16,3,1,0,8630.0,12622.0,7116.714285714285,3716.0615223775894,0,0,0,12019
3,6,394,1,0,0,0,2,1,500.0,5.0,2012.0,1,10.0,2011.0,1,2015,1,17,3,1,2,12019.0,7122.0,6583.285714285715,3974.211440201513,1,0,0,3388
3,7,0,0,0,0,0,2,1,500.0,5.0,2012.0,1,10.0,2011.0,1,2015,1,18,3,1,3,3388.0,0.0,6583.285714285715,3974.211440201513,1,0,0,0
3,1,994,1,0,0,0,2,1,500.0,5.0,2012.0,1,10.0,2011.0,1,2015,1,19,4,1,1,0.0,9169.0,6798.0,4172.830574082778,0,0,0,10672
3,2,821,1,0,0,0,2,1,500.0,5.0,2012.0,1,10.0,2011.0,1,2015,1,20,4,1,5,10672.0,5825.0,6620.857142857143,4246.686411331839,0,0,0,4585
3,3,764,1,1,0,1,2,1,500.0,5.0,2012.0,1,10.0,2011.0,1,2015,1,21,4,1,6,4585.0,7052.0,6711.285714285715,4264.1010664338055,0,0,0,7685
3,4,675,1,0,0,0,2,1,500.0,5.0,2012.0,1,10.0,2011.0,1,2015,1,22,4,1,4,7685.0,8630.0,6097.0,4251.332653807903,0,0,0,4330
3,5,663,1,1,0,0,2,1,500.0,5.0,2012.0,1,10.0,2011.0,1,2015,1,23,4,1,0,4330.0,12019.0,5179.714285714285,3359.861143672744,0,0,0,5598
3,6,728,1,0,0,0,2,1,500.0,5.0,2012.0,1,10.0,2011.0,1,2015,1,24,4,1,2,5598.0,3388.0,5807.571428571428,3379.8280457809733,1,0,0,7783
3,7,0,0,0,0,0,2,1,500.0,5.0,2012.0,1,10.0,2011.0,1,2015,1,25,4,1,3,7783.0,0.0,5807.571428571428,3379.8280457809733,1,0,0,0
3,1,346,1,1,0,0,2,1,500.0,5.0,2012.0,1,10.0,2011.0,1,2015,1,26,5,1,1,0.0,10672.0,4923.428571428572,2619.137571615442,0,0,0,4483
3,2,318,1,0,0,0,2,1,500.0,5.0,2012.0,1,10.0,2011.0,1,2015,1,27,5,1,5,4483.0,4585.0,4792.0,2661.6875599263494,0,0,0,3665
3,3,1046,1,0,0,1,2,1,500.0,5.0,2012.0,1,10.0,2011.0,1,2015,1,28,5,1,6,3665.0,7685.0,4822.428571428572,2701.1969480918956,0,0,0,7898
3,4,870,1,0,0,0,2,1,500.0,5.0,2012.0,1,10.0,2011.0,1,2015,1,29,5,1,4,7898.0,4330.0,5380.0,2971.8709034321596,0,0,0,8233
3,5,437,1,1,0,0,2,1,500.0,5.0,2012.0,1,10.0,2011.0,1,2015,1,30,5,1,0,8233.0,5598.0,5031.142857142857,3083.257013212461,0,0,0,3156
3,6,445,1,0,0,0,2,1,500.0,5.0,2012.0,1,10.0,2011.0,1,2015,1,31,5,1,2,3156.0,7783.0,4640.285714285715,2840.0995120057423,1,0,1,5047
3,7,0,0,0,0,0,2,1,500.0,5.0,2012.0,1,10.0,2011.0,1,2015,2,1,5,1,3,5047.0,0.0,4640.285714285715,2840.0995120057423,1,1,0,0
3,1,529,1,1,0,0,2,1,500.0,5.0,2012.0,1,10.0,2011.0,1,2015,2,2,6,1,1,0.0,4483.0,4775.428571428572,2853.841788253331,0,0,0,5429
3,2,459,1,1,0,1,2,1,500.0,5.0,2012.0,1,10.0,2011.0,1,2015,2,3,6,1,5,5429.0,3665.0,5169.142857142857,2865.2008323194073,0,0,0,6421
3,3,352,1,0,0,0,2,1,500.0,5.0,2012.0,1,10.0,2011.0,1,2015,2,4,6,1,6,6421.0,7898.0,4444.571428571428,2696.4447492419167,0,0,0,2826
3,4,610,1,0,0,0,2,1,500.0,5.0,2012.0,1,10.0,2011.0,1,2015,2,5,6,1,4,2826.0,8233.0,3960.714285714286,2152.3249223638586,0,0,0,4846
3,5,607,1,0,0,0,2,1,500.0,5.0,2012.0,1,10.0,2011.0,1,2015,2,6,6,1,0,4846.0,3156.0,4079.5714285714284,2123.2563714840553,0,0,0,3988
3,6,895,1,0,0,0,2,1,500.0,5.0,2012.0,1,10.0,2011.0,1,2015,2,7,6,1,2,3988.0,5047.0,4105.428571428572,2138.0519059136454,1,0,0,5228
3,7,0,0,0,0,0,2,1,500.0,5.0,2012.0,1,10.0,2011.0,1,2015,2,8,6,1,3,5228.0,0.0,4105.428571428572,2138.0519059136454,1,0,0,0
3,1,952,1,1,0,0,2,1,500.0,5.0,2012.0,1,10.0,2011.0,1,2015,2,9,7,1,1,0.0,5429.0,4363.142857142857,2414.97207910509,0,0,0,7233
3,2,433,1,0,0,0,2,1,500.0,5.0,2012.0,1,10.0,2011.0,1,2015,2,10,7,1,5,7233.0,6421.0,4102.857142857143,2248.6719360970587,0,0,0,4599
3,3,737,1,0,0,0,2,1,500.0,5.0,2012.0,1,10.0,2011.0,1,2015,2,11,7,1,6,4599.0,2826.0,4912.142857142857,2688.8654006582697,0,0,0,8491
3,4,558,1,0,0,0,2,1,500.0,5.0,2012.0,1,10.0,2011.0,1,2015,2,12,7,1,4,8491.0,4846.0,5050.571428571428,2709.754654154929,0,0,0,5815
3,5,698,1,0,0,0,2,1,500.0,5.0,2012.0,1,10.0,2011.0,1,2015,2,13,7,1,0,5815.0,3988.0,5585.142857142857,2831.564198375841,0,0,0,7730
3,6,665,1,0,0,1,2,1,500.0,5.0,2012.0,1,10.0,2011.0,1,2015,2,14,7,1,2,7730.0,5228.0,5665.571428571428,2827.7222787456153,1,0,0,5791
3,7,0,0,0,0,1,2,1,500.0,5.0,2012.0,1,10.0,2011.0,1,2015,2,15,7,1,3,5791.0,0.0,5665.571428571428,2827.7222787456153,1,0,0,0
3,1,990,1,1,0,0,2,1,500.0,5.0,2012.0,1,10.0,2011.0,1,2015,2,16,8,1,1,0.0,7233.0,5965.0,3117.4870756214327,0,0,0,9329
3,2,592,1,0,0,0,2,1,500.0,5.0,2012.0,1,10.0,2011.0,1,2015,2,17,8,1,5,9329.0,4599.0,6285.0,3068.481546302667,0,0,0,6839
3,3,870,1,1,0,0,2,1,500.0,5.0,2012.0,1,10.0,2011.0,1,2015,2,18,8,1,6,6839.0,8491.0,6523.714285714285,3323.132945193222,0,0,0,10162
3,4,568,1,0,0,0,2,1,500.0,5.0,2012.0,1,10.0,2011.0,1,2015,2,19,8,1,4,10162.0,5815.0,6413.714285714285,3363.0069736415817,0,0,0,5045
3,5,325,1,1,0,0,2,1,500.0,5.0,2012.0,1,10.0,2011.0,1,2015,2,20,8,1,0,5045.0,7730.0,6011.857142857143,3347.536827209496,0,0,0,4917
3,6,870,1,0,0,1,2,1,500.0,5.0,2012.0,1,10.0,2011.0,1,2015,2,21,8,1,2,4917.0,5791.0,6440.0,3502.64338274205,1,0,0,8788
3,7,0,0,0,0,0,2,1,500.0,5.0,2012.0,1,10.0,2011.0,1,2015,2,22,8,1,3,8788.0,0.0,6440.0,3502.64338274205,1,0,0,0
3,1,302,1,1,0,0,2,1,500.0,5.0,2012.0,1,10.0,2011.0,1,2015,2,23,9,1,1,0.0,9329.0,5471.0,3508.4481849767544,0,0,0,2546
3,2,462,1,1,0,0,2,1,500.0,5.0,2012.0,1,10.0,2011.0,1,2015,2,24,9,1,5,2546.0,6839.0,5038.571428571428,3498.2649917324693,0,0,0,3812
3,3,827,1,0,0,0,2,1,500.0,5.0,2012.0,1,10.0,2011.0,1,2015,2,25,9,1,6,3812.0,10162.0,4724.571428571428,3028.9048547367156,0,0,0,7964
3,4,821,1,1,0,0,2,1,500.0,5.0,2012.0,1,10.0,2011.0,1,2015,2,26,9,1,4,7964.0,5045.0,5302.0,3455.4239971384145,0,0,0,9087
3,5,670,1,0,0,0,2,1,500.0,5.0,2012.0,1,10.0,2011.0,1,2015,2,27,9,1,0,9087.0,4917.0,5509.0,3471.878886136441,0,0,0,6366
3,6,539,1,0,0,0,2,1,500.0,5.0,2012.0,1,10.0,2011.0,1,2015,2,28,9,1,2,6366.0,8788.0,4931.857142857143,3157.5117011433485,1,0,1,4748
3,7,0,0,0,0,1,2,1,500.0,5.0,2012.0,1,10.0,2011.0,1,2015,3,1,9,1,3,4748.0,0.0,4931.857142857143,3157.5117011433485,1,1,0,0
3,1,437,1,0,0,0,2,1,500.0,5.0,2012.0,1,10.0,2011.0,1,2015,3,2,10,1,1,0.0,2546.0,5029.142857142857,3081.321492940515,0,0,0,3227
3,2,894,1,0,0,0,2,1,500.0,5.0,2012.0,1,10.0,2011.0,1,2015,3,3,10,1,5,3227.0,3812.0,5856.142857142857,3454.470312921672,0,0,0,9601
3,3,854,1,0,0,0,2,1,500.0,5.0,2012.0,1,10.0,2011.0,1,2015,3,4,10,1,6,9601.0,7964.0,5776.571428571428,3403.869506759569,0,0,0,7407
3,4,718,1,1,0,0,2,1,500.0,5.0,2012.0,1,10.0,2011.0,1,2015,3,5,10,1,4,7407.0,9087.0,5803.428571428572,3434.9425447471895,0,0,0,9275
3,5,774,1,0,0,1,2,1,500.0,5.0,2012.0,1,10.0,2011.0,1,2015,3,6,10,1,0,9275.0,6366.0,6102.571428571428,3580.210927545233,0,0,0,8460
3,6,1099,1,0,0,0,2,1,500.0,5.0,2012.0,1,10.0,2011.0,1,2015,3,7,10,1,2,8460.0,4748.0,6508.285714285715,3561.995401189514,1,0,0,7588
3,7,0,0,0,0,0,2,1,500.0,5.0,2012.0,1,10.0,2011.0,1,2015,3,8,10,1,3,7588.0,0.0,6508.285714285715,3561.995401189514,1,0,0,0
3,1,1135,1,1,0,1,2,1,500.0,5.0,2012.0,1,10.0,2011.0,1,2015,3,9,11,1,1,0.0,3227.0,8086.714285714285,4247.69269581678,0,0,0,14276
3,2,391,1,0,0,1,2,1,500.0,5.0,2012.0,1,10.0,2011.0,1,2015,3,10,11,1,5,14276.0,9601.0,7142.428571428572,4576.914421206455,0,0,0,2991
3,3,731,1,1,0,0,2,1,500.0,5.0,2012.0,1,10.0,2011.0,1,2015,3,11,11,1,6,2991.0,7407.0,6917.714285714285,4600.314942634751,0,0,0,5834
3,4,826,1,0,0,0,2,1,500.0,5.0,2012.0,1,10.0,2011.0,1,2015,3,12,11,1,4,5834.0,9275.0,6274.285714285715,4530.102453377324,0,0,0,4771
3,5,358,1,0,0,0,2,1,500.0,5.0,2012.0,1,10.0,2011.0,1,2015,3,13,11,1,0,4771.0,8460.0,5650.142857142857,4479.462000008911,0,0,0,4091
3,6,736,1,0,0,0,2,1,500.0,5.0,2012.0,1,10.0,2011.0,1,2015,3,14,11,1,2,4091.0,7588.0,5474.857142857143,4414.529624945769,1,0,0,6361
3,7,0,0,0,0,0,2,1,500.0,5.0,2012.0,1,10.0,2011.0,1,2015,3,15,11,1,3,6361.0,0.0,5474.857142857143,4414.529624945769,1,0,0,0
3,1,1114,1,0,0,1,2,1,500.0,5.0,2012.0,1,10.0,2011.0,1,2015,3,16,12,1,1,0.0,14276.0,4844.428571428572,3053.468839268051,0,0,0,9863
3,2,424,1,1,0,1,2,1,500.0,5.0,2012.0,1,10.0,2011.0,1,2015,3,17,12,1,5,9863.0,2991.0,5132.857142857143,2942.558718109773,0,0,0,5010
3,3,718,1,0,0,0,2,1,500.0,5.0,2012.0,1,10.0,2011.0,1,2015,3,18,12,1,6,5010.0,5834.0,5128.285714285715,2941.3125026245107,0,0,0,5802
3,4,783,1,1,0,1,2,1,500.0,5.0,2012.0,1,10.0,2011.0,1,2015,3,19,12,1,4,5802.0,4771.0,5160.571428571428,2937.9755420551596,0,0,0,4997
3,5,746,1,0,0,0,2,1,500.0,5.0,2012.0,1,10.0,2011.0,1,2015,3,20,12,1,0,4997.0,4091.0,5409.142857142857,2905.8326075080727,0,0,0,5831
3,6,919,1,0,0,0,2,1,500.0,5.0,2012.0,1,10.0,2011.0,1,2015,3,21,12,1,2,5831.0,6361.0,5271.714285714285,2875.9069128587234,1,0,0,5399
3,7,0,0,0,0,1,2,1,500.0,5.0,2012.0,1,10.0,2011.0,1,2015,3,22,12,1,3,5399.0,0.0,5271.714285714285,2875.9069128587234,1,0,0,0
3,1,404,1,0,0,0,2,1,500.0,5.0,2012.0,1,10.0,2011.0,1,2015,3,23,13,1,1,0.0,9863.0,4214.571428571428,2183.695557012084,0,0,0,2463
3,2,687,1,1,0,0,2,1,500.0,5.0,2012.0,1,10.0,2011.0,1,2015,3,24,13,1,5,2463.0,5010.0,4565.714285714285,2506.6624366732344,0,0,0,7468
3,3,0,0,0,0,0,2,1,500.0,5.0,2012.0,1,10.0,2011.0,1,2015,3,25,13,1,6,7468.0,5802.0,3736.8571428571427,2949.815103164464,0,0,0,0
3,4,906,1,0,0,0,2,1,500.0,5.0,2012.0,1,10.0,2011.0,1,2015,3,26,13,1,4,0.0,4997.0,4234.0,3448.656550020606,0,0,0,8477
3,5,1119,1,0,0,0,2,1,500.0,5.0,2012.0,1,10.0,2011.0,1,2015,3,27,13,1,0,8477.0,5831.0,4474.428571428572,3632.325740584717,0,0,0,7514
3,6,529,1,0,0,0,2,1,500.0,5.0,2012.0,1,10.0,2011.0,1,2015,3,28,13,1,2,7514.0,5399.0,4184.428571428572,3627.2391179859715,1,0,0,3369
3,7,0,0,0,0,0,2,1,500.0,5.0,2012.0,1,10.0,2011.0,1,2015,3,29,13,1,3,3369.0,0.0,4184.428571428572,3627.2391179859715,1,0,0,0
3,1,713,1,0,0,1,2,1,500.0,5.0,2012.0,1,10.0,2011.0,1,2015,3,30,14,1,1,0.0,2463.0,4678.142857142857,3588.8792785757646,0,0,0,5919
3,2,981,1,0,0,0,2,1,500.0,5.0,2012.0,1,10.0,2011.0,1,2015,3,31,14,1,5,5919.0,7468.0,4738.571428571428,3646.7774293268353,0,0,1,7891
3,3,340,1,0,0,0,2,1,500.0,5.0,2012.0,1,10.0,2011.0,1,2015,4,1,14,2,6,7891.0,0.0,5046.285714285715,3249.5396450515764,0,1,0,2154
3,4,425,1,0,0,0,2,1,500.0,5.0,2012.0,1,10.0,2011.0,1,2015,4,2,14,2,4,2154.0,8477.0,4264.0,2929.3527157604904,0,0,0,3001
3,5,493,1,0,0,0,2,1,500.0,5.0,2012.0,1,10.0,2011.0,1,2015,4,3,14,2,0,3001.0,7514.0,3645.1428571428573,2563.0053601564136,0,0,0,3182
3,6,360,1,0,0,0,2,1,500.0,5.0,2012.0,1,10.0,2011.0,1,2015,4,4,14,2,2,3182.0,3369.0,3518.714285714286,2600.451480947479,1,0,0,2484
3,7,0,0,0,0,0,2,1,500.0,5.0,2012.0,1,10.0,2011.0,1,2015,4,5,14,2,3,2484.0,0.0,3518.714285714286,2600.451480947479,1,0,0,0
3,1,765,1,0,0,0,2,1,500.0,5.0,2012.0,1,10.0,2011.0,1,2015,4,6,15,2,1,0.0,5919.0,3452.714285714286,2534.4024748965858,0,0,0,5457
3,2,688,1,0,0,0,2,1,500.0,5.0,2012.0,1,10.0,2011.0,1,2015,4,7,15,2,5,5457.0,7891.0,3225.1428571428573,2104.5159719494914,0,0,0,6298
3,3,908,1,0,0,0,2,1,500.0,5.0,2012.0,1,10.0,2011.0,1,2015,4,8,15,2,6,6298.0,2154.0,4281.142857142857,3097.6835661814303,0,0,0,9546
3,4,716,1,1,0,0,2,1,500.0,5.0,2012.0,1,10.0,2011.0,1,2015,4,9,15,2,4,9546.0,3001.0,4716.428571428572,3101.896294051051,0,0,0,6048
3,5,320,1,0,0,1,2,1,500.0,5.0,2012.0,1,10.0,2011.0,1,2015,4,10,15,2,0,6048.0,3182.0,4633.571428571428,3156.9722761502003,0,0,0,2602
4,4,905,1,1,0,0,0,0,1500.0,1.0,2010.0,1,40.0,2011.0,2,2015,1,8,2,1,4,10474.0,8120.0,6445.428571428572,3325.110417071031,0,0,0,7246
4,5,775,1,0,0,0,0,0,1500.0,1.0,2010.0,1,40.0,2011.0,2,2015,1,9,2,1,0,7246.0,5262.0,6485.714285714285,3310.05703446762,0,0,0,5544
4,6,1142,1,0,0,0,0,0,1500.0,1.0,2010.0,1,40.0,2011.0,2,2015,1,10,2,1,2,5544.0,6010.0,7241.857142857143,3757.5820873078933,1,0,0,11303
4,7,0,0,0,0,0,0,0,1500.0,1.0,2010.0,1,40.0,2011.0,2,2015,1,11,2,1,3,11303.0,0.0,7241.857142857143,3757.5820873078933,1,0,0,0
4,1,1152,1,1,0,1,0,0,1500.0,1.0,2010.0,1,40.0,2011.0,2,2015,1,12,3,1,1,0.0,8805.0,7495.428571428572,3936.289109349179,0,0,0,10580
4,2,1141,1,1,0,1,0,0,1500.0,1.0,2010.0,1,40.0,2011.0,2,2015,1,13,3,1,5,10580.0,7321.0,8055.571428571428,4178.841221245544,0,0,0,11242
4,3,385,1,1,0,0,0,0,1500.0,1.0,2010.0,1,40.0,2011.0,2,2015,1,14,3,1,6,11242.0,10474.0,7162.571428571428,4243.307430811601,0,0,0,4223
4,4,766,1,0,0,0,0,0,1500.0,1.0,2010.0,1,40.0,2011.0,2,2015,1,15,3,1,4,4223.0,7246.0,6975.857142857143,4267.709746010203,0,0,0,5939
4,5,372,1,1,0,0,0,0,1500.0,1.0,2010.0,1,40.0,2011.0,2,2015,1,16,3,1,0,5939.0,5544.0,6802.571428571428,4359.184513076685,0,0,0,4331
4,6,810,1,0,0,0,0,0,1500.0,1.0,2010.0,1,40.0,2011.0,2,2015,1,17,3,1,2,4331.0,11303.0,6409.285714285715,3994.410082197608,1,0,0,8550
4,7,0,0,0,0,0,0,0,1500.0,1.0,2010.0,1,40.0,2011.0,2,2015,1,18,3,1,3,8550.0,0.0,6409.285714285715,3994.410082197608,1,0,0,0
4,1,1085,1,0,0,1,0,0,1500.0,1.0,2010.0,1,40.0,2011.0,2,2015,1,19,4,1,1,0.0,10580.0,5950.714285714285,3600.6474285553004,0,0,0,7370
4,2,839,1,0,0,1,0,0,1500.0,1.0,2010.0,1,40.0,2011.0,2,2015,1,20,4,1,5,7370.0,11242.0,5176.142857142857,2757.0402867671582,0,0,0,5820
4,3,323,1,0,0,0,0,0,1500.0,1.0,2010.0,1,40.0,2011.0,2,2015,1,21,4,1,6,5820.0,4223.0,4836.142857142857,3027.644487527744,0,0,0,1843
4,4,1090,1,0,0,0,0,0,1500.0,1.0,2010.0,1,40.0,2011.0,2,2015,1,22,4,1,4,1843.0,5939.0,5574.428571428572,3857.71265808911,0,0,0,11107
4,5,335,1,0,0,1,0,0,1500.0,1.0,2010.0,1,40.0,2011.0,2,2015,1,23,4,1,0,11107.0,4331.0,5223.0,4094.6395038716973,0,0,0,1871
4,6,0,0,0,0,0,0,0,1500.0,1.0,2010.0,1,40.0,2011.0,2,2015,1,24,4,1,2,1871.0,8550.0,4001.5714285714284,4210.384418598965,1,0,0,0
4,7,0,0,0,0,0,0,0,1500.0,1.0,2010.0,1,40.0,2011.0,2,2015,1,25,4,1,3,0.0,0.0,4001.5714285714284,4210.384418598965,1,0,0,0
4,1,711,1,0,0,0,0,0,1500.0,1.0,2010.0,1,40.0,2011.0,2,2015,1,26,5,1,1,0.0,7370.0,3764.5714285714284,4032.093619000053,0,0,0,5711
4,2,754,1,0,0,0,0,0,1500.0,1.0,2010.0,1,40.0,2011.0,2,2015,1,27,5,1,5,5711.0,5820.0,3600.1428571428573,3957.074273945815,0,0,0,4669
4,3,380,1,1,0,1,0,0,1500.0,1.0,2010.0,1,40.0,2011.0,2,2015,1,28,5,1,6,4669.0,1843.0,3781.5714285714284,3891.656967460126,0,0,0,3113
4,4,714,1,0,0,0,0,0,1500.0,1.0,2010.0,1,40.0,2011.0,2,2015,1,29,5,1,4,3113.0,11107.0,2817.0,2273.9134401584697,0,0,0,4355
4,5,1082,1,0,0,1,0,0,1500.0,1.0,2010.0,1,40.0,2011.0,2,2015,1,30,5,1,0,4355.0,1871.0,3761.8571428571427,3055.2173097054488,0,0,0,8485
4,6,859,1,0,0,0,0,0,1500.0,1.0,2010.0,1,40.0,2011.0,2,2015,1,31,5,1,2,8485.0,0.0,4754.857142857143,2742.3480467518707,1,0,1,6951
4,7,0,0,0,0,0,0,0,1500.0,1.0,2010.0,1,40.0,2011.0,2,2015,2,1,5,1,3,6951.0,0.0,4754.857142857143,2742.3480467518707,1,1,0,0
4,1,538,1,0,0,1,0,0,1500.0,1.0,2010.0,1,40.0,2011.0,2,2015,2,2,6,1,1,0.0,5711.0,4742.428571428572,2737.4853337289214,0,0,0,5624
4,2,435,1,0,0,0,0,0,1500.0,1.0,2010.0,1,40.0,2011.0,2,2015,2,3,6,1,5,5624.0,4669.0,4628.428571428572,2757.594957998898,0,0,0,3871
4,3,532,1,0,0,0,0,0,1500.0,1.0,2010.0,1,40.0,2011.0,2,2015,2,4,6,1,6,3871.0,3113.0,4993.428571428572,2691.888733283927,0,0,0,5668
4,4,1131,1,0,0,0,0,0,1500.0,1.0,2010.0,1,40.0,2011.0,2,2015,2,5,6,1,4,5668.0,4355.0,5616.571428571428,3006.0171244324183,0,0,0,8717
4,5,573,1,1,0,1,0,0,1500.0,1.0,2010.0,1,40.0,2011.0,2,2015,2,6,6,1,0,8717.0,8485.0,5320.142857142857,2768.976671899531,0,0,0,6410
4,6,432,1,0,0,0,0,0,1500.0,1.0,2010.0,1,40.0,2011.0,2,2015,2,7,6,1,2,6410.0,6951.0,4740.142857142857,2795.521145724079,1,0,0,2891
4,7,0,0,0,0,0,0,0,1500.0,1.0,2010.0,1,40.0,2011.0,2,2015,2,8,6,1,3,2891.0,0.0,4740.142857142857,2795.521145724079,1,0,0,0
4,1,594,1,1,0,0,0,0,1500.0,1.0,2010.0,1,40.0,2011.0,2,2015,2,9,7,1,1,0.0,5624.0,5033.428571428572,3003.6489396034526,0,0,0,7677
4,2,737,1,1,0,0,0,0,1500.0,1.0,2010.0,1,40.0,2011.0,2,2015,2,10,7,1,5,7677.0,3871.0,5901.428571428572,3455.657624685584,0,0,0,9947
4,3,1110,1,0,0,0,0,0,1500.0,1.0,2010.0,1,40.0,2011.0,2,2015,2,11,7,1,6,9947.0,5668.0,6171.285714285715,3507.755346575437,0,0,0,7557
4,4,591,1,1,0,0,0,0,1500.0,1.0,2010.0,1,40.0,2011.0,2,2015,2,12,7,1,4,7557.0,8717.0,5927.142857142857,3357.287468010021,0,0,0,7008
4,5,810,1,1,0,0,0,0,1500.0,1.0,2010.0,1,40.0,2011.0,2,2015,2,13,7,1,0,7008.0,6410.0,6594.571428571428,3891.2176696223187,0,0,0,11082
4,6,576,1,0,0,0,0,0,1500.0,1.0,2010.0,1,40.0,2011.0,2,2015,2,14,7,1,2,11082.0,2891.0,6862.0,3651.187843245902,1,0,0,4763
4,7,0,0,0,0,0,0,0,1500.0,1.0,2010.0,1,40.0,2011.0,2,2015,2,15,7,1,3,4763.0,0.0,6862.0,3651.187843245902,1,0,0,0
4,1,438,1,1,0,1,0,0,1500.0,1.0,2010.0,1,40.0,2011.0,2,2015,2,16,8,1,1,0.0,7677.0,6683.142857142857,3635.24072694741,0,0,0,6425
4,2,808,1,0,0,0,0,0,1500.0,1.0,2010.0,1,40.0,2011.0,2,2015,2,17,8,1,5,6425.0,9947.0,5974.428571428572,3366.5375317053795,0,0,0,4986
4,3,524,1,0,0,0,0,0,1500.0,1.0,2010.0,1,40.0,2011.0,2,2015,2,18,8,1,6,4986.0,7557.0,5538.857142857143,3324.6371445403092,0,0,0,4508
4,4,706,1,0,0,0,0,0,1500.0,1.0,2010.0,1,40.0,2011.0,2,2015,2,19,8,1,4,4508.0,7008.0,5438.857142857143,3283.3537949567876,0,0,0,6308
4,5,1124,1,1,0,0,0,0,1500.0,1.0,2010.0,1,40.0,2011.0,2,2015,2,20,8,1,0,6308.0,11082.0,5589.428571428572,3594.6819913655254,0,0,0,12136
4,6,361,1,0,0,0,0,0,1500.0,1.0,2010.0,1,40.0,2011.0,2,2015,2,21,8,1,2,12136.0,4763.0,5236.428571428572,3804.5634816249662,1,0,0,2292
4,7,0,0,0,0,1,0,0,1500.0,1.0,2010.0,1,40.0,2011.0,2,2015,2,22,8,1,3,2292.0,0.0,5236.428571428572,3804.5634816249662,1,0,0,0
4,1,654,1,0,0,1,0,0,1500.0,1.0,2010.0,1,40.0,2011.0,2,2015,2,23,9,1,1,0.0,6425.0,5197.285714285715,3791.684617435268,0,0,0,6151
4,2,601,1,1,0,0,0,0,1500.0,1.0,2010.0,1,40.0,2011.0,2,2015,2,24,9,1,5,6151.0,4986.0,5659.285714285715,3955.150343298625,0,0,0,8220
4,3,938,1,1,0,1,0,0,1500.0,1.0,2010.0,1,40.0,2011.0,2,2015,2,25,9,1,6,8220.0,4508.0,5911.571428571428,3925.688128941763,0,0,0,6274
4,4,796,1,1,0,0,0,0,1500.0,1.0,2010.0,1,40.0,2011.0,2,2015,2,26,9,1,4,6274.0,6308.0,6312.0,4111.4261515926555,0,0,0,9111
4,5,689,1,0,0,0,0,0,1500.0,1.0,2010.0,1,40.0,2011.0,2,2015,2,27,9,1,0,9111.0,12136.0,5206.571428571428,3230.416993575434,0,0,0,4398
4,6,1000,1,0,0,0,0,0,1500.0,1.0,2010.0,1,40.0,2011.0,2,2015,2,28,9,1,2,4398.0,2292.0,6215.142857142857,3270.6498043748334,1,0,1,9352
4,7,0,0,0,0,0,0,0,1500.0,1.0,2010.0,1,40.0,2011.0,2,2015,3,1,9,1,3,9352.0,0.0,6215.142857142857,3270.6498043748334,1,1,0,0
4,1,450,1,1,0,0,0,0,1500.0,1.0,2010.0,1,40.0,2011.0,2,2015,3,2,10,1,1,0.0,6151.0,6217.714285714285,3270.5980449190884,0,0,0,6169
4,2,487,1,1,0,0,0,0,1500.0,1.0,2010.0,1,40.0,2011.0,2,2015,3,3,10,1,5,6169.0,8220.0,5948.142857142857,3153.7366952326784,0,0,0,6333
4,3,526,1,0,0,0,0,0,1500.0,1.0,2010.0,1,40.0,2011.0,2,2015,3,4,10,1,6,6333.0,6274.0,5949.714285714285,3153.928857487948,0,0,0,6285
4,4,1147,1,1,0,0,0,0,1500.0,1.0,2010.0,1,40.0,2011.0,2,2015,3,5,10,1,4,6285.0,9111.0,6579.857142857143,4168.329538658998,0,0,0,13522
4,5,471,1,0,0,0,0,0,1500.0,1.0,2010.0,1,40.0,2011.0,2,2015,3,6,10,1,0,13522.0,4398.0,6578.857142857143,4168.941009759808,0,0,0,4391
4,6,659,1,0,0,0,0,0,1500.0,1.0,2010.0,1,40.0,2011.0,2,2015,3,7,10,1,2,4391.0,9352.0,6293.0,4012.777467041998,1,0,0,7351
4,7,0,0,0,0,0,0,0,1500.0,1.0,2010.0,1,40.0,2011.0,2,2015,3,8,10,1,3,7351.0,0.0,6293.0,4012.777467041998,1,0,0,0
4,1,1163,1,1,0,0,0,0,1500.0,1.0,2010.0,1,40.0,2011.0,2,2015,3,9,11,1,1,0.0,6169.0,6712.285714285715,4148.6953657861195,0,0,0,9104
4,2,979,1,1,0,0,0,0,1500.0,1.0,2010.0,1,40.0,2011.0,2,2015,3,10,11,1,5,9104.0,6333.0,7333.0,4399.9255296728215,0,0,0,10678
4,3,775,1,0,0,1,0,0,1500.0,1.0,2010.0,1,40.0,2011.0,2,2015,3,11,11,1,6,10678.0,6285.0,7391.428571428572,4386.384002689187,0,0,0,6694
4,4,761,1,0,0,0,0,0,1500.0,1.0,2010.0,1,40.0,2011.0,2,2015,3,12,11,1,4,6694.0,13522.0,6375.285714285715,3454.3601295698595,0,0,0,6409
4,5,1115,1,1,0,0,0,0,1500.0,1.0,2010.0,1,40.0,2011.0,2,2015,3,13,11,1,0,6409.0,4391.0,7777.714285714285,4382.5792525363295,0,0,0,14208
4,6,651,1,0,0,1,0,0,1500.0,1.0,2010.0,1,40.0,2011.0,2,2015,3,14,11,1,2,14208.0,7351.0,7530.0,4459.05576701316,1,0,0,5617
4,7,0,0,0,0,0,0,0,1500.0,1.0,2010.0,1,40.0,2011.0,2,2015,3,15,11,1,3,5617.0,0.0,7530.0,4459.055767013161,1,0,0,0
4,1,851,1,0,0,0,0,0,1500.0,1.0,2010.0,1,40.0,2011.0,2,2015,3,16,12,1,1,0.0,9104.0,7208.0,4407.535327897743,0,0,0,6850
4,2,540,1,0,0,0,0,0,1500.0,1.0,2010.0,1,40.0,2011.0,2,2015,3,17,12,1,5,6850.0,10678.0,6542.571428571428,4139.82857363051,0,0,0,6020
4,3,898,1,1,0,0,0,0,1500.0,1.0,2010.0,1,40.0,2011.0,2,2015,3,18,12,1,6,6020.0,6694.0,6707.857142857143,4169.870158992621,0,0,0,7851
4,4,640,1,1,0,0,0,0,1500.0,1.0,2010.0,1,40.0,2011.0,2,2015,3,19,12,1,4,7851.0,6409.0,6589.142857142857,4191.56917428988,0,0,0,5578
4,5,983,1,1,0,0,0,0,1500.0,1.0,2010.0,1,40.0,2011.0,2,2015,3,20,12,1,0,5578.0,14208.0,5516.571428571428,2560.2067531837392,0,0,0,6700
4,6,532,1,0,0,1,0,0,1500.0,1.0,2010.0,1,40.0,2011.0,2,2015,3,21,12,1,2,6700.0,5617.0,5466.285714285715,2561.362053952658,1,0,0,5265
4,7,0,0,0,0,1,0,0,1500.0,1.0,2010.0,1,40.0,2011.0,2,2015,3,22,12,1,3,5265.0,0.0,5466.285714285715,2561.362053952658,1,0,0,0
4,1,664,1,1,0,0,0,0,1500.0,1.0,2010.0,1,40.0,2011.0,2,2015,3,23,13,1,1,0.0,6850.0,5515.285714285715,2595.300991811016,0,0,0,7193
4,2,780,1,0,0,0,0,0,1500.0,1.0,2010.0,1,40.0,2011.0,2,2015,3,24,13,1,5,7193.0,6020.0,5810.714285714285,2773.8871470847384,0,0,0,8088
4,3,1022,1,0,0,0,0,0,1500.0,1.0,2010.0,1,40.0,2011.0,2,2015,3,25,13,1,6,8088.0,7851.0,6355.285714285715,3516.0886277361155,0,0,0,11663
4,4,591,1,1,0,0,0,0,1500.0,1.0,2010.0,1,40.0,2011.0,2,2015,3,26,13,1,4,11663.0,5578.0,6664.857142857143,3531.608860400192,0,0,0,7745
4,5,492,1,1,0,0,0,0,1500.0,1.0,2010.0,1,40.0,2011.0,2,2015,3,27,13,1,0,7745.0,6700.0,6615.142857142857,3533.4805989077036,0,0,0,6352
4,6,498,1,0,0,1,0,0,1500.0,1.0,2010.0,1,40.0,2011.0,2,2015,3,28,13,1,2,6352.0,5265.0,6712.428571428572,3499.321975142368,1,0,0,5946
4,7,0,0,0,0,0,0,0,1500.0,1.0,2010.0,1,40.0,2011.0,2,2015,3,29,13,1,3,5946.0,0.0,6712.428571428572,3499.321975142368,1,0,0,0
4,1,511,1,0,0,1,0,0,1500.0,1.0,2010.0,1,40.0,2011.0,2,2015,3,30,14,1,1,0.0,7193.0,6145.142857142857,3723.147791344104,0,0,0,3222
4,2,420,1,0,0,0,0,0,1500.0,1.0,2010.0,1,40.0,2011.0,2,2015,3,31,14,1,5,3222.0,8088.0,5569.142857142857,3684.1636060563983,0,0,1,4056
4,3,516,1,0,0,0,0,0,1500.0,1.0,2010.0,1,40.0,2011.0,2,2015,4,1,14,2,6,4056.0,11663.0,4400.0,2552.897243003202,0,1,0,3479
4,4,831,1,1,0,0,0,0,1500.0,1.0,2010.0,1,40.0,2011.0,2,2015,4,2,14,2,4,3479.0,7745.0,4443.0,2620.275239995476,0,0,0,8046
4,5,324,1,0,0,0,0,0,1500.0,1.0,2010.0,1,40.0,2011.0,2,2015,4,3,14,2,0,8046.0,6352.0,3808.0,2619.1440713841394,0,0,0,1907
4,6,1032,1,0,0,0,0,0,1500.0,1.0,2010.0,1,40.0,2011.0,2,2015,4,4,14,2,2,1907.0,5946.0,4673.142857142857,4051.5589768454756,1,0,0,12002
4,7,0,0,0,0,0,0,0,1500.0,1.0,2010.0,1,40.0,2011.0,2,2015,4,5,14,2,3,12002.0,0.0,4673.142857142857,4051.5589768454756,1,0,0,0
4,1,1076,1,0,0,0,0,0,1500.0,1.0,2010.0,1,40.0,2011.0,2,2015,4,6,15,2,1,0.0,3222.0,5769.571428571428,4595.4012105271395,0,0,0,10897
4,2,627,1,0,0,1,0,0,1500.0,1.0,2010.0,1,40.0,2011.0,2,2015,4,7,15,2,5,10897.0,4056.0,6035.571428571428,4533.149856231054,0,0,0,5918
4,3,391,1,1,0,0,0,0,1500.0,1.0,2010.0,1,40.0,2011.0,2,2015,4,8,15,2,6,5918.0,3479.0,6203.857142857143,4443.400478183777,0,0,0,4657
4,4,1072,1,0,0,1,0,0,1500.0,1.0,2010.0,1,40.0,2011.0,2,2015,4,9,15,2,4,4657.0,8046.0,5978.857142857143,4373.906470139002,0,0,0,6471
4,5,425,1,1,0,0,0,0,1500.0,1.0,2010.0,1,40.0,2011.0,2,2015,4,10,15,2,0,6471.0,1907.0,6234.857142857143,4142.167766945687,0,0,0,3699
5,4,479,1,0,0,0,1,0,15000.0,0.0,2008.0,1,31.0,2009.0,2,2015,1,8,2,1,4,8200.0,10880.0,6359.0,4235.57520690323,0,0,0,4221
5,5,1023,1,1,0,1,1,0,15000.0,0.0,2008.0,1,31.0,2009.0,2,2015,1,9,2,1,0,4221.0,8499.0,6586.0,4408.433622047632,0,0,0,10088
5,6,998,1,0,0,0,1,0,15000.0,0.0,2008.0,1,31.0,2009.0,2,2015,1,10,2,1,2,10088.0,6803.0,6958.285714285715,4537.947139191381,1,0,0,9409
5,7,0,0,0,0,0,1,0,15000.0,0.0,2008.0,1,31.0,2009.0,2,2015,1,11,2,1,3,9409.0,0.0,6958.285714285715,4537.947139191381,1,0,0,0
5,1,934,1,1,0,0,1,0,15000.0,0.0,2008.0,1,31.0,2009.0,2,2015,1,12,3,1,1,0.0,3590.0,7454.0,4291.515932628004,0,0,0,7060
5,2,625,1,1,0,0,1,0,15000.0,0.0,2008.0,1,31.0,2009.0,2,2015,1,13,3,1,5,7060.0,13200.0,6699.428571428572,3505.134037244171,0,0,0,7918
5,3,559,1,0,0,0,1,0,15000.0,0.0,2008.0,1,31.0,2009.0,2,2015,1,14,3,1,6,7918.0,8200.0,5999.142857142857,3642.366191940409,0,0,0,3298
5,4,695,1,0,0,0,1,0,15000.0,0.0,2008.0,1,31.0,2009.0,2,2015,1,15,3,1,4,3298.0,4221.0,6422.571428571428,3572.823619918512,0,0,0,7185
5,5,1155,1,0,0,0,1,0,15000.0,0.0,2008.0,1,31.0,2009.0,2,2015,1,16,3,1,0,7185.0,10088.0,6859.428571428572,4223.419383120068,0,0,0,13146
5,6,507,1,0,0,0,1,0,15000.0,0.0,2008.0,1,31.0,2009.0,2,2015,1,17,3,1,2,13146.0,9409.0,6255.571428571428,4098.466699354075,1,0,0,5182
5,7,0,0,0,0,0,1,0,15000.0,0.0,2008.0,1,31.0,2009.0,2,2015,1,18,3,1,3,5182.0,0.0,6255.571428571428,4098.466699354075,1,0,0,0
5,1,307,1,1,0,0,1,0,15000.0,0.0,2008.0,1,31.0,2009.0,2,2015,1,19,4,1,1,0.0,7060.0,5686.0,4242.549351510245,0,0,0,3073
5,2,842,1,0,0,0,1,0,15000.0,0.0,2008.0,1,31.0,2009.0,2,2015,1,20,4,1,5,3073.0,7918.0,5328.714285714285,4126.990740409841,0,0,0,5417
5,3,606,1,1,0,0,1,0,15000.0,0.0,2008.0,1,31.0,2009.0,2,2015,1,21,4,1,6,5417.0,3298.0,6060.714285714285,4161.052820071931,0,0,0,8422
5,4,523,1,1,0,0,1,0,15000.0,0.0,2008.0,1,31.0,2009.0,2,2015,1,22,4,1,4,8422.0,7185.0,5789.571428571428,4137.353214199582,0,0,0,5287
5,5,527,1,1,0,0,1,0,15000.0,0.0,2008.0,1,31.0,2009.0,2,2015,1,23,4,1,0,5287.0,13146.0,4846.142857142857,2674.722878391418,0,0,0,6542
5,6,603,1,0,0,0,1,0,15000.0,0.0,2008.0,1,31.0,2009.0,2,2015,1,24,4,1,2,6542.0,5182.0,5073.857142857143,2774.089245654714,1,0,0,6776
5,7,0,0,0,0,0,1,0,15000.0,0.0,2008.0,1,31.0,2009.0,2,2015,1,25,4,1,3,6776.0,0.0,5073.857142857143,2774.089245654714,1,0,0,0
5,1,1009,1,1,0,0,1,0,15000.0,0.0,2008.0,1,31.0,2009.0,2,2015,1,26,5,1,1,0.0,3073.0,6367.285714285715,3656.1847014926057,0,0,0,12127
5,2,943,1,0,0,0,1,0,15000.0,0.0,2008.0,1,31.0,2009.0,2,2015,1,27,5,1,5,12127.0,5417.0,7207.0,4054.824369398343,0,0,0,11295
5,3,924,1,1,0,0,1,0,15000.0,0.0,2008.0,1,31.0,2009.0,2,2015,1,28,5,1,6,11295.0,8422.0,7462.714285714285,4198.128063565384,0,0,0,10212
5,4,1195,1,0,0,0,1,0,15000.0,0.0,2008.0,1,31.0,2009.0,2,2015,1,29,5,1,4,10212.0,5287.0,7711.142857142857,4098.183436132463,0,0,0,7026
5,5,1012,1,0,0,1,1,0,15000.0,0.0,2008.0,1,31.0,2009.0,2,2015,1,30,5,1,0,7026.0,6542.0,7984.0,4070.861129212509,0,0,0,8452
5,6,714,1,0,0,1,1,0,15000.0,0.0,2008.0,1,31.0,2009.0,2,2015,1,31,5,1,2,8452.0,6776.0,7722.285714285715,4217.707462365692,1,0,1,4944
5,7,0,0,0,0,0,1,0,15000.0,0.0,2008.0,1,31.0,2009.0,2,2015,2,1,5,1,3,4944.0,0.0,7722.285714285715,4217.707462365692,1,1,0,0
5,1,792,1,0,0,0,1,0,15000.0,0.0,2008.0,1,31.0,2009.0,2,2015,2,2,6,1,1,0.0,12127.0,6954.857142857143,3744.904201203347,0,0,0,6755
5,2,1048,1,0,0,1,1,0,15000.0,0.0,2008.0,1,31.0,2009.0,2,2015,2,3,6,1,5,6755.0,11295.0,6803.0,3556.3850091537247,0,0,0,10232
5,3,678,1,1,0,0,1,0,15000.0,0.0,2008.0,1,31.0,2009.0,2,2015,2,4,6,1,6,10232.0,10212.0,6597.571428571428,3362.92035078357,0,0,0,8774
5,4,410,1,0,0,0,1,0,15000.0,0.0,2008.0,1,31.0,2009.0,2,2015,2,5,6,1,4,8774.0,7026.0,6169.714285714285,3487.5422441544574,0,0,0,4031
5,5,705,1,1,0,1,1,0,15000.0,0.0,2008.0,1,31.0,2009.0,2,2015,2,6,6,1,0,4031.0,8452.0,5881.857142857143,3348.140948276194,0,0,0,6437
5,6,317,1,0,0,1,1,0,15000.0,0.0,2008.0,1,31.0,2009.0,2,2015,2,7,6,1,2,6437.0,4944.0,5550.857142857143,3563.8901698645464,1,0,0,2627
5,7,0,0,0,0,0,1,0,15000.0,0.0,2008.0,1,31.0,2009.0,2,2015,2,8,6,1,3,2627.0,0.0,5550.857142857143,3563.8901698645464,1,0,0,0
5,1,721,1,0,0,0,1,0,15000.0,0.0,2008.0,1,31.0,2009.0,2,2015,2,9,7,1,1,0.0,6755.0,5437.857142857143,3531.7423192418514,0,0,0,5964
5,2,1127,1,0,0,0,1,0,15000.0,0.0,2008.0,1,31.0,2009.0,2,2015,2,10,7,1,5,5964.0,10232.0,5169.142857142857,3157.9626041997094,0,0,0,8351
5,3,678,1,0,0,0,1,0,15000.0,0.0,2008.0,1,31.0,2009.0,2,2015,2,11,7,1,6,8351.0,8774.0,4623.0,2732.552347775488,0,0,0,4951
5,4,340,1,1,0,0,1,0,15000.0,0.0,2008.0,1,31.0,2009.0,2,2015,2,12,7,1,4,4951.0,4031.0,4642.857142857143,2728.034666725689,0,0,0,4170
5,5,892,1,1,0,0,1,0,15000.0,0.0,2008.0,1,31.0,2009.0,2,2015,2,13,7,1,0,4170.0,6437.0,4571.428571428572,2679.340146201601,0,0,0,5937
5,6,1014,1,0,0,1,1,0,15000.0,0.0,2008.0,1,31.0,2009.0,2,2015,2,14,7,1,2,5937.0,2627.0,5323.142857142857,2779.1826993183586,1,0,0,7889
5,7,0,0,0,0,0,1,0,15000.0,0.0,2008.0,1,31.0,2009.0,2,2015,2,15,7,1,3,7889.0,0.0,5323.142857142857,2779.1826993183586,1,0,0,0
5,1,990,1,0,0,0,1,0,15000.0,0.0,2008.0,1,31.0,2009.0,2,2015,2,16,8,1,1,0.0,5964.0,5675.714285714285,3020.1348598081795,0,0,0,8432
5,2,732,1,1,0,0,1,0,15000.0,0.0,2008.0,1,31.0,2009.0,2,2015,2,17,8,1,5,8432.0,8351.0,5415.714285714285,2823.368184414124,0,0,0,6531
5,3,638,1,0,0,0,1,0,15000.0,0.0,2008.0,1,31.0,2009.0,2,2015,2,18,8,1,6,6531.0,4951.0,5631.285714285715,2839.5340999470154,0,0,0,6460
5,4,0,0,1,0,0,1,0,15000.0,0.0,2008.0,1,31.0,2009.0,2,2015,2,19,8,1,4,6460.0,4170.0,5035.571428571428,3546.5856283258718,0,0,0,0
5,5,829,1,1,0,0,1,0,15000.0,0.0,2008.0,1,31.0,2009.0,2,2015,2,20,8,1,0,0.0,5937.0,5136.428571428572,3586.3088199959793,0,0,0,6643
5,6,827,1,0,0,0,1,0,15000.0,0.0,2008.0,1,31.0,2009.0,2,2015,2,21,8,1,2,6643.0,7889.0,4908.142857142857,3429.316036207581,1,0,0,6291
5,7,0,0,0,0,0,1,0,15000.0,0.0,2008.0,1,31.0,2009.0,2,2015,2,22,8,1,3,6291.0,0.0,4908.142857142857,3429.316036207581,1,0,0,0
5,1,517,1,0,0,1,1,0,15000.0,0.0,2008.0,1,31.0,2009.0,2,2015,2,23,9,1,1,0.0,8432.0,4479.142857142857,3085.630320727108,0,0,0,5429
5,2,788,1,1,0,0,1,0,15000.0,0.0,2008.0,1,31.0,2009.0,2,2015,2,24,9,1,5,5429.0,6531.0,4367.285714285715,3012.1693021412166,0,0,0,5748
5,3,390,1,0,0,0,1,0,15000.0,0.0,2008.0,1,31.0,2009.0,2,2015,2,25,9,1,6,5748.0,6460.0,3865.4285714285716,2895.7934351482354,0,0,0,2947
5,4,570,1,0,0,0,1,0,15000.0,0.0,2008.0,1,31.0,2009.0,2,2015,2,26,9,1,4,2947.0,0.0,4609.142857142857,2355.7565966918446,0,0,0,5206
5,5,602,1,0,0,0,1,0,15000.0,0.0,2008.0,1,31.0,2009.0,2,2015,2,27,9,1,0,5206.0,6643.0,4204.0,2185.383566638436,0,0,0,3807
5,6,626,1,0,0,0,1,0,15000.0,0.0,2008.0,1,31.0,2009.0,2,2015,2,28,9,1,2,3807.0,6291.0,3992.5714285714284,2014.752826621904,1,0,1,4811
5,7,0,0,0,0,0,1,0,15000.0,0.0,2008.0,1,31.0,2009.0,2,2015,3,1,9,1,3,4811.0,0.0,3992.5714285714284,2014.752826621904,1,1,0,0
5,1,919,1,0,0,0,1,0,15000.0,0.0,2008.0,1,31.0,2009.0,2,2015,3,2,10,1,1,0.0,5429.0,4203.0,2252.6599092332303,0,0,0,6902
5,2,545,1,1,0,0,1,0,15000.0,0.0,2008.0,1,31.0,2009.0,2,2015,3,3,10,1,5,6902.0,5748.0,3978.5714285714284,2148.9506630867427,0,0,0,4177
5,3,569,1,0,0,1,1,0,15000.0,0.0,2008.0,1,31.0,2009.0,2,2015,3,4,10,1,6,4177.0,2947.0,4286.714285714285,2130.9512519284053,0,0,0,5104
5,4,677,1,0,0,0,1,0,15000.0,0.0,2008.0,1,31.0,2009.0,2,2015,3,5,10,1,4,5104.0,5206.0,4154.571428571428,2092.782586027739,0,0,0,4281
5,5,788,1,1,0,0,1,0,15000.0,0.0,2008.0,1,31.0,2009.0,2,2015,3,6,10,1,0,4281.0,3807.0,4378.142857142857,2132.677146106229,0,0,0,5372
5,6,493,1,0,0,0,1,0,15000.0,0.0,2008.0,1,31.0,2009.0,2,2015,3,7,10,1,2,5372.0,4811.0,4078.8571428571427,2207.495596716743,1,0,0,2716
5,7,0,0,0,0,0,1,0,15000.0,0.0,2008.0,1,31.0,2009.0,2,2015,3,8,10,1,3,2716.0,0.0,4078.8571428571427,2207.495596716743,1,0,0,0
5,1,1083,1,1,0,0,1,0,15000.0,0.0,2008.0,1,31.0,2009.0,2,2015,3,9,11,1,1,0.0,6902.0,4806.0,3655.69779020823,0,0,0,11992
5,2,534,1,0,0,0,1,0,15000.0,0.0,2008.0,1,31.0,2009.0,2,2015,3,10,11,1,5,11992.0,4177.0,4835.714285714285,3650.574781879593,0,0,0,4385
5,3,1067,1,0,0,0,1,0,15000.0,0.0,2008.0,1,31.0,2009.0,2,2015,3,11,11,1,6,4385.0,5104.0,4961.571428571428,3676.4606556280396,0,0,0,5985
5,4,1064,1,1,0,0,1,0,15000.0,0.0,2008.0,1,31.0,2009.0,2,2015,3,12,11,1,4,5985.0,4281.0,5331.571428571428,3726.5403462703784,0,0,0,6871
5,5,484,1,1,0,0,1,0,15000.0,0.0,2008.0,1,31.0,2009.0,2,2015,3,13,11,1,0,6871.0,5372.0,5315.0,3726.5885203494095,0,0,0,5256
5,6,927,1,0,0,0,1,0,15000.0,0.0,2008.0,1,31.0,2009.0,2,2015,3,14,11,1,2,5256.0,2716.0,5659.0,3553.826576147651,1,0,0,5124
5,7,0,0,0,0,0,1,0,15000.0,0.0,2008.0,1,31.0,2009.0,2,2015,3,15,11,1,3,5124.0,0.0,5659.0,3553.826576147651,1,0,0,0
5,1,356,1,0,0,0,1,0,15000.0,0.0,2008.0,1,31.0,2009.0,2,2015,3,16,12,1,1,0.0,11992.0,4280.857142857143,2357.9250361685536,0,0,0,2345
5,2,1089,1,1,0,0,1,0,15000.0,0.0,2008.0,1,31.0,2009.0,2,2015,3,17,12,1,5,2345.0,4385.0,5559.714285714285,4161.59847952225,0,0,0,13337
5,3,865,1,0,0,0,1,0,15000.0,0.0,2008.0,1,31.0,2009.0,2,2015,3,18,12,1,6,13337.0,5985.0,6180.142857142857,4541.926369158481,0,0,0,10328
5,4,397,1,0,0,0,1,0,15000.0,0.0,2008.0,1,31.0,2009.0,2,2015,3,19,12,1,4,10328.0,6871.0,5729.571428571428,4617.778284599022,0,0,0,3717
5,5,663,1,1,0,1,1,0,15000.0,0.0,2008.0,1,31.0,2009.0,2,2015,3,20,12,1,0,3717.0,5256.0,5887.714285714285,4617.812530996529,0,0,0,6363
5,6,1183,1,0,0,0,1,0,15000.0,0.0,2008.0,1,31.0,2009.0,2,2015,3,21,12,1,2,6363.0,5124.0,6860.571428571428,5120.128737220803,1,0,0,11934
5,7,0,0,0,0,1,1,0,15000.0,0.0,2008.0,1,31.0,2009.0,2,2015,3,22,12,1,3,11934.0,0.0,6860.571428571428,5120.128737220803,1,0,0,0
5,1,504,1,0,0,0,1,0,15000.0,0.0,2008.0,1,31.0,2009.0,2,2015,3,23,13,1,1,0.0,2345.0,7256.0,4810.810465330487,0,0,0,5113
5,2,304,1,1,0,0,1,0,15000.0,0.0,2008.0,1,31.0,2009.0,2,2015,3,24,13,1,5,5113.0,13337.0,5882.571428571428,4106.149244614427,0,0,0,3723
5,3,306,1,0,0,0,1,0,15000.0,0.0,2008.0,1,31.0,2009.0,2,2015,3,25,13,1,6,3723.0,10328.0,4731.714285714285,3767.533574912802,0,0,0,2272
5,4,1129,1,0,0,0,1,0,15000.0,0.0,2008.0,1,31.0,2009.0,2,2015,3,26,13,1,4,2272.0,3717.0,5446.857142857143,4010.123997607864,0,0,0,8723
5,5,860,1,0,0,1,1,0,15000.0,0.0,2008.0,1,31.0,2009.0,2,2015,3,27,13,1,0,8723.0,6363.0,5449.857142857143,4010.93137266028,0,0,0,6384
5,6,641,1,0,0,0,1,0,15000.0,0.0,2008.0,1,31.0,2009.0,2,2015,3,28,13,1,2,6384.0,11934.0,4651.0,2910.040778637532,1,0,0,6342
5,7,0,0,0,0,0,1,0,15000.0,0.0,2008.0,1,31.0,2009.0,2,2015,3,29,13,1,3,6342.0,0.0,4651.0,2910.040778637532,1,0,0,0
5,1,488,1,0,0,0,1,0,15000.0,0.0,2008.0,1,31.0,2009.0,2,2015,3,30,14,1,1,0.0,5113.0,4672.142857142857,2914.491117878124,0,0,0,5261
5,2,1012,1,0,0,0,1,0,15000.0,0.0,2008.0,1,31.0,2009.0,2,2015,3,31,14,1,5,5261.0,3723.0,5768.428571428572,3805.1606561415538,0,0,1,11397
5,3,506,1,1,0,0,1,0,15000.0,0.0,2008.0,1,31.0,2009.0,2,2015,4,1,14,2,6,11397.0,2272.0,6245.285714285715,3490.07696735978,0,1,0,5610
5,4,526,1,1,0,1,1,0,15000.0,0.0,2008.0,1,31.0,2009.0,2,2015,4,2,14,2,4,5610.0,8723.0,5977.857142857143,3336.9401866865715,0,0,0,6851
5,5,834,1,0,0,0,1,0,15000.0,0.0,2008.0,1,31.0,2009.0,2,2015,4,3,14,2,0,6851.0,6384.0,6328.857142857143,3511.4395637008784,0,0,0,8841
5,6,498,1,0,0,0,1,0,15000.0,0.0,2008.0,1,31.0,2009.0,2,2015,4,4,14,2,2,8841.0,6342.0,5968.142857142857,3637.299750665386,1,0,0,3817
5,7,0,0,0,0,0,1,0,15000.0,0.0,2008.0,1,31.0,2009.0,2,2015,4,5,14,2,3,3817.0,0.0,5968.142857142857,3637.299750665386,1,0,0,0
5,1,831,1,1,0,1,1,0,15000.0,0.0,2008.0,1,31.0,2009.0,2,2015,4,6,15,2,1,0.0,5261.0,6151.714285714285,3628.0774391903365,0,0,0,6546
5,2,743,1,1,0,0,1,0,15000.0,0.0,2008.0,1,31.0,2009.0,2,2015,4,7,15,2,5,6546.0,11397.0,5843.0,3170.445289440166,0,0,0,9236
5,3,957,1,0,0,1,1,0,15000.0,0.0,2008.0,1,31.0,2009.0,2,2015,4,8,15,2,6,9236.0,5610.0,6569.714285714285,3654.2343344986207,0,0,0,10697
5,4,433,1,0,0,0,1,0,15000.0,0.0,2008.0,1,31.0,2009.0,2,2015,4,9,15,2,4,10697.0,6851.0,6157.714285714285,3777.7277877178026,0,0,0,3967
5,5,344,1,1,0,0,1,0,15000.0,0.0,2008.0,1,31.0,2009.0,2,2015,4,10,15,2,0,3967.0,8841.0,5478.428571428572,3639.8108401922423,0,0,0,4086
7,4,0,0,1,0,0,0,0,1500.0,5.0,2012.0,1,14.0,2011.0,1,2015,1,8,2,1,4,2545.0,3222.0,5473.0,4737.471758930777,0,0,0,0
7,5,907,1,0,0,0,0,0,1500.0,5.0,2012.0,1,14.0,2011.0,1,2015,1,9,2,1,0,0.0,5860.0,5497.428571428572,4740.239967805528,0,0,0,6031
7,6,667,1,0,0,0,0,0,1500.0,5.0,2012.0,1,14.0,2011.0,1,2015,1,10,2,1,2,6031.0,8075.0,5299.571428571428,4642.620842338332,1,0,0,6690
7,7,0,0,0,0,1,0,0,1500.0,5.0,2012.0,1,14.0,2011.0,1,2015,1,11,2,1,3,6690.0,0.0,5299.571428571428,4642.620842338332,1,0,0,0
7,1,555,1,0,0,0,0,0,1500.0,5.0,2012.0,1,14.0,2011.0,1,2015,1,12,3,1,1,0.0,11014.0,4618.285714285715,3964.7122516136324,0,0,0,6245
7,2,1196,1,1,0,0,0,0,1500.0,5.0,2012.0,1,14.0,2011.0,1,2015,1,13,3,1,5,6245.0,10817.0,4227.571428571428,3337.122356019872,0,0,0,8082
7,3,817,1,0,0,0,0,0,1500.0,5.0,2012.0,1,14.0,2011.0,1,2015,1,14,3,1,6,8082.0,2545.0,4905.714285714285,3419.5234908919556,0,0,0,7292
7,4,1016,1,0,0,0,0,0,1500.0,5.0,2012.0,1,14.0,2011.0,1,2015,1,15,3,1,4,7292.0,0.0,5942.857142857143,2711.2671347896494,0,0,0,7260
7,5,0,0,1,0,0,0,0,1500.0,5.0,2012.0,1,14.0,2011.0,1,2015,1,16,3,1,0,7260.0,6031.0,5081.285714285715,3517.088318210852,0,0,0,0
7,6,1187,1,0,0,0,0,0,1500.0,5.0,2012.0,1,14.0,2011.0,1,2015,1,17,3,1,2,0.0,6690.0,5623.142857142857,4056.9847764307024,1,0,0,10483
7,7,0,0,0,0,0,0,0,1500.0,5.0,2012.0,1,14.0,2011.0,1,2015,1,18,3,1,3,10483.0,0.0,5623.142857142857,4056.9847764307024,1,0,0,0
7,1,0,0,0,0,0,0,0,1500.0,5.0,2012.0,1,14.0,2011.0,1,2015,1,19,4,1,1,0.0,6245.0,4731.0,4553.686235714242,0,0,0,0
7,2,766,1,0,0,0,0,0,1500.0,5.0,2012.0,1,14.0,2011.0,1,2015,1,20,4,1,5,0.0,8082.0,4402.714285714285,4350.125619423181,0,0,0,5784
7,3,880,1,1,0,0,0,0,1500.0,5.0,2012.0,1,14.0,2011.0,1,2015,1,21,4,1,6,5784.0,7292.0,4487.428571428572,4420.966404801213,0,0,0,7885
7,4,751,1,0,0,1,0,0,1500.0,5.0,2012.0,1,14.0,2011.0,1,2015,1,22,4,1,4,7885.0,7260.0,4558.714285714285,4476.794229292717,0,0,0,7759
7,5,862,1,0,0,0,0,0,1500.0,5.0,2012.0,1,14.0,2011.0,1,2015,1,23,4,1,0,7759.0,0.0,5493.285714285715,4026.7377082979438,0,0,0,6542
7,6,686,1,0,0,0,0,0,1500.0,5.0,2012.0,1,14.0,2011.0,1,2015,1,24,4,1,2,6542.0,10483.0,4640.285714285715,3372.9341684595493,1,0,0,4512
7,7,0,0,0,0,0,0,0,1500.0,5.0,2012.0,1,14.0,2011.0,1,2015,1,25,4,1,3,4512.0,0.0,4640.285714285715,3372.9341684595493,1,0,0,0
7,1,412,1,1,0,0,0,0,1500.0,5.0,2012.0,1,14.0,2011.0,1,2015,1,26,5,1,1,0.0,0.0,5221.857142857143,2728.9914760201214,0,0,0,4071
7,2,749,1,0,0,0,0,0,1500.0,5.0,2012.0,1,14.0,2011.0,1,2015,1,27,5,1,5,4071.0,5784.0,5467.714285714285,2862.341216224097,0,0,0,7505
7,3,337,1,1,0,0,0,0,1500.0,5.0,2012.0,1,14.0,2011.0,1,2015,1,28,5,1,6,7505.0,7885.0,4750.142857142857,2783.8851406246063,0,0,0,2862
7,4,1013,1,0,0,0,0,0,1500.0,5.0,2012.0,1,14.0,2011.0,1,2015,1,29,5,1,4,2862.0,7759.0,4725.428571428572,2753.32186380639,0,0,0,7586
7,5,469,1,1,0,0,0,0,1500.0,5.0,2012.0,1,14.0,2011.0,1,2015,1,30,5,1,0,7586.0,6542.0,4468.285714285715,2636.986077215536,0,0,0,4742
7,6,469,1,0,0,0,0,0,1500.0,5.0,2012.0,1,14.0,2011.0,1,2015,1,31,5,1,2,4742.0,4512.0,4273.142857142857,2683.3479354823057,1,0,1,3146
7,7,0,0,0,0,0,0,0,1500.0,5.0,2012.0,1,14.0,2011.0,1,2015,2,1,5,1,3,3146.0,0.0,4273.142857142857,2683.3479354823057,1,1,0,0
7,1,1061,1,0,0,0,0,0,1500.0,5.0,2012.0,1,14.0,2011.0,1,2015,2,2,6,1,1,0.0,4071.0,5402.571428571428,3949.2916604180587,0,0,0,11977
7,2,457,1,1,0,0,0,0,1500.0,5.0,2012.0,1,14.0,2011.0,1,2015,2,3,6,1,5,11977.0,7505.0,5075.714285714285,3839.4402679855016,0,0,0,5217
7,3,1026,1,0,0,0,0,0,1500.0,5.0,2012.0,1,14.0,2011.0,1,2015,2,4,6,1,6,5217.0,2862.0,5774.857142857143,3814.656053895792,0,0,0,7756
7,4,691,1,0,0,0,0,0,1500.0,5.0,2012.0,1,14.0,2011.0,1,2015,2,5,6,1,4,7756.0,7586.0,5480.428571428572,3730.169292723986,0,0,0,5525
7,5,1156,1,0,0,0,0,0,1500.0,5.0,2012.0,1,14.0,2011.0,1,2015,2,6,6,1,0,5525.0,4742.0,6059.714285714285,3907.0522440959558,0,0,0,8797
7,6,1079,1,0,0,1,0,0,1500.0,5.0,2012.0,1,14.0,2011.0,1,2015,2,7,6,1,2,8797.0,3146.0,7334.428571428572,4239.45459767106,1,0,0,12069
7,7,0,0,0,0,1,0,0,1500.0,5.0,2012.0,1,14.0,2011.0,1,2015,2,8,6,1,3,12069.0,0.0,7334.428571428572,4239.45459767106,1,0,0,0
7,1,367,1,0,0,1,0,0,1500.0,5.0,2012.0,1,14.0,2011.0,1,2015,2,9,7,1,1,0.0,11977.0,6167.857142857143,3855.141779864542,0,0,0,3811
7,2,536,1,0,0,0,0,0,1500.0,5.0,2012.0,1,14.0,2011.0,1,2015,2,10,7,1,5,3811.0,5217.0,6248.428571428572,3837.81178351861,0,0,0,5781
7,3,520,1,0,0,0,0,0,1500.0,5.0,2012.0,1,14.0,2011.0,1,2015,2,11,7,1,6,5781.0,7756.0,5776.857142857143,3824.4771506953057,0,0,0,4455
7,4,444,1,1,0,0,0,0,1500.0,5.0,2012.0,1,14.0,2011.0,1,2015,2,12,7,1,4,4455.0,5525.0,5815.857142857143,3822.8724117069987,0,0,0,5798
7,5,497,1,1,0,0,0,0,1500.0,5.0,2012.0,1,14.0,2011.0,1,2015,2,13,7,1,0,5798.0,8797.0,5526.714285714285,3631.5700330245472,0,0,0,6773
7,6,1099,1,0,0,1,0,0,1500.0,5.0,2012.0,1,14.0,2011.0,1,2015,2,14,7,1,2,6773.0,12069.0,5100.857142857143,2820.8030433768004,1,0,0,9088
7,7,0,0,0,0,0,0,0,1500.0,5.0,2012.0,1,14.0,2011.0,1,2015,2,15,7,1,3,9088.0,0.0,5100.857142857143,2820.8030433768004,1,0,0,0
7,1,931,1,0,0,0,0,0,1500.0,5.0,2012.0,1,14.0,2011.0,1,2015,2,16,8,1,1,0.0,3811.0,5812.571428571428,3059.520815266277,0,0,0,8793
7,2,420,1,0,0,0,0,0,1500.0,5.0,2012.0,1,14.0,2011.0,1,2015,2,17,8,1,5,8793.0,5781.0,5512.428571428572,3164.3922458687534,0,0,0,3680
7,3,1006,1,0,0,0,0,0,1500.0,5.0,2012.0,1,14.0,2011.0,1,2015,2,18,8,1,6,3680.0,4455.0,5956.285714285715,3208.9404645087934,0,0,0,7562
7,4,1196,1,0,0,0,0,0,1500.0,5.0,2012.0,1,14.0,2011.0,1,2015,2,19,8,1,4,7562.0,5798.0,6589.571428571428,3587.5842780875482,0,0,0,10231
7,5,987,1,1,0,0,0,0,1500.0,5.0,2012.0,1,14.0,2011.0,1,2015,2,20,8,1,0,10231.0,6773.0,7180.0,3945.086268596248,0,0,0,10906
7,6,755,1,0,0,1,0,0,1500.0,5.0,2012.0,1,14.0,2011.0,1,2015,2,21,8,1,2,10906.0,9088.0,6944.857142857143,3860.5562823929677,1,0,0,7442
7,7,0,0,0,0,0,0,0,1500.0,5.0,2012.0,1,14.0,2011.0,1,2015,2,22,8,1,3,7442.0,0.0,6944.857142857143,3860.5562823929677,1,0,0,0
7,1,950,1,0,0,1,0,0,1500.0,5.0,2012.0,1,14.0,2011.0,1,2015,2,23,9,1,1,0.0,8793.0,6835.857142857143,3810.120401797098,0,0,0,8030
7,2,423,1,0,0,0,0,0,1500.0,5.0,2012.0,1,14.0,2011.0,1,2015,2,24,9,1,5,8030.0,3680.0,6931.142857142857,3725.442364273512,0,0,0,4347
7,3,519,1,0,0,0,0,0,1500.0,5.0,2012.0,1,14.0,2011.0,1,2015,2,25,9,1,6,4347.0,7562.0,6658.428571428572,3741.4030726962524,0,0,0,5653
7,4,1062,1,0,0,0,0,0,1500.0,5.0,2012.0,1,14.0,2011.0,1,2015,2,26,9,1,4,5653.0,10231.0,6938.714285714285,4109.072795424199,0,0,0,12193
7,5,655,1,0,0,0,0,0,1500.0,5.0,2012.0,1,14.0,2011.0,1,2015,2,27,9,1,0,12193.0,10906.0,5924.0,3833.89940747885,0,0,0,3803
7,6,1031,1,0,0,1,0,0,1500.0,5.0,2012.0,1,14.0,2011.0,1,2015,2,28,9,1,2,3803.0,7442.0,5928.0,3835.761289062013,1,0,1,7470
7,7,0,0,0,0,0,0,0,1500.0,5.0,2012.0,1,14.0,2011.0,1,2015,3,1,9,1,3,7470.0,0.0,5928.0,3835.761289062013,1,1,0,0
7,1,920,1,1,0,0,0,0,1500.0,5.0,2012.0,1,14.0,2011.0,1,2015,3,2,10,1,1,0.0,8030.0,6227.428571428572,4099.910277763929,0,0,0,10126
7,2,0,0,0,0,0,0,0,1500.0,5.0,2012.0,1,14.0,2011.0,1,2015,3,3,10,1,5,10126.0,4347.0,5606.428571428572,4715.240427137762,0,0,0,0
7,3,441,1,1,0,1,0,0,1500.0,5.0,2012.0,1,14.0,2011.0,1,2015,3,4,10,1,6,0.0,5653.0,5561.571428571428,4716.217017099719,0,0,0,5339
7,4,703,1,1,0,0,0,0,1500.0,5.0,2012.0,1,14.0,2011.0,1,2015,3,5,10,1,4,5339.0,12193.0,4524.857142857143,3704.687950357469,0,0,0,4936
7,5,0,0,0,0,0,0,0,1500.0,5.0,2012.0,1,14.0,2011.0,1,2015,3,6,10,1,0,4936.0,3803.0,3981.5714285714284,4087.285482939458,0,0,0,0
7,6,369,1,0,0,0,0,0,1500.0,5.0,2012.0,1,14.0,2011.0,1,2015,3,7,10,1,2,0.0,7470.0,3405.4285714285716,3786.8028668496822,1,0,0,3437
7,7,0,0,0,0,1,0,0,1500.0,5.0,2012.0,1,14.0,2011.0,1,2015,3,8,10,1,3,3437.0,0.0,3405.4285714285716,3786.8028668496822,1,0,0,0
7,1,1048,1,1,0,0,0,0,1500.0,5.0,2012.0,1,14.0,2011.0,1,2015,3,9,11,1,1,0.0,10126.0,3048.0,3103.096142027618,0,0,0,7624
7,2,553,1,0,0,1,0,0,1500.0,5.0,2012.0,1,14.0,2011.0,1,2015,3,10,11,1,5,7624.0,0.0,3895.1428571428573,2937.3257922000803,0,0,0,5930
7,3,589,1,0,0,0,0,0,1500.0,5.0,2012.0,1,14.0,2011.0,1,2015,3,11,11,1,6,5930.0,5339.0,4069.5714285714284,3070.5878838393423,0,0,0,6560
7,4,1154,1,0,0,0,0,0,1500.0,5.0,2012.0,1,14.0,2011.0,1,2015,3,12,11,1,4,6560.0,4936.0,4429.285714285715,3325.8822746396063,0,0,0,7454
7,5,599,1,0,0,1,0,0,1500.0,5.0,2012.0,1,14.0,2011.0,1,2015,3,13,11,1,0,7454.0,0.0,5359.142857142857,2739.3173376209056,0,0,0,6509
7,6,1151,1,0,0,0,0,0,1500.0,5.0,2012.0,1,14.0,2011.0,1,2015,3,14,11,1,2,6509.0,3437.0,5875.142857142857,2655.822184595664,1,0,0,7049
7,7,0,0,0,0,1,0,0,1500.0,5.0,2012.0,1,14.0,2011.0,1,2015,3,15,11,1,3,7049.0,0.0,5875.142857142857,2655.822184595664,1,0,0,0
7,1,1154,1,0,0,1,0,0,1500.0,5.0,2012.0,1,14.0,2011.0,1,2015,3,16,12,1,1,0.0,7624.0,6624.571428571428,3747.407364082661,0,0,0,12870
7,2,878,1,0,0,0,0,0,1500.0,5.0,2012.0,1,14.0,2011.0,1,2015,3,17,12,1,5,12870.0,5930.0,6821.142857142857,3740.984827046279,0,0,0,7306
7,3,1105,1,0,0,1,0,0,1500.0,5.0,2012.0,1,14.0,2011.0,1,2015,3,18,12,1,6,7306.0,6560.0,7491.142857142857,4090.111751878809,0,0,0,11250
7,4,776,1,0,0,0,0,0,1500.0,5.0,2012.0,1,14.0,2011.0,1,2015,3,19,12,1,4,11250.0,7454.0,7315.142857142857,4118.385542441416,0,0,0,6222
7,5,507,1,0,0,0,0,0,1500.0,5.0,2012.0,1,14.0,2011.0,1,2015,3,20,12,1,0,6222.0,6509.0,6823.571428571428,4424.617793555463,0,0,0,3068
7,6,844,1,0,0,0,0,0,1500.0,5.0,2012.0,1,14.0,2011.0,1,2015,3,21,12,1,2,3068.0,7049.0,7114.857142857143,4508.258031234512,1,0,0,9088
7,7,0,0,0,0,0,0,0,1500.0,5.0,2012.0,1,14.0,2011.0,1,2015,3,22,12,1,3,9088.0,0.0,7114.857142857143,4508.258031234512,1,0,0,0
7,1,497,1,0,0,0,0,0,1500.0,5.0,2012.0,1,14.0,2011.0,1,2015,3,23,13,1,1,0.0,12870.0,5902.571428571428,3785.824386539118,0,0,0,4384
7,2,311,1,1,0,1,0,0,1500.0,5.0,2012.0,1,14.0,2011.0,1,2015,3,24,13,1,5,4384.0,7306.0,5463.857142857143,3774.0051416928163,0,0,0,4235
7,3,361,1,0,0,0,0,0,1500.0,5.0,2012.0,1,14.0,2011.0,1,2015,3,25,13,1,6,4235.0,11250.0,4189.285714285715,2899.4572316375434,0,0,0,2328
7,4,1052,1,0,0,0,0,0,1500.0,5.0,2012.0,1,14.0,2011.0,1,2015,3,26,13,1,4,2328.0,6222.0,4134.142857142857,2857.7254608383605,0,0,0,5836
7,5,676,1,1,0,0,0,0,1500.0,5.0,2012.0,1,14.0,2011.0,1,2015,3,27,13,1,0,5836.0,3068.0,4474.142857142857,2851.3134066351163,0,0,0,5448
7,6,738,1,0,0,0,0,0,1500.0,5.0,2012.0,1,14.0,2011.0,1,2015,3,28,13,1,2,5448.0,9088.0,3996.285714285714,2141.020684493399,1,0,0,5743
7,7,0,0,0,0,1,0,0,1500.0,5.0,2012.0,1,14.0,2011.0,1,2015,3,29,13,1,3,5743.0,0.0,3996.285714285714,2141.020684493399,1,0,0,0
7,1,1034,1,0,0,0,0,0,1500.0,5.0,2012.0,1,14.0,2011.0,1,2015,3,30,14,1,1,0.0,4384.0,4942.428571428572,3421.435023356081,0,0,0,11007
7,2,739,1,0,0,0,0,0,1500.0,5.0,2012.0,1,14.0,2011.0,1,2015,3,31,14,1,5,11007.0,4235.0,5280.857142857143,3456.779157374267,0,0,1,6604
7,3,486,1,0,0,0,0,0,1500.0,5.0,2012.0,1,14.0,2011.0,1,2015,4,1,14,2,6,6604.0,2328.0,5684.0,3210.8156284657643,0,1,0,5150
7,4,0,0,0,0,0,0,0,1500.0,5.0,2012.0,1,14.0,2011.0,1,2015,4,2,14,2,4,5150.0,5836.0,4850.285714285715,3857.356984356246,0,0,0,0
7,5,410,1,0,0,0,0,0,1500.0,5.0,2012.0,1,14.0,2011.0,1,2015,4,3,14,2,0,0.0,5448.0,4740.142857142857,3848.442603988071,0,0,0,4677
7,6,673,1,0,0,0,0,0,1500.0,5.0,2012.0,1,14.0,2011.0,1,2015,4,4,14,2,2,4677.0,5743.0,4486.285714285715,3829.828834917027,1,0,0,3966
7,7,0,0,0,0,0,0,0,1500.0,5.0,2012.0,1,14.0,2011.0,1,2015,4,5,14,2,3,3966.0,0.0,4486.285714285715,3829.828834917027,1,0,0,0
7,1,782,1,0,0,0,0,0,1500.0,5.0,2012.0,1,14.0,2011.0,1,2015,4,6,15,2,1,0.0,11007.0,3716.1428571428573,2664.902526583381,0,0,0,5616
7,2,1143,1,0,0,1,0,0,1500.0,5.0,2012.0,1,14.0,2011.0,1,2015,4,7,15,2,5,5616.0,6604.0,3809.4285714285716,2791.274133028552,0,0,0,7257
7,3,870,1,0,0,0,0,0,1500.0,5.0,2012.0,1,14.0,2011.0,1,2015,4,8,15,2,6,7257.0,5150.0,4280.0,3288.3462408937426,0,0,0,8444
7,4,461,1,1,0,0,0,0,1500.0,5.0,2012.0,1,14.0,2011.0,1,2015,4,9,15,2,4,8444.0,0.0,4834.857142857143,2725.2729789002447,0,0,0,3884
7,5,342,1,0,0,0,0,0,1500.0,5.0,2012.0,1,14.0,2011.0,1,2015,4,10,15,2,0,3884.0,4677.0,4706.857142857143,2754.8044351987096,0,0,0,3781
8,4,536,1,0,0,0,0,1,500.0,9.0,2014.0,1,40.0,2009.0,2,2015,1,8,2,1,4,2465.0,7595.0,5196.714285714285,3956.6200944023635,0,0,0,3336
8,5,910,1,0,0,1,0,1,500.0,9.0,2014.0,1,40.0,2009.0,2,2015,1,9,2,1,0,3336.0,4492.0,6023.142857142857,4367.700517380262,0,0,0,10277
8,6,927,1,0,0,0,0,1,500.0,9.0,2014.0,1,40.0,2009.0,2,2015,1,10,2,1,2,10277.0,8217.0,5674.428571428572,4259.454302182493,1,0,0,5776
8,7,0,0,0,0,0,0,1,500.0,9.0,2014.0,1,40.0,2009.0,2,2015,1,11,2,1,3,5776.0,0.0,5674.428571428572,4259.454302182494,1,0,0,0
8,1,583,1,0,0,0,0,1,500.0,9.0,2014.0,1,40.0,2009.0,2,2015,1,12,3,1,1,0.0,11971.0,4871.428571428572,3295.2902683042894,0,0,0,6350
8,2,630,1,0,0,0,0,1,500.0,9.0,2014.0,1,40.0,2009.0,2,2015,1,13,3,1,5,6350.0,5896.0,4651.428571428572,3266.770773365387,0,0,0,4356
8,3,698,1,0,0,0,0,1,500.0,9.0,2014.0,1,40.0,2009.0,2,2015,1,14,3,1,6,4356.0,2465.0,5232.285714285715,3173.3605065863394,0,0,0,6531
8,4,886,1,0,0,1,0,1,500.0,9.0,2014.0,1,40.0,2009.0,2,2015,1,15,3,1,4,6531.0,3336.0,6163.0,3466.3698590889003,0,0,0,9851
8,5,872,1,0,0,0,0,1,500.0,9.0,2014.0,1,40.0,2009.0,2,2015,1,16,3,1,0,9851.0,10277.0,5634.857142857143,2983.0261161317067,0,0,0,6580
8,6,376,1,0,0,1,0,1,500.0,9.0,2014.0,1,40.0,2009.0,2,2015,1,17,3,1,2,6580.0,5776.0,5198.285714285715,3176.291795699598,1,0,0,2720
8,7,0,0,0,0,0,0,1,500.0,9.0,2014.0,1,40.0,2009.0,2,2015,1,18,3,1,3,2720.0,0.0,5198.285714285715,3176.291795699598,1,0,0,0
8,1,309,1,1,0,0,0,1,500.0,9.0,2014.0,1,40.0,2009.0,2,2015,1,19,4,1,1,0.0,6350.0,4730.571428571428,3219.1958549272763,0,0,0,3076
8,2,981,1,1,0,0,0,1,500.0,9.0,2014.0,1,40.0,2009.0,2,2015,1,20,4,1,5,3076.0,4356.0,5679.714285714285,3979.921637180215,0,0,0,11000
8,3,991,1,1,0,0,0,1,500.0,9.0,2014.0,1,40.0,2009.0,2,2015,1,21,4,1,6,11000.0,6531.0,6426.285714285715,4606.983637706481,0,0,0,11757
8,4,927,1,0,0,0,0,1,500.0,9.0,2014.0,1,40.0,2009.0,2,2015,1,22,4,1,4,11757.0,9851.0,6363.285714285715,4555.068412010432,0,0,0,9410
8,5,538,1,1,0,0,0,1,500.0,9.0,2014.0,1,40.0,2009.0,2,2015,1,23,4,1,0,9410.0,6580.0,6071.571428571428,4604.000284431749,0,0,0,4538
8,6,958,1,0,0,0,0,1,500.0,9.0,2014.0,1,40.0,2009.0,2,2015,1,24,4,1,2,4538.0,2720.0,6992.857142857143,4464.686865786201,1,0,0,9169
8,7,0,0,0,0,0,0,1,500.0,9.0,2014.0,1,40.0,2009.0,2,2015,1,25,4,1,3,9169.0,0.0,6992.857142857143,4464.686865786201,1,0,0,0
8,1,488,1,1,0,0,0,1,500.0,9.0,2014.0,1,40.0,2009.0,2,2015,1,26,5,1,1,0.0,3076.0,7276.0,4231.652277775196,0,0,0,5058
8,2,775,1,0,0,0,0,1,500.0,9.0,2014.0,1,40.0,2009.0,2,2015,1,27,5,1,5,5058.0,11000.0,6668.571428571428,3900.194604424369,0,0,0,6748
8,3,316,1,0,0,0,0,1,500.0,9.0,2014.0,1,40.0,2009.0,2,2015,1,28,5,1,6,6748.0,11757.0,5379.714285714285,3396.6139371578934,0,0,0,2735
8,4,404,1,0,0,0,0,1,500.0,9.0,2014.0,1,40.0,2009.0,2,2015,1,29,5,1,4,2735.0,9410.0,4449.857142857143,2974.062845590828,0,0,0,2901
8,5,1034,1,1,0,1,0,1,500.0,9.0,2014.0,1,40.0,2009.0,2,2015,1,30,5,1,0,2901.0,4538.0,5685.857142857143,4448.946595490197,0,0,0,13190
8,6,707,1,0,0,0,0,1,500.0,9.0,2014.0,1,40.0,2009.0,2,2015,1,31,5,1,2,13190.0,9169.0,5503.285714285715,4306.115794784813,1,0,1,7891
8,7,0,0,0,0,1,0,1,500.0,9.0,2014.0,1,40.0,2009.0,2,2015,2,1,5,1,3,7891.0,0.0,5503.285714285715,4306.115794784813,1,1,0,0
8,1,1143,1,1,0,1,0,1,500.0,9.0,2014.0,1,40.0,2009.0,2,2015,2,2,6,1,1,0.0,5058.0,6102.142857142857,4520.047545051248,0,0,0,9250
8,2,937,1,0,0,0,0,1,500.0,9.0,2014.0,1,40.0,2009.0,2,2015,2,3,6,1,5,9250.0,6748.0,6593.857142857143,4781.66538033809,0,0,0,10190
8,3,614,1,1,0,0,0,1,500.0,9.0,2014.0,1,40.0,2009.0,2,2015,2,4,6,1,6,10190.0,2735.0,7330.571428571428,4475.509351166742,0,0,0,7892
8,4,1078,1,1,0,0,0,1,500.0,9.0,2014.0,1,40.0,2009.0,2,2015,2,5,6,1,4,7892.0,2901.0,8036.142857142857,4027.710285367748,0,0,0,7840
8,5,906,1,1,0,0,0,1,500.0,9.0,2014.0,1,40.0,2009.0,2,2015,2,6,6,1,0,7840.0,13190.0,7646.571428571428,3549.641571442712,0,0,0,10463
8,6,542,1,0,0,1,0,1,500.0,9.0,2014.0,1,40.0,2009.0,2,2015,2,7,6,1,2,10463.0,7891.0,7042.285714285715,3848.5633126438975,1,0,0,3661
8,7,0,0,0,0,1,0,1,500.0,9.0,2014.0,1,40.0,2009.0,2,2015,2,8,6,1,3,3661.0,0.0,7042.285714285715,3848.5633126438975,1,0,0,0
8,1,402,1,1,0,0,0,1,500.0,9.0,2014.0,1,40.0,2009.0,2,2015,2,9,7,1,1,0.0,9250.0,6330.285714285715,3833.053383152292,0,0,0,4266
8,2,1171,1,0,0,0,0,1,500.0,9.0,2014.0,1,40.0,2009.0,2,2015,2,10,7,1,5,4266.0,10190.0,5816.571428571428,3451.5364625599636,0,0,0,6594
8,3,1178,1,1,0,0,0,1,500.0,9.0,2014.0,1,40.0,2009.0,2,2015,2,11,7,1,6,6594.0,7892.0,6709.0,4670.1005699377965,0,0,0,14139
8,4,918,1,1,0,1,0,1,500.0,9.0,2014.0,1,40.0,2009.0,2,2015,2,12,7,1,4,14139.0,7840.0,6658.571428571428,4657.741901291614,0,0,0,7487
8,5,817,1,0,0,0,0,1,500.0,9.0,2014.0,1,40.0,2009.0,2,2015,2,13,7,1,0,7487.0,10463.0,5928.428571428572,4352.567244632484,0,0,0,5352
8,6,0,0,0,0,0,0,1,500.0,9.0,2014.0,1,40.0,2009.0,2,2015,2,14,7,1,2,5352.0,3661.0,5405.428571428572,4860.716334627468,1,0,0,0
8,7,0,0,0,0,0,0,1,500.0,9.0,2014.0,1,40.0,2009.0,2,2015,2,15,7,1,3,0.0,0.0,5405.428571428572,4860.716334627468,1,0,0,0
8,1,940,1,0,0,1,0,1,500.0,9.0,2014.0,1,40.0,2009.0,2,2015,2,16,8,1,1,0.0,4266.0,5725.714285714285,4846.96924941369,0,0,0,6508
8,2,722,1,0,0,1,0,1,500.0,9.0,2014.0,1,40.0,2009.0,2,2015,2,17,8,1,5,6508.0,6594.0,5875.285714285715,4894.1540540487595,0,0,0,7641
8,3,755,1,0,0,0,0,1,500.0,9.0,2014.0,1,40.0,2009.0,2,2015,2,18,8,1,6,7641.0,14139.0,4680.142857142857,3302.5088154599184,0,0,0,5773
8,4,518,1,0,0,1,0,1,500.0,9.0,2014.0,1,40.0,2009.0,2,2015,2,19,8,1,4,5773.0,7487.0,4132.571428571428,3069.0679289290665,0,0,0,3654
8,5,1036,1,0,0,1,0,1,500.0,9.0,2014.0,1,40.0,2009.0,2,2015,2,20,8,1,0,3654.0,5352.0,5129.571428571428,4383.382060203546,0,0,0,12331
8,6,713,1,0,0,0,0,1,500.0,9.0,2014.0,1,40.0,2009.0,2,2015,2,21,8,1,2,12331.0,0.0,5750.428571428572,3805.423010088929,1,0,0,4346
8,7,0,0,0,0,0,0,1,500.0,9.0,2014.0,1,40.0,2009.0,2,2015,2,22,8,1,3,4346.0,0.0,5750.428571428572,3805.423010088929,1,0,0,0
8,1,0,0,0,0,0,0,1,500.0,9.0,2014.0,1,40.0,2009.0,2,2015,2,23,9,1,1,0.0,6508.0,4820.714285714285,4346.078681381862,0,0,0,0
8,2,920,1,0,0,1,0,1,500.0,9.0,2014.0,1,40.0,2009.0,2,2015,2,24,9,1,5,0.0,7641.0,4709.571428571428,4271.2381053250765,0,0,0,6863
8,3,471,1,0,0,0,0,1,500.0,9.0,2014.0,1,40.0,2009.0,2,2015,2,25,9,1,6,6863.0,5773.0,4582.857142857143,4247.5228242891335,0,0,0,4886
8,4,627,1,0,0,0,0,1,500.0,9.0,2014.0,1,40.0,2009.0,2,2015,2,26,9,1,4,4886.0,3654.0,4822.142857142857,4233.632224169195,0,0,0,5329
8,5,851,1,0,0,1,0,1,500.0,9.0,2014.0,1,40.0,2009.0,2,2015,2,27,9,1,0,5329.0,12331.0,4318.714285714285,3298.078213863628,0,0,0,8807
8,6,674,1,0,0,0,0,1,500.0,9.0,2014.0,1,40.0,2009.0,2,2015,2,28,9,1,2,8807.0,4346.0,4626.285714285715,3399.8681206916294,1,0,1,6499
8,7,0,0,0,0,0,0,1,500.0,9.0,2014.0,1,40.0,2009.0,2,2015,3,1,9,1,3,6499.0,0.0,4626.285714285715,3399.8681206916294,1,1,0,0
8,1,952,1,1,0,0,0,1,500.0,9.0,2014.0,1,40.0,2009.0,2,2015,3,2,10,1,1,0.0,0.0,5774.0,2896.661296504419,0,0,0,8034
8,2,1108,1,0,0,0,0,1,500.0,9.0,2014.0,1,40.0,2009.0,2,2015,3,3,10,1,5,8034.0,6863.0,6654.714285714285,4007.2615634738936,0,0,0,13028
8,3,304,1,0,0,0,0,1,500.0,9.0,2014.0,1,40.0,2009.0,2,2015,3,4,10,1,6,13028.0,4886.0,6422.857142857143,4170.290614516428,0,0,0,3263
8,4,902,1,0,0,0,0,1,500.0,9.0,2014.0,1,40.0,2009.0,2,2015,3,5,10,1,4,3263.0,5329.0,7135.0,4373.068716587929,0,0,0,10314
8,5,1151,1,1,0,0,0,1,500.0,9.0,2014.0,1,40.0,2009.0,2,2015,3,6,10,1,0,10314.0,8807.0,7092.142857142857,4355.385992407233,0,0,0,8507
8,6,501,1,0,0,0,0,1,500.0,9.0,2014.0,1,40.0,2009.0,2,2015,3,7,10,1,2,8507.0,6499.0,6999.0,4377.102466244079,1,0,0,5847
8,7,0,0,0,0,0,0,1,500.0,9.0,2014.0,1,40.0,2009.0,2,2015,3,8,10,1,3,5847.0,0.0,6999.0,4377.102466244079,1,0,0,0
8,1,800,1,0,0,1,0,1,500.0,9.0,2014.0,1,40.0,2009.0,2,2015,3,9,11,1,1,0.0,8034.0,6797.142857142857,4353.936740796441,0,0,0,6621
8,2,1026,1,0,0,0,0,1,500.0,9.0,2014.0,1,40.0,2009.0,2,2015,3,10,11,1,5,6621.0,13028.0,5867.428571428572,3389.7698475040474,0,0,0,6520
8,3,1060,1,1,0,0,0,1,500.0,9.0,2014.0,1,40.0,2009.0,2,2015,3,11,11,1,6,6520.0,3263.0,7114.571428571428,3846.9740860899506,0,0,0,11993
8,4,497,1,0,0,0,0,1,500.0,9.0,2014.0,1,40.0,2009.0,2,2015,3,12,11,1,4,11993.0,10314.0,6282.571428571428,3665.190347814733,0,0,0,4490
8,5,913,1,1,0,0,0,1,500.0,9.0,2014.0,1,40.0,2009.0,2,2015,3,13,11,1,0,4490.0,8507.0,6706.714285714285,4110.272890952039,0,0,0,11476
8,6,1122,1,0,0,0,0,1,500.0,9.0,2014.0,1,40.0,2009.0,2,2015,3,14,11,1,2,11476.0,5847.0,7085.428571428572,4139.880910410461,1,0,0,8498
8,7,0,0,0,0,0,0,1,500.0,9.0,2014.0,1,40.0,2009.0,2,2015,3,15,11,1,3,8498.0,0.0,7085.428571428572,4139.880910410461,1,0,0,0
8,1,1139,1,1,0,0,0,1,500.0,9.0,2014.0,1,40.0,2009.0,2,2015,3,16,12,1,1,0.0,6621.0,7895.285714285715,4566.407658626406,0,0,0,12290
8,2,623,1,0,0,0,0,1,500.0,9.0,2014.0,1,40.0,2009.0,2,2015,3,17,12,1,5,12290.0,6520.0,7729.571428571428,4645.0064175464395,0,0,0,5360
8,3,707,1,0,0,0,0,1,500.0,9.0,2014.0,1,40.0,2009.0,2,2015,3,18,12,1,6,5360.0,11993.0,6802.0,4286.178406615073,0,0,0,5500
8,4,611,1,1,0,0,0,1,500.0,9.0,2014.0,1,40.0,2009.0,2,2015,3,19,12,1,4,5500.0,4490.0,7139.857142857143,4165.060720988808,0,0,0,6855
8,5,411,1,0,0,0,0,1,500.0,9.0,2014.0,1,40.0,2009.0,2,2015,3,20,12,1,0,6855.0,11476.0,5833.857142857143,4009.1782378508865,0,0,0,2334
8,6,723,1,0,0,1,0,1,500.0,9.0,2014.0,1,40.0,2009.0,2,2015,3,21,12,1,2,2334.0,8498.0,5606.428571428572,3875.7972881779588,1,0,0,6906
8,7,0,0,0,0,0,0,1,500.0,9.0,2014.0,1,40.0,2009.0,2,2015,3,22,12,1,3,6906.0,0.0,5606.428571428572,3875.7972881779588,1,0,0,0
8,1,824,1,0,0,0,0,1,500.0,9.0,2014.0,1,40.0,2009.0,2,2015,3,23,13,1,1,0.0,12290.0,5178.428571428572,3103.1327105116884,0,0,0,9294
8,2,391,1,0,0,0,0,1,500.0,9.0,2014.0,1,40.0,2009.0,2,2015,3,24,13,1,5,9294.0,5360.0,4955.0,3143.917248698933,0,0,0,3796
8,3,583,1,0,0,1,0,1,500.0,9.0,2014.0,1,40.0,2009.0,2,2015,3,25,13,1,6,3796.0,5500.0,4684.857142857143,3170.4138756410252,0,0,0,3609
8,4,740,1,1,0,0,0,1,500.0,9.0,2014.0,1,40.0,2009.0,2,2015,3,26,13,1,4,3609.0,6855.0,4641.571428571428,3137.7468485705294,0,0,0,6552
8,5,354,1,0,0,0,0,1,500.0,9.0,2014.0,1,40.0,2009.0,2,2015,3,27,13,1,0,6552.0,2334.0,4690.857142857143,3097.9167424024076,0,0,0,2679
8,6,381,1,0,0,0,0,1,500.0,9.0,2014.0,1,40.0,2009.0,2,2015,3,28,13,1,2,2679.0,6906.0,4304.714285714285,2940.236142119979,1,0,0,4203
8,7,0,0,0,0,0,0,1,500.0,9.0,2014.0,1,40.0,2009.0,2,2015,3,29,13,1,3,4203.0,0.0,4304.714285714285,2940.236142119979,1,0,0,0
8,1,440,1,0,0,0,0,1,500.0,9.0,2014.0,1,40.0,2009.0,2,2015,3,30,14,1,1,0.0,9294.0,3360.0,1973.4070369118836,0,0,0,2681
8,2,1088,1,0,0,1,0,1,500.0,9.0,2014.0,1,40.0,2009.0,2,2015,3,31,14,1,5,2681.0,3796.0,3729.8571428571427,2286.517762054448,0,0,1,6385
8,3,584,1,0,0,0,0,1,500.0,9.0,2014.0,1,40.0,2009.0,2,2015,4,1,14,2,6,6385.0,3609.0,4042.4285714285716,2413.280882750208,0,1,0,5797
8,4,817,1,0,0,0,0,1,500.0,9.0,2014.0,1,40.0,2009.0,2,2015,4,2,14,2,4,5797.0,6552.0,3892.5714285714284,2259.1173687337036,0,0,0,5503
8,5,690,1,0,0,0,0,1,500.0,9.0,2014.0,1,40.0,2009.0,2,2015,4,3,14,2,0,5503.0,2679.0,4323.428571428572,2276.6274660224108,0,0,0,5695
8,6,1083,1,0,0,0,0,1,500.0,9.0,2014.0,1,40.0,2009.0,2,2015,4,4,14,2,2,5695.0,4203.0,5175.571428571428,3166.482688891196,1,0,0,10168
8,7,0,0,0,0,0,0,1,500.0,9.0,2014.0,1,40.0,2009.0,2,2015,4,5,14,2,3,10168.0,0.0,5175.571428571428,3166.482688891196,1,0,0,0
8,1,552,1,0,0,0,0,1,500.0,9.0,2014.0,1,40.0,2009.0,2,2015,4,6,15,2,1,0.0,2681.0,5381.571428571428,3020.6964901681677,0,0,0,4123
8,2,528,1,0,0,0,0,1,500.0,9.0,2014.0,1,40.0,2009.0,2,2015,4,7,15,2,5,4123.0,6385.0,5182.142857142857,2989.327819012798,0,0,0,4989
8,3,991,1,0,0,1,0,1,500.0,9.0,2014.0,1,40.0,2009.0,2,2015,4,8,15,2,6,4989.0,5797.0,5248.857142857143,3010.4732423419982,0,0,0,6264
8,4,1186,1,0,0,0,0,1,500.0,9.0,2014.0,1,40.0,2009.0,2,2015,4,9,15,2,4,6264.0,5503.0,6111.285714285715,3844.587178284369,0,0,0,11540
8,5,685,1,0,0,0,0,1,500.0,9.0,2014.0,1,40.0,2009.0,2,2015,4,10,15,2,0,11540.0,5695.0,6455.857142857143,3908.61396697821,0,0,0,8107
9,4,406,1,1,0,0,2,0,500.0,5.0,2014.0,1,40.0,2013.0,1,2015,1,8,2,1,4,11377.0,3038.0,6544.142857142857,3532.3645257613407,0,0,0,5549
9,5,1148,1,0,0,0,2,0,500.0,5.0,2014.0,1,40.0,2013.0,1,2015,1,9,2,1,0,5549.0,7504.0,6895.428571428572,3758.746282877792,0,0,0,9963
9,6,378,1,0,0,0,2,0,500.0,5.0,2014.0,1,40.0,2013.0,1,2015,1,10,2,1,2,9963.0,5599.0,6730.0,3849.6962650751207,1,0,0,4441
9,7,0,0,0,0,0,2,0,500.0,5.0,2014.0,1,40.0,2013.0,1,2015,1,11,2,1,3,4441.0,0.0,6730.0,3849.6962650751207,1,0,0,0
9,1,664,1,0,0,0,2,0,500.0,5.0,2014.0,1,40.0,2013.0,1,2015,1,12,3,1,1,0.0,8952.0,6390.0,3723.7849920029844,0,0,0,6572
9,2,810,1,1,0,0,2,0,500.0,5.0,2014.0,1,40.0,2013.0,1,2015,1,13,3,1,5,6572.0,6828.0,6891.571428571428,4017.486521742289,0,0,0,10339
9,3,457,1,0,0,0,2,0,500.0,5.0,2014.0,1,40.0,2013.0,1,2015,1,14,3,1,6,10339.0,11377.0,5965.857142857143,3528.4983788467025,0,0,0,4897
9,4,341,1,0,0,0,2,0,500.0,5.0,2014.0,1,40.0,2013.0,1,2015,1,15,3,1,4,4897.0,5549.0,5552.428571428572,3748.1850655636367,0,0,0,2655
9,5,388,1,1,0,0,2,0,500.0,5.0,2014.0,1,40.0,2013.0,1,2015,1,16,3,1,0,2655.0,9963.0,4799.428571428572,3204.462558014103,0,0,0,4692
9,6,462,1,0,0,0,2,0,500.0,5.0,2014.0,1,40.0,2013.0,1,2015,1,17,3,1,2,4692.0,4441.0,4766.285714285715,3209.9825396350534,1,0,0,4209
9,7,0,0,0,0,0,2,0,500.0,5.0,2014.0,1,40.0,2013.0,1,2015,1,18,3,1,3,4209.0,0.0,4766.285714285715,3209.9825396350534,1,0,0,0
9,1,1052,1,0,0,0,2,0,500.0,5.0,2014.0,1,40.0,2013.0,1,2015,1,19,4,1,1,0.0,6572.0,4996.571428571428,3412.54728207258,0,0,0,8184
9,2,389,1,0,0,0,2,0,500.0,5.0,2014.0,1,40.0,2013.0,1,2015,1,20,4,1,5,8184.0,10339.0,4173.0,2475.2780315215773,0,0,0,4574
9,3,735,1,0,0,0,2,0,500.0,5.0,2014.0,1,40.0,2013.0,1,2015,1,21,4,1,6,4574.0,4897.0,4155.285714285715,2469.670539045355,0,0,0,4773
9,4,1143,1,0,0,1,2,0,500.0,5.0,2014.0,1,40.0,2013.0,1,2015,1,22,4,1,4,4773.0,2655.0,5152.571428571428,3093.567404423942,0,0,0,9636
9,5,562,1,1,0,0,2,0,500.0,5.0,2014.0,1,40.0,2013.0,1,2015,1,23,4,1,0,9636.0,4692.0,5303.714285714285,3093.1602347914722,0,0,0,5750
9,6,730,1,0,0,0,2,0,500.0,5.0,2014.0,1,40.0,2013.0,1,2015,1,24,4,1,2,5750.0,4209.0,5490.571428571428,3055.2829578258297,1,0,0,5517
9,7,0,0,0,0,0,2,0,500.0,5.0,2014.0,1,40.0,2013.0,1,2015,1,25,4,1,3,5517.0,0.0,5490.571428571428,3055.2829578258297,1,0,0,0
9,1,741,1,1,0,0,2,0,500.0,5.0,2014.0,1,40.0,2013.0,1,2015,1,26,5,1,1,0.0,8184.0,5515.857142857143,3081.905548443009,0,0,0,8361
9,2,1094,1,1,0,0,2,0,500.0,5.0,2014.0,1,40.0,2013.0,1,2015,1,27,5,1,5,8361.0,4574.0,6638.428571428572,3981.490962656361,0,0,0,12432
9,3,852,1,0,0,1,2,0,500.0,5.0,2014.0,1,40.0,2013.0,1,2015,1,28,5,1,6,12432.0,4773.0,7112.428571428572,3919.418105499115,0,0,0,8091
9,4,1008,1,1,0,1,2,0,500.0,5.0,2014.0,1,40.0,2013.0,1,2015,1,29,5,1,4,8091.0,9636.0,7421.571428571428,4225.063268052634,0,0,0,11800
9,5,659,1,0,0,0,2,0,500.0,5.0,2014.0,1,40.0,2013.0,1,2015,1,30,5,1,0,11800.0,5750.0,7325.428571428572,4276.78067620739,0,0,0,5077
9,6,568,1,0,0,0,2,0,500.0,5.0,2014.0,1,40.0,2013.0,1,2015,1,31,5,1,2,5077.0,5517.0,7328.285714285715,4275.377633000609,1,0,1,5537
9,7,0,0,0,0,0,2,0,500.0,5.0,2014.0,1,40.0,2013.0,1,2015,2,1,5,1,3,5537.0,0.0,7328.285714285715,4275.377633000609,1,1,0,0
9,1,787,1,1,0,0,2,0,500.0,5.0,2014.0,1,40.0,2013.0,1,2015,2,2,6,1,1,0.0,8361.0,7448.571428571428,4320.8775673907885,0,0,0,9203
9,2,740,1,0,0,0,2,0,500.0,5.0,2014.0,1,40.0,2013.0,1,2015,2,3,6,1,5,9203.0,12432.0,6280.285714285715,3826.146525957316,0,0,0,4254
9,3,895,1,1,0,1,2,0,500.0,5.0,2014.0,1,40.0,2013.0,1,2015,2,4,6,1,6,4254.0,8091.0,6643.571428571428,4134.98669313227,0,0,0,10634
9,4,1115,1,0,0,1,2,0,500.0,5.0,2014.0,1,40.0,2013.0,1,2015,2,5,6,1,4,10634.0,11800.0,6557.428571428572,4014.176995646922,0,0,0,11197
9,5,329,1,0,0,0,2,0,500.0,5.0,2014.0,1,40.0,2013.0,1,2015,2,6,6,1,0,11197.0,5077.0,6263.0,4211.589802754616,0,0,0,3016
9,6,1043,1,0,0,0,2,0,500.0,5.0,2014.0,1,40.0,2013.0,1,2015,2,7,6,1,2,3016.0,5537.0,6705.285714285715,4284.573868904028,1,0,0,8633
9,7,0,0,0,0,0,2,0,500.0,5.0,2014.0,1,40.0,2013.0,1,2015,2,8,6,1,3,8633.0,0.0,6705.285714285715,4284.573868904028,1,0,0,0
9,1,0,0,0,0,0,2,0,500.0,5.0,2014.0,1,40.0,2013.0,1,2015,2,9,7,1,1,0.0,9203.0,5390.571428571428,4774.383096524719,0,0,0,0
9,2,336,1,1,0,0,2,0,500.0,5.0,2014.0,1,40.0,2013.0,1,2015,2,10,7,1,5,0.0,4254.0,5418.142857142857,4767.277609865385,0,0,0,4447
9,3,545,1,0,0,0,2,0,500.0,5.0,2014.0,1,40.0,2013.0,1,2015,2,11,7,1,6,4447.0,10634.0,4438.0,4186.051918773426,0,0,0,3773
9,4,991,1,0,0,1,2,0,500.0,5.0,2014.0,1,40.0,2013.0,1,2015,2,12,7,1,4,3773.0,11197.0,4373.571428571428,4066.446231340207,0,0,0,10746
9,5,543,1,1,0,0,2,0,500.0,5.0,2014.0,1,40.0,2013.0,1,2015,2,13,7,1,0,10746.0,3016.0,4900.857142857143,4100.235498463126,0,0,0,6707
9,6,986,1,0,0,0,2,0,500.0,5.0,2014.0,1,40.0,2013.0,1,2015,2,14,7,1,2,6707.0,8633.0,5070.0,4299.435854465872,1,0,0,9817
9,7,0,0,0,0,0,2,0,500.0,5.0,2014.0,1,40.0,2013.0,1,2015,2,15,7,1,3,9817.0,0.0,5070.0,4299.435854465872,1,0,0,0
9,1,415,1,0,0,0,2,0,500.0,5.0,2014.0,1,40.0,2013.0,1,2015,2,16,8,1,1,0.0,0.0,5717.571428571428,3709.423129326305,0,0,0,4533
9,2,401,1,0,0,0,2,0,500.0,5.0,2014.0,1,40.0,2013.0,1,2015,2,17,8,1,5,4533.0,4447.0,5745.0,3699.1579672496646,0,0,0,4639
9,3,411,1,0,0,0,2,0,500.0,5.0,2014.0,1,40.0,2013.0,1,2015,2,18,8,1,6,4639.0,3773.0,5839.714285714285,3648.3904996717724,0,0,0,4436
9,4,1194,1,1,0,0,2,0,500.0,5.0,2014.0,1,40.0,2013.0,1,2015,2,19,8,1,4,4436.0,10746.0,6363.857142857143,4608.060417303988,0,0,0,14415
9,5,630,1,0,0,1,2,0,500.0,5.0,2014.0,1,40.0,2013.0,1,2015,2,20,8,1,0,14415.0,6707.0,6094.428571428572,4639.681090231054,0,0,0,4821
9,6,472,1,0,0,0,2,0,500.0,5.0,2014.0,1,40.0,2013.0,1,2015,2,21,8,1,2,4821.0,9817.0,5314.714285714285,4360.014094560007,1,0,0,4359
9,7,0,0,0,0,0,2,0,500.0,5.0,2014.0,1,40.0,2013.0,1,2015,2,22,8,1,3,4359.0,0.0,5314.714285714285,4360.014094560007,1,0,0,0
9,1,338,1,0,0,0,2,0,500.0,5.0,2014.0,1,40.0,2013.0,1,2015,2,23,9,1,1,0.0,4533.0,4998.714285714285,4503.898189875291,0,0,0,2321
9,2,576,1,1,0,0,2,0,500.0,5.0,2014.0,1,40.0,2013.0,1,2015,2,24,9,1,5,2321.0,4639.0,5028.428571428572,4501.8151101210615,0,0,0,4847
9,3,610,1,0,0,0,2,0,500.0,5.0,2014.0,1,40.0,2013.0,1,2015,2,25,9,1,6,4847.0,4436.0,5271.857142857143,4510.503535400139,0,0,0,6140
9,4,556,1,0,0,0,2,0,500.0,5.0,2014.0,1,40.0,2013.0,1,2015,2,26,9,1,4,6140.0,14415.0,3826.1428571428573,2032.8310659907704,0,0,0,4295
9,5,806,1,1,0,1,2,0,500.0,5.0,2014.0,1,40.0,2013.0,1,2015,2,27,9,1,0,4295.0,4821.0,4515.714285714285,3010.263870731035,0,0,0,9648
9,6,757,1,0,0,1,2,0,500.0,5.0,2014.0,1,40.0,2013.0,1,2015,2,28,9,1,2,9648.0,4359.0,4701.0,3038.7910973499565,1,0,1,5656
9,7,0,0,0,0,0,2,0,500.0,5.0,2014.0,1,40.0,2013.0,1,2015,3,1,9,1,3,5656.0,0.0,4701.0,3038.7910973499565,1,1,0,0
9,1,416,1,0,0,0,2,0,500.0,5.0,2014.0,1,40.0,2013.0,1,2015,3,2,10,1,1,0.0,2321.0,4787.142857142857,2967.796400730767,0,0,0,2924
9,2,738,1,0,0,0,2,0,500.0,5.0,2014.0,1,40.0,2013.0,1,2015,3,3,10,1,5,2924.0,4847.0,5306.285714285715,3281.2935820234957,0,0,0,8481
9,3,842,1,0,0,0,2,0,500.0,5.0,2014.0,1,40.0,2013.0,1,2015,3,4,10,1,6,8481.0,6140.0,5370.142857142857,3304.4901487002735,0,0,0,6587
9,4,1104,1,0,0,0,2,0,500.0,5.0,2014.0,1,40.0,2013.0,1,2015,3,5,10,1,4,6587.0,4295.0,5696.571428571428,3293.4243504870365,0,0,0,6580
9,5,724,1,0,0,1,2,0,500.0,5.0,2014.0,1,40.0,2013.0,1,2015,3,6,10,1,0,6580.0,9648.0,4993.428571428572,2797.2371998779386,0,0,0,4726
9,6,395,1,0,0,0,2,0,500.0,5.0,2014.0,1,40.0,2013.0,1,2015,3,7,10,1,2,4726.0,5656.0,4822.571428571428,2786.5275796914284,1,0,0,4460
9,7,0,0,0,0,0,2,0,500.0,5.0,2014.0,1,40.0,2013.0,1,2015,3,8,10,1,3,4460.0,0.0,4822.571428571428,2786.5275796914284,1,0,0,0
9,1,1179,1,0,0,0,2,0,500.0,5.0,2014.0,1,40.0,2013.0,1,2015,3,9,11,1,1,0.0,2924.0,6019.571428571428,3534.3583508723273,0,0,0,11303
9,2,746,1,0,0,0,2,0,500.0,5.0,2014.0,1,40.0,2013.0,1,2015,3,10,11,1,5,11303.0,8481.0,5938.428571428572,3474.442058668935,0,0,0,7913
9,3,425,1,0,0,1,2,0,500.0,5.0,2014.0,1,40.0,2013.0,1,2015,3,11,11,1,6,7913.0,6587.0,5682.714285714285,3484.6083335283533,0,0,0,4797
9,4,681,1,0,0,0,2,0,500.0,5.0,2014.0,1,40.0,2013.0,1,2015,3,12,11,1,4,4797.0,6580.0,5689.0,3486.5358165376715,0,0,0,6624
9,5,959,1,1,0,0,2,0,500.0,5.0,2014.0,1,40.0,2013.0,1,2015,3,13,11,1,0,6624.0,4726.0,6271.0,3635.8281037474803,0,0,0,8800
9,6,305,1,0,0,0,2,0,500.0,5.0,2014.0,1,40.0,2013.0,1,2015,3,14,11,1,2,8800.0,4460.0,5874.0,4000.01233331432,1,0,0,1681
9,7,0,0,0,0,0,2,0,500.0,5.0,2014.0,1,40.0,2013.0,1,2015,3,15,11,1,3,1681.0,0.0,5874.0,4000.01233331432,1,0,0,0
9,1,314,1,1,0,0,2,0,500.0,5.0,2014.0,1,40.0,2013.0,1,2015,3,16,12,1,1,0.0,11303.0,4691.285714285715,3287.7895164930983,0,0,0,3024
9,2,489,1,0,0,0,2,0,500.0,5.0,2014.0,1,40.0,2013.0,1,2015,3,17,12,1,5,3024.0,7913.0,3979.714285714286,3000.796156260634,0,0,0,2932
9,3,963,1,1,0,1,2,0,500.0,5.0,2014.0,1,40.0,2013.0,1,2015,3,18,12,1,6,2932.0,4797.0,5079.857142857143,4424.358726737374,0,0,0,12498
9,4,790,1,0,0,0,2,0,500.0,5.0,2014.0,1,40.0,2013.0,1,2015,3,19,12,1,4,12498.0,6624.0,4783.285714285715,4372.880694854205,0,0,0,4548
9,5,431,1,0,0,0,2,0,500.0,5.0,2014.0,1,40.0,2013.0,1,2015,3,20,12,1,0,4548.0,8800.0,4020.285714285714,4005.768120859627,0,0,0,3459
9,6,689,1,0,0,0,2,0,500.0,5.0,2014.0,1,40.0,2013.0,1,2015,3,21,12,1,2,3459.0,1681.0,4717.714285714285,3955.278359959249,1,0,0,6563
9,7,0,0,0,0,0,2,0,500.0,5.0,2014.0,1,40.0,2013.0,1,2015,3,22,12,1,3,6563.0,0.0,4717.714285714285,3955.278359959249,1,0,0,0
9,1,1000,1,1,0,0,2,0,500.0,5.0,2014.0,1,40.0,2013.0,1,2015,3,23,13,1,1,0.0,3024.0,5492.571428571428,4096.92770488419,0,0,0,8448
9,2,706,1,0,0,0,2,0,500.0,5.0,2014.0,1,40.0,2013.0,1,2015,3,24,13,1,5,8448.0,2932.0,5851.857142857143,3942.309958580606,0,0,0,5447
9,3,0,0,1,0,0,2,0,500.0,5.0,2014.0,1,40.0,2013.0,1,2015,3,25,13,1,6,5447.0,12498.0,4066.4285714285716,3188.7713860327112,0,0,0,0
9,4,469,1,1,0,0,2,0,500.0,5.0,2014.0,1,40.0,2013.0,1,2015,3,26,13,1,4,0.0,4548.0,3999.714285714286,3181.8947035943743,0,0,0,4081
9,5,874,1,1,0,0,2,0,500.0,5.0,2014.0,1,40.0,2013.0,1,2015,3,27,13,1,0,4081.0,3459.0,4496.714285714285,3350.592271737729,0,0,0,6938
9,6,350,1,0,0,0,2,0,500.0,5.0,2014.0,1,40.0,2013.0,1,2015,3,28,13,1,2,6938.0,6563.0,4120.428571428572,3225.4311782635064,1,0,0,3929
9,7,0,0,0,0,1,2,0,500.0,5.0,2014.0,1,40.0,2013.0,1,2015,3,29,13,1,3,3929.0,0.0,4120.428571428572,3225.431178263507,1,0,0,0
9,1,783,1,0,0,0,2,0,500.0,5.0,2014.0,1,40.0,2013.0,1,2015,3,30,14,1,1,0.0,8448.0,3647.1428571428573,2681.850196448435,0,0,0,5135
9,2,313,1,0,0,0,2,0,500.0,5.0,2014.0,1,40.0,2013.0,1,2015,3,31,14,1,5,5135.0,5447.0,3323.4285714285716,2562.491941915328,0,0,1,3181
9,3,556,1,0,0,0,2,0,500.0,5.0,2014.0,1,40.0,2013.0,1,2015,4,1,14,2,6,3181.0,0.0,3834.714285714286,2105.090553419322,0,1,0,3579
9,4,1028,1,0,0,0,2,0,500.0,5.0,2014.0,1,40.0,2013.0,1,2015,4,2,14,2,4,3579.0,4081.0,4132.714285714285,2285.6694653343757,0,0,0,6167
9,5,605,1,0,0,0,2,0,500.0,5.0,2014.0,1,40.0,2013.0,1,2015,4,3,14,2,0,6167.0,6938.0,4027.714285714286,2148.060731162397,0,0,0,6203
9,6,1141,1,0,0,0,2,0,500.0,5.0,2014.0,1,40.0,2013.0,1,2015,4,4,14,2,2,6203.0,3929.0,4935.142857142857,3188.908926711009,1,0,0,10281
9,7,0,0,0,0,0,2,0,500.0,5.0,2014.0,1,40.0,2013.0,1,2015,4,5,14,2,3,10281.0,0.0,4935.142857142857,3188.908926711009,1,0,0,0
9,1,867,1,0,0,1,2,0,500.0,5.0,2014.0,1,40.0,2013.0,1,2015,4,6,15,2,1,0.0,5135.0,4901.142857142857,3187.6914545676823,0,0,0,4897
9,2,314,1,0,0,0,2,0,500.0,5.0,2014.0,1,40.0,2013.0,1,2015,4,7,15,2,5,4897.0,3181.0,4894.285714285715,3192.057054329583,0,0,0,3133
9,3,363,1,1,0,1,2,0,500.0,5.0,2014.0,1,40.0,2013.0,1,2015,4,8,15,2,6,3133.0,3579.0,4892.428571428572,3192.953484218173,0,0,0,3566
9,4,366,1,1,0,0,2,0,500.0,5.0,2014.0,1,40.0,2013.0,1,2015,4,9,15,2,4,3566.0,6167.0,4430.285714285715,3211.786300191104,0,0,0,2932
9,5,893,1,0,0,0,2,0,500.0,5.0,2014.0,1,40.0,2013.0,1,2015,4,10,15,2,0,2932.0,6203.0,4824.0,3609.595729902914,0,0,0,8959
10,4,780,1,0,0,0,2,1,3000.0,11.0,2012.0,1,1.0,2015.0,1,2015,1,8,2,1,4,8981.0,9271.0,5178.714285714285,4095.74790542117,0,0,0,5491
10,5,430,1,0,0,0,2,1,3000.0,11.0,2012.0,1,1.0,2015.0,1,2015,1,9,2,1,0,5491.0,10595.0,4297.857142857143,3327.798593092808,0,0,0,4429
10,6,890,1,0,0,0,2,1,3000.0,11.0,2012.0,1,1.0,2015.0,1,2015,1,10,2,1,2,4429.0,6771.0,4235.428571428572,3277.3877228235115,1,0,0,6334
10,7,0,0,0,0,0,2,1,3000.0,11.0,2012.0,1,1.0,2015.0,1,2015,1,11,2,1,3,6334.0,0.0,4235.428571428572,3277.3877228235115,1,0,0,0
10,1,370,1,0,0,0,2,1,3000.0,11.0,2012.0,1,1.0,2015.0,1,2015,1,12,3,1,1,0.0,0.0,4766.857142857143,2732.444536098974,0,0,0,3720
10,2,542,1,1,0,0,2,1,3000.0,11.0,2012.0,1,1.0,2015.0,1,2015,1,13,3,1,5,3720.0,4413.0,4881.0,2731.887503784394,0,0,0,5212
10,3,528,1,0,0,0,2,1,3000.0,11.0,2012.0,1,1.0,2015.0,1,2015,1,14,3,1,6,5212.0,8981.0,4062.285714285714,2079.1570979835155,0,0,0,3250
10,4,1015,1,1,0,1,2,1,3000.0,11.0,2012.0,1,1.0,2015.0,1,2015,1,15,3,1,4,3250.0,5491.0,4907.857142857143,3485.209435532362,0,0,0,11410
10,5,556,1,0,0,0,2,1,3000.0,11.0,2012.0,1,1.0,2015.0,1,2015,1,16,3,1,0,11410.0,4429.0,4803.0,3512.9489511425195,0,0,0,3695
10,6,630,1,0,0,0,2,1,3000.0,11.0,2012.0,1,1.0,2015.0,1,2015,1,17,3,1,2,3695.0,6334.0,4492.142857142857,3450.6159077557645,1,0,0,4158
10,7,0,0,0,0,1,2,1,3000.0,11.0,2012.0,1,1.0,2015.0,1,2015,1,18,3,1,3,4158.0,0.0,4492.142857142857,3450.6159077557645,1,0,0,0
10,1,1078,1,0,0,0,2,1,3000.0,11.0,2012.0,1,1.0,2015.0,1,2015,1,19,4,1,1,0.0,3720.0,5491.857142857143,4135.407937498283,0,0,0,10718
10,2,532,1,0,0,0,2,1,3000.0,11.0,2012.0,1,1.0,2015.0,1,2015,1,20,4,1,5,10718.0,5212.0,5574.428571428572,4134.65910957372,0,0,0,5790
10,3,697,1,1,0,0,2,1,3000.0,11.0,2012.0,1,1.0,2015.0,1,2015,1,21,4,1,6,5790.0,3250.0,6398.0,4168.515123318293,0,0,0,9015
10,4,1041,1,0,0,0,2,1,3000.0,11.0,2012.0,1,1.0,2015.0,1,2015,1,22,4,1,4,9015.0,11410.0,5993.571428571428,3713.7310464968086,0,0,0,8579
10,5,1151,1,1,0,0,2,1,3000.0,11.0,2012.0,1,1.0,2015.0,1,2015,1,23,4,1,0,8579.0,3695.0,7109.857142857143,4065.39573426628,0,0,0,11509
10,6,709,1,0,0,0,2,1,3000.0,11.0,2012.0,1,1.0,2015.0,1,2015,1,24,4,1,2,11509.0,4158.0,7232.571428571428,3973.3661991290132,1,0,0,5017
10,7,0,0,0,0,0,2,1,3000.0,11.0,2012.0,1,1.0,2015.0,1,2015,1,25,4,1,3,5017.0,0.0,7232.571428571428,3973.3661991290132,1,0,0,0
10,1,902,1,1,0,0,2,1,3000.0,11.0,2012.0,1,1.0,2015.0,1,2015,1,26,5,1,1,0.0,10718.0,7098.142857142857,3849.7887573463645,0,0,0,9777
10,2,480,1,0,0,0,2,1,3000.0,11.0,2012.0,1,1.0,2015.0,1,2015,1,27,5,1,5,9777.0,5790.0,6959.571428571428,3921.511692240754,0,0,0,4820
10,3,438,1,0,0,0,2,1,3000.0,11.0,2012.0,1,1.0,2015.0,1,2015,1,28,5,1,6,4820.0,9015.0,6409.714285714285,3854.5478642890444,0,0,0,5166
10,4,956,1,0,0,0,2,1,3000.0,11.0,2012.0,1,1.0,2015.0,1,2015,1,29,5,1,4,5166.0,8579.0,6419.285714285715,3860.910243033616,0,0,0,8646
10,5,1158,1,0,0,0,2,1,3000.0,11.0,2012.0,1,1.0,2015.0,1,2015,1,30,5,1,0,8646.0,11509.0,6230.857142857143,3594.0767209661053,0,0,0,10190
10,6,727,1,0,0,0,2,1,3000.0,11.0,2012.0,1,1.0,2015.0,1,2015,1,31,5,1,2,10190.0,5017.0,6543.285714285715,3565.9174001597257,1,0,1,7204
10,7,0,0,0,0,0,2,1,3000.0,11.0,2012.0,1,1.0,2015.0,1,2015,2,1,5,1,3,7204.0,0.0,6543.285714285715,3565.9174001597257,1,1,0,0
10,1,550,1,1,0,0,2,1,3000.0,11.0,2012.0,1,1.0,2015.0,1,2015,2,2,6,1,1,0.0,9777.0,6239.0,3326.8541196351434,0,0,0,7647
10,2,440,1,1,0,0,2,1,3000.0,11.0,2012.0,1,1.0,2015.0,1,2015,2,3,6,1,5,7647.0,4820.0,6279.714285714285,3308.286097779619,0,0,0,5105
10,3,1153,1,0,0,0,2,1,3000.0,11.0,2012.0,1,1.0,2015.0,1,2015,2,4,6,1,6,5105.0,5166.0,7238.142857142857,3858.006973752614,0,0,0,11875
10,4,939,1,1,0,0,2,1,3000.0,11.0,2012.0,1,1.0,2015.0,1,2015,2,5,6,1,4,11875.0,8646.0,7148.0,3826.8758363274164,0,0,0,8015
10,5,611,1,0,0,0,2,1,3000.0,11.0,2012.0,1,1.0,2015.0,1,2015,2,6,6,1,0,8015.0,10190.0,6493.857142857143,3605.1619671692706,0,0,0,5611
10,6,410,1,0,0,0,2,1,3000.0,11.0,2012.0,1,1.0,2015.0,1,2015,2,7,6,1,2,5611.0,7204.0,5810.428571428572,3890.2794182913076,1,0,0,2420
10,7,0,0,0,0,0,2,1,3000.0,11.0,2012.0,1,1.0,2015.0,1,2015,2,8,6,1,3,2420.0,0.0,5810.428571428572,3890.2794182913076,1,0,0,0
10,1,601,1,0,0,0,2,1,3000.0,11.0,2012.0,1,1.0,2015.0,1,2015,2,9,7,1,1,0.0,7647.0,5392.0,3816.640582152495,0,0,0,4718
10,2,643,1,0,0,0,2,1,3000.0,11.0,2012.0,1,1.0,2015.0,1,2015,2,10,7,1,5,4718.0,5105.0,5665.857142857143,3861.1315020587526,0,0,0,7022
10,3,409,1,0,0,0,2,1,3000.0,11.0,2012.0,1,1.0,2015.0,1,2015,2,11,7,1,6,7022.0,11875.0,4571.714285714285,2726.9827474265235,0,0,0,4216
10,4,518,1,0,0,0,2,1,3000.0,11.0,2012.0,1,1.0,2015.0,1,2015,2,12,7,1,4,4216.0,8015.0,4260.0,2369.0037990682936,0,0,0,5833
10,5,969,1,1,0,0,2,1,3000.0,11.0,2012.0,1,1.0,2015.0,1,2015,2,13,7,1,0,5833.0,5611.0,5019.857142857143,3471.193187199057,0,0,0,10930
10,6,331,1,0,0,0,2,1,3000.0,11.0,2012.0,1,1.0,2015.0,1,2015,2,14,7,1,2,10930.0,2420.0,5110.0,3399.886125544012,1,0,0,3051
10,7,0,0,0,0,0,2,1,3000.0,11.0,2012.0,1,1.0,2015.0,1,2015,2,15,7,1,3,3051.0,0.0,5110.0,3399.886125544012,1,0,0,0
10,1,835,1,1,0,0,2,1,3000.0,11.0,2012.0,1,1.0,2015.0,1,2015,2,16,8,1,1,0.0,4718.0,5494.428571428572,3498.8710968512337,0,0,0,7409
10,2,642,1,1,0,0,2,1,3000.0,11.0,2012.0,1,1.0,2015.0,1,2015,2,17,8,1,5,7409.0,7022.0,5697.571428571428,3640.7467575184287,0,0,0,8444
10,3,487,1,0,0,0,2,1,3000.0,11.0,2012.0,1,1.0,2015.0,1,2015,2,18,8,1,6,8444.0,4216.0,5532.285714285715,3744.0172593212283,0,0,0,3059
10,4,1015,1,0,0,0,2,1,3000.0,11.0,2012.0,1,1.0,2015.0,1,2015,2,19,8,1,4,3059.0,5833.0,6173.571428571428,4164.896831741168,0,0,0,10322
10,5,0,0,0,0,0,2,1,3000.0,11.0,2012.0,1,1.0,2015.0,1,2015,2,20,8,1,0,10322.0,10930.0,4612.142857142857,4133.222126000144,0,0,0,0
10,6,616,1,0,0,0,2,1,3000.0,11.0,2012.0,1,1.0,2015.0,1,2015,2,21,8,1,2,0.0,3051.0,4970.857142857143,4083.8193083016236,1,0,0,5562
10,7,0,0,0,0,0,2,1,3000.0,11.0,2012.0,1,1.0,2015.0,1,2015,2,22,8,1,3,5562.0,0.0,4970.857142857143,4083.8193083016236,1,0,0,0
10,1,499,1,1,0,0,2,1,3000.0,11.0,2012.0,1,1.0,2015.0,1,2015,2,23,9,1,1,0.0,7409.0,4421.571428571428,3957.865243501135,0,0,0,3564
10,2,901,1,0,0,1,2,1,3000.0,11.0,2012.0,1,1.0,2015.0,1,2015,2,24,9,1,5,3564.0,8444.0,4444.428571428572,3985.333606159083,0,0,0,8604
10,3,799,1,0,0,0,2,1,3000.0,11.0,2012.0,1,1.0,2015.0,1,2015,2,25,9,1,6,8604.0,3059.0,4780.428571428572,3948.0349482218317,0,0,0,5411
10,4,668,1,0,0,0,2,1,3000.0,11.0,2012.0,1,1.0,2015.0,1,2015,2,26,9,1,4,5411.0,10322.0,3996.1428571428573,3122.7604470282095,0,0,0,4832
10,5,974,1,1,0,0,2,1,3000.0,11.0,2012.0,1,1.0,2015.0,1,2015,2,27,9,1,0,4832.0,0.0,5615.714285714285,3607.116609994088,0,0,0,11337
10,6,662,1,0,0,0,2,1,3000.0,11.0,2012.0,1,1.0,2015.0,1,2015,2,28,9,1,2,11337.0,5562.0,5912.142857142857,3686.356893039135,1,0,1,7637
10,7,0,0,0,0,0,2,1,3000.0,11.0,2012.0,1,1.0,2015.0,1,2015,3,1,9,1,3,7637.0,0.0,5912.142857142857,3686.356893039135,1,1,0,0
10,1,531,1,1,0,0,2,1,3000.0,11.0,2012.0,1,1.0,2015.0,1,2015,3,2,10,1,1,0.0,3564.0,6457.428571428572,3561.314685016516,0,0,0,7381
10,2,831,1,0,0,1,2,1,3000.0,11.0,2012.0,1,1.0,2015.0,1,2015,3,3,10,1,5,7381.0,8604.0,6110.714285714285,3433.345536270501,0,0,0,6177
10,3,419,1,1,0,0,2,1,3000.0,11.0,2012.0,1,1.0,2015.0,1,2015,3,4,10,1,6,6177.0,5411.0,6035.142857142857,3457.0539205404084,0,0,0,4882
10,4,488,1,1,0,0,2,1,3000.0,11.0,2012.0,1,1.0,2015.0,1,2015,3,5,10,1,4,4882.0,4832.0,5959.571428571428,3493.329827788136,0,0,0,4303
10,5,375,1,0,0,0,2,1,3000.0,11.0,2012.0,1,1.0,2015.0,1,2015,3,6,10,1,0,4303.0,11337.0,4714.857142857143,2725.931732366718,0,0,0,2624
10,6,789,1,0,0,0,2,1,3000.0,11.0,2012.0,1,1.0,2015.0,1,2015,3,7,10,1,2,2624.0,7637.0,4300.857142857143,2409.9140668338814,1,0,0,4739
10,7,0,0,0,0,0,2,1,3000.0,11.0,2012.0,1,1.0,2015.0,1,2015,3,8,10,1,3,4739.0,0.0,4300.857142857143,2409.9140668338814,1,0,0,0
10,1,749,1,0,0,1,2,1,3000.0,11.0,2012.0,1,1.0,2015.0,1,2015,3,9,11,1,1,0.0,7381.0,4283.285714285715,2384.0220716459917,0,0,0,7258
10,2,802,1,1,0,1,2,1,3000.0,11.0,2012.0,1,1.0,2015.0,1,2015,3,10,11,1,5,7258.0,6177.0,4899.428571428572,3326.186297505642,0,0,0,10490
10,3,636,1,0,0,0,2,1,3000.0,11.0,2012.0,1,1.0,2015.0,1,2015,3,11,11,1,6,10490.0,4882.0,5188.142857142857,3411.050543384518,0,0,0,6903
10,4,720,1,0,0,0,2,1,3000.0,11.0,2012.0,1,1.0,2015.0,1,2015,3,12,11,1,4,6903.0,4303.0,5725.142857142857,3541.8589482817933,0,0,0,8062
10,5,620,1,0,0,0,2,1,3000.0,11.0,2012.0,1,1.0,2015.0,1,2015,3,13,11,1,0,8062.0,2624.0,6299.857142857143,3270.811490979541,0,0,0,6647
10,6,692,1,0,0,1,2,1,3000.0,11.0,2012.0,1,1.0,2015.0,1,2015,3,14,11,1,2,6647.0,4739.0,6606.428571428572,3199.9338981267956,1,0,0,6885
10,7,0,0,0,0,0,2,1,3000.0,11.0,2012.0,1,1.0,2015.0,1,2015,3,15,11,1,3,6885.0,0.0,6606.428571428572,3199.9338981267956,1,0,0,0
10,1,0,0,1,0,0,2,1,3000.0,11.0,2012.0,1,1.0,2015.0,1,2015,3,16,12,1,1,0.0,7258.0,5569.571428571428,4023.5205503448865,0,0,0,0
10,2,645,1,1,0,0,2,1,3000.0,11.0,2012.0,1,1.0,2015.0,1,2015,3,17,12,1,5,0.0,10490.0,5145.428571428572,3546.605929483514,0,0,0,7521
10,3,366,1,0,0,0,2,1,3000.0,11.0,2012.0,1,1.0,2015.0,1,2015,3,18,12,1,6,7521.0,6903.0,4618.0,3516.06247574376,0,0,0,3211
10,4,814,1,0,0,0,2,1,3000.0,11.0,2012.0,1,1.0,2015.0,1,2015,3,19,12,1,4,3211.0,8062.0,4340.142857142857,3266.537536320451,0,0,0,6117
10,5,938,1,1,0,0,2,1,3000.0,11.0,2012.0,1,1.0,2015.0,1,2015,3,20,12,1,0,6117.0,6647.0,4636.142857142857,3588.432639680424,0,0,0,8719
10,6,1118,1,0,0,0,2,1,3000.0,11.0,2012.0,1,1.0,2015.0,1,2015,3,21,12,1,2,8719.0,6885.0,5039.428571428572,4016.403733737553,1,0,0,9708
10,7,0,0,0,0,0,2,1,3000.0,11.0,2012.0,1,1.0,2015.0,1,2015,3,22,12,1,3,9708.0,0.0,5039.428571428572,4016.403733737553,1,0,0,0
10,1,914,1,0,0,0,2,1,3000.0,11.0,2012.0,1,1.0,2015.0,1,2015,3,23,13,1,1,0.0,0.0,6493.0,3718.807111606265,0,0,0,10175
10,2,1076,1,1,0,1,2,1,3000.0,11.0,2012.0,1,1.0,2015.0,1,2015,3,24,13,1,5,10175.0,7521.0,6770.571428571428,3877.4539265323256,0,0,0,9464
10,3,932,1,1,0,0,2,1,3000.0,11.0,2012.0,1,1.0,2015.0,1,2015,3,25,13,1,6,9464.0,3211.0,7701.142857142857,3656.1421119613415,0,0,0,9725
10,4,912,1,1,0,0,2,1,3000.0,11.0,2012.0,1,1.0,2015.0,1,2015,3,26,13,1,4,9725.0,6117.0,7942.714285714285,3589.281809047863,0,0,0,7808
10,5,642,1,0,0,0,2,1,3000.0,11.0,2012.0,1,1.0,2015.0,1,2015,3,27,13,1,0,7808.0,8719.0,7515.285714285715,3658.9061987742416,0,0,0,5727
10,6,580,1,0,0,0,2,1,3000.0,11.0,2012.0,1,1.0,2015.0,1,2015,3,28,13,1,2,5727.0,9708.0,6837.857142857143,3624.087537048529,1,0,0,4966
10,7,0,0,0,0,0,2,1,3000.0,11.0,2012.0,1,1.0,2015.0,1,2015,3,29,13,1,3,4966.0,0.0,6837.857142857143,3624.0875370485296,1,0,0,0
10,1,944,1,1,0,0,2,1,3000.0,11.0,2012.0,1,1.0,2015.0,1,2015,3,30,14,1,1,0.0,10175.0,6689.857142857143,3483.520031451493,0,0,0,9139
10,2,351,1,1,0,0,2,1,3000.0,11.0,2012.0,1,1.0,2015.0,1,2015,3,31,14,1,5,9139.0,9464.0,5889.142857142857,3382.2909114273148,0,0,1,3859
10,3,667,1,1,0,0,2,1,3000.0,11.0,2012.0,1,1.0,2015.0,1,2015,4,1,14,2,6,3859.0,9725.0,5462.714285714285,2982.6336077525925,0,1,0,6740
10,4,370,1,0,0,0,2,1,3000.0,11.0,2012.0,1,1.0,2015.0,1,2015,4,2,14,2,4,6740.0,7808.0,4820.142857142857,2875.7650245092154,0,0,0,3310
10,5,478,1,1,0,1,2,1,3000.0,11.0,2012.0,1,1.0,2015.0,1,2015,4,3,14,2,0,3310.0,5727.0,4643.0,2848.6571105230173,0,0,0,4487
10,6,1127,1,0,0,0,2,1,3000.0,11.0,2012.0,1,1.0,2015.0,1,2015,4,4,14,2,2,4487.0,4966.0,5788.857142857143,4262.553437732343,1,0,0,12987
10,7,0,0,0,0,1,2,1,3000.0,11.0,2012.0,1,1.0,2015.0,1,2015,4,5,14,2,3,12987.0,0.0,5788.857142857143,4262.553437732343,1,0,0,0
10,1,367,1,1,0,0,2,1,3000.0,11.0,2012.0,1,1.0,2015.0,1,2015,4,6,15,2,1,0.0,9139.0,5081.714285714285,4017.7087049828847,0,0,0,4189
10,2,453,1,1,0,0,2,1,3000.0,11.0,2012.0,1,1.0,2015.0,1,2015,4,7,15,2,5,4189.0,3859.0,5043.428571428572,4032.5516676641555,0,0,0,3591
10,3,697,1,0,0,0,2,1,3000.0,11.0,2012.0,1,1.0,2015.0,1,2015,4,8,15,2,6,3591.0,6740.0,4725.285714285715,3963.654320375149,0,0,0,4513
10,4,313,1,1,0,0,2,1,3000.0,11.0,2012.0,1,1.0,2015.0,1,2015,4,9,15,2,4,4513.0,3310.0,4867.714285714285,3922.0160935538306,0,0,0,4307
10,5,561,1,1,0,0,2,1,3000.0,11.0,2012.0,1,1.0,2015.0,1,2015,4,10,15,2,0,4307.0,4487.0,4848.285714285715,3924.552403960047,0,0,0,4351
11,4,641,1,1,0,1,0,1,120.0,11.0,0.0,1,22.0,2015.0,2,2015,1,8,2,1,4,5558.0,12031.0,5360.714285714285,3779.0478392617065,0,0,0,5233
11,5,372,1,1,0,0,0,1,120.0,11.0,0.0,1,22.0,2015.0,2,2015,1,9,2,1,0,5233.0,3765.0,5498.857142857143,3728.328688504249,0,0,0,4732
11,6,787,1,0,0,0,0,1,120.0,11.0,0.0,1,22.0,2015.0,2,2015,1,10,2,1,2,4732.0,6786.0,5435.0,3706.3721705552816,1,0,0,6339
11,7,0,0,0,0,0,0,1,120.0,11.0,0.0,1,22.0,2015.0,2,2015,1,11,2,1,3,6339.0,0.0,5435.0,3706.3721705552816,1,0,0,0
11,1,954,1,1,0,0,0,1,120.0,11.0,0.0,1,22.0,2015.0,2,2015,1,12,3,1,1,0.0,3767.0,6482.285714285715,4163.989701967963,0,0,0,11098
11,2,1029,1,0,0,1,0,1,120.0,11.0,0.0,1,22.0,2015.0,2,2015,1,13,3,1,5,11098.0,12416.0,5812.714285714285,3347.633776977689,0,0,0,7729
11,3,1057,1,1,0,0,0,1,120.0,11.0,0.0,1,22.0,2015.0,2,2015,1,14,3,1,6,7729.0,5558.0,6098.142857142857,3406.9485579019943,0,0,0,7556
11,4,684,1,0,0,0,0,1,120.0,11.0,0.0,1,22.0,2015.0,2,2015,1,15,3,1,4,7556.0,5233.0,6113.714285714285,3402.58170189861,0,0,0,5342
11,5,570,1,0,0,0,0,1,120.0,11.0,0.0,1,22.0,2015.0,2,2015,1,16,3,1,0,5342.0,4732.0,6379.0,3348.867967935832,0,0,0,6589
11,6,629,1,0,0,1,0,1,120.0,11.0,0.0,1,22.0,2015.0,2,2015,1,17,3,1,2,6589.0,6339.0,6398.857142857143,3349.0033556553026,1,0,0,6478
11,7,0,0,0,0,0,0,1,120.0,11.0,0.0,1,22.0,2015.0,2,2015,1,18,3,1,3,6478.0,0.0,6398.857142857143,3349.0033556553026,1,0,0,0
11,1,1040,1,1,0,0,0,1,120.0,11.0,0.0,1,22.0,2015.0,2,2015,1,19,4,1,1,0.0,11098.0,6586.0,3675.995058030773,0,0,0,12408
11,2,902,1,0,0,0,0,1,120.0,11.0,0.0,1,22.0,2015.0,2,2015,1,20,4,1,5,12408.0,7729.0,6913.714285714285,3890.852122362817,0,0,0,10023
11,3,681,1,0,0,0,0,1,120.0,11.0,0.0,1,22.0,2015.0,2,2015,1,21,4,1,6,10023.0,7556.0,6955.428571428572,3900.439285394354,0,0,0,7848
11,4,847,1,0,0,0,0,1,120.0,11.0,0.0,1,22.0,2015.0,2,2015,1,22,4,1,4,7848.0,5342.0,6915.571428571428,3921.0452202247834,0,0,0,5063
11,5,984,1,0,0,0,0,1,120.0,11.0,0.0,1,22.0,2015.0,2,2015,1,23,4,1,0,5063.0,6589.0,7540.428571428572,4198.997454041574,0,0,0,10963
11,6,1050,1,0,0,0,0,1,120.0,11.0,0.0,1,22.0,2015.0,2,2015,1,24,4,1,2,10963.0,6478.0,7796.571428571428,4178.021735109527,1,0,0,8271
11,7,0,0,0,0,0,0,1,120.0,11.0,0.0,1,22.0,2015.0,2,2015,1,25,4,1,3,8271.0,0.0,7796.571428571428,4178.021735109527,1,0,0,0
11,1,1168,1,0,0,0,0,1,120.0,11.0,0.0,1,22.0,2015.0,2,2015,1,26,5,1,1,0.0,12408.0,7515.428571428572,3870.9246465215024,0,0,0,10440
11,2,712,1,1,0,0,0,1,120.0,11.0,0.0,1,22.0,2015.0,2,2015,1,27,5,1,5,10440.0,10023.0,7385.857142857143,3787.2756007703583,0,0,0,9116
11,3,591,1,0,0,0,0,1,120.0,11.0,0.0,1,22.0,2015.0,2,2015,1,28,5,1,6,9116.0,7848.0,6785.428571428572,4027.3559091602046,0,0,0,3645
11,4,1196,1,1,0,0,0,1,120.0,11.0,0.0,1,22.0,2015.0,2,2015,1,29,5,1,4,3645.0,5063.0,7227.0,3976.156100222089,0,0,0,8154
11,5,1105,1,0,0,0,0,1,120.0,11.0,0.0,1,22.0,2015.0,2,2015,1,30,5,1,0,8154.0,10963.0,7448.857142857143,4253.041751835637,0,0,0,12516
11,6,397,1,0,0,0,0,1,120.0,11.0,0.0,1,22.0,2015.0,2,2015,1,31,5,1,2,12516.0,8271.0,6681.285714285715,4554.126433403949,1,0,1,2898
11,7,0,0,0,0,0,0,1,120.0,11.0,0.0,1,22.0,2015.0,2,2015,2,1,5,1,3,2898.0,0.0,6681.285714285715,4554.126433403949,1,1,0,0
11,1,423,1,0,0,0,0,1,120.0,11.0,0.0,1,22.0,2015.0,2,2015,2,2,6,1,1,0.0,10440.0,5688.0,4351.429228809005,0,0,0,3487
11,2,953,1,0,0,1,0,1,120.0,11.0,0.0,1,22.0,2015.0,2,2015,2,3,6,1,5,3487.0,9116.0,5970.0,4663.392363219434,0,0,0,11090
11,3,378,1,0,0,0,0,1,120.0,11.0,0.0,1,22.0,2015.0,2,2015,2,4,6,1,6,11090.0,3645.0,6068.0,4613.329202791985,0,0,0,4331
11,4,841,1,0,0,0,0,1,120.0,11.0,0.0,1,22.0,2015.0,2,2015,2,5,6,1,4,4331.0,8154.0,6328.857142857143,4798.834248320851,0,0,0,9980
11,5,1187,1,1,0,0,0,1,120.0,11.0,0.0,1,22.0,2015.0,2,2015,2,6,6,1,0,9980.0,12516.0,6159.714285714285,4559.299972374623,0,0,0,11332
11,6,897,1,0,0,0,0,1,120.0,11.0,0.0,1,22.0,2015.0,2,2015,2,7,6,1,2,11332.0,2898.0,7119.714285714285,4464.546588187342,1,0,0,9618
11,7,0,0,0,0,1,0,1,120.0,11.0,0.0,1,22.0,2015.0,2,2015,2,8,6,1,3,9618.0,0.0,7119.714285714285,4464.546588187342,1,0,0,0
11,1,660,1,0,0,0,0,1,120.0,11.0,0.0,1,22.0,2015.0,2,2015,2,9,7,1,1,0.0,3487.0,7407.285714285715,4251.294654348866,0,0,0,5500
11,2,422,1,0,0,0,0,1,120.0,11.0,0.0,1,22.0,2015.0,2,2015,2,10,7,1,5,5500.0,11090.0,6376.857142857143,4080.6267667508887,0,0,0,3877
11,3,806,1,0,0,0,0,1,120.0,11.0,0.0,1,22.0,2015.0,2,2015,2,11,7,1,6,3877.0,4331.0,6546.0,4005.539705624366,0,0,0,5515
11,4,1165,1,1,0,0,0,1,120.0,11.0,0.0,1,22.0,2015.0,2,2015,2,12,7,1,4,5515.0,9980.0,6585.142857142857,4045.826509238519,0,0,0,10254
11,5,444,1,1,0,0,0,1,120.0,11.0,0.0,1,22.0,2015.0,2,2015,2,13,7,1,0,10254.0,11332.0,5700.285714285715,3471.1438419386436,0,0,0,5138
11,6,1055,1,0,0,0,0,1,120.0,11.0,0.0,1,22.0,2015.0,2,2015,2,14,7,1,2,5138.0,9618.0,5701.0,3472.0847723905968,1,0,0,9623
11,7,0,0,0,0,0,0,1,120.0,11.0,0.0,1,22.0,2015.0,2,2015,2,15,7,1,3,9623.0,0.0,5701.0,3472.0847723905968,1,0,0,0
11,1,793,1,0,0,0,0,1,120.0,11.0,0.0,1,22.0,2015.0,2,2015,2,16,8,1,1,0.0,5500.0,5598.0,3489.6909127695913,0,0,0,4779
11,2,539,1,1,0,0,0,1,120.0,11.0,0.0,1,22.0,2015.0,2,2015,2,17,8,1,5,4779.0,3877.0,5793.285714285715,3414.7761134167936,0,0,0,5244
11,3,1017,1,1,0,0,0,1,120.0,11.0,0.0,1,22.0,2015.0,2,2015,2,18,8,1,6,5244.0,5515.0,6712.571428571428,4120.6039143610515,0,0,0,11950
11,4,886,1,0,0,0,0,1,120.0,11.0,0.0,1,22.0,2015.0,2,2015,2,19,8,1,4,11950.0,10254.0,6365.714285714285,3867.214704594066,0,0,0,7826
11,5,1055,1,0,0,0,0,1,120.0,11.0,0.0,1,22.0,2015.0,2,2015,2,20,8,1,0,7826.0,5138.0,7189.142857142857,4164.461967192218,0,0,0,10902
11,6,962,1,0,0,0,0,1,120.0,11.0,0.0,1,22.0,2015.0,2,2015,2,21,8,1,2,10902.0,9623.0,6738.0,4025.5946558655573,1,0,0,6465
11,7,0,0,0,0,0,0,1,120.0,11.0,0.0,1,22.0,2015.0,2,2015,2,22,8,1,3,6465.0,0.0,6738.0,4025.5946558655573,1,0,0,0
11,1,848,1,1,0,0,0,1,120.0,11.0,0.0,1,22.0,2015.0,2,2015,2,23,9,1,1,0.0,4779.0,7065.285714285715,3931.8190325550217,0,0,0,7070
11,2,986,1,1,0,0,0,1,120.0,11.0,0.0,1,22.0,2015.0,2,2015,2,24,9,1,5,7070.0,5244.0,7959.714285714285,4154.298364918186,0,0,0,11505
11,3,535,1,0,0,1,0,1,120.0,11.0,0.0,1,22.0,2015.0,2,2015,2,25,9,1,6,11505.0,11950.0,6790.428571428572,3992.739529744077,0,0,0,3765
11,4,1180,1,0,0,0,0,1,120.0,11.0,0.0,1,22.0,2015.0,2,2015,2,26,9,1,4,3765.0,7826.0,7151.428571428572,4210.28648499295,0,0,0,10353
11,5,1070,1,1,0,0,0,1,120.0,11.0,0.0,1,22.0,2015.0,2,2015,2,27,9,1,0,10353.0,10902.0,7212.285714285715,4276.098522184513,0,0,0,11328
11,6,1013,1,0,0,0,0,1,120.0,11.0,0.0,1,22.0,2015.0,2,2015,2,28,9,1,2,11328.0,6465.0,7798.142857142857,4434.64532323129,1,0,1,10566
11,7,0,0,0,0,0,0,1,120.0,11.0,0.0,1,22.0,2015.0,2,2015,3,1,9,1,3,10566.0,0.0,7798.142857142857,4434.64532323129,1,1,0,0
11,1,512,1,0,0,0,0,1,120.0,11.0,0.0,1,22.0,2015.0,2,2015,3,2,10,1,1,0.0,7070.0,7622.0,4492.497078463158,0,0,0,5837
11,2,941,1,0,0,0,0,1,120.0,11.0,0.0,1,22.0,2015.0,2,2015,3,3,10,1,5,5837.0,11505.0,7298.714285714285,4240.878356908536,0,0,0,9242
11,3,1100,1,0,0,0,0,1,120.0,11.0,0.0,1,22.0,2015.0,2,2015,3,4,10,1,6,9242.0,3765.0,8262.57142857143,4067.046834298932,0,0,0,10512
11,4,379,1,1,0,1,0,1,120.0,11.0,0.0,1,22.0,2015.0,2,2015,3,5,10,1,4,10512.0,10353.0,7431.285714285715,4162.137300085367,0,0,0,4534
11,5,1085,1,1,0,0,0,1,120.0,11.0,0.0,1,22.0,2015.0,2,2015,3,6,10,1,0,4534.0,11328.0,6941.428571428572,3814.3364585531285,0,0,0,7899
11,6,1190,1,0,0,0,0,1,120.0,11.0,0.0,1,22.0,2015.0,2,2015,3,7,10,1,2,7899.0,10566.0,6837.857142857143,3707.8718706993923,1,0,0,9841
11,7,0,0,0,0,0,0,1,120.0,11.0,0.0,1,22.0,2015.0,2,2015,3,8,10,1,3,9841.0,0.0,6837.857142857143,3707.8718706993923,1,0,0,0
11,1,483,1,1,0,1,0,1,120.0,11.0,0.0,1,22.0,2015.0,2,2015,3,9,11,1,1,0.0,5837.0,6920.0,3688.321433931701,0,0,0,6412
11,2,1093,1,1,0,0,0,1,120.0,11.0,0.0,1,22.0,2015.0,2,2015,3,10,11,1,5,6412.0,9242.0,6771.714285714285,3599.1976288373735,0,0,0,8204
11,3,969,1,1,0,0,0,1,120.0,11.0,0.0,1,22.0,2015.0,2,2015,3,11,11,1,6,8204.0,10512.0,6643.285714285715,3456.709693445763,0,0,0,9613
11,4,724,1,0,0,1,0,1,120.0,11.0,0.0,1,22.0,2015.0,2,2015,3,12,11,1,4,9613.0,4534.0,6923.857142857143,3334.5172278543027,0,0,0,6498
11,5,1113,1,0,0,1,0,1,120.0,11.0,0.0,1,22.0,2015.0,2,2015,3,13,11,1,0,6498.0,7899.0,6682.285714285715,3313.283402421517,0,0,0,6208
11,6,857,1,0,0,0,0,1,120.0,11.0,0.0,1,22.0,2015.0,2,2015,3,14,11,1,2,6208.0,9841.0,6528.0,3163.4377397592843,1,0,0,8761
11,7,0,0,0,0,0,0,1,120.0,11.0,0.0,1,22.0,2015.0,2,2015,3,15,11,1,3,8761.0,0.0,6528.0,3163.4377397592843,1,0,0,0
11,1,688,1,1,0,1,0,1,120.0,11.0,0.0,1,22.0,2015.0,2,2015,3,16,12,1,1,0.0,6412.0,6852.285714285715,3264.3059861827555,0,0,0,8682
11,2,598,1,0,0,0,0,1,120.0,11.0,0.0,1,22.0,2015.0,2,2015,3,17,12,1,5,8682.0,8204.0,6447.0,3244.5674596161502,0,0,0,5367
11,3,785,1,0,0,0,0,1,120.0,11.0,0.0,1,22.0,2015.0,2,2015,3,18,12,1,6,5367.0,9613.0,5822.142857142857,2940.1216204193215,0,0,0,5239
11,4,812,1,0,0,0,0,1,120.0,11.0,0.0,1,22.0,2015.0,2,2015,3,19,12,1,4,5239.0,6498.0,6025.857142857143,3042.3788624786916,0,0,0,7924
11,5,383,1,1,0,0,0,1,120.0,11.0,0.0,1,22.0,2015.0,2,2015,3,20,12,1,0,7924.0,6208.0,5992.285714285715,3041.330394979895,0,0,0,5973
11,6,1196,1,0,0,0,0,1,120.0,11.0,0.0,1,22.0,2015.0,2,2015,3,21,12,1,2,5973.0,8761.0,6438.142857142857,3677.1723479040893,1,0,0,11882
11,7,0,0,0,0,0,0,1,120.0,11.0,0.0,1,22.0,2015.0,2,2015,3,22,12,1,3,11882.0,0.0,6438.142857142857,3677.1723479040893,1,0,0,0
11,1,1129,1,1,0,0,0,1,120.0,11.0,0.0,1,22.0,2015.0,2,2015,3,23,13,1,1,0.0,8682.0,7063.857142857143,4420.210003629972,0,0,0,13062
11,2,1198,1,1,0,0,0,1,120.0,11.0,0.0,1,22.0,2015.0,2,2015,3,24,13,1,5,13062.0,5367.0,7804.285714285715,4521.536712014538,0,0,0,10550
11,3,382,1,1,0,1,0,1,120.0,11.0,0.0,1,22.0,2015.0,2,2015,3,25,13,1,6,10550.0,5239.0,7636.714285714285,4652.298597262996,0,0,0,4066
11,4,684,1,0,0,0,0,1,120.0,11.0,0.0,1,22.0,2015.0,2,2015,3,26,13,1,4,4066.0,7924.0,7676.0,4656.288257113529,0,0,0,8199
11,5,680,1,1,0,0,0,1,120.0,11.0,0.0,1,22.0,2015.0,2,2015,3,27,13,1,0,8199.0,5973.0,7775.428571428572,4621.160743692825,0,0,0,6669
11,6,344,1,0,0,0,0,1,120.0,11.0,0.0,1,22.0,2015.0,2,2015,3,28,13,1,2,6669.0,11882.0,6419.285714285715,4608.083105236048,1,0,0,2389
11,7,0,0,0,0,1,0,1,120.0,11.0,0.0,1,22.0,2015.0,2,2015,3,29,13,1,3,2389.0,0.0,6419.285714285715,4608.083105236048,1,0,0,0
11,1,1175,1,0,0,0,0,1,120.0,11.0,0.0,1,22.0,2015.0,2,2015,3,30,14,1,1,0.0,13062.0,6190.857142857143,4249.602390364359,0,0,0,11463
11,2,986,1,1,0,0,0,1,120.0,11.0,0.0,1,22.0,2015.0,2,2015,3,31,14,1,5,11463.0,10550.0,5707.714285714285,3844.3338267414506,0,0,1,7168
11,3,694,1,0,0,0,0,1,120.0,11.0,0.0,1,22.0,2015.0,2,2015,4,1,14,2,6,7168.0,4066.0,5928.142857142857,3778.178857093781,0,1,0,5609
11,4,1086,1,0,0,0,0,1,120.0,11.0,0.0,1,22.0,2015.0,2,2015,4,2,14,2,4,5609.0,8199.0,6489.142857142857,4410.241997463459,0,0,0,12126
11,5,347,1,1,0,1,0,1,120.0,11.0,0.0,1,22.0,2015.0,2,2015,4,3,14,2,0,12126.0,6669.0,6046.857142857143,4542.45951838764,0,0,0,3573
11,6,760,1,0,0,0,0,1,120.0,11.0,0.0,1,22.0,2015.0,2,2015,4,4,14,2,2,3573.0,2389.0,6681.428571428572,4246.956277035074,1,0,0,6831
11,7,0,0,0,0,0,0,1,120.0,11.0,0.0,1,22.0,2015.0,2,2015,4,5,14,2,3,6831.0,0.0,6681.428571428572,4246.956277035074,1,0,0,0
11,1,588,1,1,0,0,0,1,120.0,11.0,0.0,1,22.0,2015.0,2,2015,4,6,15,2,1,0.0,11463.0,5910.714285714285,3687.2458427343704,0,0,0,6068
11,2,668,1,1,0,0,0,1,120.0,11.0,0.0,1,22.0,2015.0,2,2015,4,7,15,2,5,6068.0,7168.0,5809.142857142857,3656.5041332111837,0,0,0,6457
11,3,766,1,0,0,0,0,1,120.0,11.0,0.0,1,22.0,2015.0,2,2015,4,8,15,2,6,6457.0,5609.0,6289.285714285715,3841.816745338317,0,0,0,8970
11,4,685,1,0,0,0,0,1,120.0,11.0,0.0,1,22.0,2015.0,2,2015,4,9,15,2,4,8970.0,12126.0,5165.285714285715,2880.1791445606113,0,0,0,4258
11,5,914,1,0,0,0,0,1,120.0,11.0,0.0,1,22.0,2015.0,2,2015,4,10,15,2,0,4258.0,3573.0,6011.428571428572,3188.014003374872,0,0,0,9496
14,4,849,1,0,0,0,0,1,1500.0,5.0,2014.0,1,1.0,2013.0,1,2015,1,8,2,1,4,2774.0,6314.0,6925.714285714285,4662.443590875415,0,0,0,9896
14,5,325,1,1,0,0,0,1,1500.0,5.0,2014.0,1,1.0,2013.0,1,2015,1,9,2,1,0,9896.0,12223.0,5607.142857142857,4196.523816548304,0,0,0,2993
14,6,776,1,0,0,0,0,1,1500.0,5.0,2014.0,1,1.0,2013.0,1,2015,1,10,2,1,2,2993.0,5667.0,5431.142857142857,4219.367584072737,1,0,0,4435
14,7,0,0,0,0,1,0,1,1500.0,5.0,2014.0,1,1.0,2013.0,1,2015,1,11,2,1,3,4435.0,0.0,5431.142857142857,4219.367584072737,1,0,0,0
14,1,362,1,0,0,1,0,1,1500.0,5.0,2014.0,1,1.0,2013.0,1,2015,1,12,3,1,1,0.0,5920.0,5089.428571428572,4269.737847422753,0,0,0,3528
14,2,754,1,1,0,1,0,1,1500.0,5.0,2014.0,1,1.0,2013.0,1,2015,1,13,3,1,5,3528.0,12000.0,4234.428571428572,3092.12649898323,0,0,0,6015
14,3,917,1,0,0,0,0,1,1500.0,5.0,2014.0,1,1.0,2013.0,1,2015,1,14,3,1,6,6015.0,2774.0,5315.285714285715,3749.107970094829,0,0,0,10340
14,4,449,1,0,0,0,0,1,1500.0,5.0,2014.0,1,1.0,2013.0,1,2015,1,15,3,1,4,10340.0,9896.0,4345.285714285715,3205.3747422251954,0,0,0,3106
14,5,408,1,1,0,1,0,1,1500.0,5.0,2014.0,1,1.0,2013.0,1,2015,1,16,3,1,0,3106.0,2993.0,4581.0,3149.5394372299365,0,0,0,4643
14,6,0,0,0,0,0,0,1,1500.0,5.0,2014.0,1,1.0,2013.0,1,2015,1,17,3,1,2,4643.0,4435.0,3947.4285714285716,3597.9611753113204,1,0,0,0
14,7,0,0,0,0,0,0,1,1500.0,5.0,2014.0,1,1.0,2013.0,1,2015,1,18,3,1,3,0.0,0.0,3947.4285714285716,3597.9611753113204,1,0,0,0
14,1,597,1,0,0,0,0,1,1500.0,5.0,2014.0,1,1.0,2013.0,1,2015,1,19,4,1,1,0.0,3528.0,4427.285714285715,3753.337790744202,0,0,0,6887
14,2,1197,1,0,0,0,0,1,1500.0,5.0,2014.0,1,1.0,2013.0,1,2015,1,20,4,1,5,6887.0,6015.0,4753.0,4004.6018528687714,0,0,0,8295
14,3,844,1,0,0,0,0,1,1500.0,5.0,2014.0,1,1.0,2013.0,1,2015,1,21,4,1,6,8295.0,10340.0,4167.285714285715,3286.745792537339,0,0,0,6240
14,4,1047,1,0,0,0,0,1,1500.0,5.0,2014.0,1,1.0,2013.0,1,2015,1,22,4,1,4,6240.0,3106.0,4851.0,3518.7853017767366,0,0,0,7892
14,5,580,1,0,0,0,0,1,1500.0,5.0,2014.0,1,1.0,2013.0,1,2015,1,23,4,1,0,7892.0,4643.0,4791.285714285715,3526.4418192793005,0,0,0,4225
14,6,688,1,0,0,0,0,1,1500.0,5.0,2014.0,1,1.0,2013.0,1,2015,1,24,4,1,2,4225.0,0.0,5717.571428571428,2843.635516795524,1,0,0,6484
14,7,0,0,0,0,1,0,1,1500.0,5.0,2014.0,1,1.0,2013.0,1,2015,1,25,4,1,3,6484.0,0.0,5717.571428571428,2843.635516795524,1,0,0,0
14,1,1014,1,0,0,0,0,1,1500.0,5.0,2014.0,1,1.0,2013.0,1,2015,1,26,5,1,1,0.0,6887.0,6206.285714285715,3330.419328667472,0,0,0,10308
14,2,687,1,0,0,1,0,1,1500.0,5.0,2014.0,1,1.0,2013.0,1,2015,1,27,5,1,5,10308.0,8295.0,6042.285714285715,3237.3883874859016,0,0,0,7147
14,3,577,1,0,0,0,0,1,1500.0,5.0,2014.0,1,1.0,2013.0,1,2015,1,28,5,1,6,7147.0,6240.0,5772.714285714285,3296.2103348282503,0,0,0,4353
14,4,643,1,0,0,0,0,1,1500.0,5.0,2014.0,1,1.0,2013.0,1,2015,1,29,5,1,4,4353.0,7892.0,5732.428571428572,3267.5908993805024,0,0,0,7610
14,5,1097,1,1,0,1,0,1,1500.0,5.0,2014.0,1,1.0,2013.0,1,2015,1,30,5,1,0,7610.0,4225.0,6642.142857142857,3642.8618524712774,0,0,0,10593
14,6,525,1,0,0,1,0,1,1500.0,5.0,2014.0,1,1.0,2013.0,1,2015,1,31,5,1,2,10593.0,6484.0,6604.857142857143,3646.0845404612423,1,0,1,6223
14,7,0,0,0,0,0,0,1,1500.0,5.0,2014.0,1,1.0,2013.0,1,2015,2,1,5,1,3,6223.0,0.0,6604.857142857143,3646.0845404612423,1,1,0,0
14,1,1062,1,0,0,0,0,1,1500.0,5.0,2014.0,1,1.0,2013.0,1,2015,2,2,6,1,1,0.0,10308.0,6035.428571428572,3262.4273609866445,0,0,0,6322
14,2,1153,1,0,0,0,0,1,1500.0,5.0,2014.0,1,1.0,2013.0,1,2015,2,3,6,1,5,6322.0,7147.0,6873.0,4210.284392611343,0,0,0,13010
14,3,1129,1,1,0,0,0,1,1500.0,5.0,2014.0,1,1.0,2013.0,1,2015,2,4,6,1,6,13010.0,4353.0,7748.571428571428,4236.096310564828,0,0,0,10482
14,4,380,1,1,0,0,0,1,1500.0,5.0,2014.0,1,1.0,2013.0,1,2015,2,5,6,1,4,10482.0,7610.0,7378.285714285715,4361.653154263327,0,0,0,5018
14,5,410,1,0,0,1,0,1,1500.0,5.0,2014.0,1,1.0,2013.0,1,2015,2,6,6,1,0,5018.0,10593.0,6496.571428571428,4225.188747545008,0,0,0,4421
14,6,550,1,0,0,1,0,1,1500.0,5.0,2014.0,1,1.0,2013.0,1,2015,2,7,6,1,2,4421.0,6223.0,6370.714285714285,4247.756926280257,1,0,0,5342
14,7,0,0,0,0,1,0,1,1500.0,5.0,2014.0,1,1.0,2013.0,1,2015,2,8,6,1,3,5342.0,0.0,6370.714285714285,4247.756926280257,1,0,0,0
14,1,970,1,1,0,0,0,1,1500.0,5.0,2014.0,1,1.0,2013.0,1,2015,2,9,7,1,1,0.0,6322.0,6670.857142857143,4317.397689525927,0,0,0,8423
14,2,1121,1,0,0,0,0,1,1500.0,5.0,2014.0,1,1.0,2013.0,1,2015,2,10,7,1,5,8423.0,13010.0,5875.285714285715,3361.978272499973,0,0,0,7441
14,3,958,1,1,0,0,0,1,1500.0,5.0,2014.0,1,1.0,2013.0,1,2015,2,11,7,1,6,7441.0,10482.0,5752.142857142857,3175.7494353601755,0,0,0,9620
14,4,329,1,0,0,0,0,1,1500.0,5.0,2014.0,1,1.0,2013.0,1,2015,2,12,7,1,4,9620.0,5018.0,5371.142857142857,3428.434697670422,0,0,0,2351
14,5,1180,1,0,0,0,0,1,1500.0,5.0,2014.0,1,1.0,2013.0,1,2015,2,13,7,1,0,2351.0,4421.0,5907.714285714285,3546.8222262698623,0,0,0,8177
14,6,718,1,0,0,0,0,1,1500.0,5.0,2014.0,1,1.0,2013.0,1,2015,2,14,7,1,2,8177.0,5342.0,6123.714285714285,3552.663775923905,1,0,0,6854
14,7,0,0,0,0,0,0,1,1500.0,5.0,2014.0,1,1.0,2013.0,1,2015,2,15,7,1,3,6854.0,0.0,6123.714285714285,3552.663775923905,1,0,0,0
14,1,926,1,0,0,1,0,1,1500.0,5.0,2014.0,1,1.0,2013.0,1,2015,2,16,8,1,1,0.0,8423.0,5954.714285714285,3451.7621448706313,0,0,0,7240
14,2,954,1,0,0,1,0,1,1500.0,5.0,2014.0,1,1.0,2013.0,1,2015,2,17,8,1,5,7240.0,7441.0,5743.285714285715,3390.3306482940425,0,0,0,5961
14,3,803,1,0,0,0,0,1,1500.0,5.0,2014.0,1,1.0,2013.0,1,2015,2,18,8,1,6,5961.0,9620.0,5722.285714285715,3362.6581605571955,0,0,0,9473
14,4,721,1,0,0,0,0,1,1500.0,5.0,2014.0,1,1.0,2013.0,1,2015,2,19,8,1,4,9473.0,2351.0,6159.285714285715,3034.248710652315,0,0,0,5410
14,5,843,1,1,0,1,0,1,1500.0,5.0,2014.0,1,1.0,2013.0,1,2015,2,20,8,1,0,5410.0,8177.0,6364.142857142857,3234.9494292065533,0,0,0,9611
14,6,426,1,0,0,0,0,1,1500.0,5.0,2014.0,1,1.0,2013.0,1,2015,2,21,8,1,2,9611.0,6854.0,5898.571428571428,3383.791800980218,1,0,0,3595
14,7,0,0,0,0,0,0,1,1500.0,5.0,2014.0,1,1.0,2013.0,1,2015,2,22,8,1,3,3595.0,0.0,5898.571428571428,3383.791800980218,1,0,0,0
14,1,517,1,1,0,0,0,1,1500.0,5.0,2014.0,1,1.0,2013.0,1,2015,2,23,9,1,1,0.0,7240.0,5684.571428571428,3331.7861504575812,0,0,0,5742
14,2,398,1,0,0,0,0,1,1500.0,5.0,2014.0,1,1.0,2013.0,1,2015,2,24,9,1,5,5742.0,5961.0,5217.571428571428,3510.8698284586044,0,0,0,2692
14,3,943,1,0,0,0,0,1,1500.0,5.0,2014.0,1,1.0,2013.0,1,2015,2,25,9,1,6,2692.0,9473.0,4978.428571428572,3217.452867157645,0,0,0,7799
14,4,323,1,0,0,0,0,1,1500.0,5.0,2014.0,1,1.0,2013.0,1,2015,2,26,9,1,4,7799.0,5410.0,4605.428571428572,3309.122988403567,0,0,0,2799
14,5,756,1,0,0,0,0,1,1500.0,5.0,2014.0,1,1.0,2013.0,1,2015,2,27,9,1,0,2799.0,9611.0,4294.285714285715,2827.351983410492,0,0,0,7433
14,6,824,1,0,0,1,0,1,1500.0,5.0,2014.0,1,1.0,2013.0,1,2015,2,28,9,1,2,7433.0,3595.0,5172.0,3457.522041385516,1,0,1,9739
14,7,0,0,0,0,0,0,1,1500.0,5.0,2014.0,1,1.0,2013.0,1,2015,3,1,9,1,3,9739.0,0.0,5172.0,3457.522041385516,1,1,0,0
14,1,646,1,0,0,0,0,1,1500.0,5.0,2014.0,1,1.0,2013.0,1,2015,3,2,10,1,1,0.0,5742.0,5313.857142857143,3504.8527514752755,0,0,0,6735
14,2,477,1,1,0,0,0,1,1500.0,5.0,2014.0,1,1.0,2013.0,1,2015,3,3,10,1,5,6735.0,2692.0,5823.285714285715,3314.227044841965,0,0,0,6258
14,3,354,1,0,0,0,0,1,1500.0,5.0,2014.0,1,1.0,2013.0,1,2015,3,4,10,1,6,6258.0,7799.0,5229.285714285715,3273.4710789560836,0,0,0,3641
14,4,471,1,1,0,1,0,1,1500.0,5.0,2014.0,1,1.0,2013.0,1,2015,3,5,10,1,4,3641.0,2799.0,5441.142857142857,3135.032026873698,0,0,0,4282
14,5,686,1,1,0,0,0,1,1500.0,5.0,2014.0,1,1.0,2013.0,1,2015,3,6,10,1,0,4282.0,7433.0,5644.428571428572,3326.034518619375,0,0,0,8856
14,6,771,1,0,0,0,0,1,1500.0,5.0,2014.0,1,1.0,2013.0,1,2015,3,7,10,1,2,8856.0,9739.0,5376.0,3000.386030718936,1,0,0,7860
14,7,0,0,0,0,0,0,1,1500.0,5.0,2014.0,1,1.0,2013.0,1,2015,3,8,10,1,3,7860.0,0.0,5376.0,3000.386030718936,1,0,0,0
14,1,932,1,1,0,0,0,1,1500.0,5.0,2014.0,1,1.0,2013.0,1,2015,3,9,11,1,1,0.0,6735.0,5385.142857142857,3005.3108784600768,0,0,0,6799
14,2,863,1,0,0,0,0,1,1500.0,5.0,2014.0,1,1.0,2013.0,1,2015,3,10,11,1,5,6799.0,6258.0,5689.142857142857,3209.042246972941,0,0,0,8386
14,3,637,1,0,0,0,0,1,1500.0,5.0,2014.0,1,1.0,2013.0,1,2015,3,11,11,1,6,8386.0,3641.0,5805.857142857143,3136.1648781365343,0,0,0,4458
14,4,650,1,1,0,0,0,1,1500.0,5.0,2014.0,1,1.0,2013.0,1,2015,3,12,11,1,4,4458.0,4282.0,6078.571428571428,3063.7331181171144,0,0,0,6191
14,5,852,1,1,0,0,0,1,1500.0,5.0,2014.0,1,1.0,2013.0,1,2015,3,13,11,1,0,6191.0,8856.0,5964.571428571428,2956.1185055825513,0,0,0,8058
14,6,906,1,0,0,0,0,1,1500.0,5.0,2014.0,1,1.0,2013.0,1,2015,3,14,11,1,2,8058.0,7860.0,6264.857142857143,3270.7645603931514,1,0,0,9962
14,7,0,0,0,0,0,0,1,1500.0,5.0,2014.0,1,1.0,2013.0,1,2015,3,15,11,1,3,9962.0,0.0,6264.857142857143,3270.7645603931514,1,0,0,0
14,1,0,0,1,0,1,0,1,1500.0,5.0,2014.0,1,1.0,2013.0,1,2015,3,16,12,1,1,0.0,6799.0,5293.571428571428,4011.374654535228,0,0,0,0
14,2,765,1,0,0,0,0,1,1500.0,5.0,2014.0,1,1.0,2013.0,1,2015,3,17,12,1,5,0.0,8386.0,5300.142857142857,4017.3182775151313,0,0,0,8432
14,3,1188,1,0,0,1,0,1,1500.0,5.0,2014.0,1,1.0,2013.0,1,2015,3,18,12,1,6,8432.0,4458.0,6010.142857142857,4274.622339208125,0,0,0,9428
14,4,672,1,1,0,0,0,1,1500.0,5.0,2014.0,1,1.0,2013.0,1,2015,3,19,12,1,4,9428.0,6191.0,6406.142857142857,4420.092775367632,0,0,0,8963
14,5,549,1,0,0,0,0,1,1500.0,5.0,2014.0,1,1.0,2013.0,1,2015,3,20,12,1,0,8963.0,8058.0,6135.0,4359.6759436147695,0,0,0,6160
14,6,0,0,0,0,1,0,1,1500.0,5.0,2014.0,1,1.0,2013.0,1,2015,3,21,12,1,2,6160.0,9962.0,4711.857142857143,4525.033938309982,1,0,0,0
14,7,0,0,0,0,0,0,1,1500.0,5.0,2014.0,1,1.0,2013.0,1,2015,3,22,12,1,3,0.0,0.0,4711.857142857143,4525.033938309982,1,0,0,0
14,1,1040,1,0,0,0,0,1,1500.0,5.0,2014.0,1,1.0,2013.0,1,2015,3,23,13,1,1,0.0,0.0,5730.0,4066.7473899092047,0,0,0,7127
14,2,661,1,0,0,0,0,1,1500.0,5.0,2014.0,1,1.0,2013.0,1,2015,3,24,13,1,5,7127.0,8432.0,5640.142857142857,4003.5528150452997,0,0,0,7803
14,3,414,1,1,0,0,0,1,1500.0,5.0,2014.0,1,1.0,2013.0,1,2015,3,25,13,1,6,7803.0,9428.0,5004.571428571428,3638.502478453778,0,0,0,4979
14,4,620,1,0,0,0,0,1,1500.0,5.0,2014.0,1,1.0,2013.0,1,2015,3,26,13,1,4,4979.0,8963.0,4658.857142857143,3298.817436020138,0,0,0,6543
14,5,666,1,1,0,0,0,1,1500.0,5.0,2014.0,1,1.0,2013.0,1,2015,3,27,13,1,0,6543.0,6160.0,5025.714285714285,3620.6717477233287,0,0,0,8728
14,6,1086,1,0,0,0,0,1,1500.0,5.0,2014.0,1,1.0,2013.0,1,2015,3,28,13,1,2,8728.0,0.0,5927.142857142857,2868.19208030491,1,0,0,6310
14,7,0,0,0,0,1,0,1,1500.0,5.0,2014.0,1,1.0,2013.0,1,2015,3,29,13,1,3,6310.0,0.0,5927.142857142857,2868.19208030491,1,0,0,0
14,1,455,1,0,0,0,0,1,1500.0,5.0,2014.0,1,1.0,2013.0,1,2015,3,30,14,1,1,0.0,7127.0,5656.428571428572,2825.176033284938,0,0,0,5232
14,2,858,1,1,0,0,0,1,1500.0,5.0,2014.0,1,1.0,2013.0,1,2015,3,31,14,1,5,5232.0,7803.0,5578.428571428572,2762.8846554005145,0,0,1,7257
14,3,1198,1,0,0,0,0,1,1500.0,5.0,2014.0,1,1.0,2013.0,1,2015,4,1,14,2,6,7257.0,4979.0,6694.428571428572,3845.8824239760133,0,1,0,12791
14,4,516,1,0,0,0,0,1,1500.0,5.0,2014.0,1,1.0,2013.0,1,2015,4,2,14,2,4,12791.0,6543.0,6537.285714285715,3875.460304457855,0,0,0,5443
14,5,401,1,1,0,0,0,1,1500.0,5.0,2014.0,1,1.0,2013.0,1,2015,4,3,14,2,0,5443.0,8728.0,5806.571428571428,3875.7745401034726,0,0,0,3613
14,6,962,1,0,0,0,0,1,1500.0,5.0,2014.0,1,1.0,2013.0,1,2015,4,4,14,2,2,3613.0,6310.0,5729.857142857143,3869.458636922889,1,0,0,5773
14,7,0,0,0,0,0,0,1,1500.0,5.0,2014.0,1,1.0,2013.0,1,2015,4,5,14,2,3,5773.0,0.0,5729.857142857143,3869.458636922889,1,0,0,0
14,1,472,1,0,0,0,0,1,1500.0,5.0,2014.0,1,1.0,2013.0,1,2015,4,6,15,2,1,0.0,5232.0,5615.428571428572,3898.3708502032346,0,0,0,4431
14,2,430,1,1,0,0,0,1,1500.0,5.0,2014.0,1,1.0,2013.0,1,2015,4,7,15,2,5,4431.0,7257.0,5324.0,3830.866873176358,0,0,0,5217
14,3,790,1,0,0,0,0,1,1500.0,5.0,2014.0,1,1.0,2013.0,1,2015,4,8,15,2,6,5217.0,12791.0,4364.571428571428,2098.3182041135447,0,0,0,6075
14,4,411,1,0,0,0,0,1,1500.0,5.0,2014.0,1,1.0,2013.0,1,2015,4,9,15,2,4,6075.0,5443.0,4281.714285714285,2059.7330502021964,0,0,0,4863
14,5,1061,1,0,0,0,0,1,1500.0,5.0,2014.0,1,1.0,2013.0,1,2015,4,10,15,2,0,4863.0,3613.0,4972.857142857143,2551.046087952381,0,0,0,8451
15,4,975,1,0,0,1,2,1,3000.0,11.0,2014.0,1,1.0,2013.0,2,2015,1,8,2,1,4,4225.0,9262.0,7603.714285714285,4356.740743349541,0,0,0,11467
15,5,850,1,0,0,0,2,1,3000.0,11.0,2014.0,1,1.0,2013.0,2,2015,1,9,2,1,0,11467.0,10154.0,7590.857142857143,4348.084460563119,0,0,0,10064
15,6,691,1,0,0,0,2,1,3000.0,11.0,2014.0,1,1.0,2013.0,2,2015,1,10,2,1,2,10064.0,5979.0,7534.142857142857,4375.11788140508,1,0,0,5582
15,7,0,0,0,0,0,2,1,3000.0,11.0,2014.0,1,1.0,2013.0,2,2015,1,11,2,1,3,5582.0,0.0,7534.142857142857,4375.11788140508,1,0,0,0
15,1,728,1,0,0,0,2,1,3000.0,11.0,2014.0,1,1.0,2013.0,2,2015,1,12,3,1,1,0.0,9862.0,6861.142857142857,4319.3341859045595,0,0,0,5151
15,2,300,1,1,0,0,2,1,3000.0,11.0,2014.0,1,1.0,2013.0,2,2015,1,13,3,1,5,5151.0,11539.0,5728.428571428572,3908.24294950825,0,0,0,3610
15,3,604,1,0,0,0,2,1,3000.0,11.0,2014.0,1,1.0,2013.0,2,2015,1,14,3,1,6,3610.0,4225.0,5749.571428571428,3899.14387428586,0,0,0,4373
15,4,937,1,0,0,0,2,1,3000.0,11.0,2014.0,1,1.0,2013.0,2,2015,1,15,3,1,4,4373.0,11467.0,5059.571428571428,3054.662494021384,0,0,0,6637
15,5,1084,1,0,0,0,2,1,3000.0,11.0,2014.0,1,1.0,2013.0,2,2015,1,16,3,1,0,6637.0,10064.0,5417.428571428572,3795.5359242643117,0,0,0,12569
15,6,751,1,0,0,0,2,1,3000.0,11.0,2014.0,1,1.0,2013.0,2,2015,1,17,3,1,2,12569.0,5582.0,5765.0,3922.3974386421705,1,0,0,8015
15,7,0,0,0,0,0,2,1,3000.0,11.0,2014.0,1,1.0,2013.0,2,2015,1,18,3,1,3,8015.0,0.0,5765.0,3922.3974386421705,1,0,0,0
15,1,773,1,0,0,1,2,1,3000.0,11.0,2014.0,1,1.0,2013.0,2,2015,1,19,4,1,1,0.0,5151.0,6032.142857142857,3937.2620109483614,0,0,0,7021
15,2,1055,1,1,0,0,2,1,3000.0,11.0,2014.0,1,1.0,2013.0,2,2015,1,20,4,1,5,7021.0,3610.0,6652.857142857143,3832.879528003779,0,0,0,7955
15,3,881,1,1,0,0,2,1,3000.0,11.0,2014.0,1,1.0,2013.0,2,2015,1,21,4,1,6,7955.0,4373.0,7262.857142857143,3748.422175999364,0,0,0,8643
15,4,784,1,1,0,0,2,1,3000.0,11.0,2014.0,1,1.0,2013.0,2,2015,1,22,4,1,4,8643.0,6637.0,7510.0,3757.3015582995195,0,0,0,8367
15,5,958,1,0,0,0,2,1,3000.0,11.0,2014.0,1,1.0,2013.0,2,2015,1,23,4,1,0,8367.0,12569.0,6704.285714285715,3024.9997638724813,0,0,0,6929
15,6,1080,1,0,0,0,2,1,3000.0,11.0,2014.0,1,1.0,2013.0,2,2015,1,24,4,1,2,6929.0,8015.0,7186.142857142857,3499.943924720862,1,0,0,11388
15,7,0,0,0,0,0,2,1,3000.0,11.0,2014.0,1,1.0,2013.0,2,2015,1,25,4,1,3,11388.0,0.0,7186.142857142857,3499.943924720862,1,0,0,0
15,1,704,1,0,0,1,2,1,3000.0,11.0,2014.0,1,1.0,2013.0,2,2015,1,26,5,1,1,0.0,7021.0,6752.428571428572,3705.872180613845,0,0,0,3985
15,2,426,1,0,0,1,2,1,3000.0,11.0,2014.0,1,1.0,2013.0,2,2015,1,27,5,1,5,3985.0,7955.0,5984.142857142857,3963.5236187249434,0,0,0,2577
15,3,508,1,0,0,1,2,1,3000.0,11.0,2014.0,1,1.0,2013.0,2,2015,1,28,5,1,6,2577.0,8643.0,5342.428571428572,3822.421303185667,0,0,0,4151
15,4,370,1,0,0,0,2,1,3000.0,11.0,2014.0,1,1.0,2013.0,2,2015,1,29,5,1,4,4151.0,8367.0,4639.285714285715,3620.6988604543226,0,0,0,3445
15,5,686,1,0,0,0,2,1,3000.0,11.0,2014.0,1,1.0,2013.0,2,2015,1,30,5,1,0,3445.0,6929.0,4390.285714285715,3494.7307819194357,0,0,0,5186
15,6,1043,1,0,0,1,2,1,3000.0,11.0,2014.0,1,1.0,2013.0,2,2015,1,31,5,1,2,5186.0,11388.0,4156.571428571428,2963.0074168622905,1,0,1,9752
15,7,0,0,0,0,0,2,1,3000.0,11.0,2014.0,1,1.0,2013.0,2,2015,2,1,5,1,3,9752.0,0.0,4156.571428571428,2963.0074168622905,1,1,0,0
15,1,962,1,1,0,1,2,1,3000.0,11.0,2014.0,1,1.0,2013.0,2,2015,2,2,6,1,1,0.0,3985.0,4449.571428571428,3043.5272769788476,0,0,0,6036
15,2,632,1,1,0,0,2,1,3000.0,11.0,2014.0,1,1.0,2013.0,2,2015,2,3,6,1,5,6036.0,2577.0,5185.571428571428,3136.734122041737,0,0,0,7729
15,3,0,0,0,0,1,2,1,3000.0,11.0,2014.0,1,1.0,2013.0,2,2015,2,4,6,1,6,7729.0,4151.0,4592.571428571428,3705.6910222495544,0,0,0,0
15,4,395,1,0,0,1,2,1,3000.0,11.0,2014.0,1,1.0,2013.0,2,2015,2,5,6,1,4,0.0,3445.0,4491.714285714285,3751.4547717867927,0,0,0,2739
15,5,332,1,1,0,0,2,1,3000.0,11.0,2014.0,1,1.0,2013.0,2,2015,2,6,6,1,0,2739.0,5186.0,4378.285714285715,3738.9464966433925,0,0,0,4392
15,6,932,1,0,0,1,2,1,3000.0,11.0,2014.0,1,1.0,2013.0,2,2015,2,7,6,1,2,4392.0,9752.0,4053.5714285714284,3262.868720269677,1,0,0,7479
15,7,0,0,0,0,0,2,1,3000.0,11.0,2014.0,1,1.0,2013.0,2,2015,2,8,6,1,3,7479.0,0.0,4053.5714285714284,3262.868720269677,1,0,0,0
15,1,989,1,1,0,0,2,1,3000.0,11.0,2014.0,1,1.0,2013.0,2,2015,2,9,7,1,1,0.0,6036.0,4568.714285714285,3858.341168355718,0,0,0,9642
15,2,1115,1,1,0,0,2,1,3000.0,11.0,2014.0,1,1.0,2013.0,2,2015,2,10,7,1,5,9642.0,7729.0,5034.0,4453.453603665362,0,0,0,10986
15,3,408,1,0,0,1,2,1,3000.0,11.0,2014.0,1,1.0,2013.0,2,2015,2,11,7,1,6,10986.0,0.0,5386.857142857143,4069.415946159491,0,0,0,2470
15,4,805,1,1,0,0,2,1,3000.0,11.0,2014.0,1,1.0,2013.0,2,2015,2,12,7,1,4,2470.0,2739.0,6239.0,4047.018120377851,0,0,0,8704
15,5,913,1,0,0,0,2,1,3000.0,11.0,2014.0,1,1.0,2013.0,2,2015,2,13,7,1,0,8704.0,4392.0,7164.428571428572,4287.77253194643,0,0,0,10870
15,6,1092,1,0,0,1,2,1,3000.0,11.0,2014.0,1,1.0,2013.0,2,2015,2,14,7,1,2,10870.0,7479.0,7711.428571428572,4569.568282202849,1,0,0,11308
15,7,0,0,0,0,0,2,1,3000.0,11.0,2014.0,1,1.0,2013.0,2,2015,2,15,7,1,3,11308.0,0.0,7711.428571428572,4569.568282202849,1,0,0,0
15,1,1142,1,1,0,0,2,1,3000.0,11.0,2014.0,1,1.0,2013.0,2,2015,2,16,8,1,1,0.0,9642.0,8085.428571428572,4852.301682608743,0,0,0,12260
15,2,989,1,1,0,0,2,1,3000.0,11.0,2014.0,1,1.0,2013.0,2,2015,2,17,8,1,5,12260.0,10986.0,8136.0,4889.2741110857505,0,0,0,11340
15,3,307,1,1,0,1,2,1,3000.0,11.0,2014.0,1,1.0,2013.0,2,2015,2,18,8,1,6,11340.0,2470.0,8163.571428571428,4852.40249282569,0,0,0,2663
15,4,679,1,0,0,0,2,1,3000.0,11.0,2014.0,1,1.0,2013.0,2,2015,2,19,8,1,4,2663.0,8704.0,7890.571428571428,4870.652928754108,0,0,0,6793
15,5,1025,1,1,0,0,2,1,3000.0,11.0,2014.0,1,1.0,2013.0,2,2015,2,20,8,1,0,6793.0,10870.0,7360.428571428572,4690.9558676650295,0,0,0,7159
15,6,1164,1,0,0,0,2,1,3000.0,11.0,2014.0,1,1.0,2013.0,2,2015,2,21,8,1,2,7159.0,11308.0,7259.714285714285,4598.738004941709,1,0,0,10603
15,7,0,0,0,0,0,2,1,3000.0,11.0,2014.0,1,1.0,2013.0,2,2015,2,22,8,1,3,10603.0,0.0,7259.714285714285,4598.738004941709,1,0,0,0
15,1,922,1,0,0,0,2,1,3000.0,11.0,2014.0,1,1.0,2013.0,2,2015,2,23,9,1,1,0.0,12260.0,6855.142857142857,4192.119727479621,0,0,0,9428
15,2,516,1,0,0,0,2,1,3000.0,11.0,2014.0,1,1.0,2013.0,2,2015,2,24,9,1,5,9428.0,11340.0,5831.714285714285,3767.7408666328474,0,0,0,4176
15,3,347,1,0,0,1,2,1,3000.0,11.0,2014.0,1,1.0,2013.0,2,2015,2,25,9,1,6,4176.0,2663.0,6003.714285714285,3623.706468717986,0,0,0,3867
15,4,338,1,0,0,1,2,1,3000.0,11.0,2014.0,1,1.0,2013.0,2,2015,2,26,9,1,4,3867.0,6793.0,5531.857142857143,3717.6321957473338,0,0,0,3490
15,5,434,1,0,0,0,2,1,3000.0,11.0,2014.0,1,1.0,2013.0,2,2015,2,27,9,1,0,3490.0,7159.0,5247.142857142857,3647.91165959244,0,0,0,5166
15,6,473,1,0,0,1,2,1,3000.0,11.0,2014.0,1,1.0,2013.0,2,2015,2,28,9,1,2,5166.0,10603.0,4342.142857142857,2780.404552612887,1,0,1,4268
15,7,0,0,0,0,1,2,1,3000.0,11.0,2014.0,1,1.0,2013.0,2,2015,3,1,9,1,3,4268.0,0.0,4342.142857142857,2780.404552612887,1,1,0,0
15,1,506,1,0,0,0,2,1,3000.0,11.0,2014.0,1,1.0,2013.0,2,2015,3,2,10,1,1,0.0,9428.0,3807.714285714286,1840.6202500140803,0,0,0,5687
15,2,516,1,0,0,0,2,1,3000.0,11.0,2014.0,1,1.0,2013.0,2,2015,3,3,10,1,5,5687.0,4176.0,3687.285714285714,1840.0858416829076,0,0,0,3333
15,3,745,1,1,0,0,2,1,3000.0,11.0,2014.0,1,1.0,2013.0,2,2015,3,4,10,1,6,3333.0,3867.0,3959.5714285714284,2004.7620687704919,0,0,0,5773
15,4,1195,1,0,0,0,2,1,3000.0,11.0,2014.0,1,1.0,2013.0,2,2015,3,5,10,1,4,5773.0,3490.0,4729.285714285715,2706.0933535440404,0,0,0,8878
15,5,1089,1,1,0,0,2,1,3000.0,11.0,2014.0,1,1.0,2013.0,2,2015,3,6,10,1,0,8878.0,5166.0,5338.857142857143,3247.3274872614566,0,0,0,9433
15,6,1015,1,0,0,0,2,1,3000.0,11.0,2014.0,1,1.0,2013.0,2,2015,3,7,10,1,2,9433.0,4268.0,5945.142857142857,3406.3626460185465,1,0,0,8512
15,7,0,0,0,0,0,2,1,3000.0,11.0,2014.0,1,1.0,2013.0,2,2015,3,8,10,1,3,8512.0,0.0,5945.142857142857,3406.3626460185465,1,0,0,0
15,1,1085,1,0,0,0,2,1,3000.0,11.0,2014.0,1,1.0,2013.0,2,2015,3,9,11,1,1,0.0,5687.0,6461.714285714285,3627.682534543034,0,0,0,9303
15,2,906,1,1,0,0,2,1,3000.0,11.0,2014.0,1,1.0,2013.0,2,2015,3,10,11,1,5,9303.0,3333.0,7013.428571428572,3356.054670648402,0,0,0,7195
15,3,1196,1,0,0,0,2,1,3000.0,11.0,2014.0,1,1.0,2013.0,2,2015,3,11,11,1,6,7195.0,5773.0,7977.428571428572,3870.1469764141552,0,0,0,12521
15,4,410,1,0,0,1,2,1,3000.0,11.0,2014.0,1,1.0,2013.0,2,2015,3,12,11,1,4,12521.0,8878.0,7106.857142857143,4295.804830629198,0,0,0,2784
15,5,987,1,0,0,0,2,1,3000.0,11.0,2014.0,1,1.0,2013.0,2,2015,3,13,11,1,0,2784.0,9433.0,7016.428571428572,4245.039962793553,0,0,0,8800
15,6,975,1,0,0,1,2,1,3000.0,11.0,2014.0,1,1.0,2013.0,2,2015,3,14,11,1,2,8800.0,8512.0,6730.142857142857,4194.64410204932,1,0,0,6508
15,7,0,0,0,0,0,2,1,3000.0,11.0,2014.0,1,1.0,2013.0,2,2015,3,15,11,1,3,6508.0,0.0,6730.142857142857,4194.64410204932,1,0,0,0
15,1,326,1,1,0,1,2,1,3000.0,11.0,2014.0,1,1.0,2013.0,2,2015,3,16,12,1,1,0.0,9303.0,5994.285714285715,4119.204240072173,0,0,0,4152
15,2,419,1,0,0,1,2,1,3000.0,11.0,2014.0,1,1.0,2013.0,2,2015,3,17,12,1,5,4152.0,7195.0,5474.428571428572,4171.706759314979,0,0,0,3556
15,3,1137,1,1,0,1,2,1,3000.0,11.0,2014.0,1,1.0,2013.0,2,2015,3,18,12,1,6,3556.0,12521.0,5304.571428571428,3848.6759133128216,0,0,0,11332
15,4,780,1,1,0,0,2,1,3000.0,11.0,2014.0,1,1.0,2013.0,2,2015,3,19,12,1,4,11332.0,2784.0,6040.714285714285,3778.3791372441574,0,0,0,7937
15,5,352,1,1,0,0,2,1,3000.0,11.0,2014.0,1,1.0,2013.0,2,2015,3,20,12,1,0,7937.0,8800.0,5431.857142857143,3598.759898843462,0,0,0,4538
15,6,472,1,0,0,0,2,1,3000.0,11.0,2014.0,1,1.0,2013.0,2,2015,3,21,12,1,2,4538.0,6508.0,5297.285714285715,3569.303887047898,1,0,0,5566
15,7,0,0,0,0,1,2,1,3000.0,11.0,2014.0,1,1.0,2013.0,2,2015,3,22,12,1,3,5566.0,0.0,5297.285714285715,3569.303887047898,1,0,0,0
15,1,632,1,1,0,0,2,1,3000.0,11.0,2014.0,1,1.0,2013.0,2,2015,3,23,13,1,1,0.0,4152.0,5418.428571428572,3538.2093332241216,0,0,0,5000
15,2,390,1,1,0,0,2,1,3000.0,11.0,2014.0,1,1.0,2013.0,2,2015,3,24,13,1,5,5000.0,3556.0,5539.428571428572,3477.870989419765,0,0,0,4403
15,3,723,1,1,0,0,2,1,3000.0,11.0,2014.0,1,1.0,2013.0,2,2015,3,25,13,1,6,4403.0,11332.0,4904.571428571428,2517.1735377298905,0,0,0,6888
15,4,600,1,0,0,1,2,1,3000.0,11.0,2014.0,1,1.0,2013.0,2,2015,3,26,13,1,4,6888.0,7937.0,4557.571428571428,2173.4234023112654,0,0,0,5508
15,5,895,1,0,0,1,2,1,3000.0,11.0,2014.0,1,1.0,2013.0,2,2015,3,27,13,1,0,5508.0,4538.0,4740.142857142857,2224.5804419838664,0,0,0,5816
15,6,685,1,0,0,0,2,1,3000.0,11.0,2014.0,1,1.0,2013.0,2,2015,3,28,13,1,2,5816.0,5566.0,4764.142857142857,2235.85288935948,1,0,0,5734
15,7,0,0,0,0,0,2,1,3000.0,11.0,2014.0,1,1.0,2013.0,2,2015,3,29,13,1,3,5734.0,0.0,4764.142857142857,2235.85288935948,1,0,0,0
15,1,512,1,0,0,0,2,1,3000.0,11.0,2014.0,1,1.0,2013.0,2,2015,3,30,14,1,1,0.0,5000.0,4723.857142857143,2233.434159060243,0,0,0,4718
15,2,438,1,1,0,0,2,1,3000.0,11.0,2014.0,1,1.0,2013.0,2,2015,3,31,14,1,5,4718.0,4403.0,4744.285714285715,2230.6625110256437,0,0,1,4546
15,3,1182,1,1,0,0,2,1,3000.0,11.0,2014.0,1,1.0,2013.0,2,2015,4,1,14,2,6,4546.0,6888.0,5144.142857142857,2845.196093334131,0,1,0,9687
15,4,978,1,1,0,0,2,1,3000.0,11.0,2014.0,1,1.0,2013.0,2,2015,4,2,14,2,4,9687.0,5508.0,5614.428571428572,3169.0051991722808,0,0,0,8800
15,5,481,1,1,0,1,2,1,3000.0,11.0,2014.0,1,1.0,2013.0,2,2015,4,3,14,2,0,8800.0,5816.0,5584.571428571428,3167.7738690939227,0,0,0,5607
15,6,0,0,0,0,0,2,1,3000.0,11.0,2014.0,1,1.0,2013.0,2,2015,4,4,14,2,2,5607.0,5734.0,4765.428571428572,3800.808942718327,1,0,0,0
15,7,0,0,0,0,0,2,1,3000.0,11.0,2014.0,1,1.0,2013.0,2,2015,4,5,14,2,3,0.0,0.0,4765.428571428572,3800.808942718327,1,0,0,0
15,1,346,1,0,0,0,2,1,3000.0,11.0,2014.0,1,1.0,2013.0,2,2015,4,6,15,2,1,0.0,4718.0,4561.0,3842.044941607701,0,0,0,3287
15,2,1170,1,0,0,0,2,1,3000.0,11.0,2014.0,1,1.0,2013.0,2,2015,4,7,15,2,5,3287.0,4546.0,4943.142857142857,3971.1668910019966,0,0,0,7221
15,3,685,1,1,0,1,2,1,3000.0,11.0,2014.0,1,1.0,2013.0,2,2015,4,8,15,2,6,7221.0,9687.0,4642.714285714285,3616.14766080727,0,0,0,7584
15,4,799,1,1,0,0,2,1,3000.0,11.0,2014.0,1,1.0,2013.0,2,2015,4,9,15,2,4,7584.0,8800.0,4551.0,3499.3921376909616,0,0,0,8158
15,5,1130,1,1,0,0,2,1,3000.0,11.0,2014.0,1,1.0,2013.0,2,2015,4,10,15,2,0,8158.0,5607.0,5024.857142857143,3871.0610271849837,0,0,0,8924
18,4,0,0,0,0,1,2,1,1500.0,5.0,2005.0,1,40.0,2009.0,1,2015,1,8,2,1,4,9291.0,10713.0,4205.285714285715,3559.6376554496724,0,0,0,0
18,5,1185,1,1,0,0,2,1,1500.0,5.0,2005.0,1,40.0,2009.0,1,2015,1,9,2,1,0,0.0,6705.0,5270.571428571428,5179.60541795553,0,0,0,14162
18,6,572,1,0,0,0,2,1,1500.0,5.0,2005.0,1,40.0,2009.0,1,2015,1,10,2,1,2,14162.0,3185.0,5412.0,5126.410830200794,1,0,0,4175
18,7,0,0,0,0,0,2,1,1500.0,5.0,2005.0,1,40.0,2009.0,1,2015,1,11,2,1,3,4175.0,0.0,5412.0,5126.410830200794,1,0,0,0
18,1,431,1,0,0,0,2,1,1500.0,5.0,2005.0,1,40.0,2009.0,1,2015,1,12,3,1,1,0.0,6831.0,5055.285714285715,5098.011629197071,0,0,0,4334
18,2,480,1,0,0,1,2,1,1500.0,5.0,2005.0,1,40.0,2009.0,1,2015,1,13,3,1,5,4334.0,3425.0,5016.571428571428,5113.460988969631,0,0,0,3154
18,3,0,0,1,0,0,2,1,1500.0,5.0,2005.0,1,40.0,2009.0,1,2015,1,14,3,1,6,3154.0,9291.0,3689.285714285714,5024.080967841638,0,0,0,0
18,4,501,1,0,0,0,2,1,1500.0,5.0,2005.0,1,40.0,2009.0,1,2015,1,15,3,1,4,0.0,0.0,4243.142857142857,4756.144111517628,0,0,0,3877
18,5,309,1,0,0,0,2,1,1500.0,5.0,2005.0,1,40.0,2009.0,1,2015,1,16,3,1,0,3877.0,14162.0,2618.714285714286,1869.8955152882816,0,0,0,2791
18,6,326,1,0,0,1,2,1,1500.0,5.0,2005.0,1,40.0,2009.0,1,2015,1,17,3,1,2,2791.0,4175.0,2488.8571428571427,1772.8493476671385,1,0,0,3266
18,7,0,0,0,0,0,2,1,1500.0,5.0,2005.0,1,40.0,2009.0,1,2015,1,18,3,1,3,3266.0,0.0,2488.8571428571427,1772.8493476671385,1,0,0,0
18,1,526,1,0,0,0,2,1,1500.0,5.0,2005.0,1,40.0,2009.0,1,2015,1,19,4,1,1,0.0,4334.0,2629.8571428571427,1972.10897506294,0,0,0,5321
18,2,826,1,0,0,0,2,1,1500.0,5.0,2005.0,1,40.0,2009.0,1,2015,1,20,4,1,5,5321.0,3154.0,2869.5714285714284,2141.1737324142905,0,0,0,4832
18,3,858,1,0,0,1,2,1,1500.0,5.0,2005.0,1,40.0,2009.0,1,2015,1,21,4,1,6,4832.0,0.0,4104.428571428572,2643.9626104985455,0,0,0,8644
18,4,526,1,0,0,0,2,1,1500.0,5.0,2005.0,1,40.0,2009.0,1,2015,1,22,4,1,4,8644.0,3877.0,4344.571428571428,2695.697056244937,0,0,0,5558
18,5,1058,1,1,0,0,2,1,1500.0,5.0,2005.0,1,40.0,2009.0,1,2015,1,23,4,1,0,5558.0,2791.0,4981.714285714285,2792.6326118488814,0,0,0,7251
18,6,667,1,0,0,1,2,1,1500.0,5.0,2005.0,1,40.0,2009.0,1,2015,1,24,4,1,2,7251.0,3266.0,5318.571428571428,2691.5710317670646,1,0,0,5624
18,7,0,0,0,0,1,2,1,1500.0,5.0,2005.0,1,40.0,2009.0,1,2015,1,25,4,1,3,5624.0,0.0,5318.571428571428,2691.5710317670646,1,0,0,0
18,1,312,1,1,0,0,2,1,1500.0,5.0,2005.0,1,40.0,2009.0,1,2015,1,26,5,1,1,0.0,5321.0,4998.571428571428,2821.265901278057,0,0,0,3081
18,2,845,1,1,0,1,2,1,1500.0,5.0,2005.0,1,40.0,2009.0,1,2015,1,27,5,1,5,3081.0,4832.0,5346.142857142857,2944.5021893109783,0,0,0,7265
18,3,825,1,0,0,0,2,1,1500.0,5.0,2005.0,1,40.0,2009.0,1,2015,1,28,5,1,6,7265.0,8644.0,5327.0,2919.82088491743,0,0,0,8510
18,4,698,1,0,0,0,2,1,1500.0,5.0,2005.0,1,40.0,2009.0,1,2015,1,29,5,1,4,8510.0,5558.0,5529.428571428572,2986.8552502112134,0,0,0,6975
18,5,1070,1,0,0,1,2,1,1500.0,5.0,2005.0,1,40.0,2009.0,1,2015,1,30,5,1,0,6975.0,7251.0,5880.0,3345.1236150552054,0,0,0,9705
18,6,589,1,0,0,0,2,1,1500.0,5.0,2005.0,1,40.0,2009.0,1,2015,1,31,5,1,2,9705.0,5624.0,6045.857142857143,3359.0683444754663,1,0,1,6785
18,7,0,0,0,0,0,2,1,1500.0,5.0,2005.0,1,40.0,2009.0,1,2015,2,1,5,1,3,6785.0,0.0,6045.857142857143,3359.0683444754663,1,1,0,0
18,1,379,1,0,0,0,2,1,1500.0,5.0,2005.0,1,40.0,2009.0,1,2015,2,2,6,1,1,0.0,3081.0,5954.714285714285,3460.0600531534965,0,0,0,2443
18,2,562,1,0,0,0,2,1,1500.0,5.0,2005.0,1,40.0,2009.0,1,2015,2,3,6,1,5,2443.0,7265.0,5790.428571428572,3414.4791626807387,0,0,0,6115
18,3,539,1,0,0,0,2,1,1500.0,5.0,2005.0,1,40.0,2009.0,1,2015,2,4,6,1,6,6115.0,8510.0,5464.285714285715,3214.6007898485996,0,0,0,6227
18,4,390,1,1,0,1,2,1,1500.0,5.0,2005.0,1,40.0,2009.0,1,2015,2,5,6,1,4,6227.0,6975.0,5128.142857142857,3152.7287878160105,0,0,0,4622
18,5,875,1,1,0,1,2,1,1500.0,5.0,2005.0,1,40.0,2009.0,1,2015,2,6,6,1,0,4622.0,9705.0,4582.571428571428,2489.3567346567565,0,0,0,5886
18,6,347,1,0,0,0,2,1,1500.0,5.0,2005.0,1,40.0,2009.0,1,2015,2,7,6,1,2,5886.0,6785.0,4198.142857142857,2292.5566098842146,1,0,0,4094
18,7,0,0,0,0,0,2,1,1500.0,5.0,2005.0,1,40.0,2009.0,1,2015,2,8,6,1,3,4094.0,0.0,4198.142857142857,2292.5566098842146,1,0,0,0
18,1,642,1,0,0,0,2,1,1500.0,5.0,2005.0,1,40.0,2009.0,1,2015,2,9,7,1,1,0.0,2443.0,4650.714285714285,2199.120560154726,0,0,0,5611
18,2,880,1,0,0,0,2,1,1500.0,5.0,2005.0,1,40.0,2009.0,1,2015,2,10,7,1,5,5611.0,6115.0,4739.142857142857,2278.815366849731,0,0,0,6734
18,3,1157,1,1,0,0,2,1,1500.0,5.0,2005.0,1,40.0,2009.0,1,2015,2,11,7,1,6,6734.0,6227.0,5755.714285714285,3994.511097088342,0,0,0,13343
18,4,392,1,1,0,0,2,1,1500.0,5.0,2005.0,1,40.0,2009.0,1,2015,2,12,7,1,4,13343.0,4622.0,5725.571428571428,4005.2736426342904,0,0,0,4411
18,5,979,1,0,0,0,2,1,1500.0,5.0,2005.0,1,40.0,2009.0,1,2015,2,13,7,1,0,4411.0,5886.0,6191.142857142857,4211.151047262155,0,0,0,9145
18,6,0,0,0,0,1,2,1,1500.0,5.0,2005.0,1,40.0,2009.0,1,2015,2,14,7,1,2,9145.0,4094.0,5606.285714285715,4794.79918642014,1,0,0,0
18,7,0,0,0,0,1,2,1,1500.0,5.0,2005.0,1,40.0,2009.0,1,2015,2,15,7,1,3,0.0,0.0,5606.285714285715,4794.79918642014,1,0,0,0
18,1,854,1,1,0,0,2,1,1500.0,5.0,2005.0,1,40.0,2009.0,1,2015,2,16,8,1,1,0.0,5611.0,5578.857142857143,4795.31686226508,0,0,0,5419
18,2,1152,1,1,0,0,2,1,1500.0,5.0,2005.0,1,40.0,2009.0,1,2015,2,17,8,1,5,5419.0,6734.0,5929.857142857143,4980.314529176227,0,0,0,9191
18,3,619,1,0,0,1,2,1,1500.0,5.0,2005.0,1,40.0,2009.0,1,2015,2,18,8,1,6,9191.0,13343.0,4545.428571428572,3777.976656763196,0,0,0,3652
18,4,688,1,1,0,0,2,1,1500.0,5.0,2005.0,1,40.0,2009.0,1,2015,2,19,8,1,4,3652.0,4411.0,4564.571428571428,3777.521447419496,0,0,0,4545
18,5,524,1,1,0,0,2,1,1500.0,5.0,2005.0,1,40.0,2009.0,1,2015,2,20,8,1,0,4545.0,9145.0,4077.1428571428573,3274.6450916382482,0,0,0,5733
18,6,672,1,0,0,0,2,1,1500.0,5.0,2005.0,1,40.0,2009.0,1,2015,2,21,8,1,2,5733.0,0.0,4733.428571428572,2737.6654809735765,1,0,0,4594
18,7,0,0,0,0,0,2,1,1500.0,5.0,2005.0,1,40.0,2009.0,1,2015,2,22,8,1,3,4594.0,0.0,4733.428571428572,2737.6654809735765,1,0,0,0
18,1,369,1,0,0,0,2,1,1500.0,5.0,2005.0,1,40.0,2009.0,1,2015,2,23,9,1,1,0.0,5419.0,4299.428571428572,2849.394488725797,0,0,0,2381
18,2,797,1,1,0,0,2,1,1500.0,5.0,2005.0,1,40.0,2009.0,1,2015,2,24,9,1,5,2381.0,9191.0,4377.428571428572,3008.6380560614048,0,0,0,9737
18,3,556,1,0,0,1,2,1,1500.0,5.0,2005.0,1,40.0,2009.0,1,2015,2,25,9,1,6,9737.0,3652.0,4315.714285714285,3030.350679062612,0,0,0,3220
18,4,442,1,0,0,0,2,1,1500.0,5.0,2005.0,1,40.0,2009.0,1,2015,2,26,9,1,4,3220.0,4545.0,4244.428571428572,3029.927218990738,0,0,0,4046
18,5,976,1,0,0,0,2,1,1500.0,5.0,2005.0,1,40.0,2009.0,1,2015,2,27,9,1,0,4046.0,5733.0,4546.142857142857,3296.3060855332906,0,0,0,7845
18,6,0,0,0,0,0,2,1,1500.0,5.0,2005.0,1,40.0,2009.0,1,2015,2,28,9,1,2,7845.0,4594.0,3889.8571428571427,3715.82092448723,1,0,1,0
18,7,0,0,0,0,0,2,1,1500.0,5.0,2005.0,1,40.0,2009.0,1,2015,3,1,9,1,3,0.0,0.0,3889.8571428571427,3715.82092448723,1,1,0,0
18,1,699,1,1,0,0,2,1,1500.0,5.0,2005.0,1,40.0,2009.0,1,2015,3,2,10,1,1,0.0,2381.0,4464.571428571428,3754.4671107514423,0,0,0,6404
18,2,934,1,0,0,0,2,1,1500.0,5.0,2005.0,1,40.0,2009.0,1,2015,3,3,10,1,5,6404.0,9737.0,4069.1428571428573,3213.390028644277,0,0,0,6969
18,3,833,1,1,0,0,2,1,1500.0,5.0,2005.0,1,40.0,2009.0,1,2015,3,4,10,1,6,6969.0,3220.0,4892.285714285715,3665.774711857677,0,0,0,8982
18,4,846,1,1,0,1,2,1,1500.0,5.0,2005.0,1,40.0,2009.0,1,2015,3,5,10,1,4,8982.0,4046.0,5515.285714285715,3863.2356781281037,0,0,0,8407
18,5,1025,1,0,0,0,2,1,1500.0,5.0,2005.0,1,40.0,2009.0,1,2015,3,6,10,1,0,8407.0,7845.0,5487.857142857143,3844.5746807924643,0,0,0,7653
18,6,1053,1,0,0,0,2,1,1500.0,5.0,2005.0,1,40.0,2009.0,1,2015,3,7,10,1,2,7653.0,0.0,6745.0,3121.8419776364954,1,0,0,8800
18,7,0,0,0,0,0,2,1,1500.0,5.0,2005.0,1,40.0,2009.0,1,2015,3,8,10,1,3,8800.0,0.0,6745.0,3121.8419776364954,1,0,0,0
18,1,343,1,0,0,0,2,1,1500.0,5.0,2005.0,1,40.0,2009.0,1,2015,3,9,11,1,1,0.0,6404.0,6359.142857142857,3330.932473476031,0,0,0,3703
18,2,729,1,0,0,0,2,1,1500.0,5.0,2005.0,1,40.0,2009.0,1,2015,3,10,11,1,5,3703.0,6969.0,6155.428571428572,3331.0242097160285,0,0,0,5543
18,3,340,1,1,0,1,2,1,1500.0,5.0,2005.0,1,40.0,2009.0,1,2015,3,11,11,1,6,5543.0,8982.0,5486.857142857143,3132.9195876781046,0,0,0,4302
18,4,697,1,1,0,1,2,1,1500.0,5.0,2005.0,1,40.0,2009.0,1,2015,3,12,11,1,4,4302.0,8407.0,4964.714285714285,2857.605624427889,0,0,0,4752
18,5,1063,1,0,0,1,2,1,1500.0,5.0,2005.0,1,40.0,2009.0,1,2015,3,13,11,1,0,4752.0,7653.0,4998.857142857143,2896.2452951232926,0,0,0,7892
18,6,786,1,0,0,1,2,1,1500.0,5.0,2005.0,1,40.0,2009.0,1,2015,3,14,11,1,2,7892.0,8800.0,5052.571428571428,2980.7454245061394,1,0,0,9176
18,7,0,0,0,0,0,2,1,1500.0,5.0,2005.0,1,40.0,2009.0,1,2015,3,15,11,1,3,9176.0,0.0,5052.571428571428,2980.7454245061394,1,0,0,0
18,1,485,1,0,0,1,2,1,1500.0,5.0,2005.0,1,40.0,2009.0,1,2015,3,16,12,1,1,0.0,3703.0,5273.285714285715,2920.756335511159,0,0,0,5248
18,2,333,1,1,0,0,2,1,1500.0,5.0,2005.0,1,40.0,2009.0,1,2015,3,17,12,1,5,5248.0,5543.0,5074.857142857143,2946.448225042677,0,0,0,4154
18,3,925,1,0,0,0,2,1,1500.0,5.0,2005.0,1,40.0,2009.0,1,2015,3,18,12,1,6,4154.0,4302.0,5281.571428571428,2933.9219404034857,0,0,0,5749
18,4,583,1,0,0,0,2,1,1500.0,5.0,2005.0,1,40.0,2009.0,1,2015,3,19,12,1,4,5749.0,4752.0,5159.142857142857,2977.263868530491,0,0,0,3895
18,5,419,1,1,0,0,2,1,1500.0,5.0,2005.0,1,40.0,2009.0,1,2015,3,20,12,1,0,3895.0,7892.0,4693.857142857143,2722.6023965176782,0,0,0,4635
18,6,463,1,0,0,0,2,1,1500.0,5.0,2005.0,1,40.0,2009.0,1,2015,3,21,12,1,2,4635.0,9176.0,4062.1428571428573,1897.1889229920666,1,0,0,4754
18,7,0,0,0,0,1,2,1,1500.0,5.0,2005.0,1,40.0,2009.0,1,2015,3,22,12,1,3,4754.0,0.0,4062.1428571428573,1897.1889229920666,1,0,0,0
18,1,1085,1,1,0,1,2,1,1500.0,5.0,2005.0,1,40.0,2009.0,1,2015,3,23,13,1,1,0.0,5248.0,5073.0,3680.92280096536,0,0,0,12324
18,2,706,1,0,0,1,2,1,1500.0,5.0,2005.0,1,40.0,2009.0,1,2015,3,24,13,1,5,12324.0,4154.0,5044.285714285715,3690.0592458787487,0,0,0,3953
18,3,968,1,0,0,0,2,1,1500.0,5.0,2005.0,1,40.0,2009.0,1,2015,3,25,13,1,6,3953.0,5749.0,5254.142857142857,3777.551121585316,0,0,0,7218
18,4,315,1,1,0,0,2,1,1500.0,5.0,2005.0,1,40.0,2009.0,1,2015,3,26,13,1,4,7218.0,3895.0,5378.0,3739.58344382544,0,0,0,4762
18,5,509,1,0,0,0,2,1,1500.0,5.0,2005.0,1,40.0,2009.0,1,2015,3,27,13,1,0,4762.0,4635.0,5406.285714285715,3733.771137169753,0,0,0,4833
18,6,651,1,0,0,0,2,1,1500.0,5.0,2005.0,1,40.0,2009.0,1,2015,3,28,13,1,2,4833.0,4754.0,5536.142857142857,3723.0960874238103,1,0,0,5663
18,7,0,0,0,0,0,2,1,1500.0,5.0,2005.0,1,40.0,2009.0,1,2015,3,29,13,1,3,5663.0,0.0,5536.142857142857,3723.0960874238103,1,0,0,0
18,1,1114,1,0,0,0,2,1,1500.0,5.0,2005.0,1,40.0,2009.0,1,2015,3,30,14,1,1,0.0,12324.0,5077.0,2839.9070407321437,0,0,0,9110
18,2,605,1,1,0,1,2,1,1500.0,5.0,2005.0,1,40.0,2009.0,1,2015,3,31,14,1,5,9110.0,3953.0,5273.571428571428,2796.4286067019407,0,0,1,5329
18,3,459,1,0,0,0,2,1,1500.0,5.0,2005.0,1,40.0,2009.0,1,2015,4,1,14,2,6,5329.0,7218.0,4884.0,2667.374864293856,0,1,0,4491
18,4,907,1,0,0,1,2,1,1500.0,5.0,2005.0,1,40.0,2009.0,1,2015,4,2,14,2,4,4491.0,4762.0,5131.428571428572,2733.6788922099627,0,0,0,6494
18,5,453,1,0,0,0,2,1,1500.0,5.0,2005.0,1,40.0,2009.0,1,2015,4,3,14,2,0,6494.0,4833.0,4973.0,2785.5011517977637,0,0,0,3724
18,6,1022,1,0,0,0,2,1,1500.0,5.0,2005.0,1,40.0,2009.0,1,2015,4,4,14,2,2,3724.0,5663.0,5136.285714285715,2865.055363879596,1,0,0,6806
18,7,0,0,0,0,0,2,1,1500.0,5.0,2005.0,1,40.0,2009.0,1,2015,4,5,14,2,3,6806.0,0.0,5136.285714285715,2865.055363879596,1,0,0,0
18,1,621,1,0,0,1,2,1,1500.0,5.0,2005.0,1,40.0,2009.0,1,2015,4,6,15,2,1,0.0,9110.0,4694.857142857143,2340.8611256381287,0,0,0,6020
18,2,304,1,1,0,0,2,1,1500.0,5.0,2005.0,1,40.0,2009.0,1,2015,4,7,15,2,5,6020.0,5329.0,4314.142857142857,2435.34476878678,0,0,0,2664
18,3,985,1,0,0,0,2,1,1500.0,5.0,2005.0,1,40.0,2009.0,1,2015,4,8,15,2,6,2664.0,4491.0,5157.142857142857,3354.597612658953,0,0,0,10392
18,4,944,1,1,0,0,2,1,1500.0,5.0,2005.0,1,40.0,2009.0,1,2015,4,9,15,2,4,10392.0,6494.0,5360.428571428572,3489.5152412688535,0,0,0,7917
18,5,1012,1,1,0,0,2,1,1500.0,5.0,2005.0,1,40.0,2009.0,1,2015,4,10,15,2,0,7917.0,3724.0,6705.571428571428,4439.186631848336,0,0,0,13140
19,4,436,1,0,0,0,2,1,120.0,9.0,2014.0,1,10.0,2013.0,1,2015,1,8,2,1,4,8072.0,8359.0,3844.1428571428573,3072.1057071966898,0,0,0,3078
19,5,965,1,0,0,0,2,1,120.0,9.0,2014.0,1,10.0,2013.0,1,2015,1,9,2,1,0,3078.0,0.0,5292.714285714285,3336.6367654813585,0,0,0,10140
19,6,781,1,0,0,0,2,1,120.0,9.0,2014.0,1,10.0,2013.0,1,2015,1,10,2,1,2,10140.0,5861.0,5610.285714285715,3501.457682846089,1,0,0,8084
19,7,0,0,0,0,0,2,1,120.0,9.0,2014.0,1,10.0,2013.0,1,2015,1,11,2,1,3,8084.0,0.0,5610.285714285715,3501.457682846089,1,0,0,0
19,1,1043,1,0,0,1,2,1,120.0,9.0,2014.0,1,10.0,2013.0,1,2015,1,12,3,1,1,0.0,5974.0,6216.857142857143,3917.9695178570673,0,0,0,10220
19,2,683,1,0,0,0,2,1,120.0,9.0,2014.0,1,10.0,2013.0,1,2015,1,13,3,1,5,10220.0,3924.0,6227.571428571428,3910.7502203176164,0,0,0,3999
19,3,1034,1,1,0,0,2,1,120.0,9.0,2014.0,1,10.0,2013.0,1,2015,1,14,3,1,6,3999.0,8072.0,6362.285714285715,4000.096028609218,0,0,0,9015
19,4,1064,1,1,0,0,2,1,120.0,9.0,2014.0,1,10.0,2013.0,1,2015,1,15,3,1,4,9015.0,3078.0,7165.857142857143,3789.83136953662,0,0,0,8703
19,5,1081,1,0,0,0,2,1,120.0,9.0,2014.0,1,10.0,2013.0,1,2015,1,16,3,1,0,8703.0,10140.0,7231.0,3852.8686282647463,0,0,0,10596
19,6,605,1,0,0,1,2,1,120.0,9.0,2014.0,1,10.0,2013.0,1,2015,1,17,3,1,2,10596.0,8084.0,6780.285714285715,3920.3990321686097,1,0,0,4929
19,7,0,0,0,0,0,2,1,120.0,9.0,2014.0,1,10.0,2013.0,1,2015,1,18,3,1,3,4929.0,0.0,6780.285714285715,3920.3990321686097,1,0,0,0
19,1,698,1,1,0,0,2,1,120.0,9.0,2014.0,1,10.0,2013.0,1,2015,1,19,4,1,1,0.0,10220.0,6415.714285714285,3657.0294736887986,0,0,0,7668
19,2,624,1,1,0,0,2,1,120.0,9.0,2014.0,1,10.0,2013.0,1,2015,1,20,4,1,5,7668.0,3999.0,6502.571428571428,3596.7883292896577,0,0,0,4607
19,3,848,1,0,0,0,2,1,120.0,9.0,2014.0,1,10.0,2013.0,1,2015,1,21,4,1,6,4607.0,9015.0,6037.857142857143,3424.075321823953,0,0,0,5762
19,4,556,1,0,0,0,2,1,120.0,9.0,2014.0,1,10.0,2013.0,1,2015,1,22,4,1,4,5762.0,8703.0,5267.428571428572,3329.891082159838,0,0,0,3310
19,5,950,1,0,0,0,2,1,120.0,9.0,2014.0,1,10.0,2013.0,1,2015,1,23,4,1,0,3310.0,10596.0,5226.142857142857,3253.734338088643,0,0,0,10307
19,6,501,1,0,0,0,2,1,120.0,9.0,2014.0,1,10.0,2013.0,1,2015,1,24,4,1,2,10307.0,4929.0,5175.0,3261.986409127624,1,0,0,4571
19,7,0,0,0,0,0,2,1,120.0,9.0,2014.0,1,10.0,2013.0,1,2015,1,25,4,1,3,4571.0,0.0,5175.0,3261.986409127624,1,0,0,0
19,1,1064,1,0,0,1,2,1,120.0,9.0,2014.0,1,10.0,2013.0,1,2015,1,26,5,1,1,0.0,7668.0,5193.714285714285,3279.004102583878,0,0,0,7799
19,2,1184,1,0,0,0,2,1,120.0,9.0,2014.0,1,10.0,2013.0,1,2015,1,27,5,1,5,7799.0,4607.0,6409.0,4407.559112857516,0,0,0,13114
19,3,1197,1,1,0,0,2,1,120.0,9.0,2014.0,1,10.0,2013.0,1,2015,1,28,5,1,6,13114.0,5762.0,7776.142857142857,5517.807941219999,0,0,0,15332
19,4,0,0,0,0,0,2,1,120.0,9.0,2014.0,1,10.0,2013.0,1,2015,1,29,5,1,4,15332.0,3310.0,7303.285714285715,6077.746778598291,0,0,0,0
19,5,610,1,1,0,1,2,1,120.0,9.0,2014.0,1,10.0,2013.0,1,2015,1,30,5,1,0,0.0,10307.0,6877.857142857143,5935.001696954866,0,0,0,7329
19,6,861,1,0,0,0,2,1,120.0,9.0,2014.0,1,10.0,2013.0,1,2015,1,31,5,1,2,7329.0,4571.0,7515.714285714285,5885.482554961989,1,0,1,9036
19,7,0,0,0,0,0,2,1,120.0,9.0,2014.0,1,10.0,2013.0,1,2015,2,1,5,1,3,9036.0,0.0,7515.714285714285,5885.48255496199,1,1,0,0
19,1,948,1,1,0,0,2,1,120.0,9.0,2014.0,1,10.0,2013.0,1,2015,2,2,6,1,1,0.0,7799.0,7645.428571428572,5902.747378894647,0,0,0,8707
19,2,694,1,1,0,0,2,1,120.0,9.0,2014.0,1,10.0,2013.0,1,2015,2,3,6,1,5,8707.0,13114.0,6734.714285714285,5387.718989030693,0,0,0,6739
19,3,718,1,0,0,0,2,1,120.0,9.0,2014.0,1,10.0,2013.0,1,2015,2,4,6,1,6,6739.0,15332.0,5216.714285714285,3834.8660869399214,0,0,0,4706
19,4,732,1,1,0,0,2,1,120.0,9.0,2014.0,1,10.0,2013.0,1,2015,2,5,6,1,4,4706.0,0.0,6420.714285714285,3193.433977934815,0,0,0,8428
19,5,325,1,1,0,0,2,1,120.0,9.0,2014.0,1,10.0,2013.0,1,2015,2,6,6,1,0,8428.0,7329.0,5927.428571428572,3294.8291739806923,0,0,0,3876
19,6,786,1,0,0,0,2,1,120.0,9.0,2014.0,1,10.0,2013.0,1,2015,2,7,6,1,2,3876.0,9036.0,5358.714285714285,2999.145973677936,1,0,0,5055
19,7,0,0,0,0,0,2,1,120.0,9.0,2014.0,1,10.0,2013.0,1,2015,2,8,6,1,3,5055.0,0.0,5358.714285714285,2999.145973677936,1,0,0,0
19,1,1000,1,1,0,0,2,1,120.0,9.0,2014.0,1,10.0,2013.0,1,2015,2,9,7,1,1,0.0,8707.0,5008.714285714285,2667.9473829322874,0,0,0,6257
19,2,468,1,1,0,1,2,1,120.0,9.0,2014.0,1,10.0,2013.0,1,2015,2,10,7,1,5,6257.0,6739.0,4878.571428571428,2590.57392979129,0,0,0,5828
19,3,796,1,1,0,0,2,1,120.0,9.0,2014.0,1,10.0,2013.0,1,2015,2,11,7,1,6,5828.0,4706.0,5541.285714285715,3085.215050002497,0,0,0,9345
19,4,367,1,1,0,0,2,1,120.0,9.0,2014.0,1,10.0,2013.0,1,2015,2,12,7,1,4,9345.0,8428.0,4928.857142857143,2831.7694955964334,0,0,0,4141
19,5,1020,1,0,0,1,2,1,120.0,9.0,2014.0,1,10.0,2013.0,1,2015,2,13,7,1,0,4141.0,3876.0,5781.428571428572,3318.520898289019,0,0,0,9844
19,6,510,1,0,0,0,2,1,120.0,9.0,2014.0,1,10.0,2013.0,1,2015,2,14,7,1,2,9844.0,5055.0,5519.571428571428,3454.9114246795034,1,0,0,3222
19,7,0,0,0,0,0,2,1,120.0,9.0,2014.0,1,10.0,2013.0,1,2015,2,15,7,1,3,3222.0,0.0,5519.571428571428,3454.9114246795034,1,0,0,0
19,1,436,1,0,0,0,2,1,120.0,9.0,2014.0,1,10.0,2013.0,1,2015,2,16,8,1,1,0.0,6257.0,5051.142857142857,3558.9859243222377,0,0,0,2978
19,2,724,1,1,0,1,2,1,120.0,9.0,2014.0,1,10.0,2013.0,1,2015,2,17,8,1,5,2978.0,5828.0,5100.714285714285,3573.9947637662503,0,0,0,6175
19,3,471,1,0,0,0,2,1,120.0,9.0,2014.0,1,10.0,2013.0,1,2015,2,18,8,1,6,6175.0,9345.0,4244.142857142857,3070.2652126795942,0,0,0,3349
19,4,1111,1,1,0,1,2,1,120.0,9.0,2014.0,1,10.0,2013.0,1,2015,2,19,8,1,4,3349.0,4141.0,4748.0,3329.019525325738,0,0,0,7668
19,5,571,1,1,0,0,2,1,120.0,9.0,2014.0,1,10.0,2013.0,1,2015,2,20,8,1,0,7668.0,9844.0,3985.0,2466.7742769319875,0,0,0,4503
19,6,1182,1,0,0,0,2,1,120.0,9.0,2014.0,1,10.0,2013.0,1,2015,2,21,8,1,2,4503.0,3222.0,5427.571428571428,4252.505569549277,1,0,0,13320
19,7,0,0,0,0,0,2,1,120.0,9.0,2014.0,1,10.0,2013.0,1,2015,2,22,8,1,3,13320.0,0.0,5427.571428571428,4252.505569549277,1,0,0,0
19,1,1159,1,0,0,0,2,1,120.0,9.0,2014.0,1,10.0,2013.0,1,2015,2,23,9,1,1,0.0,2978.0,6825.285714285715,4875.466258533152,0,0,0,12762
19,2,393,1,0,0,0,2,1,120.0,9.0,2014.0,1,10.0,2013.0,1,2015,2,24,9,1,5,12762.0,6175.0,6387.428571428572,5077.063976261046,0,0,0,3110
19,3,1020,1,0,0,1,2,1,120.0,9.0,2014.0,1,10.0,2013.0,1,2015,2,25,9,1,6,3110.0,3349.0,6928.285714285715,4897.934963304629,0,0,0,7135
19,4,885,1,0,0,0,2,1,120.0,9.0,2014.0,1,10.0,2013.0,1,2015,2,26,9,1,4,7135.0,7668.0,6805.142857142857,4887.061640310105,0,0,0,6806
19,5,592,1,0,0,0,2,1,120.0,9.0,2014.0,1,10.0,2013.0,1,2015,2,27,9,1,0,6806.0,4503.0,6822.714285714285,4877.616723848022,0,0,0,4626
19,6,492,1,0,0,1,2,1,120.0,9.0,2014.0,1,10.0,2013.0,1,2015,2,28,9,1,2,4626.0,13320.0,5388.571428571428,4055.4187559010834,1,0,1,3281
19,7,0,0,0,0,0,2,1,120.0,9.0,2014.0,1,10.0,2013.0,1,2015,3,1,9,1,3,3281.0,0.0,5388.571428571428,4055.4187559010834,1,1,0,0
19,1,1126,1,1,0,0,2,1,120.0,9.0,2014.0,1,10.0,2013.0,1,2015,3,2,10,1,1,0.0,12762.0,5622.857142857143,4567.434452314612,0,0,0,14402
19,2,393,1,0,0,0,2,1,120.0,9.0,2014.0,1,10.0,2013.0,1,2015,3,3,10,1,5,14402.0,3110.0,5809.571428571428,4473.3348804198595,0,0,0,4417
19,3,831,1,0,0,0,2,1,120.0,9.0,2014.0,1,10.0,2013.0,1,2015,3,4,10,1,6,4417.0,7135.0,5764.428571428572,4459.302443848622,0,0,0,6819
19,4,819,1,1,0,1,2,1,120.0,9.0,2014.0,1,10.0,2013.0,1,2015,3,5,10,1,4,6819.0,6806.0,5732.428571428572,4451.37906935004,0,0,0,6582
19,5,1044,1,1,0,0,2,1,120.0,9.0,2014.0,1,10.0,2013.0,1,2015,3,6,10,1,0,6582.0,4626.0,6225.714285714285,4499.3990604037235,0,0,0,8079
19,6,744,1,0,0,0,2,1,120.0,9.0,2014.0,1,10.0,2013.0,1,2015,3,7,10,1,2,8079.0,3281.0,6810.285714285715,4315.097670361809,1,0,0,7373
19,7,0,0,0,0,1,2,1,120.0,9.0,2014.0,1,10.0,2013.0,1,2015,3,8,10,1,3,7373.0,0.0,6810.285714285715,4315.097670361809,1,0,0,0
19,1,368,1,0,0,0,2,1,120.0,9.0,2014.0,1,10.0,2013.0,1,2015,3,9,11,1,1,0.0,14402.0,5122.142857142857,2943.6524041045463,0,0,0,2585
19,2,812,1,0,0,0,2,1,120.0,9.0,2014.0,1,10.0,2013.0,1,2015,3,10,11,1,5,2585.0,4417.0,5336.285714285715,2938.324903426311,0,0,0,5916
19,3,502,1,0,0,1,2,1,120.0,9.0,2014.0,1,10.0,2013.0,1,2015,3,11,11,1,6,5916.0,6819.0,4770.0,2986.528084582497,0,0,0,2855
19,4,409,1,0,0,0,2,1,120.0,9.0,2014.0,1,10.0,2013.0,1,2015,3,12,11,1,4,2855.0,6582.0,4256.571428571428,2931.524566793579,0,0,0,2988
19,5,1159,1,1,0,1,2,1,120.0,9.0,2014.0,1,10.0,2013.0,1,2015,3,13,11,1,0,2988.0,8079.0,4939.714285714285,4237.166101467887,0,0,0,12861
19,6,940,1,0,0,0,2,1,120.0,9.0,2014.0,1,10.0,2013.0,1,2015,3,14,11,1,2,12861.0,7373.0,5263.571428571428,4530.61956238301,1,0,0,9640
19,7,0,0,0,0,0,2,1,120.0,9.0,2014.0,1,10.0,2013.0,1,2015,3,15,11,1,3,9640.0,0.0,5263.571428571428,4530.61956238301,1,0,0,0
19,1,886,1,0,0,0,2,1,120.0,9.0,2014.0,1,10.0,2013.0,1,2015,3,16,12,1,1,0.0,2585.0,5644.285714285715,4377.4025294416215,0,0,0,5250
19,2,335,1,0,0,0,2,1,120.0,9.0,2014.0,1,10.0,2013.0,1,2015,3,17,12,1,5,5250.0,5916.0,5287.428571428572,4452.733387375401,0,0,0,3418
19,3,575,1,0,0,0,2,1,120.0,9.0,2014.0,1,10.0,2013.0,1,2015,3,18,12,1,6,3418.0,2855.0,5637.0,4324.139798850172,0,0,0,5302
19,4,1181,1,0,0,1,2,1,120.0,9.0,2014.0,1,10.0,2013.0,1,2015,3,19,12,1,4,5302.0,2988.0,6197.142857142857,4175.196060409277,0,0,0,6909
19,5,544,1,0,0,0,2,1,120.0,9.0,2014.0,1,10.0,2013.0,1,2015,3,20,12,1,0,6909.0,12861.0,5257.857142857143,3000.5186456439737,0,0,0,6286
19,6,362,1,0,0,0,2,1,120.0,9.0,2014.0,1,10.0,2013.0,1,2015,3,21,12,1,2,6286.0,9640.0,4260.857142857143,2401.426689044898,1,0,0,2661
19,7,0,0,0,0,0,2,1,120.0,9.0,2014.0,1,10.0,2013.0,1,2015,3,22,12,1,3,2661.0,0.0,4260.857142857143,2401.426689044898,1,0,0,0
19,1,823,1,0,0,0,2,1,120.0,9.0,2014.0,1,10.0,2013.0,1,2015,3,23,13,1,1,0.0,5250.0,4355.0,2458.896500465198,0,0,0,5909
19,2,1004,1,0,0,0,2,1,120.0,9.0,2014.0,1,10.0,2013.0,1,2015,3,24,13,1,5,5909.0,3418.0,5071.857142857143,2841.8431477107383,0,0,0,8436
19,3,583,1,0,0,0,2,1,120.0,9.0,2014.0,1,10.0,2013.0,1,2015,3,25,13,1,6,8436.0,5302.0,4957.714285714285,2847.099911271451,0,0,0,4503
19,4,1150,1,0,0,0,2,1,120.0,9.0,2014.0,1,10.0,2013.0,1,2015,3,26,13,1,4,4503.0,6909.0,5182.142857142857,3079.0223247307704,0,0,0,8480
19,5,636,1,0,0,0,2,1,120.0,9.0,2014.0,1,10.0,2013.0,1,2015,3,27,13,1,0,8480.0,6286.0,5036.0,3041.951237829649,0,0,0,5263
19,6,776,1,0,0,0,2,1,120.0,9.0,2014.0,1,10.0,2013.0,1,2015,3,28,13,1,2,5263.0,2661.0,5409.142857142857,2856.6209309002033,1,0,0,5273
19,7,0,0,0,0,0,2,1,120.0,9.0,2014.0,1,10.0,2013.0,1,2015,3,29,13,1,3,5273.0,0.0,5409.142857142857,2856.6209309002033,1,0,0,0
19,1,448,1,1,0,1,2,1,120.0,9.0,2014.0,1,10.0,2013.0,1,2015,3,30,14,1,1,0.0,5909.0,5304.428571428572,2848.667574916553,0,0,0,5176
19,2,645,1,0,0,0,2,1,120.0,9.0,2014.0,1,10.0,2013.0,1,2015,3,31,14,1,5,5176.0,8436.0,4662.714285714285,2511.66901443945,0,0,1,3944
19,3,694,1,0,0,0,2,1,120.0,9.0,2014.0,1,10.0,2013.0,1,2015,4,1,14,2,6,3944.0,4503.0,4659.571428571428,2511.9159259512685,0,1,0,4481
19,4,409,1,1,0,0,2,1,120.0,9.0,2014.0,1,10.0,2013.0,1,2015,4,2,14,2,4,4481.0,8480.0,4146.142857142857,1891.589404757405,0,0,0,4886
19,5,878,1,0,0,0,2,1,120.0,9.0,2014.0,1,10.0,2013.0,1,2015,4,3,14,2,0,4886.0,5263.0,4680.857142857143,2640.6460338694533,0,0,0,9006
19,6,448,1,0,0,0,2,1,120.0,9.0,2014.0,1,10.0,2013.0,1,2015,4,4,14,2,2,9006.0,5273.0,4322.142857142857,2716.269404199531,1,0,0,2762
19,7,0,0,0,0,1,2,1,120.0,9.0,2014.0,1,10.0,2013.0,1,2015,4,5,14,2,3,2762.0,0.0,4322.142857142857,2716.269404199531,1,0,0,0
19,1,804,1,1,0,1,2,1,120.0,9.0,2014.0,1,10.0,2013.0,1,2015,4,6,15,2,1,0.0,5176.0,4971.714285714285,3409.6749949853834,0,0,0,9723
19,2,711,1,0,0,0,2,1,120.0,9.0,2014.0,1,10.0,2013.0,1,2015,4,7,15,2,5,9723.0,3944.0,5450.285714285715,3475.8428577006434,0,0,0,7294
19,3,555,1,1,0,0,2,1,120.0,9.0,2014.0,1,10.0,2013.0,1,2015,4,8,15,2,6,7294.0,4481.0,5832.0,3498.3015402716032,0,0,0,7153
19,4,1026,1,0,0,1,2,1,120.0,9.0,2014.0,1,10.0,2013.0,1,2015,4,9,15,2,4,7153.0,4886.0,6099.285714285715,3485.42918037773,0,0,0,6757
19,5,685,1,1,0,0,2,1,120.0,9.0,2014.0,1,10.0,2013.0,1,2015,4,10,15,2,0,6757.0,9006.0,5869.428571428572,3310.4514725911563,0,0,0,7397
20,4,836,1,0,0,1,0,0,500.0,9.0,0.0,1,1.0,2013.0,2,2015,1,8,2,1,4,9674.0,6530.0,7991.714285714285,4406.863083656587,0,0,0,9560
20,5,899,1,1,0,0,0,0,500.0,9.0,0.0,1,1.0,2013.0,2,2015,1,9,2,1,0,9560.0,14151.0,7557.571428571428,3807.945108898099,0,0,0,11112
20,6,0,0,0,0,0,0,0,500.0,9.0,0.0,1,1.0,2013.0,2,2015,1,10,2,1,2,11112.0,8492.0,6344.428571428572,4707.164675865322,1,0,0,0
20,7,0,0,0,0,0,0,0,500.0,9.0,0.0,1,1.0,2013.0,2,2015,1,11,2,1,3,0.0,0.0,6344.428571428572,4707.164675865322,1,0,0,0
20,1,1110,1,1,0,0,0,0,500.0,9.0,0.0,1,1.0,2013.0,2,2015,1,12,3,1,1,0.0,8948.0,6630.857142857143,4946.892170126325,0,0,0,10953
20,2,635,1,0,0,0,0,0,500.0,9.0,0.0,1,1.0,2013.0,2,2015,1,13,3,1,5,10953.0,5117.0,6699.714285714285,4925.617210539396,0,0,0,5599
20,3,1134,1,1,0,0,0,0,500.0,9.0,0.0,1,1.0,2013.0,2,2015,1,14,3,1,6,5599.0,9674.0,6822.571428571428,5021.950877801138,0,0,0,10534
20,4,846,1,1,0,0,0,0,500.0,9.0,0.0,1,1.0,2013.0,2,2015,1,15,3,1,4,10534.0,9560.0,6960.857142857143,5122.219064317451,0,0,0,10528
20,5,655,1,1,0,0,0,0,500.0,9.0,0.0,1,1.0,2013.0,2,2015,1,16,3,1,0,10528.0,11112.0,6378.142857142857,4792.687048291087,0,0,0,7033
20,6,749,1,0,0,0,0,0,500.0,9.0,0.0,1,1.0,2013.0,2,2015,1,17,3,1,2,7033.0,0.0,7063.714285714285,4007.1191528031586,1,0,0,4799
20,7,0,0,0,0,0,0,0,500.0,9.0,0.0,1,1.0,2013.0,2,2015,1,18,3,1,3,4799.0,0.0,7063.714285714285,4007.1191528031586,1,0,0,0
20,1,1191,1,0,0,0,0,0,500.0,9.0,0.0,1,1.0,2013.0,2,2015,1,19,4,1,1,0.0,10953.0,7322.714285714285,4344.7664959997455,0,0,0,12766
20,2,633,1,1,0,0,0,0,500.0,9.0,0.0,1,1.0,2013.0,2,2015,1,20,4,1,5,12766.0,5599.0,7588.285714285715,4278.1497057445185,0,0,0,7458
20,3,410,1,0,0,0,0,0,500.0,9.0,0.0,1,1.0,2013.0,2,2015,1,21,4,1,6,7458.0,10534.0,6521.285714285715,4351.797472090726,0,0,0,3065
20,4,951,1,1,0,0,0,0,500.0,9.0,0.0,1,1.0,2013.0,2,2015,1,22,4,1,4,3065.0,10528.0,6473.0,4301.515856842407,0,0,0,10190
20,5,695,1,1,0,0,0,0,500.0,9.0,0.0,1,1.0,2013.0,2,2015,1,23,4,1,0,10190.0,7033.0,6408.285714285715,4295.089549484997,0,0,0,6580
20,6,1093,1,0,0,0,0,0,500.0,9.0,0.0,1,1.0,2013.0,2,2015,1,24,4,1,2,6580.0,4799.0,6766.857142857143,4242.802471188566,1,0,0,7309
20,7,0,0,0,0,0,0,0,500.0,9.0,0.0,1,1.0,2013.0,2,2015,1,25,4,1,3,7309.0,0.0,6766.857142857143,4242.802471188566,1,0,0,0
20,1,413,1,1,0,0,0,0,500.0,9.0,0.0,1,1.0,2013.0,2,2015,1,26,5,1,1,0.0,12766.0,5472.428571428572,3407.459310451256,0,0,0,3705
20,2,903,1,0,0,1,0,0,500.0,9.0,0.0,1,1.0,2013.0,2,2015,1,27,5,1,5,3705.0,7458.0,5713.571428571428,3624.229980613944,0,0,0,9146
20,3,491,1,1,0,0,0,0,500.0,9.0,0.0,1,1.0,2013.0,2,2015,1,28,5,1,6,9146.0,3065.0,6107.428571428572,3433.2011232057102,0,0,0,5822
20,4,752,1,0,0,0,0,0,500.0,9.0,0.0,1,1.0,2013.0,2,2015,1,29,5,1,4,5822.0,10190.0,5585.571428571428,2953.303735205871,0,0,0,6537
20,5,593,1,0,0,0,0,0,500.0,9.0,0.0,1,1.0,2013.0,2,2015,1,30,5,1,0,6537.0,6580.0,5406.857142857143,2920.770071320884,0,0,0,5329
20,6,710,1,0,0,0,0,0,500.0,9.0,0.0,1,1.0,2013.0,2,2015,1,31,5,1,2,5329.0,7309.0,5409.428571428572,2922.731077670497,1,0,1,7327
20,7,0,0,0,0,0,0,0,500.0,9.0,0.0,1,1.0,2013.0,2,2015,2,1,5,1,3,7327.0,0.0,5409.428571428572,2922.731077670497,1,1,0,0
20,1,745,1,1,0,0,0,0,500.0,9.0,0.0,1,1.0,2013.0,2,2015,2,2,6,1,1,0.0,3705.0,5711.714285714285,2824.854551670799,0,0,0,5821
20,2,0,0,0,0,1,0,0,500.0,9.0,0.0,1,1.0,2013.0,2,2015,2,3,6,1,5,5821.0,9146.0,4405.142857142857,3075.6646668414837,0,0,0,0
20,3,900,1,0,0,0,0,0,500.0,9.0,0.0,1,1.0,2013.0,2,2015,2,4,6,1,6,0.0,5822.0,4475.285714285715,3118.6608618810355,0,0,0,6313
20,4,539,1,1,0,0,0,0,500.0,9.0,0.0,1,1.0,2013.0,2,2015,2,5,6,1,4,6313.0,6537.0,4130.142857142857,2983.2102634897306,0,0,0,4121
20,5,678,1,1,0,0,0,0,500.0,9.0,0.0,1,1.0,2013.0,2,2015,2,6,6,1,0,4121.0,5329.0,4623.428571428572,3461.6099750040603,0,0,0,8782
20,6,417,1,0,0,0,0,0,500.0,9.0,0.0,1,1.0,2013.0,2,2015,2,7,6,1,2,8782.0,7327.0,4113.714285714285,3253.6067020198616,1,0,0,3759
20,7,0,0,0,0,0,0,0,500.0,9.0,0.0,1,1.0,2013.0,2,2015,2,8,6,1,3,3759.0,0.0,4113.714285714285,3253.6067020198616,1,0,0,0
20,1,610,1,1,0,1,0,0,500.0,9.0,0.0,1,1.0,2013.0,2,2015,2,9,7,1,1,0.0,5821.0,4152.142857142857,3278.6247842945477,0,0,0,6090
20,2,924,1,0,0,0,0,0,500.0,9.0,0.0,1,1.0,2013.0,2,2015,2,10,7,1,5,6090.0,0.0,5490.857142857143,3213.1856170355,0,0,0,9371
20,3,676,1,0,0,0,0,0,500.0,9.0,0.0,1,1.0,2013.0,2,2015,2,11,7,1,6,9371.0,6313.0,5533.0,3227.66757891825,0,0,0,6608
20,4,812,1,1,0,0,0,0,500.0,9.0,0.0,1,1.0,2013.0,2,2015,2,12,7,1,4,6608.0,4121.0,5946.428571428572,3201.9042697090354,0,0,0,7015
20,5,371,1,1,0,0,0,0,500.0,9.0,0.0,1,1.0,2013.0,2,2015,2,13,7,1,0,7015.0,8782.0,5389.714285714285,2956.0614401759703,0,0,0,4885
20,6,547,1,0,0,0,0,0,500.0,9.0,0.0,1,1.0,2013.0,2,2015,2,14,7,1,2,4885.0,3759.0,5603.714285714285,2871.3413656504226,1,0,0,5257
20,7,0,0,0,0,0,0,0,500.0,9.0,0.0,1,1.0,2013.0,2,2015,2,15,7,1,3,5257.0,0.0,5603.714285714285,2871.3413656504226,1,0,0,0
20,1,490,1,0,0,0,0,0,500.0,9.0,0.0,1,1.0,2013.0,2,2015,2,16,8,1,1,0.0,6090.0,5377.285714285715,2889.0430200030887,0,0,0,4505
20,2,863,1,1,0,0,0,0,500.0,9.0,0.0,1,1.0,2013.0,2,2015,2,17,8,1,5,4505.0,9371.0,4959.571428571428,2382.3152504194204,0,0,0,6447
20,3,859,1,0,0,0,0,0,500.0,9.0,0.0,1,1.0,2013.0,2,2015,2,18,8,1,6,6447.0,6608.0,4830.714285714285,2301.3099685675907,0,0,0,5706
20,4,579,1,0,0,0,0,0,500.0,9.0,0.0,1,1.0,2013.0,2,2015,2,19,8,1,4,5706.0,7015.0,4611.142857142857,2124.7179756830005,0,0,0,5478
20,5,916,1,1,0,0,0,0,500.0,9.0,0.0,1,1.0,2013.0,2,2015,2,20,8,1,0,5478.0,4885.0,4979.571428571428,2387.4734802815324,0,0,0,7464
20,6,405,1,0,0,0,0,0,500.0,9.0,0.0,1,1.0,2013.0,2,2015,2,21,8,1,2,7464.0,5257.0,4702.142857142857,2461.5456816514975,1,0,0,3315
20,7,0,0,0,0,0,0,0,500.0,9.0,0.0,1,1.0,2013.0,2,2015,2,22,8,1,3,3315.0,0.0,4702.142857142857,2461.5456816514975,1,0,0,0
20,1,662,1,0,0,0,0,0,500.0,9.0,0.0,1,1.0,2013.0,2,2015,2,23,9,1,1,0.0,4505.0,4861.428571428572,2482.647636237224,0,0,0,5620
20,2,343,1,0,0,0,0,0,500.0,9.0,0.0,1,1.0,2013.0,2,2015,2,24,9,1,5,5620.0,6447.0,4391.0,2443.8149820857257,0,0,0,3154
20,3,878,1,0,0,0,0,0,500.0,9.0,0.0,1,1.0,2013.0,2,2015,2,25,9,1,6,3154.0,5706.0,4645.857142857143,2684.9364007719937,0,0,0,7490
20,4,1111,1,0,0,1,0,0,500.0,9.0,0.0,1,1.0,2013.0,2,2015,2,26,9,1,4,7490.0,5478.0,5735.142857142857,4198.775632196106,0,0,0,13103
20,5,957,1,1,0,0,0,0,500.0,9.0,0.0,1,1.0,2013.0,2,2015,2,27,9,1,0,13103.0,7464.0,6210.142857142857,4596.2203830455965,0,0,0,10789
20,6,0,0,0,0,1,0,0,500.0,9.0,0.0,1,1.0,2013.0,2,2015,2,28,9,1,2,10789.0,3315.0,5736.571428571428,5088.6406782539625,1,0,1,0
20,7,0,0,0,0,0,0,0,500.0,9.0,0.0,1,1.0,2013.0,2,2015,3,1,9,1,3,0.0,0.0,5736.571428571428,5088.6406782539625,1,1,0,0
20,1,596,1,0,0,0,0,0,500.0,9.0,0.0,1,1.0,2013.0,2,2015,3,2,10,1,1,0.0,5620.0,5811.428571428572,5090.49388098846,0,0,0,6144
20,2,923,1,1,0,0,0,0,500.0,9.0,0.0,1,1.0,2013.0,2,2015,3,3,10,1,5,6144.0,3154.0,6796.285714285715,5157.12732420824,0,0,0,10048
20,3,311,1,0,0,0,0,0,500.0,9.0,0.0,1,1.0,2013.0,2,2015,3,4,10,1,6,10048.0,7490.0,6041.0,5419.096050080678,0,0,0,2203
20,4,500,1,0,0,0,0,0,500.0,9.0,0.0,1,1.0,2013.0,2,2015,3,5,10,1,4,2203.0,13103.0,4930.285714285715,4438.474464433538,0,0,0,5328
20,5,301,1,1,0,0,0,0,500.0,9.0,0.0,1,1.0,2013.0,2,2015,3,6,10,1,0,5328.0,10789.0,3922.1428571428573,3610.1067587432667,0,0,0,3732
20,6,578,1,0,0,0,0,0,500.0,9.0,0.0,1,1.0,2013.0,2,2015,3,7,10,1,2,3732.0,0.0,4485.857142857143,3177.792023222594,1,0,0,3946
20,7,0,0,0,0,0,0,0,500.0,9.0,0.0,1,1.0,2013.0,2,2015,3,8,10,1,3,3946.0,0.0,4485.857142857143,3177.792023222594,1,0,0,0
20,1,1195,1,0,0,0,0,0,500.0,9.0,0.0,1,1.0,2013.0,2,2015,3,9,11,1,1,0.0,6144.0,5018.0,3760.2466674408483,0,0,0,9869
20,2,659,1,0,0,0,0,0,500.0,9.0,0.0,1,1.0,2013.0,2,2015,3,10,11,1,5,9869.0,10048.0,4682.714285714285,3315.3029883800837,0,0,0,7701
20,3,0,0,0,0,1,0,0,500.0,9.0,0.0,1,1.0,2013.0,2,2015,3,11,11,1,6,7701.0,2203.0,4368.0,3674.9811337384226,0,0,0,0
20,4,615,1,0,0,1,0,0,500.0,9.0,0.0,1,1.0,2013.0,2,2015,3,12,11,1,4,0.0,5328.0,4140.571428571428,3654.8751851530615,0,0,0,3736
20,5,1117,1,0,0,0,0,0,500.0,9.0,0.0,1,1.0,2013.0,2,2015,3,13,11,1,0,3736.0,3732.0,5408.571428571428,4837.773656588427,0,0,0,12608
20,6,681,1,0,0,1,0,0,500.0,9.0,0.0,1,1.0,2013.0,2,2015,3,14,11,1,2,12608.0,3946.0,5793.142857142857,4809.044202630826,1,0,0,6638
20,7,0,0,0,0,0,0,0,500.0,9.0,0.0,1,1.0,2013.0,2,2015,3,15,11,1,3,6638.0,0.0,5793.142857142857,4809.044202630826,1,0,0,0
20,1,1197,1,0,0,0,0,0,500.0,9.0,0.0,1,1.0,2013.0,2,2015,3,16,12,1,1,0.0,9869.0,6285.571428571428,5432.077621473601,0,0,0,13316
20,2,0,0,0,0,0,0,0,500.0,9.0,0.0,1,1.0,2013.0,2,2015,3,17,12,1,5,13316.0,7701.0,5185.428571428572,5860.568426843448,0,0,0,0
20,3,1074,1,1,0,1,0,0,500.0,9.0,0.0,1,1.0,2013.0,2,2015,3,18,12,1,6,0.0,0.0,6418.285714285715,5483.527140879482,0,0,0,8630
20,4,952,1,0,0,0,0,0,500.0,9.0,0.0,1,1.0,2013.0,2,2015,3,19,12,1,4,8630.0,3736.0,7057.142857142857,5378.442631734316,0,0,0,8208
20,5,613,1,0,0,0,0,0,500.0,9.0,0.0,1,1.0,2013.0,2,2015,3,20,12,1,0,8208.0,12608.0,5818.428571428572,4860.525618255117,0,0,0,3937
20,6,827,1,0,0,0,0,0,500.0,9.0,0.0,1,1.0,2013.0,2,2015,3,21,12,1,2,3937.0,6638.0,5744.857142857143,4849.938708498333,1,0,0,6123
20,7,0,0,0,0,0,0,0,500.0,9.0,0.0,1,1.0,2013.0,2,2015,3,22,12,1,3,6123.0,0.0,5744.857142857143,4849.938708498333,1,0,0,0
20,1,0,0,0,0,0,0,0,500.0,9.0,0.0,1,1.0,2013.0,2,2015,3,23,13,1,1,0.0,13316.0,3842.5714285714284,3904.735921806698,0,0,0,0
20,2,417,1,0,0,0,0,0,500.0,9.0,0.0,1,1.0,2013.0,2,2015,3,24,13,1,5,0.0,0.0,4375.285714285715,3529.467085093994,0,0,0,3729
20,3,844,1,1,0,0,0,0,500.0,9.0,0.0,1,1.0,2013.0,2,2015,3,25,13,1,6,3729.0,8630.0,4597.0,3873.2859434851944,0,0,0,10182
20,4,509,1,1,0,0,0,0,500.0,9.0,0.0,1,1.0,2013.0,2,2015,3,26,13,1,4,10182.0,8208.0,4115.142857142857,3545.0924495971135,0,0,0,4835
20,5,398,1,1,0,0,0,0,500.0,9.0,0.0,1,1.0,2013.0,2,2015,3,27,13,1,0,4835.0,3937.0,4106.285714285715,3545.689106238056,0,0,0,3875
20,6,800,1,0,0,1,0,0,500.0,9.0,0.0,1,1.0,2013.0,2,2015,3,28,13,1,2,3875.0,6123.0,4404.0,3820.1167521425295,1,0,0,8207
20,7,0,0,0,0,0,0,0,500.0,9.0,0.0,1,1.0,2013.0,2,2015,3,29,13,1,3,8207.0,0.0,4404.0,3820.1167521425295,1,0,0,0
20,1,695,1,0,0,1,0,0,500.0,9.0,0.0,1,1.0,2013.0,2,2015,3,30,14,1,1,0.0,0.0,5341.857142857143,3333.602277245613,0,0,0,6565
20,2,908,1,1,0,1,0,0,500.0,9.0,0.0,1,1.0,2013.0,2,2015,3,31,14,1,5,6565.0,3729.0,6491.142857142857,4004.218085493157,0,0,1,11774
20,3,845,1,1,0,0,0,0,500.0,9.0,0.0,1,1.0,2013.0,2,2015,4,1,14,2,6,11774.0,10182.0,6405.285714285715,3917.392105056872,0,1,0,9581
20,4,693,1,1,0,0,0,0,500.0,9.0,0.0,1,1.0,2013.0,2,2015,4,2,14,2,4,9581.0,4835.0,6668.0,3855.711002309865,0,0,0,6674
20,5,570,1,1,0,1,0,0,500.0,9.0,0.0,1,1.0,2013.0,2,2015,4,3,14,2,0,6674.0,3875.0,6884.142857142857,3712.8060111175328,0,0,0,5388
20,6,927,1,0,0,1,0,0,500.0,9.0,0.0,1,1.0,2013.0,2,2015,4,4,14,2,2,5388.0,8207.0,6908.0,3723.244776625179,1,0,0,8374
20,7,0,0,0,0,0,0,0,500.0,9.0,0.0,1,1.0,2013.0,2,2015,4,5,14,2,3,8374.0,0.0,6908.0,3723.244776625179,1,0,0,0
20,1,990,1,1,0,0,0,0,500.0,9.0,0.0,1,1.0,2013.0,2,2015,4,6,15,2,1,0.0,6565.0,7388.0,3884.7383009241025,0,0,0,9925
20,2,1026,1,0,0,0,0,0,500.0,9.0,0.0,1,1.0,2013.0,2,2015,4,7,15,2,5,9925.0,11774.0,6819.142857142857,3396.276904129553,0,0,0,7792
20,3,854,1,0,0,0,0,0,500.0,9.0,0.0,1,1.0,2013.0,2,2015,4,8,15,2,6,7792.0,9581.0,6778.857142857143,3359.530147137218,0,0,0,9299
20,4,711,1,0,0,0,0,0,500.0,9.0,0.0,1,1.0,2013.0,2,2015,4,9,15,2,4,9299.0,6674.0,6686.285714285715,3371.8063761276753,0,0,0,6026
20,5,456,1,0,0,0,0,0,500.0,9.0,0.0,1,1.0,2013.0,2,2015,4,10,15,2,0,6026.0,5388.0,6462.571428571428,3520.954409301682,0,0,0,3822
27,4,324,1,0,0,0,2,0,15000.0,9.0,2008.0,1,1.0,2009.0,2,2015,1,8,2,1,4,5426.0,4090.0,4447.0,2811.523134056224,0,0,0,2128
27,5,577,1,1,0,1,2,0,15000.0,9.0,2008.0,1,1.0,2009.0,2,2015,1,9,2,1,0,2128.0,6134.0,4192.0,2712.2080180792423,0,0,0,4349
27,6,1181,1,0,0,0,2,0,15000.0,9.0,2008.0,1,1.0,2009.0,2,2015,1,10,2,1,2,4349.0,6386.0,4415.857142857143,2975.3749023482414,1,0,0,7953
27,7,0,0,0,0,0,2,0,15000.0,9.0,2008.0,1,1.0,2009.0,2,2015,1,11,2,1,3,7953.0,0.0,4415.857142857143,2975.3749023482414,1,0,0,0
27,1,416,1,0,0,0,2,0,15000.0,9.0,2008.0,1,1.0,2009.0,2,2015,1,12,3,1,1,0.0,3040.0,4436.857142857143,2964.5447895965085,0,0,0,3187
27,2,1160,1,1,0,0,2,0,15000.0,9.0,2008.0,1,1.0,2009.0,2,2015,1,13,3,1,5,3187.0,8015.0,4704.857142857143,3395.4124653013523,0,0,0,9891
27,3,1037,1,0,0,0,2,0,15000.0,9.0,2008.0,1,1.0,2009.0,2,2015,1,14,3,1,6,9891.0,5426.0,5670.428571428572,4436.19859253178,0,0,0,12185
27,4,938,1,0,0,0,2,0,15000.0,9.0,2008.0,1,1.0,2009.0,2,2015,1,15,3,1,4,12185.0,2128.0,6965.0,4550.908517354896,0,0,0,11190
27,5,538,1,0,0,0,2,0,15000.0,9.0,2008.0,1,1.0,2009.0,2,2015,1,16,3,1,0,11190.0,4349.0,7095.571428571428,4475.8354101829555,0,0,0,5263
27,6,554,1,0,0,1,2,0,15000.0,9.0,2008.0,1,1.0,2009.0,2,2015,1,17,3,1,2,5263.0,7953.0,6613.428571428572,4549.2557214392355,1,0,0,4578
27,7,0,0,0,0,0,2,0,15000.0,9.0,2008.0,1,1.0,2009.0,2,2015,1,18,3,1,3,4578.0,0.0,6613.428571428572,4549.2557214392355,1,0,0,0
27,1,1042,1,1,0,1,2,0,15000.0,9.0,2008.0,1,1.0,2009.0,2,2015,1,19,4,1,1,0.0,3187.0,7903.428571428572,4693.706170932265,0,0,0,12217
27,2,608,1,0,0,0,2,0,15000.0,9.0,2008.0,1,1.0,2009.0,2,2015,1,20,4,1,5,12217.0,9891.0,7032.142857142857,4827.4337360745285,0,0,0,3792
27,3,867,1,1,0,0,2,0,15000.0,9.0,2008.0,1,1.0,2009.0,2,2015,1,21,4,1,6,3792.0,12185.0,6474.857142857143,4333.31929851207,0,0,0,8284
27,4,1060,1,0,0,1,2,0,15000.0,9.0,2008.0,1,1.0,2009.0,2,2015,1,22,4,1,4,8284.0,11190.0,6031.428571428572,3908.3829502384083,0,0,0,8086
27,5,1133,1,0,0,1,2,0,15000.0,9.0,2008.0,1,1.0,2009.0,2,2015,1,23,4,1,0,8086.0,5263.0,6920.285714285715,4383.173002680657,0,0,0,11485
27,6,712,1,0,0,0,2,0,15000.0,9.0,2008.0,1,1.0,2009.0,2,2015,1,24,4,1,2,11485.0,4578.0,7431.857142857143,4271.795228728839,1,0,0,8159
27,7,0,0,0,0,1,2,0,15000.0,9.0,2008.0,1,1.0,2009.0,2,2015,1,25,4,1,3,8159.0,0.0,7431.857142857143,4271.795228728839,1,0,0,0
27,1,582,1,0,0,0,2,0,15000.0,9.0,2008.0,1,1.0,2009.0,2,2015,1,26,5,1,1,0.0,12217.0,6654.428571428572,3714.6670939732426,0,0,0,6775
27,2,399,1,0,0,0,2,0,15000.0,9.0,2008.0,1,1.0,2009.0,2,2015,1,27,5,1,5,6775.0,3792.0,6460.428571428572,3918.9194453379127,0,0,0,2434
27,3,704,1,1,0,0,2,0,15000.0,9.0,2008.0,1,1.0,2009.0,2,2015,1,28,5,1,6,2434.0,8284.0,6113.142857142857,3837.2490766420765,0,0,0,5853
27,4,1007,1,0,0,0,2,0,15000.0,9.0,2008.0,1,1.0,2009.0,2,2015,1,29,5,1,4,5853.0,8086.0,5852.714285714285,3741.7111377142983,0,0,0,6263
27,5,1160,1,1,0,1,2,0,15000.0,9.0,2008.0,1,1.0,2009.0,2,2015,1,30,5,1,0,6263.0,11485.0,6261.0,4531.332438330547,0,0,0,14343
27,6,815,1,0,0,1,2,0,15000.0,9.0,2008.0,1,1.0,2009.0,2,2015,1,31,5,1,2,14343.0,8159.0,6105.285714285715,4473.599844803798,1,0,1,7069
27,7,0,0,0,0,0,2,0,15000.0,9.0,2008.0,1,1.0,2009.0,2,2015,2,1,5,1,3,7069.0,0.0,6105.285714285715,4473.599844803798,1,1,0,0
27,1,474,1,1,0,0,2,0,15000.0,9.0,2008.0,1,1.0,2009.0,2,2015,2,2,6,1,1,0.0,6775.0,5816.571428571428,4488.365287315744,0,0,0,4754
27,2,0,0,0,0,0,2,0,15000.0,9.0,2008.0,1,1.0,2009.0,2,2015,2,3,6,1,5,4754.0,2434.0,5468.857142857143,4871.976239288372,0,0,0,0
27,3,952,1,0,0,0,2,0,15000.0,9.0,2008.0,1,1.0,2009.0,2,2015,2,4,6,1,6,0.0,5853.0,5502.428571428572,4875.872532417244,0,0,0,6088
27,4,1022,1,1,0,0,2,0,15000.0,9.0,2008.0,1,1.0,2009.0,2,2015,2,5,6,1,4,6088.0,6263.0,5620.0,4907.0912293672845,0,0,0,7086
27,5,767,1,0,0,1,2,0,15000.0,9.0,2008.0,1,1.0,2009.0,2,2015,2,6,6,1,0,7086.0,14343.0,4463.285714285715,3146.7575223969666,0,0,0,6246
27,6,565,1,0,0,0,2,0,15000.0,9.0,2008.0,1,1.0,2009.0,2,2015,2,7,6,1,2,6246.0,7069.0,3953.285714285714,2936.3213217837542,1,0,0,3499
27,7,0,0,0,0,0,2,0,15000.0,9.0,2008.0,1,1.0,2009.0,2,2015,2,8,6,1,3,3499.0,0.0,3953.285714285714,2936.3213217837542,1,0,0,0
27,1,757,1,1,0,0,2,0,15000.0,9.0,2008.0,1,1.0,2009.0,2,2015,2,9,7,1,1,0.0,4754.0,4130.714285714285,3028.8355691192437,0,0,0,5996
27,2,321,1,0,0,0,2,0,15000.0,9.0,2008.0,1,1.0,2009.0,2,2015,2,10,7,1,5,5996.0,0.0,4546.142857142857,2525.444939581367,0,0,0,2908
27,3,976,1,0,0,0,2,0,15000.0,9.0,2008.0,1,1.0,2009.0,2,2015,2,11,7,1,6,2908.0,6088.0,5296.714285714285,3608.5565310931784,0,0,0,11342
27,4,973,1,0,0,0,2,0,15000.0,9.0,2008.0,1,1.0,2009.0,2,2015,2,12,7,1,4,11342.0,7086.0,5220.571428571428,3569.925482749037,0,0,0,6553
27,5,656,1,0,0,0,2,0,15000.0,9.0,2008.0,1,1.0,2009.0,2,2015,2,13,7,1,0,6553.0,6246.0,5301.285714285715,3603.206059159246,0,0,0,6811
27,6,537,1,0,0,0,2,0,15000.0,9.0,2008.0,1,1.0,2009.0,2,2015,2,14,7,1,2,6811.0,3499.0,5696.428571428572,3523.4005760128407,1,0,0,6265
27,7,0,0,0,0,1,2,0,15000.0,9.0,2008.0,1,1.0,2009.0,2,2015,2,15,7,1,3,6265.0,0.0,5696.428571428572,3523.4005760128407,1,0,0,0
27,1,433,1,0,0,0,2,0,15000.0,9.0,2008.0,1,1.0,2009.0,2,2015,2,16,8,1,1,0.0,5996.0,5407.571428571428,3577.2209351740653,0,0,0,3974
27,2,559,1,0,0,1,2,0,15000.0,9.0,2008.0,1,1.0,2009.0,2,2015,2,17,8,1,5,3974.0,2908.0,5533.142857142857,3489.1994033288597,0,0,0,3787
27,3,537,1,0,0,0,2,0,15000.0,9.0,2008.0,1,1.0,2009.0,2,2015,2,18,8,1,6,3787.0,11342.0,4749.428571428572,2418.988552897184,0,0,0,5856
27,4,661,1,1,0,0,2,0,15000.0,9.0,2008.0,1,1.0,2009.0,2,2015,2,19,8,1,4,5856.0,6553.0,5006.285714285715,2719.241665997201,0,0,0,8351
27,5,1168,1,0,0,0,2,0,15000.0,9.0,2008.0,1,1.0,2009.0,2,2015,2,20,8,1,0,8351.0,6811.0,5656.142857142857,3617.5991775656694,0,0,0,11360
27,6,939,1,0,0,0,2,0,15000.0,9.0,2008.0,1,1.0,2009.0,2,2015,2,21,8,1,2,11360.0,6265.0,5861.285714285715,3697.7085568536318,1,0,0,7701
27,7,0,0,0,0,0,2,0,15000.0,9.0,2008.0,1,1.0,2009.0,2,2015,2,22,8,1,3,7701.0,0.0,5861.285714285715,3697.7085568536318,1,0,0,0
27,1,748,1,0,0,0,2,0,15000.0,9.0,2008.0,1,1.0,2009.0,2,2015,2,23,9,1,1,0.0,3974.0,6240.571428571428,3606.910629016789,0,0,0,6629
27,2,344,1,0,0,0,2,0,15000.0,9.0,2008.0,1,1.0,2009.0,2,2015,2,24,9,1,5,6629.0,3787.0,6130.0,3705.186634975356,0,0,0,3013
27,3,988,1,0,0,0,2,0,15000.0,9.0,2008.0,1,1.0,2009.0,2,2015,2,25,9,1,6,3013.0,5856.0,6587.142857142857,3859.9220816216584,0,0,0,9056
27,4,1045,1,0,0,0,2,0,15000.0,9.0,2008.0,1,1.0,2009.0,2,2015,2,26,9,1,4,9056.0,8351.0,7178.428571428572,4447.45600904393,0,0,0,12490
27,5,1148,1,1,0,0,2,0,15000.0,9.0,2008.0,1,1.0,2009.0,2,2015,2,27,9,1,0,12490.0,11360.0,7370.428571428572,4680.946159953237,0,0,0,12704
27,6,1017,1,0,0,1,2,0,15000.0,9.0,2008.0,1,1.0,2009.0,2,2015,2,28,9,1,2,12704.0,7701.0,7890.0,4919.522436172033,1,0,1,11338
27,7,0,0,0,0,0,2,0,15000.0,9.0,2008.0,1,1.0,2009.0,2,2015,3,1,9,1,3,11338.0,0.0,7890.0,4919.522436172033,1,1,0,0
27,1,539,1,0,0,0,2,0,15000.0,9.0,2008.0,1,1.0,2009.0,2,2015,3,2,10,1,1,0.0,6629.0,7424.857142857143,5204.307012099736,0,0,0,3373
27,2,544,1,0,0,0,2,0,15000.0,9.0,2008.0,1,1.0,2009.0,2,2015,3,3,10,1,5,3373.0,3013.0,7916.428571428572,4869.898214444284,0,0,0,6454
27,3,373,1,1,0,1,2,0,15000.0,9.0,2008.0,1,1.0,2009.0,2,2015,3,4,10,1,6,6454.0,9056.0,7340.0,4950.664029535163,0,0,0,5021
27,4,330,1,0,0,0,2,0,15000.0,9.0,2008.0,1,1.0,2009.0,2,2015,3,5,10,1,4,5021.0,12490.0,6017.428571428572,4567.33408226808,0,0,0,3232
27,5,305,1,1,0,1,2,0,15000.0,9.0,2008.0,1,1.0,2009.0,2,2015,3,6,10,1,0,3232.0,12704.0,4743.0,3513.699380045669,0,0,0,3783
27,6,467,1,0,0,0,2,0,15000.0,9.0,2008.0,1,1.0,2009.0,2,2015,3,7,10,1,2,3783.0,11338.0,3594.5714285714284,1976.3347268064008,1,0,0,3299
27,7,0,0,0,0,0,2,0,15000.0,9.0,2008.0,1,1.0,2009.0,2,2015,3,8,10,1,3,3299.0,0.0,3594.5714285714284,1976.3347268064008,1,0,0,0
27,1,1155,1,0,0,0,2,0,15000.0,9.0,2008.0,1,1.0,2009.0,2,2015,3,9,11,1,1,0.0,3373.0,4064.5714285714284,2282.369153397612,0,0,0,6663
27,2,956,1,1,0,0,2,0,15000.0,9.0,2008.0,1,1.0,2009.0,2,2015,3,10,11,1,5,6663.0,6454.0,4929.0,3906.3209886882887,0,0,0,12505
27,3,1042,1,1,0,0,2,0,15000.0,9.0,2008.0,1,1.0,2009.0,2,2015,3,11,11,1,6,12505.0,5021.0,5610.142857142857,4318.941013279814,0,0,0,9789
27,4,837,1,1,0,0,2,0,15000.0,9.0,2008.0,1,1.0,2009.0,2,2015,3,12,11,1,4,9789.0,3232.0,6319.714285714285,4270.864187112708,0,0,0,8199
27,5,1195,1,1,0,1,2,0,15000.0,9.0,2008.0,1,1.0,2009.0,2,2015,3,13,11,1,0,8199.0,3783.0,7722.0,4868.776882681454,0,0,0,13599
27,6,960,1,0,0,1,2,0,15000.0,9.0,2008.0,1,1.0,2009.0,2,2015,3,14,11,1,2,13599.0,3299.0,8696.0,4504.854677641296,1,0,0,10117
27,7,0,0,0,0,0,2,0,15000.0,9.0,2008.0,1,1.0,2009.0,2,2015,3,15,11,1,3,10117.0,0.0,8696.0,4504.854677641296,1,0,0,0
27,1,444,1,0,0,0,2,0,15000.0,9.0,2008.0,1,1.0,2009.0,2,2015,3,16,12,1,1,0.0,6663.0,8447.0,4680.693930035019,0,0,0,4920
27,2,966,1,1,0,0,2,0,15000.0,9.0,2008.0,1,1.0,2009.0,2,2015,3,17,12,1,5,4920.0,12505.0,7843.0,4329.380209683598,0,0,0,8277
27,3,713,1,0,0,0,2,0,15000.0,9.0,2008.0,1,1.0,2009.0,2,2015,3,18,12,1,6,8277.0,9789.0,7085.571428571428,4395.473651274412,0,0,0,4487
27,4,511,1,1,0,1,2,0,15000.0,9.0,2008.0,1,1.0,2009.0,2,2015,3,19,12,1,4,4487.0,8199.0,6513.142857142857,4486.283592929728,0,0,0,4192
27,5,1044,1,0,0,0,2,0,15000.0,9.0,2008.0,1,1.0,2009.0,2,2015,3,20,12,1,0,4192.0,13599.0,5945.0,3604.5471282811645,0,0,0,9622
27,6,501,1,0,0,0,2,0,15000.0,9.0,2008.0,1,1.0,2009.0,2,2015,3,21,12,1,2,9622.0,10117.0,5353.0,3111.765629563596,1,0,0,5973
27,7,0,0,0,0,1,2,0,15000.0,9.0,2008.0,1,1.0,2009.0,2,2015,3,22,12,1,3,5973.0,0.0,5353.0,3111.765629563596,1,0,0,0
27,1,872,1,0,0,0,2,0,15000.0,9.0,2008.0,1,1.0,2009.0,2,2015,3,23,13,1,1,0.0,4920.0,5811.571428571428,3269.8302125718405,0,0,0,8130
27,2,504,1,1,0,0,2,0,15000.0,9.0,2008.0,1,1.0,2009.0,2,2015,3,24,13,1,5,8130.0,8277.0,5522.0,3100.474641083199,0,0,0,6250
27,3,610,1,0,0,1,2,0,15000.0,9.0,2008.0,1,1.0,2009.0,2,2015,3,25,13,1,6,6250.0,4487.0,5880.857142857143,3106.0830869210713,0,0,0,6999
27,4,1195,1,0,0,0,2,0,15000.0,9.0,2008.0,1,1.0,2009.0,2,2015,3,26,13,1,4,6999.0,4192.0,6572.428571428572,3204.74600434745,0,0,0,9033
27,5,354,1,0,0,0,2,0,15000.0,9.0,2008.0,1,1.0,2009.0,2,2015,3,27,13,1,0,9033.0,9622.0,5508.285714285715,3259.618265701557,0,0,0,2173
27,6,329,1,0,0,0,2,0,15000.0,9.0,2008.0,1,1.0,2009.0,2,2015,3,28,13,1,2,2173.0,5973.0,5192.285714285715,3313.827681814776,1,0,0,3761
27,7,0,0,0,0,0,2,0,15000.0,9.0,2008.0,1,1.0,2009.0,2,2015,3,29,13,1,3,3761.0,0.0,5192.285714285715,3313.827681814776,1,0,0,0
27,1,1159,1,0,0,0,2,0,15000.0,9.0,2008.0,1,1.0,2009.0,2,2015,3,30,14,1,1,0.0,8130.0,5937.714285714285,4469.98485136455,0,0,0,13348
27,2,338,1,1,0,0,2,0,15000.0,9.0,2008.0,1,1.0,2009.0,2,2015,3,31,14,1,5,13348.0,6250.0,5570.857142857143,4544.83631639877,0,0,1,3682
27,3,511,1,1,0,0,2,0,15000.0,9.0,2008.0,1,1.0,2009.0,2,2015,4,1,14,2,6,3682.0,6999.0,5393.0,4503.808388464145,0,1,0,5754
27,4,647,1,1,0,0,2,0,15000.0,9.0,2008.0,1,1.0,2009.0,2,2015,4,2,14,2,4,5754.0,9033.0,5255.142857142857,4387.078239123445,0,0,0,8068
27,5,641,1,0,0,1,2,0,15000.0,9.0,2008.0,1,1.0,2009.0,2,2015,4,3,14,2,0,8068.0,2173.0,6008.714285714285,4219.254701732906,0,0,0,7448
27,6,309,1,0,0,0,2,0,15000.0,9.0,2008.0,1,1.0,2009.0,2,2015,4,4,14,2,2,7448.0,3761.0,5930.285714285715,4272.762483229701,1,0,0,3212
27,7,0,0,0,0,0,2,0,15000.0,9.0,2008.0,1,1.0,2009.0,2,2015,4,5,14,2,3,3212.0,0.0,5930.285714285715,4272.762483229701,1,0,0,0
27,1,452,1,1,0,0,2,0,15000.0,9.0,2008.0,1,1.0,2009.0,2,2015,4,6,15,2,1,0.0,13348.0,4538.857142857143,2779.5984978992565,0,0,0,3608
27,2,369,1,1,0,0,2,0,15000.0,9.0,2008.0,1,1.0,2009.0,2,2015,4,7,15,2,5,3608.0,3682.0,4695.285714285715,2754.0341751865085,0,0,0,4777
27,3,300,1,0,0,0,2,0,15000.0,9.0,2008.0,1,1.0,2009.0,2,2015,4,8,15,2,6,4777.0,5754.0,4346.857142857143,2752.0513820646233,0,0,0,3315
27,4,723,1,0,0,0,2,0,15000.0,9.0,2008.0,1,1.0,2009.0,2,2015,4,9,15,2,4,3315.0,8068.0,4403.857142857143,2844.5459759905098,0,0,0,8467
27,5,995,1,0,0,0,2,0,15000.0,9.0,2008.0,1,1.0,2009.0,2,2015,4,10,15,2,0,8467.0,7448.0,5033.285714285715,3916.0611892685274,0,0,0,11854
29,4,1171,1,0,0,1,0,0,1500.0,5.0,0.0,1,10.0,2015.0,1,2015,1,8,2,1,4,10848.0,5977.0,7674.285714285715,3742.0158432893586,0,0,0,11441
29,5,815,1,0,0,0,0,0,1500.0,5.0,0.0,1,10.0,2015.0,1,2015,1,9,2,1,0,11441.0,7863.0,7747.0,3751.228154440445,0,0,0,8372
29,6,378,1,0,0,1,0,0,1500.0,5.0,0.0,1,10.0,2015.0,1,2015,1,10,2,1,2,8372.0,7537.0,7238.571428571428,4016.259447842103,1,0,0,3978
29,7,0,0,0,0,0,0,0,1500.0,5.0,0.0,1,10.0,2015.0,1,2015,1,11,2,1,3,3978.0,0.0,7238.571428571428,4016.2594478421024,1,0,0,0
29,1,427,1,0,0,0,0,0,1500.0,5.0,0.0,1,10.0,2015.0,1,2015,1,12,3,1,1,0.0,8551.0,6372.285714285715,4327.891045851536,0,0,0,2487
29,2,1021,1,0,0,0,0,0,1500.0,5.0,0.0,1,10.0,2015.0,1,2015,1,13,3,1,5,2487.0,7480.0,6971.142857142857,4773.771689435633,0,0,0,11672
29,3,588,1,1,0,0,0,0,1500.0,5.0,0.0,1,10.0,2015.0,1,2015,1,14,3,1,6,11672.0,10848.0,6311.571428571428,4457.314694489753,0,0,0,6231
29,4,409,1,1,0,1,0,0,1500.0,5.0,0.0,1,10.0,2015.0,1,2015,1,15,3,1,4,6231.0,11441.0,5443.285714285715,3840.946832674017,0,0,0,5363
29,5,876,1,0,0,1,0,0,1500.0,5.0,0.0,1,10.0,2015.0,1,2015,1,16,3,1,0,5363.0,8372.0,5212.857142857143,3681.0164098416894,0,0,0,6759
29,6,987,1,0,0,0,0,0,1500.0,5.0,0.0,1,10.0,2015.0,1,2015,1,17,3,1,2,6759.0,3978.0,5500.428571428572,3646.9403549250633,1,0,0,5991
29,7,0,0,0,0,0,0,0,1500.0,5.0,0.0,1,10.0,2015.0,1,2015,1,18,3,1,3,5991.0,0.0,5500.428571428572,3646.9403549250633,1,0,0,0
29,1,368,1,1,0,0,0,0,1500.0,5.0,0.0,1,10.0,2015.0,1,2015,1,19,4,1,1,0.0,2487.0,5792.571428571428,3441.4317203330183,0,0,0,4532
29,2,812,1,0,0,0,0,0,1500.0,5.0,0.0,1,10.0,2015.0,1,2015,1,20,4,1,5,4532.0,11672.0,4882.142857142857,2270.6271107758903,0,0,0,5299
29,3,603,1,1,0,1,0,0,1500.0,5.0,0.0,1,10.0,2015.0,1,2015,1,21,4,1,6,5299.0,6231.0,4719.285714285715,2197.461923392962,0,0,0,5091
29,4,533,1,1,0,0,0,0,1500.0,5.0,0.0,1,10.0,2015.0,1,2015,1,22,4,1,4,5091.0,5363.0,4808.142857142857,2239.9936330691808,0,0,0,5985
29,5,739,1,1,0,0,0,0,1500.0,5.0,0.0,1,10.0,2015.0,1,2015,1,23,4,1,0,5985.0,6759.0,5252.857142857143,2902.8100999187786,0,0,0,9872
29,6,456,1,0,0,1,0,0,1500.0,5.0,0.0,1,10.0,2015.0,1,2015,1,24,4,1,2,9872.0,5991.0,5088.285714285715,2886.597634718406,1,0,0,4839
29,7,0,0,0,0,0,0,0,1500.0,5.0,0.0,1,10.0,2015.0,1,2015,1,25,4,1,3,4839.0,0.0,5088.285714285715,2886.597634718406,1,0,0,0
29,1,660,1,0,0,0,0,0,1500.0,5.0,0.0,1,10.0,2015.0,1,2015,1,26,5,1,1,0.0,4532.0,5538.571428571428,3027.750917603298,0,0,0,7684
29,2,978,1,1,0,0,0,0,1500.0,5.0,0.0,1,10.0,2015.0,1,2015,1,27,5,1,5,7684.0,5299.0,5879.428571428572,3128.901024169287,0,0,0,7685
29,3,474,1,0,0,0,0,0,1500.0,5.0,0.0,1,10.0,2015.0,1,2015,1,28,5,1,6,7685.0,5091.0,5912.857142857143,3120.311919694964,0,0,0,5325
29,4,808,1,1,0,1,0,0,1500.0,5.0,0.0,1,10.0,2015.0,1,2015,1,29,5,1,4,5325.0,5985.0,5977.571428571428,3126.7484099376484,0,0,0,6438
29,5,1163,1,0,0,0,0,0,1500.0,5.0,0.0,1,10.0,2015.0,1,2015,1,30,5,1,0,6438.0,9872.0,5694.428571428572,2786.543668964765,0,0,0,7890
29,6,749,1,0,0,0,0,0,1500.0,5.0,0.0,1,10.0,2015.0,1,2015,1,31,5,1,2,7890.0,4839.0,5932.714285714285,2772.484067539776,1,0,1,6507
29,7,0,0,0,0,0,0,0,1500.0,5.0,0.0,1,10.0,2015.0,1,2015,2,1,5,1,3,6507.0,0.0,5932.714285714285,2772.484067539776,1,1,0,0
29,1,732,1,0,0,1,0,0,1500.0,5.0,0.0,1,10.0,2015.0,1,2015,2,2,6,1,1,0.0,7684.0,5858.428571428572,2724.2871151393497,0,0,0,7164
29,2,1108,1,0,0,0,0,0,1500.0,5.0,0.0,1,10.0,2015.0,1,2015,2,3,6,1,5,7164.0,7685.0,6518.428571428572,3644.7030449289396,0,0,0,12305
29,3,1124,1,1,0,0,0,0,1500.0,5.0,0.0,1,10.0,2015.0,1,2015,2,4,6,1,6,12305.0,5325.0,7364.0,3991.7618916964475,0,0,0,11244
29,4,407,1,0,0,0,0,0,1500.0,5.0,0.0,1,10.0,2015.0,1,2015,2,5,6,1,4,11244.0,6438.0,7066.285714285715,4147.030371815705,0,0,0,4354
29,5,652,1,0,0,0,0,0,1500.0,5.0,0.0,1,10.0,2015.0,1,2015,2,6,6,1,0,4354.0,7890.0,6979.285714285715,4133.234799132745,0,0,0,7281
29,6,1122,1,0,0,0,0,0,1500.0,5.0,0.0,1,10.0,2015.0,1,2015,2,7,6,1,2,7281.0,6507.0,7028.714285714285,4128.711894133799,1,0,0,6853
29,7,0,0,0,0,1,0,0,1500.0,5.0,0.0,1,10.0,2015.0,1,2015,2,8,6,1,3,6853.0,0.0,7028.714285714285,4128.7118941337985,1,0,0,0
29,1,773,1,1,0,0,0,0,1500.0,5.0,0.0,1,10.0,2015.0,1,2015,2,9,7,1,1,0.0,7164.0,6989.142857142857,4128.526590628163,0,0,0,6887
29,2,789,1,0,0,0,0,0,1500.0,5.0,0.0,1,10.0,2015.0,1,2015,2,10,7,1,5,6887.0,12305.0,6148.857142857143,3400.686471315824,0,0,0,6423
29,3,1157,1,0,0,0,0,0,1500.0,5.0,0.0,1,10.0,2015.0,1,2015,2,11,7,1,6,6423.0,11244.0,5687.0,2750.815697206919,0,0,0,8011
29,4,514,1,0,0,0,0,0,1500.0,5.0,0.0,1,10.0,2015.0,1,2015,2,12,7,1,4,8011.0,4354.0,5900.857142857143,2687.3712327955604,0,0,0,5851
29,5,672,1,1,0,0,0,0,1500.0,5.0,0.0,1,10.0,2015.0,1,2015,2,13,7,1,0,5851.0,7281.0,5689.571428571428,2618.023163708502,0,0,0,5802
29,6,468,1,0,0,0,0,0,1500.0,5.0,0.0,1,10.0,2015.0,1,2015,2,14,7,1,2,5802.0,6853.0,5081.714285714285,2791.1194716030855,1,0,0,2598
29,7,0,0,0,0,0,0,0,1500.0,5.0,0.0,1,10.0,2015.0,1,2015,2,15,7,1,3,2598.0,0.0,5081.714285714285,2791.1194716030855,1,0,0,0
29,1,555,1,1,0,0,0,0,1500.0,5.0,0.0,1,10.0,2015.0,1,2015,2,16,8,1,1,0.0,6887.0,5055.285714285715,2771.986875527231,0,0,0,6702
29,2,919,1,0,0,0,0,0,1500.0,5.0,0.0,1,10.0,2015.0,1,2015,2,17,8,1,5,6702.0,6423.0,4950.0,2724.9779815624165,0,0,0,5686
29,3,501,1,1,0,1,0,0,1500.0,5.0,0.0,1,10.0,2015.0,1,2015,2,18,8,1,6,5686.0,8011.0,4353.714285714285,2378.1358746075075,0,0,0,3837
29,4,695,1,1,0,0,0,0,1500.0,5.0,0.0,1,10.0,2015.0,1,2015,2,19,8,1,4,3837.0,5851.0,4405.714285714285,2419.9439879389524,0,0,0,6215
29,5,1194,1,0,0,0,0,0,1500.0,5.0,0.0,1,10.0,2015.0,1,2015,2,20,8,1,0,6215.0,5802.0,5616.571428571428,4479.322116017959,0,0,0,14278
29,6,750,1,0,0,0,0,0,1500.0,5.0,0.0,1,10.0,2015.0,1,2015,2,21,8,1,2,14278.0,2598.0,5940.857142857143,4303.068998926673,1,0,0,4868
29,7,0,0,0,0,0,0,0,1500.0,5.0,0.0,1,10.0,2015.0,1,2015,2,22,8,1,3,4868.0,0.0,5940.857142857143,4303.068998926673,1,0,0,0
29,1,971,1,1,0,0,0,0,1500.0,5.0,0.0,1,10.0,2015.0,1,2015,2,23,9,1,1,0.0,6702.0,6414.428571428572,4574.642603786764,0,0,0,10017
29,2,849,1,0,0,0,0,0,1500.0,5.0,0.0,1,10.0,2015.0,1,2015,2,24,9,1,5,10017.0,5686.0,6285.714285714285,4611.084243945441,0,0,0,4785
29,3,391,1,0,0,0,0,0,1500.0,5.0,0.0,1,10.0,2015.0,1,2015,2,25,9,1,6,4785.0,3837.0,6359.285714285715,4569.422783178261,0,0,0,4352
29,4,644,1,0,0,0,0,0,1500.0,5.0,0.0,1,10.0,2015.0,1,2015,2,26,9,1,4,4352.0,6215.0,6206.714285714285,4592.813578998016,0,0,0,5147
29,5,1190,1,1,0,0,0,0,1500.0,5.0,0.0,1,10.0,2015.0,1,2015,2,27,9,1,0,5147.0,14278.0,6314.285714285715,4816.724049748809,0,0,0,15031
29,6,1039,1,0,0,0,0,0,1500.0,5.0,0.0,1,10.0,2015.0,1,2015,2,28,9,1,2,15031.0,4868.0,6561.857142857143,4774.348207821022,1,0,1,6601
29,7,0,0,0,0,0,0,0,1500.0,5.0,0.0,1,10.0,2015.0,1,2015,3,1,9,1,3,6601.0,0.0,6561.857142857143,4774.348207821022,1,1,0,0
29,1,320,1,1,0,0,0,0,1500.0,5.0,0.0,1,10.0,2015.0,1,2015,3,2,10,1,1,0.0,10017.0,5737.857142857143,4572.105074199827,0,0,0,4249
29,2,477,1,1,0,0,0,0,1500.0,5.0,0.0,1,10.0,2015.0,1,2015,3,3,10,1,5,4249.0,4785.0,5664.142857142857,4594.134609425784,0,0,0,4269
29,3,944,1,0,0,0,0,0,1500.0,5.0,0.0,1,10.0,2015.0,1,2015,3,4,10,1,6,4269.0,4352.0,6612.285714285715,4949.343347498592,0,0,0,10989
29,4,1059,1,0,0,0,0,0,1500.0,5.0,0.0,1,10.0,2015.0,1,2015,3,5,10,1,4,10989.0,5147.0,7596.571428571428,5283.223948094032,0,0,0,12037
29,5,769,1,0,0,0,0,0,1500.0,5.0,0.0,1,10.0,2015.0,1,2015,3,6,10,1,0,12037.0,15031.0,6594.714285714285,4190.377497484989,0,0,0,8018
29,6,897,1,0,0,0,0,0,1500.0,5.0,0.0,1,10.0,2015.0,1,2015,3,7,10,1,2,8018.0,6601.0,6778.285714285715,4218.74925044085,1,0,0,7886
29,7,0,0,0,0,1,0,0,1500.0,5.0,0.0,1,10.0,2015.0,1,2015,3,8,10,1,3,7886.0,0.0,6778.285714285715,4218.74925044085,1,0,0,0
29,1,718,1,0,0,0,0,0,1500.0,5.0,0.0,1,10.0,2015.0,1,2015,3,9,11,1,1,0.0,4249.0,7065.142857142857,4084.2280963307057,0,0,0,6257
29,2,1076,1,0,0,0,0,0,1500.0,5.0,0.0,1,10.0,2015.0,1,2015,3,10,11,1,5,6257.0,4269.0,8143.285714285715,4217.048719751991,0,0,0,11816
29,3,857,1,1,0,0,0,0,1500.0,5.0,0.0,1,10.0,2015.0,1,2015,3,11,11,1,6,11816.0,10989.0,7690.857142857143,4026.4395532766257,0,0,0,7822
29,4,851,1,1,0,0,0,0,1500.0,5.0,0.0,1,10.0,2015.0,1,2015,3,12,11,1,4,7822.0,12037.0,7469.857142857143,3783.244834291124,0,0,0,10490
29,5,953,1,0,0,0,0,0,1500.0,5.0,0.0,1,10.0,2015.0,1,2015,3,13,11,1,0,10490.0,8018.0,7811.714285714285,3945.661022536262,0,0,0,10411
29,6,1051,1,0,0,1,0,0,1500.0,5.0,0.0,1,10.0,2015.0,1,2015,3,14,11,1,2,10411.0,7886.0,7925.571428571428,3959.6363830172945,1,0,0,8683
29,7,0,0,0,0,0,0,0,1500.0,5.0,0.0,1,10.0,2015.0,1,2015,3,15,11,1,3,8683.0,0.0,7925.571428571428,3959.6363830172945,1,0,0,0
29,1,802,1,0,0,0,0,0,1500.0,5.0,0.0,1,10.0,2015.0,1,2015,3,16,12,1,1,0.0,6257.0,7760.571428571428,4063.4585374671024,0,0,0,5102
29,2,990,1,1,0,0,0,0,1500.0,5.0,0.0,1,10.0,2015.0,1,2015,3,17,12,1,5,5102.0,11816.0,7772.0,4076.855937279772,0,0,0,11896
29,3,344,1,0,0,0,0,0,1500.0,5.0,0.0,1,10.0,2015.0,1,2015,3,18,12,1,6,11896.0,7822.0,7186.857142857143,4353.071652238658,0,0,0,3726
29,4,580,1,1,0,0,0,0,1500.0,5.0,0.0,1,10.0,2015.0,1,2015,3,19,12,1,4,3726.0,10490.0,6523.142857142857,4113.074536506376,0,0,0,5844
29,5,929,1,1,0,0,0,0,1500.0,5.0,0.0,1,10.0,2015.0,1,2015,3,20,12,1,0,5844.0,10411.0,6627.857142857143,4236.04424074204,0,0,0,11144
29,6,555,1,0,0,0,0,0,1500.0,5.0,0.0,1,10.0,2015.0,1,2015,3,21,12,1,2,11144.0,8683.0,5995.142857142857,4208.596734802524,1,0,0,4254
29,7,0,0,0,0,0,0,0,1500.0,5.0,0.0,1,10.0,2015.0,1,2015,3,22,12,1,3,4254.0,0.0,5995.142857142857,4208.596734802524,1,0,0,0
29,1,854,1,0,0,0,0,0,1500.0,5.0,0.0,1,10.0,2015.0,1,2015,3,23,13,1,1,0.0,5102.0,6610.428571428572,4368.07355925328,0,0,0,9409
29,2,623,1,0,0,0,0,0,1500.0,5.0,0.0,1,10.0,2015.0,1,2015,3,24,13,1,5,9409.0,11896.0,5902.714285714285,3722.6123763778974,0,0,0,6942
29,3,427,1,0,0,0,0,0,1500.0,5.0,0.0,1,10.0,2015.0,1,2015,3,25,13,1,6,6942.0,3726.0,6081.857142857143,3629.4106238052577,0,0,0,4980
29,4,669,1,1,0,0,0,0,1500.0,5.0,0.0,1,10.0,2015.0,1,2015,3,26,13,1,4,4980.0,5844.0,5995.857142857143,3643.0925703570133,0,0,0,5242
29,5,563,1,1,0,0,0,0,1500.0,5.0,0.0,1,10.0,2015.0,1,2015,3,27,13,1,0,5242.0,11144.0,5059.428571428572,2856.8725241157695,0,0,0,4589
29,6,771,1,0,0,0,0,0,1500.0,5.0,0.0,1,10.0,2015.0,1,2015,3,28,13,1,2,4589.0,4254.0,5666.571428571428,3098.5567531321653,1,0,0,8504
29,7,0,0,0,0,0,0,0,1500.0,5.0,0.0,1,10.0,2015.0,1,2015,3,29,13,1,3,8504.0,0.0,5666.571428571428,3098.5567531321653,1,0,0,0
29,1,1198,1,1,0,0,0,0,1500.0,5.0,0.0,1,10.0,2015.0,1,2015,3,30,14,1,1,0.0,9409.0,5554.857142857143,2951.7601770565875,0,0,0,8627
29,2,380,1,0,0,0,0,0,1500.0,5.0,0.0,1,10.0,2015.0,1,2015,3,31,14,1,5,8627.0,6942.0,5122.0,2936.5678946688754,0,0,1,3912
29,3,957,1,1,0,0,0,0,1500.0,5.0,0.0,1,10.0,2015.0,1,2015,4,1,14,2,6,3912.0,4980.0,6077.857142857143,3834.3661548584278,0,1,0,11671
29,4,1167,1,0,0,0,0,0,1500.0,5.0,0.0,1,10.0,2015.0,1,2015,4,2,14,2,4,11671.0,5242.0,6933.857142857143,4261.693381296979,0,0,0,11234
29,5,603,1,0,0,0,0,0,1500.0,5.0,0.0,1,10.0,2015.0,1,2015,4,3,14,2,0,11234.0,4589.0,6800.571428571428,4360.69221787638,0,0,0,3656
29,6,423,1,0,0,0,0,0,1500.0,5.0,0.0,1,10.0,2015.0,1,2015,4,4,14,2,2,3656.0,8504.0,6092.714285714285,4439.546437579921,1,0,0,3549
29,7,0,0,0,0,0,0,0,1500.0,5.0,0.0,1,10.0,2015.0,1,2015,4,5,14,2,3,3549.0,0.0,6092.714285714285,4439.546437579921,1,0,0,0
29,1,316,1,0,0,0,0,0,1500.0,5.0,0.0,1,10.0,2015.0,1,2015,4,6,15,2,1,0.0,8627.0,5376.142857142857,4366.528271162016,0,0,0,3611
29,2,1061,1,1,0,0,0,0,1500.0,5.0,0.0,1,10.0,2015.0,1,2015,4,7,15,2,5,3611.0,3912.0,6547.714285714285,4967.106592852816,0,0,0,12113
29,3,1026,1,1,0,0,0,0,1500.0,5.0,0.0,1,10.0,2015.0,1,2015,4,8,15,2,6,12113.0,11671.0,5918.428571428572,4463.346310305115,0,0,0,7266
29,4,1032,1,1,0,0,0,0,1500.0,5.0,0.0,1,10.0,2015.0,1,2015,4,9,15,2,4,7266.0,11234.0,5309.857142857143,3868.573786663134,0,0,0,6974
29,5,860,1,1,0,0,0,0,1500.0,5.0,0.0,1,10.0,2015.0,1,2015,4,10,15,2,0,6974.0,3656.0,5805.714285714285,3843.627267494673,0,0,0,7127
30,4,1011,1,0,0,1,1,1,500.0,11.0,2014.0,1,22.0,2015.0,0,2015,1,8,2,1,4,4764.0,8617.0,6442.714285714285,3865.9420031123814,0,0,0,10992
30,5,477,1,0,0,0,1,1,500.0,11.0,2014.0,1,22.0,2015.0,0,2015,1,9,2,1,0,10992.0,9234.0,5884.428571428572,3673.0332540986183,0,0,0,5326
30,6,1125,1,0,0,0,1,1,500.0,11.0,2014.0,1,22.0,2015.0,0,2015,1,10,2,1,2,5326.0,3374.0,6325.714285714285,3502.7703661666487,1,0,0,6463
30,7,0,0,0,0,0,1,1,500.0,11.0,2014.0,1,22.0,2015.0,0,2015,1,11,2,1,3,6463.0,0.0,6325.714285714285,3502.7703661666487,1,0,0,0
30,1,329,1,1,0,0,1,1,500.0,11.0,2014.0,1,22.0,2015.0,0,2015,1,12,3,1,1,0.0,8495.0,5564.857142857143,3531.3623635726117,0,0,0,3169
30,2,1007,1,1,0,0,1,1,500.0,11.0,2014.0,1,22.0,2015.0,0,2015,1,13,3,1,5,3169.0,8240.0,5760.571428571428,3736.348121590691,0,0,0,9610
30,3,909,1,0,0,1,1,1,500.0,11.0,2014.0,1,22.0,2015.0,0,2015,1,14,3,1,6,9610.0,4764.0,6049.857142857143,3724.7033630689493,0,0,0,6789
30,4,632,1,0,0,0,1,1,500.0,11.0,2014.0,1,22.0,2015.0,0,2015,1,15,3,1,4,6789.0,10992.0,5162.0,3025.3883497274633,0,0,0,4777
30,5,971,1,0,0,0,1,1,500.0,11.0,2014.0,1,22.0,2015.0,0,2015,1,16,3,1,0,4777.0,5326.0,5693.857142857143,3366.9872006771584,0,0,0,9049
30,6,1010,1,0,0,1,1,1,500.0,11.0,2014.0,1,22.0,2015.0,0,2015,1,17,3,1,2,9049.0,6463.0,6150.0,3689.4025713295823,1,0,0,9656
30,7,0,0,0,0,0,1,1,500.0,11.0,2014.0,1,22.0,2015.0,0,2015,1,18,3,1,3,9656.0,0.0,6150.0,3689.4025713295823,1,0,0,0
30,1,1197,1,1,0,0,1,1,500.0,11.0,2014.0,1,22.0,2015.0,0,2015,1,19,4,1,1,0.0,3169.0,7056.142857142857,3613.3817691359172,0,0,0,9512
30,2,861,1,0,0,0,1,1,500.0,11.0,2014.0,1,22.0,2015.0,0,2015,1,20,4,1,5,9512.0,9610.0,6801.142857142857,3462.969507449324,0,0,0,7825
30,3,883,1,0,0,1,1,1,500.0,11.0,2014.0,1,22.0,2015.0,0,2015,1,21,4,1,6,7825.0,6789.0,6577.571428571428,3514.0264112621035,0,0,0,5224
30,4,883,1,0,0,1,1,1,500.0,11.0,2014.0,1,22.0,2015.0,0,2015,1,22,4,1,4,5224.0,4777.0,6657.142857142857,3472.520238893333,0,0,0,5334
30,5,322,1,0,0,0,1,1,500.0,11.0,2014.0,1,22.0,2015.0,0,2015,1,23,4,1,0,5334.0,9049.0,5743.714285714285,3577.8505052748133,0,0,0,2655
30,6,940,1,0,0,0,1,1,500.0,11.0,2014.0,1,22.0,2015.0,0,2015,1,24,4,1,2,2655.0,9656.0,5254.142857142857,3163.8016914555724,1,0,0,6229
30,7,0,0,0,0,1,1,1,500.0,11.0,2014.0,1,22.0,2015.0,0,2015,1,25,4,1,3,6229.0,0.0,5254.142857142857,3163.8016914555724,1,0,0,0
30,1,1017,1,0,0,0,1,1,500.0,11.0,2014.0,1,22.0,2015.0,0,2015,1,26,5,1,1,0.0,9512.0,4720.428571428572,2588.6572360423233,0,0,0,5776
30,2,978,1,1,0,1,1,1,500.0,11.0,2014.0,1,22.0,2015.0,0,2015,1,27,5,1,5,5776.0,7825.0,5233.857142857143,3502.2400178824323,0,0,0,11419
30,3,1059,1,1,0,1,1,1,500.0,11.0,2014.0,1,22.0,2015.0,0,2015,1,28,5,1,6,11419.0,5224.0,5943.428571428572,3971.6251441587847,0,0,0,10191
30,4,478,1,1,0,1,1,1,500.0,11.0,2014.0,1,22.0,2015.0,0,2015,1,29,5,1,4,10191.0,5334.0,5844.0,3998.0490242116844,0,0,0,4638
30,5,870,1,1,0,0,1,1,500.0,11.0,2014.0,1,22.0,2015.0,0,2015,1,30,5,1,0,4638.0,2655.0,6957.714285714285,4047.19218365382,0,0,0,10451
30,6,655,1,0,0,1,1,1,500.0,11.0,2014.0,1,22.0,2015.0,0,2015,1,31,5,1,2,10451.0,6229.0,6824.857142857143,4090.1373012231693,1,0,1,5299
30,7,0,0,0,0,0,1,1,500.0,11.0,2014.0,1,22.0,2015.0,0,2015,2,1,5,1,3,5299.0,0.0,6824.857142857143,4090.1373012231693,1,1,0,0
30,1,1066,1,0,0,0,1,1,500.0,11.0,2014.0,1,22.0,2015.0,0,2015,2,2,6,1,1,0.0,5776.0,7599.0,4362.306461800532,0,0,0,11195
30,2,1160,1,0,0,0,1,1,500.0,11.0,2014.0,1,22.0,2015.0,0,2015,2,3,6,1,5,11195.0,11419.0,7191.142857142857,4069.2484739638535,0,0,0,8564
30,3,625,1,0,0,1,1,1,500.0,11.0,2014.0,1,22.0,2015.0,0,2015,2,4,6,1,6,8564.0,10191.0,6350.714285714285,3952.2531006286245,0,0,0,4308
30,4,1009,1,0,0,1,1,1,500.0,11.0,2014.0,1,22.0,2015.0,0,2015,2,5,6,1,4,4308.0,4638.0,6513.714285714285,3892.927592197836,0,0,0,5779
30,5,1139,1,0,0,0,1,1,500.0,11.0,2014.0,1,22.0,2015.0,0,2015,2,6,6,1,0,5779.0,10451.0,6315.857142857143,3689.336499903988,0,0,0,9066
30,6,928,1,0,0,1,1,1,500.0,11.0,2014.0,1,22.0,2015.0,0,2015,2,7,6,1,2,9066.0,5299.0,7020.714285714285,3926.3950265812414,1,0,0,10233
30,7,0,0,0,0,0,1,1,500.0,11.0,2014.0,1,22.0,2015.0,0,2015,2,8,6,1,3,10233.0,0.0,7020.714285714285,3926.395026581241,1,0,0,0
30,1,1068,1,1,0,0,1,1,500.0,11.0,2014.0,1,22.0,2015.0,0,2015,2,9,7,1,1,0.0,11195.0,6754.285714285715,3649.4455612821384,0,0,0,9330
30,2,1111,1,0,0,0,1,1,500.0,11.0,2014.0,1,22.0,2015.0,0,2015,2,10,7,1,5,9330.0,8564.0,7158.428571428572,4020.986647459504,0,0,0,11393
30,3,804,1,1,0,0,1,1,500.0,11.0,2014.0,1,22.0,2015.0,0,2015,2,11,7,1,6,11393.0,4308.0,7348.0,3893.463154228294,0,0,0,5635
30,4,560,1,1,0,0,1,1,500.0,11.0,2014.0,1,22.0,2015.0,0,2015,2,12,7,1,4,5635.0,5779.0,7487.571428571428,3845.0546964962186,0,0,0,6756
30,5,452,1,1,0,0,1,1,500.0,11.0,2014.0,1,22.0,2015.0,0,2015,2,13,7,1,0,6756.0,9066.0,6996.0,3829.554195116363,0,0,0,5625
30,6,661,1,0,0,0,1,1,500.0,11.0,2014.0,1,22.0,2015.0,0,2015,2,14,7,1,2,5625.0,10233.0,6503.714285714285,3555.7935689184637,1,0,0,6787
30,7,0,0,0,0,0,1,1,500.0,11.0,2014.0,1,22.0,2015.0,0,2015,2,15,7,1,3,6787.0,0.0,6503.714285714285,3555.7935689184637,1,0,0,0
30,1,827,1,1,0,0,1,1,500.0,11.0,2014.0,1,22.0,2015.0,0,2015,2,16,8,1,1,0.0,9330.0,6632.285714285715,3688.803044994664,0,0,0,10230
30,2,1064,1,0,0,1,1,1,500.0,11.0,2014.0,1,22.0,2015.0,0,2015,2,17,8,1,5,10230.0,11393.0,6381.714285714285,3356.0898733638282,0,0,0,9639
30,3,471,1,1,0,0,1,1,500.0,11.0,2014.0,1,22.0,2015.0,0,2015,2,18,8,1,6,9639.0,5635.0,6533.571428571428,3340.6852020278143,0,0,0,6698
30,4,842,1,1,0,0,1,1,500.0,11.0,2014.0,1,22.0,2015.0,0,2015,2,19,8,1,4,6698.0,6756.0,7017.714285714285,3612.783954897097,0,0,0,10145
30,5,862,1,0,0,0,1,1,500.0,11.0,2014.0,1,22.0,2015.0,0,2015,2,20,8,1,0,10145.0,5625.0,7643.428571428572,3709.3764461223973,0,0,0,10005
30,6,0,0,0,0,0,1,1,500.0,11.0,2014.0,1,22.0,2015.0,0,2015,2,21,8,1,2,10005.0,6787.0,6673.857142857143,4719.902733057516,1,0,0,0
30,7,0,0,0,0,0,1,1,500.0,11.0,2014.0,1,22.0,2015.0,0,2015,2,22,8,1,3,0.0,0.0,6673.857142857143,4719.902733057516,1,0,0,0
30,1,380,1,1,0,0,1,1,500.0,11.0,2014.0,1,22.0,2015.0,0,2015,2,23,9,1,1,0.0,10230.0,5791.0,4517.508679202139,0,0,0,4050
30,2,493,1,0,0,0,1,1,500.0,11.0,2014.0,1,22.0,2015.0,0,2015,2,24,9,1,5,4050.0,9639.0,4912.714285714285,4233.408859468756,0,0,0,3491
30,3,732,1,0,0,0,1,1,500.0,11.0,2014.0,1,22.0,2015.0,0,2015,2,25,9,1,6,3491.0,6698.0,4638.714285714285,4160.034844176415,0,0,0,4780
30,4,721,1,1,0,0,1,1,500.0,11.0,2014.0,1,22.0,2015.0,0,2015,2,26,9,1,4,4780.0,10145.0,3992.285714285714,3453.3556006820218,0,0,0,5620
30,5,547,1,0,0,0,1,1,500.0,11.0,2014.0,1,22.0,2015.0,0,2015,2,27,9,1,0,5620.0,10005.0,3050.5714285714284,2218.4471939581804,0,0,0,3413
30,6,1145,1,0,0,1,1,1,500.0,11.0,2014.0,1,22.0,2015.0,0,2015,2,28,9,1,2,3413.0,0.0,4176.285714285715,2404.0179363089665,1,0,1,7880
30,7,0,0,0,0,0,1,1,500.0,11.0,2014.0,1,22.0,2015.0,0,2015,3,1,9,1,3,7880.0,0.0,4176.285714285715,2404.0179363089665,1,1,0,0
30,1,771,1,1,0,1,1,1,500.0,11.0,2014.0,1,22.0,2015.0,0,2015,3,2,10,1,1,0.0,4050.0,4871.857142857143,2993.505939450229,0,0,0,8919
30,2,1008,1,0,0,0,1,1,500.0,11.0,2014.0,1,22.0,2015.0,0,2015,3,3,10,1,5,8919.0,3491.0,5165.285714285715,2935.7031931200454,0,0,0,5545
30,3,397,1,1,0,0,1,1,500.0,11.0,2014.0,1,22.0,2015.0,0,2015,3,4,10,1,6,5545.0,4780.0,5080.142857142857,2957.303131152402,0,0,0,4184
30,4,413,1,0,0,0,1,1,500.0,11.0,2014.0,1,22.0,2015.0,0,2015,3,5,10,1,4,4184.0,5620.0,4877.857142857143,2962.64506978541,0,0,0,4204
30,5,1011,1,0,0,0,1,1,500.0,11.0,2014.0,1,22.0,2015.0,0,2015,3,6,10,1,0,4204.0,3413.0,5645.857142857143,3206.4013799778418,0,0,0,8789
30,6,859,1,0,0,0,1,1,500.0,11.0,2014.0,1,22.0,2015.0,0,2015,3,7,10,1,2,8789.0,7880.0,5295.285714285715,3051.849150612663,1,0,0,5426
30,7,0,0,0,0,0,1,1,500.0,11.0,2014.0,1,22.0,2015.0,0,2015,3,8,10,1,3,5426.0,0.0,5295.285714285715,3051.849150612663,1,0,0,0
30,1,929,1,1,0,0,1,1,500.0,11.0,2014.0,1,22.0,2015.0,0,2015,3,9,11,1,1,0.0,8919.0,5495.0,3358.8144733918634,0,0,0,10317
30,2,470,1,0,0,0,1,1,500.0,11.0,2014.0,1,22.0,2015.0,0,2015,3,10,11,1,5,10317.0,5545.0,5431.285714285715,3361.936630093122,0,0,0,5099
30,3,617,1,0,0,0,1,1,500.0,11.0,2014.0,1,22.0,2015.0,0,2015,3,11,11,1,6,5099.0,4184.0,5575.0,3320.9844925864973,0,0,0,5190
30,4,697,1,1,0,0,1,1,500.0,11.0,2014.0,1,22.0,2015.0,0,2015,3,12,11,1,4,5190.0,4204.0,6275.571428571428,3496.1996919103876,0,0,0,9108
30,5,517,1,1,0,0,1,1,500.0,11.0,2014.0,1,22.0,2015.0,0,2015,3,13,11,1,0,9108.0,8789.0,5701.0,3341.3573090387476,0,0,0,4767
30,6,550,1,0,0,0,1,1,500.0,11.0,2014.0,1,22.0,2015.0,0,2015,3,14,11,1,2,4767.0,5426.0,5841.142857142857,3348.4658889592715,1,0,0,6407
30,7,0,0,0,0,1,1,1,500.0,11.0,2014.0,1,22.0,2015.0,0,2015,3,15,11,1,3,6407.0,0.0,5841.142857142857,3348.4658889592715,1,0,0,0
30,1,655,1,1,0,0,1,1,500.0,11.0,2014.0,1,22.0,2015.0,0,2015,3,16,12,1,1,0.0,10317.0,5102.142857142857,2705.0325585576843,0,0,0,5144
30,2,1131,1,1,0,1,1,1,500.0,11.0,2014.0,1,22.0,2015.0,0,2015,3,17,12,1,5,5144.0,5099.0,5854.428571428572,3357.5617570464656,0,0,0,10365
30,3,484,1,0,0,0,1,1,500.0,11.0,2014.0,1,22.0,2015.0,0,2015,3,18,12,1,6,10365.0,5190.0,5939.0,3345.470569790344,0,0,0,5782
30,4,1026,1,1,0,0,1,1,500.0,11.0,2014.0,1,22.0,2015.0,0,2015,3,19,12,1,4,5782.0,9108.0,6354.857142857143,3934.1733324198885,0,0,0,12019
30,5,1090,1,0,0,1,1,1,500.0,11.0,2014.0,1,22.0,2015.0,0,2015,3,20,12,1,0,12019.0,4767.0,7171.714285714285,4137.880283199992,0,0,0,10485
30,6,375,1,0,0,0,1,1,500.0,11.0,2014.0,1,22.0,2015.0,0,2015,3,21,12,1,2,10485.0,6407.0,6588.142857142857,4532.905081312698,1,0,0,2322
30,7,0,0,0,0,0,1,1,500.0,11.0,2014.0,1,22.0,2015.0,0,2015,3,22,12,1,3,2322.0,0.0,6588.142857142857,4532.905081312698,1,0,0,0
30,1,992,1,0,0,0,1,1,500.0,11.0,2014.0,1,22.0,2015.0,0,2015,3,23,13,1,1,0.0,5144.0,7177.428571428572,4581.739366119337,0,0,0,9269
30,2,465,1,1,0,0,1,1,500.0,11.0,2014.0,1,22.0,2015.0,0,2015,3,24,13,1,5,9269.0,10365.0,6427.571428571428,4398.994008374448,0,0,0,5116
30,3,1123,1,0,0,0,1,1,500.0,11.0,2014.0,1,22.0,2015.0,0,2015,3,25,13,1,6,5116.0,5782.0,6513.428571428572,4390.150219796693,0,0,0,6383
30,4,743,1,0,0,0,1,1,500.0,11.0,2014.0,1,22.0,2015.0,0,2015,3,26,13,1,4,6383.0,12019.0,5636.142857142857,3659.361393675651,0,0,0,5878
30,5,862,1,1,0,0,1,1,500.0,11.0,2014.0,1,22.0,2015.0,0,2015,3,27,13,1,0,5878.0,10485.0,5268.285714285715,3190.0191595185174,0,0,0,7910
30,6,340,1,0,0,0,1,1,500.0,11.0,2014.0,1,22.0,2015.0,0,2015,3,28,13,1,2,7910.0,2322.0,5215.142857142857,3249.8201195641277,1,0,0,1950
30,7,0,0,0,0,1,1,1,500.0,11.0,2014.0,1,22.0,2015.0,0,2015,3,29,13,1,3,1950.0,0.0,5215.142857142857,3249.8201195641277,1,0,0,0
30,1,594,1,0,0,0,1,1,500.0,11.0,2014.0,1,22.0,2015.0,0,2015,3,30,14,1,1,0.0,9269.0,4484.714285714285,2717.8830434908755,0,0,0,4156
30,2,1054,1,1,0,0,1,1,500.0,11.0,2014.0,1,22.0,2015.0,0,2015,3,31,14,1,5,4156.0,5116.0,5668.714285714285,4352.460480934345,0,0,1,13404
30,3,637,1,1,0,0,1,1,500.0,11.0,2014.0,1,22.0,2015.0,0,2015,4,1,14,2,6,13404.0,6383.0,5621.428571428572,4345.198992648585,0,1,0,6052
30,4,301,1,1,0,0,1,1,500.0,11.0,2014.0,1,22.0,2015.0,0,2015,4,2,14,2,4,6052.0,5878.0,5311.285714285715,4400.9546962102695,0,0,0,3707
30,5,417,1,0,0,0,1,1,500.0,11.0,2014.0,1,22.0,2015.0,0,2015,4,3,14,2,0,3707.0,7910.0,4523.571428571428,4351.485028399033,0,0,0,2396
30,6,811,1,0,0,0,1,1,500.0,11.0,2014.0,1,22.0,2015.0,0,2015,4,4,14,2,2,2396.0,1950.0,5325.285714285715,4315.13015308869,1,0,0,7562
30,7,0,0,0,0,0,1,1,500.0,11.0,2014.0,1,22.0,2015.0,0,2015,4,5,14,2,3,7562.0,0.0,5325.285714285715,4315.13015308869,1,0,0,0
30,1,967,1,0,0,0,1,1,500.0,11.0,2014.0,1,22.0,2015.0,0,2015,4,6,15,2,1,0.0,4156.0,5669.0,4302.2735462388555,0,0,0,6562
30,2,650,1,0,0,0,1,1,500.0,11.0,2014.0,1,22.0,2015.0,0,2015,4,7,15,2,5,6562.0,13404.0,4506.142857142857,2643.4033888512845,0,0,0,5264
30,3,1150,1,0,0,0,1,1,500.0,11.0,2014.0,1,22.0,2015.0,0,2015,4,8,15,2,6,5264.0,6052.0,4875.0,3044.7394524545634,0,0,0,8634
30,4,654,1,0,0,0,1,1,500.0,11.0,2014.0,1,22.0,2015.0,0,2015,4,9,15,2,4,8634.0,3707.0,4901.0,3033.8608515663086,0,0,0,3889
30,5,479,1,1,0,1,1,1,500.0,11.0,2014.0,1,22.0,2015.0,0,2015,4,10,15,2,0,3889.0,2396.0,5439.285714285715,2843.640666134739,0,0,0,6164
31,4,848,1,0,0,0,2,1,500.0,0.0,2014.0,1,31.0,2015.0,2,2015,1,8,2,1,4,8166.0,3776.0,5477.0,3012.9052424528722,0,0,0,5318
31,5,1055,1,0,0,0,2,1,500.0,0.0,2014.0,1,31.0,2015.0,2,2015,1,9,2,1,0,5318.0,8243.0,5206.0,2800.473352845908,0,0,0,6346
31,6,595,1,0,0,1,2,1,500.0,0.0,2014.0,1,31.0,2015.0,2,2015,1,10,2,1,2,6346.0,5756.0,5005.571428571428,2804.7523275768253,1,0,0,4353
31,7,0,0,0,0,0,2,1,500.0,0.0,2014.0,1,31.0,2015.0,2,2015,1,11,2,1,3,4353.0,0.0,5005.571428571428,2804.7523275768253,1,0,0,0
31,1,1119,1,0,0,0,2,1,500.0,0.0,2014.0,1,31.0,2015.0,2,2015,1,12,3,1,1,0.0,3251.0,6049.857142857143,3350.38184035648,0,0,0,10561
31,2,535,1,1,0,0,2,1,500.0,0.0,2014.0,1,31.0,2015.0,2,2015,1,13,3,1,5,10561.0,7605.0,5851.0,3283.333874788449,0,0,0,6213
31,3,895,1,1,0,0,2,1,500.0,0.0,2014.0,1,31.0,2015.0,2,2015,1,14,3,1,6,6213.0,8166.0,6085.428571428572,3525.8025496399564,0,0,0,9807
31,4,920,1,0,0,1,2,1,500.0,0.0,2014.0,1,31.0,2015.0,2,2015,1,15,3,1,4,9807.0,5318.0,6132.285714285715,3516.069856828108,0,0,0,5646
31,5,301,1,0,0,0,2,1,500.0,0.0,2014.0,1,31.0,2015.0,2,2015,1,16,3,1,0,5646.0,6346.0,5686.142857142857,3678.8007297927684,0,0,0,3223
31,6,1080,1,0,0,1,2,1,500.0,0.0,2014.0,1,31.0,2015.0,2,2015,1,17,3,1,2,3223.0,4353.0,6633.857142857143,4107.637781360126,1,0,0,10987
31,7,0,0,0,0,0,2,1,500.0,0.0,2014.0,1,31.0,2015.0,2,2015,1,18,3,1,3,10987.0,0.0,6633.857142857143,4107.637781360126,1,0,0,0
31,1,858,1,0,0,0,2,1,500.0,0.0,2014.0,1,31.0,2015.0,2,2015,1,19,4,1,1,0.0,10561.0,5898.571428571428,3730.88938713648,0,0,0,5414
31,2,1107,1,0,0,0,2,1,500.0,0.0,2014.0,1,31.0,2015.0,2,2015,1,20,4,1,5,5414.0,6213.0,6040.428571428572,3763.572188632446,0,0,0,7206
31,3,828,1,0,0,0,2,1,500.0,0.0,2014.0,1,31.0,2015.0,2,2015,1,21,4,1,6,7206.0,9807.0,5595.285714285715,3411.6460208275666,0,0,0,6691
31,4,878,1,1,0,0,2,1,500.0,0.0,2014.0,1,31.0,2015.0,2,2015,1,22,4,1,4,6691.0,5646.0,6083.714285714285,3656.0994568112114,0,0,0,9065
31,5,421,1,1,0,0,2,1,500.0,0.0,2014.0,1,31.0,2015.0,2,2015,1,23,4,1,0,9065.0,3223.0,6492.0,3436.369692956022,0,0,0,6081
31,6,615,1,0,0,0,2,1,500.0,0.0,2014.0,1,31.0,2015.0,2,2015,1,24,4,1,2,6081.0,10987.0,5841.714285714285,2819.2771954460077,1,0,0,6435
31,7,0,0,0,0,1,2,1,500.0,0.0,2014.0,1,31.0,2015.0,2,2015,1,25,4,1,3,6435.0,0.0,5841.714285714285,2819.2771954460077,1,0,0,0
31,1,1164,1,1,0,1,2,1,500.0,0.0,2014.0,1,31.0,2015.0,2,2015,1,26,5,1,1,0.0,5414.0,6330.571428571428,3022.137260126948,0,0,0,8836
31,2,964,1,1,0,0,2,1,500.0,0.0,2014.0,1,31.0,2015.0,2,2015,1,27,5,1,5,8836.0,7206.0,6227.857142857143,2999.558991394759,0,0,0,6487
31,3,510,1,1,0,0,2,1,500.0,0.0,2014.0,1,31.0,2015.0,2,2015,1,28,5,1,6,6487.0,6691.0,6228.0,2999.584749038884,0,0,0,6692
31,4,1079,1,0,0,0,2,1,500.0,0.0,2014.0,1,31.0,2015.0,2,2015,1,29,5,1,4,6692.0,9065.0,6298.428571428572,3081.9545128128702,0,0,0,9558
31,5,946,1,1,0,0,2,1,500.0,0.0,2014.0,1,31.0,2015.0,2,2015,1,30,5,1,0,9558.0,6081.0,7059.571428571428,3628.726997040093,0,0,0,11409
31,6,345,1,0,0,0,2,1,500.0,0.0,2014.0,1,31.0,2015.0,2,2015,1,31,5,1,2,11409.0,6435.0,6538.0,3978.947138796057,1,0,1,2784
31,7,0,0,0,0,1,2,1,500.0,0.0,2014.0,1,31.0,2015.0,2,2015,2,1,5,1,3,2784.0,0.0,6538.0,3978.947138796057,1,1,0,0
31,1,406,1,1,0,1,2,1,500.0,0.0,2014.0,1,31.0,2015.0,2,2015,2,2,6,1,1,0.0,8836.0,6040.428571428572,3859.6740301543105,0,0,0,5353
31,2,318,1,1,0,0,2,1,500.0,0.0,2014.0,1,31.0,2015.0,2,2015,2,3,6,1,5,5353.0,6487.0,5764.0,3891.520825247288,0,0,0,4552
31,3,603,1,0,0,0,2,1,500.0,0.0,2014.0,1,31.0,2015.0,2,2015,2,4,6,1,6,4552.0,6692.0,5438.571428571428,3896.228854381412,0,0,0,4414
31,4,629,1,1,0,0,2,1,500.0,0.0,2014.0,1,31.0,2015.0,2,2015,2,5,6,1,4,4414.0,9558.0,4776.857142857143,3447.5008546564786,0,0,0,4926
31,5,524,1,0,0,0,2,1,500.0,0.0,2014.0,1,31.0,2015.0,2,2015,2,6,6,1,0,4926.0,11409.0,3930.1428571428573,1949.5728103502965,0,0,0,5482
31,6,857,1,0,0,0,2,1,500.0,0.0,2014.0,1,31.0,2015.0,2,2015,2,7,6,1,2,5482.0,2784.0,4745.714285714285,2505.158991247577,1,0,0,8493
31,7,0,0,0,0,0,2,1,500.0,0.0,2014.0,1,31.0,2015.0,2,2015,2,8,6,1,3,8493.0,0.0,4745.714285714285,2505.158991247577,1,0,0,0
31,1,674,1,0,0,0,2,1,500.0,0.0,2014.0,1,31.0,2015.0,2,2015,2,9,7,1,1,0.0,5353.0,4983.142857142857,2647.0481942830484,0,0,0,7015
31,2,974,1,0,0,0,2,1,500.0,0.0,2014.0,1,31.0,2015.0,2,2015,2,10,7,1,5,7015.0,4552.0,5477.285714285715,2866.879239073138,0,0,0,8011
31,3,1167,1,0,0,0,2,1,500.0,0.0,2014.0,1,31.0,2015.0,2,2015,2,11,7,1,6,8011.0,4414.0,5777.857142857143,2847.047794269907,0,0,0,6518
31,4,465,1,0,0,0,2,1,500.0,0.0,2014.0,1,31.0,2015.0,2,2015,2,12,7,1,4,6518.0,4926.0,5654.428571428572,2908.2053376118897,0,0,0,4062
31,5,0,0,0,0,0,2,1,500.0,0.0,2014.0,1,31.0,2015.0,2,2015,2,13,7,1,0,4062.0,5482.0,4871.285714285715,3614.682822152161,0,0,0,0
31,6,616,1,0,0,1,2,1,500.0,0.0,2014.0,1,31.0,2015.0,2,2015,2,14,7,1,2,0.0,8493.0,4581.285714285715,3347.2284910696762,1,0,0,6463
31,7,0,0,0,0,0,2,1,500.0,0.0,2014.0,1,31.0,2015.0,2,2015,2,15,7,1,3,6463.0,0.0,4581.285714285715,3347.2284910696762,1,0,0,0
31,1,392,1,1,0,0,2,1,500.0,0.0,2014.0,1,31.0,2015.0,2,2015,2,16,8,1,1,0.0,7015.0,4237.428571428572,3174.736621996796,0,0,0,4608
31,2,1129,1,1,0,1,2,1,500.0,0.0,2014.0,1,31.0,2015.0,2,2015,2,17,8,1,5,4608.0,8011.0,4800.714285714285,4154.481785344823,0,0,0,11954
31,3,492,1,1,0,0,2,1,500.0,0.0,2014.0,1,31.0,2015.0,2,2015,2,18,8,1,6,11954.0,6518.0,4765.142857142857,4138.362173153829,0,0,0,6269
31,4,381,1,0,0,0,2,1,500.0,0.0,2014.0,1,31.0,2015.0,2,2015,2,19,8,1,4,6269.0,4062.0,4812.285714285715,4130.890086260092,0,0,0,4392
31,5,0,0,0,0,0,2,1,500.0,0.0,2014.0,1,31.0,2015.0,2,2015,2,20,8,1,0,4392.0,0.0,4812.285714285715,4130.890086260092,0,0,0,0
31,6,1181,1,0,0,0,2,1,500.0,0.0,2014.0,1,31.0,2015.0,2,2015,2,21,8,1,2,0.0,6463.0,4936.857142857143,4201.510063003993,1,0,0,7335
31,7,0,0,0,0,0,2,1,500.0,0.0,2014.0,1,31.0,2015.0,2,2015,2,22,8,1,3,7335.0,0.0,4936.857142857143,4201.510063003993,1,0,0,0
31,1,437,1,0,0,0,2,1,500.0,0.0,2014.0,1,31.0,2015.0,2,2015,2,23,9,1,1,0.0,4608.0,4948.428571428572,4200.564837302355,0,0,0,4689
31,2,832,1,0,0,0,2,1,500.0,0.0,2014.0,1,31.0,2015.0,2,2015,2,24,9,1,5,4689.0,11954.0,3929.714285714286,2873.491471728297,0,0,0,4823
31,3,482,1,1,0,0,2,1,500.0,0.0,2014.0,1,31.0,2015.0,2,2015,2,25,9,1,6,4823.0,6269.0,3853.8571428571427,2807.7000925176862,0,0,0,5738
31,4,372,1,1,0,0,2,1,500.0,0.0,2014.0,1,31.0,2015.0,2,2015,2,26,9,1,4,5738.0,4392.0,4059.5714285714284,2904.7748539914355,0,0,0,5832
31,5,1166,1,1,0,0,2,1,500.0,0.0,2014.0,1,31.0,2015.0,2,2015,2,27,9,1,0,5832.0,0.0,6149.714285714285,4384.069711819741,0,0,0,14631
31,6,681,1,0,0,0,2,1,500.0,0.0,2014.0,1,31.0,2015.0,2,2015,2,28,9,1,2,14631.0,7335.0,6033.142857142857,4358.072028950853,1,0,1,6519
31,7,0,0,0,0,0,2,1,500.0,0.0,2014.0,1,31.0,2015.0,2,2015,3,1,9,1,3,6519.0,0.0,6033.142857142857,4358.072028950854,1,1,0,0
31,1,748,1,1,0,0,2,1,500.0,0.0,2014.0,1,31.0,2015.0,2,2015,3,2,10,1,1,0.0,4689.0,6199.428571428572,4320.280193735233,0,0,0,5853
31,2,1186,1,0,0,0,2,1,500.0,0.0,2014.0,1,31.0,2015.0,2,2015,3,3,10,1,5,5853.0,4823.0,7335.285714285715,4903.87872723506,0,0,0,12774
31,3,803,1,0,0,1,2,1,500.0,0.0,2014.0,1,31.0,2015.0,2,2015,3,4,10,1,6,12774.0,5738.0,7507.285714285715,4859.431095450223,0,0,0,6942
31,4,1100,1,0,0,0,2,1,500.0,0.0,2014.0,1,31.0,2015.0,2,2015,3,5,10,1,4,6942.0,5832.0,8136.0,4891.155078302055,0,0,0,10233
31,5,910,1,0,0,1,2,1,500.0,0.0,2014.0,1,31.0,2015.0,2,2015,3,6,10,1,0,10233.0,14631.0,7055.857142857143,3964.945540969905,0,0,0,7070
31,6,1114,1,0,0,0,2,1,500.0,0.0,2014.0,1,31.0,2015.0,2,2015,3,7,10,1,2,7070.0,6519.0,7191.571428571428,3959.762234324296,1,0,0,7469
31,7,0,0,0,0,0,2,1,500.0,0.0,2014.0,1,31.0,2015.0,2,2015,3,8,10,1,3,7469.0,0.0,7191.571428571428,3959.762234324296,1,0,0,0
31,1,504,1,1,0,1,2,1,500.0,0.0,2014.0,1,31.0,2015.0,2,2015,3,9,11,1,1,0.0,5853.0,6854.428571428572,4186.691249548695,0,0,0,3493
31,2,1030,1,1,0,0,2,1,500.0,0.0,2014.0,1,31.0,2015.0,2,2015,3,10,11,1,5,3493.0,12774.0,6739.285714285715,4003.847804062391,0,0,0,11968
31,3,697,1,0,0,0,2,1,500.0,0.0,2014.0,1,31.0,2015.0,2,2015,3,11,11,1,6,11968.0,6942.0,6900.714285714285,4036.0336022009565,0,0,0,8072
31,4,1087,1,1,0,0,2,1,500.0,0.0,2014.0,1,31.0,2015.0,2,2015,3,12,11,1,4,8072.0,10233.0,7351.0,4605.430417814748,0,0,0,13385
31,5,1157,1,0,0,1,2,1,500.0,0.0,2014.0,1,31.0,2015.0,2,2015,3,13,11,1,0,13385.0,7070.0,7299.857142857143,4611.055317696496,0,0,0,6712
31,6,1033,1,0,0,0,2,1,500.0,0.0,2014.0,1,31.0,2015.0,2,2015,3,14,11,1,2,6712.0,7469.0,7890.714285714285,4892.730107492328,1,0,0,11605
31,7,0,0,0,0,0,2,1,500.0,0.0,2014.0,1,31.0,2015.0,2,2015,3,15,11,1,3,11605.0,0.0,7890.714285714285,4892.730107492328,1,0,0,0
31,1,838,1,1,0,0,2,1,500.0,0.0,2014.0,1,31.0,2015.0,2,2015,3,16,12,1,1,0.0,3493.0,8544.42857142857,4496.91275051165,0,0,0,8069
31,2,592,1,0,0,0,2,1,500.0,0.0,2014.0,1,31.0,2015.0,2,2015,3,17,12,1,5,8069.0,11968.0,7507.571428571428,4411.912618398164,0,0,0,4710
31,3,399,1,1,0,0,2,1,500.0,0.0,2014.0,1,31.0,2015.0,2,2015,3,18,12,1,6,4710.0,8072.0,7012.571428571428,4530.809304349605,0,0,0,4607
31,4,662,1,0,0,1,2,1,500.0,0.0,2014.0,1,31.0,2015.0,2,2015,3,19,12,1,4,4607.0,13385.0,5715.0,3608.3908694412094,0,0,0,4302
31,5,1182,1,1,0,1,2,1,500.0,0.0,2014.0,1,31.0,2015.0,2,2015,3,20,12,1,0,4302.0,6712.0,6062.857142857143,3831.024468231766,0,0,0,9147
31,6,606,1,0,0,0,2,1,500.0,0.0,2014.0,1,31.0,2015.0,2,2015,3,21,12,1,2,9147.0,11605.0,5225.571428571428,2959.151953806075,1,0,0,5744
31,7,0,0,0,0,0,2,1,500.0,0.0,2014.0,1,31.0,2015.0,2,2015,3,22,12,1,3,5744.0,0.0,5225.571428571428,2959.151953806075,1,0,0,0
31,1,1036,1,0,0,0,2,1,500.0,0.0,2014.0,1,31.0,2015.0,2,2015,3,23,13,1,1,0.0,8069.0,5655.428571428572,3591.9325280013686,0,0,0,11078
31,2,1078,1,1,0,0,2,1,500.0,0.0,2014.0,1,31.0,2015.0,2,2015,3,24,13,1,5,11078.0,4710.0,6159.571428571428,3683.6069667805623,0,0,0,8239
31,3,963,1,1,0,0,2,1,500.0,0.0,2014.0,1,31.0,2015.0,2,2015,3,25,13,1,6,8239.0,4607.0,7144.571428571428,4097.829745004983,0,0,0,11502
31,4,997,1,0,0,1,2,1,500.0,0.0,2014.0,1,31.0,2015.0,2,2015,3,26,13,1,4,11502.0,4302.0,8167.714285714285,4163.387111246708,0,0,0,11464
31,5,1164,1,1,0,1,2,1,500.0,0.0,2014.0,1,31.0,2015.0,2,2015,3,27,13,1,0,11464.0,9147.0,8301.142857142857,4214.652869397879,0,0,0,10081
31,6,1095,1,0,0,0,2,1,500.0,0.0,2014.0,1,31.0,2015.0,2,2015,3,28,13,1,2,10081.0,5744.0,8891.142857142857,4084.0746168735004,1,0,0,9874
31,7,0,0,0,0,0,2,1,500.0,0.0,2014.0,1,31.0,2015.0,2,2015,3,29,13,1,3,9874.0,0.0,8891.142857142857,4084.0746168735004,1,0,0,0
31,1,1047,1,0,0,0,2,1,500.0,0.0,2014.0,1,31.0,2015.0,2,2015,3,30,14,1,1,0.0,11078.0,9065.142857142857,4216.569870901042,0,0,0,12296
31,2,415,1,0,0,0,2,1,500.0,0.0,2014.0,1,31.0,2015.0,2,2015,3,31,14,1,5,12296.0,8239.0,8349.0,4769.692897172028,0,0,1,3226
31,3,832,1,1,0,0,2,1,500.0,0.0,2014.0,1,31.0,2015.0,2,2015,4,1,14,2,6,3226.0,11502.0,7959.142857142857,4576.648498212469,0,1,0,8773
31,4,526,1,1,0,0,2,1,500.0,0.0,2014.0,1,31.0,2015.0,2,2015,4,2,14,2,4,8773.0,11464.0,7324.571428571428,4309.866891105525,0,0,0,7022
31,5,1158,1,0,0,0,2,1,500.0,0.0,2014.0,1,31.0,2015.0,2,2015,4,3,14,2,0,7022.0,10081.0,7413.0,4381.601647799578,0,0,0,10700
31,6,957,1,0,0,1,2,1,500.0,0.0,2014.0,1,31.0,2015.0,2,2015,4,4,14,2,2,10700.0,9874.0,6848.714285714285,4264.6271706635625,1,0,0,5924
31,7,0,0,0,0,1,2,1,500.0,0.0,2014.0,1,31.0,2015.0,2,2015,4,5,14,2,3,5924.0,0.0,6848.714285714285,4264.6271706635625,1,0,0,0
31,1,1033,1,0,0,0,2,1,500.0,0.0,2014.0,1,31.0,2015.0,2,2015,4,6,15,2,1,0.0,12296.0,6349.142857142857,3685.6921750905644,0,0,0,8799
31,2,785,1,1,0,1,2,1,500.0,0.0,2014.0,1,31.0,2015.0,2,2015,4,7,15,2,5,8799.0,3226.0,7161.714285714285,3504.961374693768,0,0,0,8914
31,3,830,1,0,0,0,2,1,500.0,0.0,2014.0,1,31.0,2015.0,2,2015,4,8,15,2,6,8914.0,8773.0,7059.714285714285,3460.360709246253,0,0,0,8059
31,4,331,1,1,0,0,2,1,500.0,0.0,2014.0,1,31.0,2015.0,2,2015,4,9,15,2,4,8059.0,7022.0,6600.714285714285,3672.7721462262316,0,0,0,3809
31,5,1051,1,0,0,1,2,1,500.0,0.0,2014.0,1,31.0,2015.0,2,2015,4,10,15,2,0,3809.0,10700.0,5900.285714285715,3197.476698600828,0,0,0,5797
32,4,813,1,0,0,1,0,0,3000.0,3.0,2010.0,1,1.0,2015.0,2,2015,1,8,2,1,4,7176.0,11244.0,6315.285714285715,2958.2225921593367,0,0,0,8376
32,5,712,1,0,0,0,0,0,3000.0,3.0,2010.0,1,1.0,2015.0,2,2015,1,9,2,1,0,8376.0,5456.0,6190.0,3018.63451469921,0,0,0,4579
32,6,351,1,0,0,1,0,0,3000.0,3.0,2010.0,1,1.0,2015.0,2,2015,1,10,2,1,2,4579.0,8262.0,5566.714285714285,2969.5405769403524,1,0,0,3899
32,7,0,0,0,0,0,0,0,3000.0,3.0,2010.0,1,1.0,2015.0,2,2015,1,11,2,1,3,3899.0,0.0,5566.714285714285,2969.5405769403524,1,0,0,0
32,1,952,1,0,0,0,0,0,3000.0,3.0,2010.0,1,1.0,2015.0,2,2015,1,12,3,1,1,0.0,7942.0,5853.571428571428,3314.21759782219,0,0,0,9950
32,2,937,1,1,0,0,0,0,3000.0,3.0,2010.0,1,1.0,2015.0,2,2015,1,13,3,1,5,9950.0,6995.0,6132.0,3502.6052684632714,0,0,0,8944
32,3,601,1,0,0,0,0,0,3000.0,3.0,2010.0,1,1.0,2015.0,2,2015,1,14,3,1,6,8944.0,7176.0,5588.857142857143,3606.9622689354283,0,0,0,3374
32,4,398,1,0,0,0,0,0,3000.0,3.0,2010.0,1,1.0,2015.0,2,2015,1,15,3,1,4,3374.0,8376.0,4902.857142857143,3441.3750366470003,0,0,0,3574
32,5,1143,1,0,0,1,0,0,3000.0,3.0,2010.0,1,1.0,2015.0,2,2015,1,16,3,1,0,3574.0,4579.0,5223.142857142857,3509.8594667294697,0,0,0,6821
32,6,1096,1,0,0,1,0,0,3000.0,3.0,2010.0,1,1.0,2015.0,2,2015,1,17,3,1,2,6821.0,3899.0,5857.428571428572,3629.8223949730127,1,0,0,8339
32,7,0,0,0,0,0,0,0,3000.0,3.0,2010.0,1,1.0,2015.0,2,2015,1,18,3,1,3,8339.0,0.0,5857.428571428572,3629.8223949730127,1,0,0,0
32,1,714,1,0,0,0,0,0,3000.0,3.0,2010.0,1,1.0,2015.0,2,2015,1,19,4,1,1,0.0,9950.0,5523.142857142857,3281.1024787699753,0,0,0,7610
32,2,377,1,0,0,1,0,0,3000.0,3.0,2010.0,1,1.0,2015.0,2,2015,1,20,4,1,5,7610.0,8944.0,4758.714285714285,2958.787235466908,0,0,0,3593
32,3,1109,1,0,0,0,0,0,3000.0,3.0,2010.0,1,1.0,2015.0,2,2015,1,21,4,1,6,3593.0,3374.0,5719.857142857143,3480.7382085113036,0,0,0,10102
32,4,1193,1,1,0,0,0,0,3000.0,3.0,2010.0,1,1.0,2015.0,2,2015,1,22,4,1,4,10102.0,3574.0,6802.142857142857,3859.5246438117833,0,0,0,11150
32,5,960,1,0,0,0,0,0,3000.0,3.0,2010.0,1,1.0,2015.0,2,2015,1,23,4,1,0,11150.0,6821.0,6840.571428571428,3861.0825708663133,0,0,0,7090
32,6,459,1,0,0,0,0,0,3000.0,3.0,2010.0,1,1.0,2015.0,2,2015,1,24,4,1,2,7090.0,8339.0,6038.285714285715,4075.3572732659777,1,0,0,2723
32,7,0,0,0,0,0,0,0,3000.0,3.0,2010.0,1,1.0,2015.0,2,2015,1,25,4,1,3,2723.0,0.0,6038.285714285715,4075.3572732659777,1,0,0,0
32,1,454,1,0,0,0,0,0,3000.0,3.0,2010.0,1,1.0,2015.0,2,2015,1,26,5,1,1,0.0,7610.0,5694.285714285715,4021.856068794014,0,0,0,5202
32,2,987,1,1,0,0,0,0,3000.0,3.0,2010.0,1,1.0,2015.0,2,2015,1,27,5,1,5,5202.0,3593.0,6370.857142857143,4007.7847758486,0,0,0,8329
32,3,519,1,1,0,0,0,0,3000.0,3.0,2010.0,1,1.0,2015.0,2,2015,1,28,5,1,6,8329.0,10102.0,5484.285714285715,3721.009303682973,0,0,0,3896
32,4,406,1,1,0,0,0,0,3000.0,3.0,2010.0,1,1.0,2015.0,2,2015,1,29,5,1,4,3896.0,11150.0,4549.142857142857,2757.67416667086,0,0,0,4604
32,5,839,1,0,0,0,0,0,3000.0,3.0,2010.0,1,1.0,2015.0,2,2015,1,30,5,1,0,4604.0,7090.0,4875.714285714285,3207.4042835438204,0,0,0,9376
32,6,715,1,0,0,0,0,0,3000.0,3.0,2010.0,1,1.0,2015.0,2,2015,1,31,5,1,2,9376.0,2723.0,5356.142857142857,3080.5731300398984,1,0,1,6086
32,7,0,0,0,0,0,0,0,3000.0,3.0,2010.0,1,1.0,2015.0,2,2015,2,1,5,1,3,6086.0,0.0,5356.142857142857,3080.5731300398984,1,1,0,0
32,1,478,1,0,0,0,0,0,3000.0,3.0,2010.0,1,1.0,2015.0,2,2015,2,2,6,1,1,0.0,5202.0,5287.285714285715,3089.9653026253513,0,0,0,4720
32,2,716,1,0,0,0,0,0,3000.0,3.0,2010.0,1,1.0,2015.0,2,2015,2,3,6,1,5,4720.0,8329.0,4792.428571428572,2783.865050437544,0,0,0,4865
32,3,1134,1,1,0,1,0,0,3000.0,3.0,2010.0,1,1.0,2015.0,2,2015,2,4,6,1,6,4865.0,3896.0,5511.285714285715,3140.634368737508,0,0,0,8928
32,4,700,1,1,0,1,0,0,3000.0,3.0,2010.0,1,1.0,2015.0,2,2015,2,5,6,1,4,8928.0,4604.0,5787.0,3132.4153087779837,0,0,0,6534
32,5,964,1,1,0,0,0,0,3000.0,3.0,2010.0,1,1.0,2015.0,2,2015,2,6,6,1,0,6534.0,9376.0,5804.714285714285,3156.35352446911,0,0,0,9500
32,6,508,1,0,0,1,0,0,3000.0,3.0,2010.0,1,1.0,2015.0,2,2015,2,7,6,1,2,9500.0,6086.0,5511.714285714285,3220.4355147653414,1,0,0,4035
32,7,0,0,0,0,0,0,0,3000.0,3.0,2010.0,1,1.0,2015.0,2,2015,2,8,6,1,3,4035.0,0.0,5511.714285714285,3220.4355147653414,1,0,0,0
32,1,462,1,0,0,0,0,0,3000.0,3.0,2010.0,1,1.0,2015.0,2,2015,2,9,7,1,1,0.0,4720.0,5467.428571428572,3235.2347600106173,0,0,0,4410
32,2,918,1,1,0,1,0,0,3000.0,3.0,2010.0,1,1.0,2015.0,2,2015,2,10,7,1,5,4410.0,4865.0,5744.571428571428,3258.0409173378443,0,0,0,6805
32,3,448,1,0,0,1,0,0,3000.0,3.0,2010.0,1,1.0,2015.0,2,2015,2,11,7,1,6,6805.0,8928.0,4914.285714285715,3045.1746919941907,0,0,0,3116
32,4,1165,1,0,0,0,0,0,3000.0,3.0,2010.0,1,1.0,2015.0,2,2015,2,12,7,1,4,3116.0,6534.0,5521.285714285715,3761.155040422456,0,0,0,10783
32,5,946,1,0,0,0,0,0,3000.0,3.0,2010.0,1,1.0,2015.0,2,2015,2,13,7,1,0,10783.0,9500.0,5110.285714285715,3393.1028923531408,0,0,0,6623
32,6,406,1,0,0,0,0,0,3000.0,3.0,2010.0,1,1.0,2015.0,2,2015,2,14,7,1,2,6623.0,4035.0,5086.714285714285,3402.378173880036,1,0,0,3870
32,7,0,0,0,0,0,0,0,3000.0,3.0,2010.0,1,1.0,2015.0,2,2015,2,15,7,1,3,3870.0,0.0,5086.714285714285,3402.378173880036,1,0,0,0
32,1,1023,1,1,0,0,0,0,3000.0,3.0,2010.0,1,1.0,2015.0,2,2015,2,16,8,1,1,0.0,4410.0,6279.857142857143,4433.659189599919,0,0,0,12762
32,2,528,1,0,0,0,0,0,3000.0,3.0,2010.0,1,1.0,2015.0,2,2015,2,17,8,1,5,12762.0,6805.0,6083.714285714285,4436.92433690598,0,0,0,5432
32,3,335,1,0,0,0,0,0,3000.0,3.0,2010.0,1,1.0,2015.0,2,2015,2,18,8,1,6,5432.0,3116.0,5967.285714285715,4537.335771657406,0,0,0,2301
32,4,728,1,1,0,1,0,0,3000.0,3.0,2010.0,1,1.0,2015.0,2,2015,2,19,8,1,4,2301.0,10783.0,5494.571428571428,4103.64406583315,0,0,0,7474
32,5,714,1,1,0,1,0,0,3000.0,3.0,2010.0,1,1.0,2015.0,2,2015,2,20,8,1,0,7474.0,6623.0,5484.285714285715,4100.433258176739,0,0,0,6551
32,6,1141,1,0,0,0,0,0,3000.0,3.0,2010.0,1,1.0,2015.0,2,2015,2,21,8,1,2,6551.0,3870.0,6767.285714285715,4848.045231990784,1,0,0,12851
32,7,0,0,0,0,1,0,0,3000.0,3.0,2010.0,1,1.0,2015.0,2,2015,2,22,8,1,3,12851.0,0.0,6767.285714285715,4848.045231990784,1,0,0,0
32,1,696,1,0,0,0,0,0,3000.0,3.0,2010.0,1,1.0,2015.0,2,2015,2,23,9,1,1,0.0,12762.0,5620.714285714285,4082.65427201005,0,0,0,4736
32,2,520,1,0,0,0,0,0,3000.0,3.0,2010.0,1,1.0,2015.0,2,2015,2,24,9,1,5,4736.0,5432.0,5451.0,4116.359718651098,0,0,0,4244
32,3,499,1,0,0,0,0,0,3000.0,3.0,2010.0,1,1.0,2015.0,2,2015,2,25,9,1,6,4244.0,2301.0,5572.571428571428,4019.244284569878,0,0,0,3152
32,4,1074,1,0,0,1,0,0,3000.0,3.0,2010.0,1,1.0,2015.0,2,2015,2,26,9,1,4,3152.0,7474.0,5529.285714285715,3996.9233048386,0,0,0,7171
32,5,330,1,1,0,0,0,0,3000.0,3.0,2010.0,1,1.0,2015.0,2,2015,2,27,9,1,0,7171.0,6551.0,5350.571428571428,3971.5126361435177,0,0,0,5300
32,6,776,1,0,0,0,0,0,3000.0,3.0,2010.0,1,1.0,2015.0,2,2015,2,28,9,1,2,5300.0,12851.0,4512.428571428572,2453.9679335817814,1,0,1,6984
32,7,0,0,0,0,0,0,0,3000.0,3.0,2010.0,1,1.0,2015.0,2,2015,3,1,9,1,3,6984.0,0.0,4512.428571428572,2453.9679335817814,1,1,0,0
32,1,778,1,0,0,0,0,0,3000.0,3.0,2010.0,1,1.0,2015.0,2,2015,3,2,10,1,1,0.0,4736.0,4522.571428571428,2455.1924471171237,0,0,0,4807
32,2,572,1,0,0,0,0,0,3000.0,3.0,2010.0,1,1.0,2015.0,2,2015,3,3,10,1,5,4807.0,4244.0,4881.0,2587.332345615206,0,0,0,6753
32,3,414,1,1,0,0,0,0,3000.0,3.0,2010.0,1,1.0,2015.0,2,2015,3,4,10,1,6,6753.0,3152.0,4913.0,2563.661054039714,0,0,0,3376
32,4,907,1,0,0,0,0,0,3000.0,3.0,2010.0,1,1.0,2015.0,2,2015,3,5,10,1,4,3376.0,7171.0,5264.285714285715,3047.4541677869283,0,0,0,9630
32,5,327,1,1,0,0,0,0,3000.0,3.0,2010.0,1,1.0,2015.0,2,2015,3,6,10,1,0,9630.0,5300.0,5202.857142857143,3050.9461061869247,0,0,0,4870
32,6,409,1,0,0,0,0,0,3000.0,3.0,2010.0,1,1.0,2015.0,2,2015,3,7,10,1,2,4870.0,6984.0,4859.142857142857,2950.724003165521,1,0,0,4578
32,7,0,0,0,0,0,0,0,3000.0,3.0,2010.0,1,1.0,2015.0,2,2015,3,8,10,1,3,4578.0,0.0,4859.142857142857,2950.724003165521,1,0,0,0
32,1,716,1,1,0,0,0,0,3000.0,3.0,2010.0,1,1.0,2015.0,2,2015,3,9,11,1,1,0.0,4807.0,5135.857142857143,3034.650030814727,0,0,0,6744
32,2,1008,1,0,0,0,0,0,3000.0,3.0,2010.0,1,1.0,2015.0,2,2015,3,10,11,1,5,6744.0,6753.0,5479.714285714285,3366.6381705536137,0,0,0,9160
32,3,572,1,1,0,0,0,0,3000.0,3.0,2010.0,1,1.0,2015.0,2,2015,3,11,11,1,6,9160.0,3376.0,6061.428571428572,3293.562147439703,0,0,0,7448
32,4,1151,1,1,0,0,0,0,3000.0,3.0,2010.0,1,1.0,2015.0,2,2015,3,12,11,1,4,7448.0,9630.0,6143.857142857143,3403.1556154335863,0,0,0,10207
32,5,921,1,1,0,1,0,0,3000.0,3.0,2010.0,1,1.0,2015.0,2,2015,3,13,11,1,0,10207.0,4870.0,6805.0,3560.3511530933774,0,0,0,9498
32,6,1090,1,0,0,0,0,0,3000.0,3.0,2010.0,1,1.0,2015.0,2,2015,3,14,11,1,2,9498.0,4578.0,7704.428571428572,3696.6433358360337,1,0,0,10874
32,7,0,0,0,0,0,0,0,3000.0,3.0,2010.0,1,1.0,2015.0,2,2015,3,15,11,1,3,10874.0,0.0,7704.428571428572,3696.643335836033,1,0,0,0
32,1,969,1,1,0,0,0,0,3000.0,3.0,2010.0,1,1.0,2015.0,2,2015,3,16,12,1,1,0.0,6744.0,7954.714285714285,3680.0519341573486,0,0,0,8496
32,2,383,1,0,0,0,0,0,3000.0,3.0,2010.0,1,1.0,2015.0,2,2015,3,17,12,1,5,8496.0,9160.0,7022.857142857143,4123.177594548952,0,0,0,2637
32,3,647,1,0,0,0,0,0,3000.0,3.0,2010.0,1,1.0,2015.0,2,2015,3,18,12,1,6,2637.0,7448.0,6779.285714285715,4144.1838647388595,0,0,0,5743
32,4,357,1,1,0,0,0,0,3000.0,3.0,2010.0,1,1.0,2015.0,2,2015,3,19,12,1,4,5743.0,10207.0,5734.142857142857,4057.2740203479575,0,0,0,2891
32,5,488,1,0,0,0,0,0,3000.0,3.0,2010.0,1,1.0,2015.0,2,2015,3,20,12,1,0,2891.0,9498.0,5040.0,3706.496818650553,0,0,0,4639
32,6,1053,1,0,0,0,0,0,3000.0,3.0,2010.0,1,1.0,2015.0,2,2015,3,21,12,1,2,4639.0,10874.0,5146.857142857143,3908.024881726123,1,0,0,11622
32,7,0,0,0,0,0,0,0,3000.0,3.0,2010.0,1,1.0,2015.0,2,2015,3,22,12,1,3,11622.0,0.0,5146.857142857143,3908.024881726123,1,0,0,0
32,1,1066,1,0,0,0,0,0,3000.0,3.0,2010.0,1,1.0,2015.0,2,2015,3,23,13,1,1,0.0,8496.0,5086.714285714285,3850.711913152585,0,0,0,8075
32,2,1186,1,0,0,0,0,0,3000.0,3.0,2010.0,1,1.0,2015.0,2,2015,3,24,13,1,5,8075.0,2637.0,6664.571428571428,4820.41315162725,0,0,0,13682
32,3,1059,1,0,0,0,0,0,3000.0,3.0,2010.0,1,1.0,2015.0,2,2015,3,25,13,1,6,13682.0,5743.0,6686.0,4815.964977724264,0,0,0,5893
32,4,1083,1,1,0,0,0,0,3000.0,3.0,2010.0,1,1.0,2015.0,2,2015,3,26,13,1,4,5893.0,2891.0,7378.714285714285,4518.684016181618,0,0,0,7740
32,5,337,1,1,0,0,0,0,3000.0,3.0,2010.0,1,1.0,2015.0,2,2015,3,27,13,1,0,7740.0,4639.0,7383.0,4515.665694741659,0,0,0,4669
32,6,1078,1,0,0,0,0,0,3000.0,3.0,2010.0,1,1.0,2015.0,2,2015,3,28,13,1,2,4669.0,11622.0,7078.571428571428,4246.041798237618,1,0,0,9491
32,7,0,0,0,0,0,0,0,3000.0,3.0,2010.0,1,1.0,2015.0,2,2015,3,29,13,1,3,9491.0,0.0,7078.571428571428,4246.041798237618,1,0,0,0
32,1,0,0,1,0,0,0,0,3000.0,3.0,2010.0,1,1.0,2015.0,2,2015,3,30,14,1,1,0.0,8075.0,5925.0,4966.075580039703,0,0,0,0
32,2,911,1,1,0,1,0,0,3000.0,3.0,2010.0,1,1.0,2015.0,2,2015,3,31,14,1,5,0.0,13682.0,4950.714285714285,3697.605789078735,0,0,1,6862
32,3,669,1,0,0,0,0,0,3000.0,3.0,2010.0,1,1.0,2015.0,2,2015,4,1,14,2,6,6862.0,5893.0,4754.714285714285,3675.630817255986,0,1,0,4521
32,4,1188,1,1,0,0,0,0,3000.0,3.0,2010.0,1,1.0,2015.0,2,2015,4,2,14,2,4,4521.0,7740.0,4818.857142857143,3739.767346978126,0,0,0,8189
32,5,951,1,0,0,0,0,0,3000.0,3.0,2010.0,1,1.0,2015.0,2,2015,4,3,14,2,0,8189.0,4669.0,4977.571428571428,3755.8879490360578,0,0,0,5780
32,6,1179,1,0,0,0,0,0,3000.0,3.0,2010.0,1,1.0,2015.0,2,2015,4,4,14,2,2,5780.0,9491.0,5184.714285714285,4072.903375328453,1,0,0,10941
32,7,0,0,0,0,0,0,0,3000.0,3.0,2010.0,1,1.0,2015.0,2,2015,4,5,14,2,3,10941.0,0.0,5184.714285714285,4072.903375328453,1,0,0,0
32,1,347,1,0,0,0,0,0,3000.0,3.0,2010.0,1,1.0,2015.0,2,2015,4,6,15,2,1,0.0,0.0,5690.428571428572,3501.5436051900906,0,0,0,3540
32,2,1146,1,0,0,0,0,0,3000.0,3.0,2010.0,1,1.0,2015.0,2,2015,4,7,15,2,5,3540.0,6862.0,6390.285714285715,4195.543338444008,0,0,0,11761
32,3,962,1,0,0,1,0,0,3000.0,3.0,2010.0,1,1.0,2015.0,2,2015,4,8,15,2,6,11761.0,4521.0,7341.571428571428,4448.37096988485,0,0,0,11180
32,4,1089,1,1,0,1,0,0,3000.0,3.0,2010.0,1,1.0,2015.0,2,2015,4,9,15,2,4,11180.0,8189.0,7840.714285714285,4745.416866629867,0,0,0,11683
32,5,438,1,0,0,0,0,0,3000.0,3.0,2010.0,1,1.0,2015.0,2,2015,4,10,15,2,0,11683.0,5780.0,7451.857142857143,5044.5222908474825,0,0,0,3058
35,4,546,1,0,0,0,0,1,120.0,5.0,0.0,1,22.0,2015.0,2,2015,1,8,2,1,4,2015.0,3637.0,5110.428571428572,3433.842447227443,0,0,0,3413
35,5,554,1,0,0,0,0,1,120.0,5.0,0.0,1,22.0,2015.0,2,2015,1,9,2,1,0,3413.0,5999.0,5172.714285714285,3456.5256503356914,0,0,0,6435
35,6,540,1,0,0,0,0,1,120.0,5.0,0.0,1,22.0,2015.0,2,2015,1,10,2,1,2,6435.0,9689.0,4281.428571428572,2848.84753641087,1,0,0,3450
35,7,0,0,0,0,0,0,1,120.0,5.0,0.0,1,22.0,2015.0,2,2015,1,11,2,1,3,3450.0,0.0,4281.428571428572,2848.84753641087,1,0,0,0
35,1,324,1,0,0,0,0,1,120.0,5.0,0.0,1,22.0,2015.0,2,2015,1,12,3,1,1,0.0,6792.0,3854.1428571428573,2625.0531695295504,0,0,0,3801
35,2,692,1,1,0,1,0,1,120.0,5.0,0.0,1,22.0,2015.0,2,2015,1,13,3,1,5,3801.0,7865.0,3465.714285714286,2076.5037695034166,0,0,0,5146
35,3,308,1,1,0,0,0,1,120.0,5.0,0.0,1,22.0,2015.0,2,2015,1,14,3,1,6,5146.0,2015.0,3605.1428571428573,1993.9870802466273,0,0,0,2991
35,4,686,1,0,0,1,0,1,120.0,5.0,0.0,1,22.0,2015.0,2,2015,1,15,3,1,4,2991.0,3413.0,4108.571428571428,2350.396339424683,0,0,0,6937
35,5,387,1,1,0,0,0,1,120.0,5.0,0.0,1,22.0,2015.0,2,2015,1,16,3,1,0,6937.0,6435.0,3905.5714285714284,2170.454856870854,0,0,0,5014
35,6,818,1,0,0,0,0,1,120.0,5.0,0.0,1,22.0,2015.0,2,2015,1,17,3,1,2,5014.0,3450.0,4427.0,2461.668133603715,1,0,0,7100
35,7,0,0,0,0,0,0,1,120.0,5.0,0.0,1,22.0,2015.0,2,2015,1,18,3,1,3,7100.0,0.0,4427.0,2461.668133603715,1,0,0,0
35,1,665,1,1,0,0,0,1,120.0,5.0,0.0,1,22.0,2015.0,2,2015,1,19,4,1,1,0.0,3801.0,4970.428571428572,2707.996359989113,0,0,0,7605
35,2,497,1,1,0,0,0,1,120.0,5.0,0.0,1,22.0,2015.0,2,2015,1,20,4,1,5,7605.0,5146.0,5129.714285714285,2752.471962575079,0,0,0,6261
35,3,506,1,0,0,0,0,1,120.0,5.0,0.0,1,22.0,2015.0,2,2015,1,21,4,1,6,6261.0,2991.0,5426.857142857143,2590.620995602627,0,0,0,5071
35,4,385,1,1,0,0,0,1,120.0,5.0,0.0,1,22.0,2015.0,2,2015,1,22,4,1,4,5071.0,6937.0,4899.857142857143,2607.3833261574355,0,0,0,3248
35,5,1131,1,0,0,0,0,1,120.0,5.0,0.0,1,22.0,2015.0,2,2015,1,23,4,1,0,3248.0,5014.0,6096.142857142857,4139.414830970333,0,0,0,13388
35,6,738,1,0,0,0,0,1,120.0,5.0,0.0,1,22.0,2015.0,2,2015,1,24,4,1,2,13388.0,7100.0,6057.285714285715,4129.686175093928,1,0,0,6828
35,7,0,0,0,0,0,0,1,120.0,5.0,0.0,1,22.0,2015.0,2,2015,1,25,4,1,3,6828.0,0.0,6057.285714285715,4129.686175093928,1,0,0,0
35,1,755,1,0,0,0,0,1,120.0,5.0,0.0,1,22.0,2015.0,2,2015,1,26,5,1,1,0.0,7605.0,5577.285714285715,4115.053815536549,0,0,0,4245
35,2,388,1,1,0,0,0,1,120.0,5.0,0.0,1,22.0,2015.0,2,2015,1,27,5,1,5,4245.0,6261.0,5418.0,4105.7469072833355,0,0,0,5146
35,3,807,1,1,0,0,0,1,120.0,5.0,0.0,1,22.0,2015.0,2,2015,1,28,5,1,6,5146.0,5071.0,5681.428571428572,4138.795793349514,0,0,0,6915
35,4,330,1,1,0,0,0,1,120.0,5.0,0.0,1,22.0,2015.0,2,2015,1,29,5,1,4,6915.0,3248.0,5755.571428571428,4092.325453705708,0,0,0,3767
35,5,1005,1,0,0,1,0,1,120.0,5.0,0.0,1,22.0,2015.0,2,2015,1,30,5,1,0,3767.0,13388.0,5391.428571428572,3345.1917163366925,0,0,0,10839
35,6,1178,1,0,0,1,0,1,120.0,5.0,0.0,1,22.0,2015.0,2,2015,1,31,5,1,2,10839.0,6828.0,5494.428571428572,3407.319565149067,1,0,1,7549
35,7,0,0,0,0,0,0,1,120.0,5.0,0.0,1,22.0,2015.0,2,2015,2,1,5,1,3,7549.0,0.0,5494.428571428572,3407.319565149067,1,1,0,0
35,1,498,1,1,0,0,0,1,120.0,5.0,0.0,1,22.0,2015.0,2,2015,2,2,6,1,1,0.0,4245.0,5718.285714285715,3362.735875954069,0,0,0,5812
35,2,938,1,0,0,1,0,1,120.0,5.0,0.0,1,22.0,2015.0,2,2015,2,3,6,1,5,5812.0,5146.0,5964.714285714285,3376.98350179988,0,0,0,6871
35,3,1085,1,0,0,0,0,1,120.0,5.0,0.0,1,22.0,2015.0,2,2015,2,4,6,1,6,6871.0,6915.0,6756.428571428572,4188.936931853668,0,0,0,12457
35,4,1181,1,0,0,0,0,1,120.0,5.0,0.0,1,22.0,2015.0,2,2015,2,5,6,1,4,12457.0,3767.0,7282.571428571428,3976.802101234227,0,0,0,7450
35,5,543,1,0,0,0,0,1,120.0,5.0,0.0,1,22.0,2015.0,2,2015,2,6,6,1,0,7450.0,10839.0,6302.714285714285,3795.3410788441543,0,0,0,3980
35,6,1028,1,0,0,0,0,1,120.0,5.0,0.0,1,22.0,2015.0,2,2015,2,7,6,1,2,3980.0,7549.0,6329.857142857143,3806.4028263165314,1,0,0,7739
35,7,0,0,0,0,0,0,1,120.0,5.0,0.0,1,22.0,2015.0,2,2015,2,8,6,1,3,7739.0,0.0,6329.857142857143,3806.4028263165314,1,0,0,0
35,1,937,1,0,0,0,0,1,120.0,5.0,0.0,1,22.0,2015.0,2,2015,2,9,7,1,1,0.0,5812.0,6891.142857142857,4001.9712404668544,0,0,0,9741
35,2,629,1,1,0,0,0,1,120.0,5.0,0.0,1,22.0,2015.0,2,2015,2,10,7,1,5,9741.0,6871.0,6927.571428571428,4002.9178048494773,0,0,0,7126
35,3,696,1,0,0,0,0,1,120.0,5.0,0.0,1,22.0,2015.0,2,2015,2,11,7,1,6,7126.0,12457.0,6238.428571428572,3233.644221676367,0,0,0,7633
35,4,492,1,0,0,0,0,1,120.0,5.0,0.0,1,22.0,2015.0,2,2015,2,12,7,1,4,7633.0,7450.0,6017.428571428572,3189.604199956628,0,0,0,5903
35,5,621,1,0,0,0,0,1,120.0,5.0,0.0,1,22.0,2015.0,2,2015,2,13,7,1,0,5903.0,3980.0,6453.857142857143,3071.1696158831437,0,0,0,7035
35,6,938,1,0,0,0,0,1,120.0,5.0,0.0,1,22.0,2015.0,2,2015,2,14,7,1,2,7035.0,7739.0,6751.714285714285,3308.5176798825246,1,0,0,9824
35,7,0,0,0,0,0,0,1,120.0,5.0,0.0,1,22.0,2015.0,2,2015,2,15,7,1,3,9824.0,0.0,6751.714285714285,3308.5176798825246,1,0,0,0
35,1,697,1,0,0,0,0,1,120.0,5.0,0.0,1,22.0,2015.0,2,2015,2,16,8,1,1,0.0,9741.0,6430.857142857143,3070.6604842482693,0,0,0,7495
35,2,332,1,0,0,0,0,1,120.0,5.0,0.0,1,22.0,2015.0,2,2015,2,17,8,1,5,7495.0,7126.0,5685.428571428572,3479.8731230291946,0,0,0,1908
35,3,365,1,0,0,1,0,1,120.0,5.0,0.0,1,22.0,2015.0,2,2015,2,18,8,1,6,1908.0,7633.0,5003.428571428572,3502.3063285566027,0,0,0,2859
35,4,304,1,1,0,0,0,1,120.0,5.0,0.0,1,22.0,2015.0,2,2015,2,19,8,1,4,2859.0,5903.0,4499.571428571428,3603.5617962021447,0,0,0,2376
35,5,479,1,0,0,0,0,1,120.0,5.0,0.0,1,22.0,2015.0,2,2015,2,20,8,1,0,2376.0,7035.0,3919.8571428571427,3450.8764794165686,0,0,0,2977
35,6,956,1,0,0,0,0,1,120.0,5.0,0.0,1,22.0,2015.0,2,2015,2,21,8,1,2,2977.0,9824.0,3985.8571428571427,3584.449536008352,1,0,0,10286
35,7,0,0,0,0,0,0,1,120.0,5.0,0.0,1,22.0,2015.0,2,2015,2,22,8,1,3,10286.0,0.0,3985.8571428571427,3584.449536008352,1,0,0,0
35,1,718,1,1,0,0,0,1,120.0,5.0,0.0,1,22.0,2015.0,2,2015,2,23,9,1,1,0.0,7495.0,4210.142857142857,3877.738835480091,0,0,0,9065
35,2,330,1,0,0,0,0,1,120.0,5.0,0.0,1,22.0,2015.0,2,2015,2,24,9,1,5,9065.0,1908.0,4342.428571428572,3801.152494404072,0,0,0,2834
35,3,987,1,0,0,0,0,1,120.0,5.0,0.0,1,22.0,2015.0,2,2015,2,25,9,1,6,2834.0,2859.0,5076.714285714285,3959.972378451048,0,0,0,7999
35,4,458,1,1,0,1,0,1,120.0,5.0,0.0,1,22.0,2015.0,2,2015,2,26,9,1,4,7999.0,2376.0,5596.0,3781.0870570952666,0,0,0,6011
35,5,841,1,0,0,0,0,1,120.0,5.0,0.0,1,22.0,2015.0,2,2015,2,27,9,1,0,6011.0,2977.0,6271.0,3655.27965186432,0,0,0,7702
35,6,300,1,0,0,0,0,1,120.0,5.0,0.0,1,22.0,2015.0,2,2015,2,28,9,1,2,7702.0,10286.0,5313.428571428572,3287.677339051735,1,0,1,3583
35,7,0,0,0,0,0,0,1,120.0,5.0,0.0,1,22.0,2015.0,2,2015,3,1,9,1,3,3583.0,0.0,5313.428571428572,3287.677339051735,1,1,0,0
35,1,985,1,1,0,0,0,1,120.0,5.0,0.0,1,22.0,2015.0,2,2015,3,2,10,1,1,0.0,9065.0,5323.857142857143,3301.6468329492513,0,0,0,9138
35,2,362,1,1,0,1,0,1,120.0,5.0,0.0,1,22.0,2015.0,2,2015,3,3,10,1,5,9138.0,2834.0,5647.571428571428,3123.097226426724,0,0,0,5100
35,3,446,1,0,0,1,0,1,120.0,5.0,0.0,1,22.0,2015.0,2,2015,3,4,10,1,6,5100.0,7999.0,4872.142857142857,3115.8055902431543,0,0,0,2571
35,4,729,1,0,0,0,0,1,120.0,5.0,0.0,1,22.0,2015.0,2,2015,3,5,10,1,4,2571.0,6011.0,4969.428571428572,3167.4937441213096,0,0,0,6692
35,5,451,1,0,0,0,0,1,120.0,5.0,0.0,1,22.0,2015.0,2,2015,3,6,10,1,0,6692.0,7702.0,4400.0,2944.8399503764795,0,0,0,3716
35,6,1160,1,0,0,0,0,1,120.0,5.0,0.0,1,22.0,2015.0,2,2015,3,7,10,1,2,3716.0,3583.0,5723.285714285715,4290.344302977938,1,0,0,12846
35,7,0,0,0,0,0,0,1,120.0,5.0,0.0,1,22.0,2015.0,2,2015,3,8,10,1,3,12846.0,0.0,5723.285714285715,4290.344302977938,1,0,0,0
35,1,939,1,1,0,0,0,1,120.0,5.0,0.0,1,22.0,2015.0,2,2015,3,9,11,1,1,0.0,9138.0,5693.285714285715,4263.135493752838,0,0,0,8928
35,2,526,1,1,0,1,0,1,120.0,5.0,0.0,1,22.0,2015.0,2,2015,3,10,11,1,5,8928.0,5100.0,5488.857142857143,4330.110715619616,0,0,0,3669
35,3,678,1,1,0,0,0,1,120.0,5.0,0.0,1,22.0,2015.0,2,2015,3,11,11,1,6,3669.0,2571.0,5819.428571428572,4155.016319949614,0,0,0,4885
35,4,305,1,1,0,0,0,1,120.0,5.0,0.0,1,22.0,2015.0,2,2015,3,12,11,1,4,4885.0,6692.0,5537.285714285715,4152.944726909078,0,0,0,4717
35,5,470,1,0,0,0,0,1,120.0,5.0,0.0,1,22.0,2015.0,2,2015,3,13,11,1,0,4717.0,3716.0,5787.428571428572,4076.9996671221716,0,0,0,5467
35,6,932,1,0,0,0,0,1,120.0,5.0,0.0,1,22.0,2015.0,2,2015,3,14,11,1,2,5467.0,12846.0,5504.857142857143,3539.336257387415,1,0,0,10868
35,7,0,0,0,0,0,0,1,120.0,5.0,0.0,1,22.0,2015.0,2,2015,3,15,11,1,3,10868.0,0.0,5504.857142857143,3539.336257387415,1,0,0,0
35,1,936,1,0,0,0,0,1,120.0,5.0,0.0,1,22.0,2015.0,2,2015,3,16,12,1,1,0.0,8928.0,5521.571428571428,3558.4208977739404,0,0,0,9045
35,2,873,1,1,0,0,0,1,120.0,5.0,0.0,1,22.0,2015.0,2,2015,3,17,12,1,5,9045.0,3669.0,6209.285714285715,3605.586809119321,0,0,0,8483
35,3,1069,1,1,0,1,0,1,120.0,5.0,0.0,1,22.0,2015.0,2,2015,3,18,12,1,6,8483.0,4885.0,6573.857142857143,3578.2840593675364,0,0,0,7437
35,4,1198,1,0,0,1,0,1,120.0,5.0,0.0,1,22.0,2015.0,2,2015,3,19,12,1,4,7437.0,4717.0,7648.142857142857,4028.4269232779293,0,0,0,12237
35,5,951,1,0,0,0,0,1,120.0,5.0,0.0,1,22.0,2015.0,2,2015,3,20,12,1,0,12237.0,5467.0,8479.285714285714,4102.907453432088,0,0,0,11285
35,6,915,1,0,0,0,0,1,120.0,5.0,0.0,1,22.0,2015.0,2,2015,3,21,12,1,2,11285.0,10868.0,7753.857142857143,4058.851907808884,1,0,0,5790
35,7,0,0,0,0,0,0,1,120.0,5.0,0.0,1,22.0,2015.0,2,2015,3,22,12,1,3,5790.0,0.0,7753.857142857143,4058.851907808884,1,0,0,0
35,1,315,1,0,0,0,0,1,120.0,5.0,0.0,1,22.0,2015.0,2,2015,3,23,13,1,1,0.0,9045.0,6868.857142857143,4392.111543383639,0,0,0,2850
35,2,1161,1,1,0,0,0,1,120.0,5.0,0.0,1,22.0,2015.0,2,2015,3,24,13,1,5,2850.0,8483.0,7298.571428571428,4711.864983108878,0,0,0,11491
35,3,382,1,0,0,0,0,1,120.0,5.0,0.0,1,22.0,2015.0,2,2015,3,25,13,1,6,11491.0,7437.0,6638.142857142857,5004.149725596796,0,0,0,2814
35,4,1175,1,1,0,0,0,1,120.0,5.0,0.0,1,22.0,2015.0,2,2015,3,26,13,1,4,2814.0,12237.0,6989.857142857143,5522.882442727754,0,0,0,14699
35,5,725,1,1,0,0,0,1,120.0,5.0,0.0,1,22.0,2015.0,2,2015,3,27,13,1,0,14699.0,11285.0,6492.0,5219.936621582043,0,0,0,7800
35,6,952,1,0,0,0,0,1,120.0,5.0,0.0,1,22.0,2015.0,2,2015,3,28,13,1,2,7800.0,5790.0,7148.142857142857,5402.466147620963,1,0,0,10383
35,7,0,0,0,0,0,0,1,120.0,5.0,0.0,1,22.0,2015.0,2,2015,3,29,13,1,3,10383.0,0.0,7148.142857142857,5402.466147620963,1,0,0,0
35,1,600,1,0,0,0,0,1,120.0,5.0,0.0,1,22.0,2015.0,2,2015,3,30,14,1,1,0.0,2850.0,7489.714285714285,5155.358174245695,0,0,0,5241
35,2,318,1,0,0,0,0,1,120.0,5.0,0.0,1,22.0,2015.0,2,2015,3,31,14,1,5,5241.0,11491.0,6217.285714285715,5102.09975448951,0,0,1,2584
35,3,321,1,0,0,1,0,1,120.0,5.0,0.0,1,22.0,2015.0,2,2015,4,1,14,2,6,2584.0,2814.0,6277.285714285715,5057.683452408021,0,1,0,3234
35,4,1056,1,0,0,0,0,1,120.0,5.0,0.0,1,22.0,2015.0,2,2015,4,2,14,2,4,3234.0,14699.0,5066.428571428572,3471.2010821012627,0,0,0,6223
35,5,1024,1,0,0,0,0,1,120.0,5.0,0.0,1,22.0,2015.0,2,2015,4,3,14,2,0,6223.0,7800.0,5477.285714285715,3981.3874346466114,0,0,0,10676
35,6,622,1,0,0,0,0,1,120.0,5.0,0.0,1,22.0,2015.0,2,2015,4,4,14,2,2,10676.0,10383.0,4512.142857142857,3365.1571250374786,1,0,0,3627
35,7,0,0,0,0,0,0,1,120.0,5.0,0.0,1,22.0,2015.0,2,2015,4,5,14,2,3,3627.0,0.0,4512.142857142857,3365.1571250374786,1,0,0,0
35,1,1101,1,1,0,1,0,1,120.0,5.0,0.0,1,22.0,2015.0,2,2015,4,6,15,2,1,0.0,5241.0,5052.428571428572,3779.7472074704915,0,0,0,9023
35,2,361,1,0,0,0,0,1,120.0,5.0,0.0,1,22.0,2015.0,2,2015,4,7,15,2,5,9023.0,2584.0,4970.714285714285,3847.58061272647,0,0,0,2012
35,3,1053,1,0,0,0,0,1,120.0,5.0,0.0,1,22.0,2015.0,2,2015,4,8,15,2,6,2012.0,3234.0,5620.428571428572,3889.2053540169754,0,0,0,7782
35,4,1157,1,1,0,0,0,1,120.0,5.0,0.0,1,22.0,2015.0,2,2015,4,9,15,2,4,7782.0,6223.0,6007.571428571428,4088.9360823708535,0,0,0,8933
35,5,748,1,1,0,0,0,1,120.0,5.0,0.0,1,22.0,2015.0,2,2015,4,10,15,2,0,8933.0,10676.0,5651.857142857143,3705.446146263249,0,0,0,8186
36,4,410,1,0,0,0,2,0,1500.0,3.0,2008.0,1,40.0,2011.0,0,2015,1,8,2,1,4,7863.0,5707.0,5500.571428571428,2779.1713907291896,0,0,0,3785
36,5,689,1,1,0,0,2,0,1500.0,3.0,2008.0,1,40.0,2011.0,0,2015,1,9,2,1,0,3785.0,7617.0,5588.714285714285,2865.9128687782136,0,0,0,8234
36,6,1130,1,0,0,0,2,0,1500.0,3.0,2008.0,1,40.0,2011.0,0,2015,1,10,2,1,2,8234.0,6915.0,5553.142857142857,2848.198051901788,1,0,0,6666
36,7,0,0,0,0,0,2,0,1500.0,3.0,2008.0,1,40.0,2011.0,0,2015,1,11,2,1,3,6666.0,0.0,5553.142857142857,2848.198051901788,1,0,0,0
36,1,318,1,0,0,1,2,0,1500.0,3.0,2008.0,1,40.0,2011.0,0,2015,1,12,3,1,1,0.0,6484.0,4996.285714285715,3012.203109258831,0,0,0,2586
36,2,429,1,0,0,0,2,0,1500.0,3.0,2008.0,1,40.0,2011.0,0,2015,1,13,3,1,5,2586.0,5840.0,4596.142857142857,3066.988720149425,0,0,0,3039
36,3,1077,1,0,0,0,2,0,1500.0,3.0,2008.0,1,40.0,2011.0,0,2015,1,14,3,1,6,3039.0,7863.0,5004.0,3698.622851819309,0,0,0,10718
36,4,577,1,1,0,0,2,0,1500.0,3.0,2008.0,1,40.0,2011.0,0,2015,1,15,3,1,4,10718.0,3785.0,5121.714285714285,3666.3318050555517,0,0,0,4609
36,5,905,1,0,0,0,2,0,1500.0,3.0,2008.0,1,40.0,2011.0,0,2015,1,16,3,1,0,4609.0,8234.0,5340.0,3919.2754857668947,0,0,0,9762
36,6,832,1,0,0,0,2,0,1500.0,3.0,2008.0,1,40.0,2011.0,0,2015,1,17,3,1,2,9762.0,6666.0,5490.571428571428,3998.160904596964,1,0,0,7720
36,7,0,0,0,0,0,2,0,1500.0,3.0,2008.0,1,40.0,2011.0,0,2015,1,18,3,1,3,7720.0,0.0,5490.571428571428,3998.160904596964,1,0,0,0
36,1,1167,1,0,0,1,2,0,1500.0,3.0,2008.0,1,40.0,2011.0,0,2015,1,19,4,1,1,0.0,2586.0,7017.142857142857,4685.312100190388,0,0,0,13272
36,2,617,1,0,0,0,2,0,1500.0,3.0,2008.0,1,40.0,2011.0,0,2015,1,20,4,1,5,13272.0,3039.0,7514.571428571428,4366.565922138464,0,0,0,6521
36,3,1040,1,0,0,0,2,0,1500.0,3.0,2008.0,1,40.0,2011.0,0,2015,1,21,4,1,6,6521.0,10718.0,7004.571428571428,4132.25337465903,0,0,0,7148
36,4,800,1,1,0,0,2,0,1500.0,3.0,2008.0,1,40.0,2011.0,0,2015,1,22,4,1,4,7148.0,4609.0,7596.714285714285,4027.4146675953157,0,0,0,8754
36,5,365,1,1,0,0,2,0,1500.0,3.0,2008.0,1,40.0,2011.0,0,2015,1,23,4,1,0,8754.0,9762.0,6767.857142857143,4103.8318040814565,0,0,0,3960
36,6,491,1,0,0,0,2,0,1500.0,3.0,2008.0,1,40.0,2011.0,0,2015,1,24,4,1,2,3960.0,7720.0,6246.714285714285,4193.418522489961,1,0,0,4072
36,7,0,0,0,0,1,2,0,1500.0,3.0,2008.0,1,40.0,2011.0,0,2015,1,25,4,1,3,4072.0,0.0,6246.714285714285,4193.418522489961,1,0,0,0
36,1,613,1,1,0,0,2,0,1500.0,3.0,2008.0,1,40.0,2011.0,0,2015,1,26,5,1,1,0.0,13272.0,5426.285714285715,2974.5153506795964,0,0,0,7529
36,2,1123,1,0,0,0,2,0,1500.0,3.0,2008.0,1,40.0,2011.0,0,2015,1,27,5,1,5,7529.0,6521.0,5512.714285714285,3020.065932739752,0,0,0,7126
36,3,404,1,0,0,1,2,0,1500.0,3.0,2008.0,1,40.0,2011.0,0,2015,1,28,5,1,6,7126.0,7148.0,4966.714285714285,3020.6383825435364,0,0,0,3326
36,4,599,1,0,0,0,2,0,1500.0,3.0,2008.0,1,40.0,2011.0,0,2015,1,29,5,1,4,3326.0,8754.0,4479.857142857143,2545.8021937149406,0,0,0,5346
36,5,1173,1,0,0,0,2,0,1500.0,3.0,2008.0,1,40.0,2011.0,0,2015,1,30,5,1,0,5346.0,3960.0,4922.285714285715,2704.5598973021897,0,0,0,7057
36,6,1122,1,0,0,0,2,0,1500.0,3.0,2008.0,1,40.0,2011.0,0,2015,1,31,5,1,2,7057.0,4072.0,5519.714285714285,2937.310374831919,1,0,1,8254
36,7,0,0,0,0,0,2,0,1500.0,3.0,2008.0,1,40.0,2011.0,0,2015,2,1,5,1,3,8254.0,0.0,5519.714285714285,2937.310374831919,1,1,0,0
36,1,411,1,1,0,0,2,0,1500.0,3.0,2008.0,1,40.0,2011.0,0,2015,2,2,6,1,1,0.0,7529.0,4957.857142857143,2864.158307343329,0,0,0,3596
36,2,638,1,0,0,0,2,0,1500.0,3.0,2008.0,1,40.0,2011.0,0,2015,2,3,6,1,5,3596.0,7126.0,4552.571428571428,2702.380053282837,0,0,0,4289
36,3,1198,1,0,0,0,2,0,1500.0,3.0,2008.0,1,40.0,2011.0,0,2015,2,4,6,1,6,4289.0,3326.0,5780.0,3786.2941864924674,0,0,0,11918
36,4,1093,1,0,0,0,2,0,1500.0,3.0,2008.0,1,40.0,2011.0,0,2015,2,5,6,1,4,11918.0,5346.0,6250.285714285715,3925.2976411259006,0,0,0,8638
36,5,833,1,1,0,0,2,0,1500.0,3.0,2008.0,1,40.0,2011.0,0,2015,2,6,6,1,0,8638.0,7057.0,6309.285714285715,3942.510144323693,0,0,0,7470
36,6,0,0,0,0,0,2,0,1500.0,3.0,2008.0,1,40.0,2011.0,0,2015,2,7,6,1,2,7470.0,8254.0,5130.142857142857,4463.795934275798,1,0,0,0
36,7,0,0,0,0,1,2,0,1500.0,3.0,2008.0,1,40.0,2011.0,0,2015,2,8,6,1,3,0.0,0.0,5130.142857142857,4463.795934275798,1,0,0,0
36,1,388,1,0,0,0,2,0,1500.0,3.0,2008.0,1,40.0,2011.0,0,2015,2,9,7,1,1,0.0,3596.0,5026.428571428572,4513.538887138813,0,0,0,2870
36,2,960,1,1,0,0,2,0,1500.0,3.0,2008.0,1,40.0,2011.0,0,2015,2,10,7,1,5,2870.0,4289.0,6095.285714285715,5150.73543985988,0,0,0,11771
36,3,1158,1,1,0,0,2,0,1500.0,3.0,2008.0,1,40.0,2011.0,0,2015,2,11,7,1,6,11771.0,11918.0,6523.857142857143,5799.871045364468,0,0,0,14918
36,4,357,1,0,0,0,2,0,1500.0,3.0,2008.0,1,40.0,2011.0,0,2015,2,12,7,1,4,14918.0,8638.0,5839.714285714285,5791.37182120338,0,0,0,3849
36,5,311,1,0,0,0,2,0,1500.0,3.0,2008.0,1,40.0,2011.0,0,2015,2,13,7,1,0,3849.0,7470.0,5169.857142857143,5842.329256628484,0,0,0,2781
36,6,542,1,0,0,1,2,0,1500.0,3.0,2008.0,1,40.0,2011.0,0,2015,2,14,7,1,2,2781.0,0.0,5862.285714285715,5397.800160382797,1,0,0,4847
36,7,0,0,0,0,0,2,0,1500.0,3.0,2008.0,1,40.0,2011.0,0,2015,2,15,7,1,3,4847.0,0.0,5862.285714285715,5397.800160382797,1,0,0,0
36,1,643,1,1,0,0,2,0,1500.0,3.0,2008.0,1,40.0,2011.0,0,2015,2,16,8,1,1,0.0,2870.0,6443.142857142857,5238.555826070495,0,0,0,6936
36,2,733,1,1,0,1,2,0,1500.0,3.0,2008.0,1,40.0,2011.0,0,2015,2,17,8,1,5,6936.0,11771.0,5857.857142857143,4750.190081409774,0,0,0,7674
36,3,303,1,0,0,0,2,0,1500.0,3.0,2008.0,1,40.0,2011.0,0,2015,2,18,8,1,6,7674.0,14918.0,4052.1428571428573,2686.099863406138,0,0,0,2278
36,4,1183,1,0,0,0,2,0,1500.0,3.0,2008.0,1,40.0,2011.0,0,2015,2,19,8,1,4,2278.0,3849.0,4733.857142857143,3185.1437135850665,0,0,0,8621
36,5,974,1,1,0,1,2,0,1500.0,3.0,2008.0,1,40.0,2011.0,0,2015,2,20,8,1,0,8621.0,2781.0,5952.857142857143,3871.9879660871616,0,0,0,11314
36,6,375,1,0,0,0,2,0,1500.0,3.0,2008.0,1,40.0,2011.0,0,2015,2,21,8,1,2,11314.0,4847.0,5580.714285714285,4113.6328921561,1,0,0,2242
36,7,0,0,0,0,0,2,0,1500.0,3.0,2008.0,1,40.0,2011.0,0,2015,2,22,8,1,3,2242.0,0.0,5580.714285714285,4113.6328921561,1,0,0,0
36,1,611,1,1,0,0,2,0,1500.0,3.0,2008.0,1,40.0,2011.0,0,2015,2,23,9,1,1,0.0,6936.0,5300.714285714285,4072.508101661091,0,0,0,4976
36,2,597,1,0,0,0,2,0,1500.0,3.0,2008.0,1,40.0,2011.0,0,2015,2,24,9,1,5,4976.0,7674.0,4776.571428571428,3950.427059493814,0,0,0,4005
36,3,562,1,1,0,0,2,0,1500.0,3.0,2008.0,1,40.0,2011.0,0,2015,2,25,9,1,6,4005.0,2278.0,5538.571428571428,3902.297009759885,0,0,0,7612
36,4,1166,1,0,0,0,2,0,1500.0,3.0,2008.0,1,40.0,2011.0,0,2015,2,26,9,1,4,7612.0,8621.0,5630.285714285715,3993.299667955715,0,0,0,9263
36,5,758,1,0,0,0,2,0,1500.0,3.0,2008.0,1,40.0,2011.0,0,2015,2,27,9,1,0,9263.0,11314.0,5213.142857142857,3410.623228901691,0,0,0,8394
36,6,807,1,0,0,0,2,0,1500.0,3.0,2008.0,1,40.0,2011.0,0,2015,2,28,9,1,2,8394.0,2242.0,5982.142857142857,3231.200572984773,1,0,1,7625
36,7,0,0,0,0,0,2,0,1500.0,3.0,2008.0,1,40.0,2011.0,0,2015,3,1,9,1,3,7625.0,0.0,5982.142857142857,3231.200572984773,1,1,0,0
36,1,485,1,0,0,0,2,0,1500.0,3.0,2008.0,1,40.0,2011.0,0,2015,3,2,10,1,1,0.0,4976.0,5990.0,3228.411890284961,0,0,0,5031
36,2,969,1,0,0,0,2,0,1500.0,3.0,2008.0,1,40.0,2011.0,0,2015,3,3,10,1,5,5031.0,4005.0,6198.714285714285,3124.240692514244,0,0,0,5466
36,3,816,1,0,0,0,2,0,1500.0,3.0,2008.0,1,40.0,2011.0,0,2015,3,4,10,1,6,5466.0,7612.0,6192.428571428572,3120.965921908515,0,0,0,7568
36,4,509,1,0,0,0,2,0,1500.0,3.0,2008.0,1,40.0,2011.0,0,2015,3,5,10,1,4,7568.0,9263.0,5541.0,2836.137161704276,0,0,0,4703
36,5,519,1,0,0,0,2,0,1500.0,3.0,2008.0,1,40.0,2011.0,0,2015,3,6,10,1,0,4703.0,8394.0,4929.857142857143,2567.0537865142473,0,0,0,4116
36,6,937,1,0,0,0,2,0,1500.0,3.0,2008.0,1,40.0,2011.0,0,2015,3,7,10,1,2,4116.0,7625.0,5373.428571428572,3279.7145128370967,1,0,0,10730
36,7,0,0,0,0,0,2,0,1500.0,3.0,2008.0,1,40.0,2011.0,0,2015,3,8,10,1,3,10730.0,0.0,5373.428571428572,3279.7145128370967,1,0,0,0
36,1,1144,1,0,0,0,2,0,1500.0,3.0,2008.0,1,40.0,2011.0,0,2015,3,9,11,1,1,0.0,5031.0,5905.0,3508.529464034752,0,0,0,8752
36,2,596,1,0,0,1,2,0,1500.0,3.0,2008.0,1,40.0,2011.0,0,2015,3,10,11,1,5,8752.0,5466.0,5666.714285714285,3598.7947387185836,0,0,0,3798
36,3,590,1,0,0,0,2,0,1500.0,3.0,2008.0,1,40.0,2011.0,0,2015,3,11,11,1,6,3798.0,7568.0,5567.571428571428,3546.871572580679,0,0,0,6874
36,4,1153,1,1,0,1,2,0,1500.0,3.0,2008.0,1,40.0,2011.0,0,2015,3,12,11,1,4,6874.0,4703.0,6222.0,3775.981285264355,0,0,0,9284
36,5,884,1,1,0,0,2,0,1500.0,3.0,2008.0,1,40.0,2011.0,0,2015,3,13,11,1,0,9284.0,4116.0,6890.857142857143,3755.3774523373527,0,0,0,8798
36,6,1100,1,0,0,1,2,0,1500.0,3.0,2008.0,1,40.0,2011.0,0,2015,3,14,11,1,2,8798.0,10730.0,6582.571428571428,3465.0421285145917,1,0,0,8572
36,7,0,0,0,0,0,2,0,1500.0,3.0,2008.0,1,40.0,2011.0,0,2015,3,15,11,1,3,8572.0,0.0,6582.571428571428,3465.0421285145917,1,0,0,0
36,1,1068,1,0,0,0,2,0,1500.0,3.0,2008.0,1,40.0,2011.0,0,2015,3,16,12,1,1,0.0,8752.0,6200.857142857143,3330.798674420865,0,0,0,6080
36,2,452,1,0,0,0,2,0,1500.0,3.0,2008.0,1,40.0,2011.0,0,2015,3,17,12,1,5,6080.0,3798.0,6319.857142857143,3244.403408361922,0,0,0,4631
36,3,829,1,0,0,0,2,0,1500.0,3.0,2008.0,1,40.0,2011.0,0,2015,3,18,12,1,6,4631.0,6874.0,6411.428571428572,3271.582586310118,0,0,0,7515
36,4,346,1,0,0,0,2,0,1500.0,3.0,2008.0,1,40.0,2011.0,0,2015,3,19,12,1,4,7515.0,9284.0,5658.142857142857,3102.628747184737,0,0,0,4011
36,5,792,1,0,0,0,2,0,1500.0,3.0,2008.0,1,40.0,2011.0,0,2015,3,20,12,1,0,4011.0,8798.0,5295.714285714285,2809.0058570180836,0,0,0,6261
36,6,1134,1,0,0,0,2,0,1500.0,3.0,2008.0,1,40.0,2011.0,0,2015,3,21,12,1,2,6261.0,8572.0,5447.857142857143,3035.7251977394903,1,0,0,9637
36,7,0,0,0,0,0,2,0,1500.0,3.0,2008.0,1,40.0,2011.0,0,2015,3,22,12,1,3,9637.0,0.0,5447.857142857143,3035.7251977394903,1,0,0,0
36,1,1181,1,1,0,0,2,0,1500.0,3.0,2008.0,1,40.0,2011.0,0,2015,3,23,13,1,1,0.0,6080.0,5642.0,3125.0325331639865,0,0,0,7439
36,2,629,1,0,0,0,2,0,1500.0,3.0,2008.0,1,40.0,2011.0,0,2015,3,24,13,1,5,7439.0,4631.0,6014.142857142857,3139.645756481209,0,0,0,7236
36,3,713,1,0,0,0,2,0,1500.0,3.0,2008.0,1,40.0,2011.0,0,2015,3,25,13,1,6,7236.0,7515.0,5853.142857142857,3078.1488716744134,0,0,0,6388
36,4,654,1,0,0,0,2,0,1500.0,3.0,2008.0,1,40.0,2011.0,0,2015,3,26,13,1,4,6388.0,4011.0,5900.428571428572,3047.5239598261196,0,0,0,4342
36,5,825,1,1,0,0,2,0,1500.0,3.0,2008.0,1,40.0,2011.0,0,2015,3,27,13,1,0,4342.0,6261.0,6215.857142857143,3201.4448523841743,0,0,0,8469
36,6,866,1,0,0,0,2,0,1500.0,3.0,2008.0,1,40.0,2011.0,0,2015,3,28,13,1,2,8469.0,9637.0,5565.142857142857,2831.751662167865,1,0,0,5082
36,7,0,0,0,0,0,2,0,1500.0,3.0,2008.0,1,40.0,2011.0,0,2015,3,29,13,1,3,5082.0,0.0,5565.142857142857,2831.751662167865,1,0,0,0
36,1,789,1,0,0,0,2,0,1500.0,3.0,2008.0,1,40.0,2011.0,0,2015,3,30,14,1,1,0.0,7439.0,5843.285714285715,3126.7387010688776,0,0,0,9386
36,2,994,1,1,0,0,2,0,1500.0,3.0,2008.0,1,40.0,2011.0,0,2015,3,31,14,1,5,9386.0,7236.0,6595.428571428572,4022.529132156484,0,0,1,12501
36,3,1115,1,1,0,1,2,0,1500.0,3.0,2008.0,1,40.0,2011.0,0,2015,4,1,14,2,6,12501.0,6388.0,7074.857142857143,4190.186090878357,0,1,0,9744
36,4,1079,1,0,0,1,2,0,1500.0,3.0,2008.0,1,40.0,2011.0,0,2015,4,2,14,2,4,9744.0,4342.0,7675.142857142857,4031.4064720463393,0,0,0,8544
36,5,832,1,0,0,0,2,0,1500.0,3.0,2008.0,1,40.0,2011.0,0,2015,4,3,14,2,0,8544.0,8469.0,7454.857142857143,4022.9188585972142,0,0,0,6927
36,6,986,1,0,0,1,2,0,1500.0,3.0,2008.0,1,40.0,2011.0,0,2015,4,4,14,2,2,6927.0,5082.0,7516.0,3983.907336606442,1,0,0,5510
36,7,0,0,0,0,0,2,0,1500.0,3.0,2008.0,1,40.0,2011.0,0,2015,4,5,14,2,3,5510.0,0.0,7516.0,3983.907336606442,1,0,0,0
36,1,794,1,0,0,0,2,0,1500.0,3.0,2008.0,1,40.0,2011.0,0,2015,4,6,15,2,1,0.0,9386.0,7369.0,3921.9090589490515,0,0,0,8357
36,2,501,1,1,0,0,2,0,1500.0,3.0,2008.0,1,40.0,2011.0,0,2015,4,7,15,2,5,8357.0,12501.0,6394.857142857143,3218.5423423537227,0,0,0,5682
36,3,803,1,0,0,1,2,0,1500.0,3.0,2008.0,1,40.0,2011.0,0,2015,4,8,15,2,6,5682.0,9744.0,5806.857142857143,2860.8038747044143,0,0,0,5628
36,4,938,1,0,0,0,2,0,1500.0,3.0,2008.0,1,40.0,2011.0,0,2015,4,9,15,2,4,5628.0,8544.0,5849.285714285715,2909.9445420995944,0,0,0,8841
36,5,302,1,0,0,0,2,0,1500.0,3.0,2008.0,1,40.0,2011.0,0,2015,4,10,15,2,0,8841.0,6927.0,5123.142857142857,3214.460163520016,0,0,0,1844
37,4,508,1,0,0,1,2,0,7500.0,3.0,2008.0,1,40.0,2009.0,2,2015,1,8,2,1,4,7197.0,9422.0,6359.857142857143,4216.205933797645,0,0,0,3046
37,5,1065,1,0,0,0,2,0,7500.0,3.0,2008.0,1,40.0,2009.0,2,2015,1,9,2,1,0,3046.0,9375.0,6782.857142857143,4690.931834528239,0,0,0,12336
37,6,833,1,0,0,0,2,0,7500.0,3.0,2008.0,1,40.0,2009.0,2,2015,1,10,2,1,2,12336.0,11232.0,6588.857142857143,4500.479397744623,1,0,0,9874
37,7,0,0,0,0,0,2,0,7500.0,3.0,2008.0,1,40.0,2009.0,2,2015,1,11,2,1,3,9874.0,0.0,6588.857142857143,4500.479397744623,1,0,0,0
37,1,851,1,1,0,0,2,0,7500.0,3.0,2008.0,1,40.0,2009.0,2,2015,1,12,3,1,1,0.0,10094.0,6100.142857142857,4234.285670908039,0,0,0,6673
37,2,1067,1,0,0,0,2,0,7500.0,3.0,2008.0,1,40.0,2009.0,2,2015,1,13,3,1,5,6673.0,3575.0,7402.428571428572,4704.013635791704,0,0,0,12691
37,3,601,1,0,0,0,2,0,7500.0,3.0,2008.0,1,40.0,2009.0,2,2015,1,14,3,1,6,12691.0,7197.0,7093.285714285715,4790.084749225414,0,0,0,5033
37,4,300,1,0,0,0,2,0,7500.0,3.0,2008.0,1,40.0,2009.0,2,2015,1,15,3,1,4,5033.0,3046.0,7006.571428571428,4880.209860827123,0,0,0,2439
37,5,1113,1,1,0,0,2,0,7500.0,3.0,2008.0,1,40.0,2009.0,2,2015,1,16,3,1,0,2439.0,12336.0,6808.285714285715,4650.367717155483,0,0,0,10948
37,6,533,1,0,0,1,2,0,7500.0,3.0,2008.0,1,40.0,2009.0,2,2015,1,17,3,1,2,10948.0,9874.0,6139.285714285715,4469.146104656,1,0,0,5191
37,7,0,0,0,0,1,2,0,7500.0,3.0,2008.0,1,40.0,2009.0,2,2015,1,18,3,1,3,5191.0,0.0,6139.285714285715,4469.146104656,1,0,0,0
37,1,469,1,0,0,0,2,0,7500.0,3.0,2008.0,1,40.0,2009.0,2,2015,1,19,4,1,1,0.0,6673.0,5896.714285714285,4481.413940349842,0,0,0,4975
37,2,544,1,0,0,0,2,0,7500.0,3.0,2008.0,1,40.0,2009.0,2,2015,1,20,4,1,5,4975.0,12691.0,4535.857142857143,3387.1040938915853,0,0,0,3165
37,3,726,1,0,0,0,2,0,7500.0,3.0,2008.0,1,40.0,2009.0,2,2015,1,21,4,1,6,3165.0,5033.0,4841.571428571428,3532.8927645364897,0,0,0,7173
37,4,1054,1,1,0,0,2,0,7500.0,3.0,2008.0,1,40.0,2009.0,2,2015,1,22,4,1,4,7173.0,2439.0,5503.714285714285,3440.696233530151,0,0,0,7074
37,5,807,1,0,0,1,2,0,7500.0,3.0,2008.0,1,40.0,2009.0,2,2015,1,23,4,1,0,7074.0,10948.0,4811.571428571428,2529.684028829348,0,0,0,6103
37,6,831,1,0,0,0,2,0,7500.0,3.0,2008.0,1,40.0,2009.0,2,2015,1,24,4,1,2,6103.0,5191.0,4822.142857142857,2531.6877393398668,1,0,0,5265
37,7,0,0,0,0,1,2,0,7500.0,3.0,2008.0,1,40.0,2009.0,2,2015,1,25,4,1,3,5265.0,0.0,4822.142857142857,2531.6877393398668,1,0,0,0
37,1,910,1,0,0,0,2,0,7500.0,3.0,2008.0,1,40.0,2009.0,2,2015,1,26,5,1,1,0.0,4975.0,5442.428571428572,3053.5157800554457,0,0,0,9317
37,2,901,1,1,0,0,2,0,7500.0,3.0,2008.0,1,40.0,2009.0,2,2015,1,27,5,1,5,9317.0,3165.0,6604.714285714285,3550.2012484874576,0,0,0,11301
37,3,640,1,0,0,0,2,0,7500.0,3.0,2008.0,1,40.0,2009.0,2,2015,1,28,5,1,6,11301.0,7173.0,6420.285714285715,3549.292028667394,0,0,0,5882
37,4,797,1,1,0,0,2,0,7500.0,3.0,2008.0,1,40.0,2009.0,2,2015,1,29,5,1,4,5882.0,7074.0,6373.142857142857,3541.344727104448,0,0,0,6744
37,5,795,1,0,0,0,2,0,7500.0,3.0,2008.0,1,40.0,2009.0,2,2015,1,30,5,1,0,6744.0,6103.0,6643.142857142857,3589.0433929099377,0,0,0,7993
37,6,845,1,0,0,0,2,0,7500.0,3.0,2008.0,1,40.0,2009.0,2,2015,1,31,5,1,2,7993.0,5265.0,6966.285714285715,3545.851365294646,1,0,1,7527
37,7,0,0,0,0,0,2,0,7500.0,3.0,2008.0,1,40.0,2009.0,2,2015,2,1,5,1,3,7527.0,0.0,6966.285714285715,3545.851365294646,1,1,0,0
37,1,945,1,0,0,0,2,0,7500.0,3.0,2008.0,1,40.0,2009.0,2,2015,2,2,6,1,1,0.0,9317.0,6559.714285714285,3391.182670509199,0,0,0,6471
37,2,657,1,0,0,0,2,0,7500.0,3.0,2008.0,1,40.0,2009.0,2,2015,2,3,6,1,5,6471.0,11301.0,5702.142857142857,2675.9686986567076,0,0,0,5298
37,3,530,1,0,0,0,2,0,7500.0,3.0,2008.0,1,40.0,2009.0,2,2015,2,4,6,1,6,5298.0,5882.0,5737.0,2680.287671127858,0,0,0,6126
37,4,860,1,0,0,0,2,0,7500.0,3.0,2008.0,1,40.0,2009.0,2,2015,2,5,6,1,4,6126.0,6744.0,5949.0,2827.8400473388397,0,0,0,8228
37,5,376,1,1,0,0,2,0,7500.0,3.0,2008.0,1,40.0,2009.0,2,2015,2,6,6,1,0,8228.0,7993.0,5269.571428571428,2826.237832475229,0,0,0,3237
37,6,357,1,0,0,0,2,0,7500.0,3.0,2008.0,1,40.0,2009.0,2,2015,2,7,6,1,2,3237.0,7527.0,4573.142857142857,2777.478738506766,1,0,0,2652
37,7,0,0,0,0,1,2,0,7500.0,3.0,2008.0,1,40.0,2009.0,2,2015,2,8,6,1,3,2652.0,0.0,4573.142857142857,2777.478738506766,1,0,0,0
37,1,1075,1,0,0,0,2,0,7500.0,3.0,2008.0,1,40.0,2009.0,2,2015,2,9,7,1,1,0.0,6471.0,4841.714285714285,3067.348405071591,0,0,0,8351
37,2,1136,1,1,0,0,2,0,7500.0,3.0,2008.0,1,40.0,2009.0,2,2015,2,10,7,1,5,8351.0,5298.0,5309.714285714285,3382.315514273503,0,0,0,8574
37,3,304,1,1,0,0,2,0,7500.0,3.0,2008.0,1,40.0,2009.0,2,2015,2,11,7,1,6,8574.0,6126.0,5012.142857142857,3390.1511976395886,0,0,0,4043
37,4,1058,1,0,0,1,2,0,7500.0,3.0,2008.0,1,40.0,2009.0,2,2015,2,12,7,1,4,4043.0,8228.0,5338.571428571428,3832.548188744352,0,0,0,10513
37,5,1044,1,0,0,0,2,0,7500.0,3.0,2008.0,1,40.0,2009.0,2,2015,2,13,7,1,0,10513.0,3237.0,6505.428571428572,4300.864597463431,0,0,0,11405
37,6,509,1,0,0,0,2,0,7500.0,3.0,2008.0,1,40.0,2009.0,2,2015,2,14,7,1,2,11405.0,2652.0,6928.571428571428,3993.2651993551526,1,0,0,5614
37,7,0,0,0,0,1,2,0,7500.0,3.0,2008.0,1,40.0,2009.0,2,2015,2,15,7,1,3,5614.0,0.0,6928.571428571428,3993.2651993551526,1,0,0,0
37,1,1040,1,0,0,1,2,0,7500.0,3.0,2008.0,1,40.0,2009.0,2,2015,2,16,8,1,1,0.0,8351.0,6947.0,4001.2133992911026,0,0,0,8480
37,2,450,1,0,0,0,2,0,7500.0,3.0,2008.0,1,40.0,2009.0,2,2015,2,17,8,1,5,8480.0,8574.0,6486.428571428572,3968.1366263920754,0,0,0,5350
37,3,752,1,0,0,0,2,0,7500.0,3.0,2008.0,1,40.0,2009.0,2,2015,2,18,8,1,6,5350.0,4043.0,6861.571428571428,3820.002480677329,0,0,0,6669
37,4,925,1,0,0,1,2,0,7500.0,3.0,2008.0,1,40.0,2009.0,2,2015,2,19,8,1,4,6669.0,10513.0,6406.285714285715,3487.747157994001,0,0,0,7326
37,5,857,1,0,0,1,2,0,7500.0,3.0,2008.0,1,40.0,2009.0,2,2015,2,20,8,1,0,7326.0,11405.0,5757.285714285715,2746.4645585604358,0,0,0,6862
37,6,341,1,0,0,0,2,0,7500.0,3.0,2008.0,1,40.0,2009.0,2,2015,2,21,8,1,2,6862.0,5614.0,5353.0,2970.2461738605657,1,0,0,2784
37,7,0,0,0,0,1,2,0,7500.0,3.0,2008.0,1,40.0,2009.0,2,2015,2,22,8,1,3,2784.0,0.0,5353.0,2970.2461738605657,1,0,0,0
37,1,933,1,0,0,0,2,0,7500.0,3.0,2008.0,1,40.0,2009.0,2,2015,2,23,9,1,1,0.0,8480.0,5506.0,3178.453135305495,0,0,0,9551
37,2,528,1,1,0,0,2,0,7500.0,3.0,2008.0,1,40.0,2009.0,2,2015,2,24,9,1,5,9551.0,5350.0,5652.714285714285,3193.7181943249,0,0,0,6377
37,3,676,1,1,0,0,2,0,7500.0,3.0,2008.0,1,40.0,2009.0,2,2015,2,25,9,1,6,6377.0,6669.0,5496.857142857143,3162.3230084107167,0,0,0,5578
37,4,864,1,0,0,1,2,0,7500.0,3.0,2008.0,1,40.0,2009.0,2,2015,2,26,9,1,4,5578.0,7326.0,5180.714285714285,3057.877243791064,0,0,0,5113
37,5,458,1,0,0,1,2,0,7500.0,3.0,2008.0,1,40.0,2009.0,2,2015,2,27,9,1,0,5113.0,6862.0,4815.428571428572,2975.1693989386467,0,0,0,4305
37,6,568,1,0,0,1,2,0,7500.0,3.0,2008.0,1,40.0,2009.0,2,2015,2,28,9,1,2,4305.0,2784.0,5191.428571428572,2838.84218518412,1,0,1,5416
37,7,0,0,0,0,0,2,0,7500.0,3.0,2008.0,1,40.0,2009.0,2,2015,3,1,9,1,3,5416.0,0.0,5191.428571428572,2838.84218518412,1,1,0,0
37,1,717,1,0,0,0,2,0,7500.0,3.0,2008.0,1,40.0,2009.0,2,2015,3,2,10,1,1,0.0,9551.0,4878.714285714285,2358.5000681425827,0,0,0,7362
37,2,324,1,0,0,1,2,0,7500.0,3.0,2008.0,1,40.0,2009.0,2,2015,3,3,10,1,5,7362.0,6377.0,4476.714285714285,2299.6431400172874,0,0,0,3563
37,3,981,1,0,0,0,2,0,7500.0,3.0,2008.0,1,40.0,2009.0,2,2015,3,4,10,1,6,3563.0,5578.0,5252.571428571428,3390.535791343449,0,0,0,11009
37,4,944,1,1,0,1,2,0,7500.0,3.0,2008.0,1,40.0,2009.0,2,2015,3,5,10,1,4,11009.0,5113.0,6152.142857142857,4106.990846048212,0,0,0,11410
37,5,875,1,0,0,0,2,0,7500.0,3.0,2008.0,1,40.0,2009.0,2,2015,3,6,10,1,0,11410.0,4305.0,6591.428571428572,4040.402944309014,0,0,0,7380
37,6,881,1,0,0,1,2,0,7500.0,3.0,2008.0,1,40.0,2009.0,2,2015,3,7,10,1,2,7380.0,5416.0,7311.142857142857,4239.910393257992,1,0,0,10454
37,7,0,0,0,0,0,2,0,7500.0,3.0,2008.0,1,40.0,2009.0,2,2015,3,8,10,1,3,10454.0,0.0,7311.142857142857,4239.910393257992,1,0,0,0
37,1,372,1,1,0,1,2,0,7500.0,3.0,2008.0,1,40.0,2009.0,2,2015,3,9,11,1,1,0.0,7362.0,6758.142857142857,4477.932611841146,0,0,0,3491
37,2,882,1,1,0,0,2,0,7500.0,3.0,2008.0,1,40.0,2009.0,2,2015,3,10,11,1,5,3491.0,3563.0,7661.571428571428,4362.316084266203,0,0,0,9887
37,3,1041,1,1,0,0,2,0,7500.0,3.0,2008.0,1,40.0,2009.0,2,2015,3,11,11,1,6,9887.0,11009.0,7678.285714285715,4377.477230638887,0,0,0,11126
37,4,349,1,1,0,0,2,0,7500.0,3.0,2008.0,1,40.0,2009.0,2,2015,3,12,11,1,4,11126.0,11410.0,6453.571428571428,4358.64508217645,0,0,0,2837
37,5,376,1,0,0,0,2,0,7500.0,3.0,2008.0,1,40.0,2009.0,2,2015,3,13,11,1,0,2837.0,7380.0,5879.142857142857,4479.491170083623,0,0,0,3359
37,6,487,1,0,0,0,2,0,7500.0,3.0,2008.0,1,40.0,2009.0,2,2015,3,14,11,1,2,3359.0,10454.0,5129.714285714285,3999.680391993246,1,0,0,5208
37,7,0,0,0,0,0,2,0,7500.0,3.0,2008.0,1,40.0,2009.0,2,2015,3,15,11,1,3,5208.0,0.0,5129.714285714285,3999.680391993246,1,0,0,0
37,1,1129,1,1,0,1,2,0,7500.0,3.0,2008.0,1,40.0,2009.0,2,2015,3,16,12,1,1,0.0,3491.0,6592.428571428572,5037.980046842281,0,0,0,13730
37,2,850,1,1,0,0,2,0,7500.0,3.0,2008.0,1,40.0,2009.0,2,2015,3,17,12,1,5,13730.0,9887.0,6510.0,4979.472696313671,0,0,0,9310
37,3,451,1,0,0,0,2,0,7500.0,3.0,2008.0,1,40.0,2009.0,2,2015,3,18,12,1,6,9310.0,11126.0,5485.857142857143,4594.184056266918,0,0,0,3957
37,4,467,1,0,0,0,2,0,7500.0,3.0,2008.0,1,40.0,2009.0,2,2015,3,19,12,1,4,3957.0,2837.0,5589.571428571428,4532.195967267335,0,0,0,3563
37,5,843,1,0,0,0,2,0,7500.0,3.0,2008.0,1,40.0,2009.0,2,2015,3,20,12,1,0,3563.0,3359.0,6371.571428571428,4555.372537167619,0,0,0,8833
37,6,1170,1,0,0,1,2,0,7500.0,3.0,2008.0,1,40.0,2009.0,2,2015,3,21,12,1,2,8833.0,5208.0,7307.285714285715,4933.546719966806,1,0,0,11758
37,7,0,0,0,0,0,2,0,7500.0,3.0,2008.0,1,40.0,2009.0,2,2015,3,22,12,1,3,11758.0,0.0,7307.285714285715,4933.546719966806,1,0,0,0
37,1,641,1,0,0,0,2,0,7500.0,3.0,2008.0,1,40.0,2009.0,2,2015,3,23,13,1,1,0.0,13730.0,6329.857142857143,4047.1445665873052,0,0,0,6888
37,2,926,1,0,0,1,2,0,7500.0,3.0,2008.0,1,40.0,2009.0,2,2015,3,24,13,1,5,6888.0,9310.0,6177.0,3934.4654867804684,0,0,0,8240
37,3,570,1,0,0,0,2,0,7500.0,3.0,2008.0,1,40.0,2009.0,2,2015,3,25,13,1,6,8240.0,3957.0,6447.428571428572,3819.8324508256846,0,0,0,5850
37,4,1096,1,0,0,0,2,0,7500.0,3.0,2008.0,1,40.0,2009.0,2,2015,3,26,13,1,4,5850.0,3563.0,7533.285714285715,3941.6417355498675,0,0,0,11164
37,5,702,1,0,0,1,2,0,7500.0,3.0,2008.0,1,40.0,2009.0,2,2015,3,27,13,1,0,11164.0,8833.0,6914.714285714285,4042.1569619154957,0,0,0,4503
37,6,465,1,0,0,0,2,0,7500.0,3.0,2008.0,1,40.0,2009.0,2,2015,3,28,13,1,2,4503.0,11758.0,5823.428571428572,3513.224248329108,1,0,0,4119
37,7,0,0,0,0,0,2,0,7500.0,3.0,2008.0,1,40.0,2009.0,2,2015,3,29,13,1,3,4119.0,0.0,5823.428571428572,3513.224248329108,1,0,0,0
37,1,724,1,0,0,0,2,0,7500.0,3.0,2008.0,1,40.0,2009.0,2,2015,3,30,14,1,1,0.0,6888.0,5422.0,3531.799871642409,0,0,0,4078
37,2,460,1,0,0,1,2,0,7500.0,3.0,2008.0,1,40.0,2009.0,2,2015,3,31,14,1,5,4078.0,8240.0,4895.857142857143,3309.3548932569647,0,0,1,4557
37,3,761,1,0,0,1,2,0,7500.0,3.0,2008.0,1,40.0,2009.0,2,2015,4,1,14,2,6,4557.0,5850.0,5228.0,3530.371462986108,0,1,0,8175
37,4,397,1,1,0,0,2,0,7500.0,3.0,2008.0,1,40.0,2009.0,2,2015,4,2,14,2,4,8175.0,11164.0,4371.142857142857,2394.767033107219,0,0,0,5166
37,5,687,1,0,0,0,2,0,7500.0,3.0,2008.0,1,40.0,2009.0,2,2015,4,3,14,2,0,5166.0,4503.0,4286.142857142857,2399.8609285103344,0,0,0,3908
37,6,562,1,0,0,0,2,0,7500.0,3.0,2008.0,1,40.0,2009.0,2,2015,4,4,14,2,2,3908.0,4119.0,4660.0,2567.471973232296,1,0,0,6736
37,7,0,0,0,0,1,2,0,7500.0,3.0,2008.0,1,40.0,2009.0,2,2015,4,5,14,2,3,6736.0,0.0,4660.0,2567.471973232296,1,0,0,0
37,1,532,1,0,0,0,2,0,7500.0,3.0,2008.0,1,40.0,2009.0,2,2015,4,6,15,2,1,0.0,4078.0,4551.0,2612.1066849065223,0,0,0,3315
37,2,496,1,0,0,0,2,0,7500.0,3.0,2008.0,1,40.0,2009.0,2,2015,4,7,15,2,5,3315.0,4557.0,4611.571428571428,2617.1800891508456,0,0,0,4981
37,3,447,1,0,0,0,2,0,7500.0,3.0,2008.0,1,40.0,2009.0,2,2015,4,8,15,2,6,4981.0,8175.0,3987.4285714285716,2094.509955187839,0,0,0,3806
37,4,825,1,1,0,0,2,0,7500.0,3.0,2008.0,1,40.0,2009.0,2,2015,4,9,15,2,4,3806.0,5166.0,4739.428571428572,3226.995499281175,0,0,0,10430
37,5,1043,1,1,0,0,2,0,7500.0,3.0,2008.0,1,40.0,2009.0,2,2015,4,10,15,2,0,10430.0,3908.0,5844.714285714285,4101.321889110295,0,0,0,11645
39,4,1073,1,0,0,0,1,0,7500.0,7.0,2014.0,1,14.0,2015.0,1,2015,1,8,2,1,4,7247.0,3600.0,5375.714285714285,3453.915011224495,0,0,0,9846
39,5,1046,1,0,0,0,1,0,7500.0,7.0,2014.0,1,14.0,2015.0,1,2015,1,9,2,1,0,9846.0,2709.0,5938.857142857143,3262.7251609950963,0,0,0,6651
39,6,572,1,0,0,0,1,0,7500.0,7.0,2014.0,1,14.0,2015.0,1,2015,1,10,2,1,2,6651.0,8046.0,5405.857142857143,3164.398069595092,1,0,0,4315
39,7,0,0,0,0,1,1,0,7500.0,7.0,2014.0,1,14.0,2015.0,1,2015,1,11,2,1,3,4315.0,0.0,5405.857142857143,3164.398069595092,1,0,0,0
39,1,672,1,1,0,0,1,0,7500.0,7.0,2014.0,1,14.0,2015.0,1,2015,1,12,3,1,1,0.0,6388.0,5534.285714285715,3228.4962296341473,0,0,0,7287
39,2,0,0,0,0,1,1,0,7500.0,7.0,2014.0,1,14.0,2015.0,1,2015,1,13,3,1,5,7287.0,3394.0,5049.428571428572,3806.5955418257427,0,0,0,0
39,3,1017,1,0,0,0,1,0,7500.0,7.0,2014.0,1,14.0,2015.0,1,2015,1,14,3,1,6,0.0,7247.0,5516.428571428572,4290.852240800299,0,0,0,10516
39,4,598,1,0,0,0,1,0,7500.0,7.0,2014.0,1,14.0,2015.0,1,2015,1,15,3,1,4,10516.0,9846.0,5117.142857142857,3936.20364600933,0,0,0,7051
39,5,970,1,0,0,0,1,0,7500.0,7.0,2014.0,1,14.0,2015.0,1,2015,1,16,3,1,0,7051.0,6651.0,5057.571428571428,3912.2032520964817,0,0,0,6234
39,6,323,1,0,0,0,1,0,7500.0,7.0,2014.0,1,14.0,2015.0,1,2015,1,17,3,1,2,6234.0,4315.0,4831.0,4007.149776753214,1,0,0,2729
39,7,0,0,0,0,0,1,0,7500.0,7.0,2014.0,1,14.0,2015.0,1,2015,1,18,3,1,3,2729.0,0.0,4831.0,4007.1497767532146,1,0,0,0
39,1,1029,1,0,0,0,1,0,7500.0,7.0,2014.0,1,14.0,2015.0,1,2015,1,19,4,1,1,0.0,7287.0,5523.428571428572,4835.444959089179,0,0,0,12134
39,2,331,1,0,0,1,1,0,7500.0,7.0,2014.0,1,14.0,2015.0,1,2015,1,20,4,1,5,12134.0,0.0,5797.285714285715,4514.093623098134,0,0,0,1917
39,3,350,1,0,0,0,1,0,7500.0,7.0,2014.0,1,14.0,2015.0,1,2015,1,21,4,1,6,1917.0,10516.0,4606.428571428572,4146.358919065532,0,0,0,2180
39,4,1176,1,0,0,0,1,0,7500.0,7.0,2014.0,1,14.0,2015.0,1,2015,1,22,4,1,4,2180.0,7051.0,4691.714285714285,4210.662367303816,0,0,0,7648
39,5,377,1,1,0,0,1,0,7500.0,7.0,2014.0,1,14.0,2015.0,1,2015,1,23,4,1,0,7648.0,6234.0,4364.714285714285,4159.497153674777,0,0,0,3945
39,6,426,1,0,0,1,1,0,7500.0,7.0,2014.0,1,14.0,2015.0,1,2015,1,24,4,1,2,3945.0,2729.0,4357.571428571428,4162.815828144168,1,0,0,2679
39,7,0,0,0,0,1,1,0,7500.0,7.0,2014.0,1,14.0,2015.0,1,2015,1,25,4,1,3,2679.0,0.0,4357.571428571428,4162.815828144169,1,0,0,0
39,1,767,1,0,0,0,1,0,7500.0,7.0,2014.0,1,14.0,2015.0,1,2015,1,26,5,1,1,0.0,12134.0,3547.285714285714,2687.441516528668,0,0,0,6462
39,2,485,1,0,0,0,1,0,7500.0,7.0,2014.0,1,14.0,2015.0,1,2015,1,27,5,1,5,6462.0,1917.0,3969.714285714286,2620.0276534345794,0,0,0,4874
39,3,1191,1,0,0,0,1,0,7500.0,7.0,2014.0,1,14.0,2015.0,1,2015,1,28,5,1,6,4874.0,2180.0,4881.285714285715,2979.0199570935924,0,0,0,8561
39,4,318,1,0,0,1,1,0,7500.0,7.0,2014.0,1,14.0,2015.0,1,2015,1,29,5,1,4,8561.0,7648.0,4068.0,2873.0287154847592,0,0,0,1955
39,5,349,1,0,0,0,1,0,7500.0,7.0,2014.0,1,14.0,2015.0,1,2015,1,30,5,1,0,1955.0,3945.0,3898.714285714286,2916.0731423317516,0,0,0,2760
39,6,520,1,0,0,0,1,0,7500.0,7.0,2014.0,1,14.0,2015.0,1,2015,1,31,5,1,2,2760.0,2679.0,4310.142857142857,2918.4706856258035,1,0,1,5559
39,7,0,0,0,0,1,1,0,7500.0,7.0,2014.0,1,14.0,2015.0,1,2015,2,1,5,1,3,5559.0,0.0,4310.142857142857,2918.4706856258035,1,1,0,0
39,1,1090,1,1,0,0,1,0,7500.0,7.0,2014.0,1,14.0,2015.0,1,2015,2,2,6,1,1,0.0,6462.0,4770.571428571428,3509.0232666248153,0,0,0,9685
39,2,799,1,0,0,0,1,0,7500.0,7.0,2014.0,1,14.0,2015.0,1,2015,2,3,6,1,5,9685.0,4874.0,4787.142857142857,3509.8669219108315,0,0,0,4990
39,3,393,1,0,0,0,1,0,7500.0,7.0,2014.0,1,14.0,2015.0,1,2015,2,4,6,1,6,4990.0,8561.0,4125.428571428572,3091.503024805403,0,0,0,3929
39,4,984,1,1,0,0,1,0,7500.0,7.0,2014.0,1,14.0,2015.0,1,2015,2,5,6,1,4,3929.0,1955.0,5150.142857142857,3423.181533241235,0,0,0,9128
39,5,1106,1,0,0,0,1,0,7500.0,7.0,2014.0,1,14.0,2015.0,1,2015,2,6,6,1,0,9128.0,2760.0,6252.571428571428,3751.982003205899,0,0,0,10477
39,6,1151,1,0,0,0,1,0,7500.0,7.0,2014.0,1,14.0,2015.0,1,2015,2,7,6,1,2,10477.0,5559.0,7228.857142857143,4378.2816046394055,1,0,0,12393
39,7,0,0,0,0,0,1,0,7500.0,7.0,2014.0,1,14.0,2015.0,1,2015,2,8,6,1,3,12393.0,0.0,7228.857142857143,4378.2816046394055,1,0,0,0
39,1,0,0,0,0,0,1,0,7500.0,7.0,2014.0,1,14.0,2015.0,1,2015,2,9,7,1,1,0.0,9685.0,5845.285714285715,4963.868575828256,0,0,0,0
39,2,1155,1,0,0,1,1,0,7500.0,7.0,2014.0,1,14.0,2015.0,1,2015,2,10,7,1,5,0.0,4990.0,6098.857142857143,4958.229167373214,0,0,0,6765
39,3,768,1,1,0,1,1,0,7500.0,7.0,2014.0,1,14.0,2015.0,1,2015,2,11,7,1,6,6765.0,3929.0,6583.571428571428,4875.9166952530695,0,0,0,7322
39,4,507,1,0,0,0,1,0,7500.0,7.0,2014.0,1,14.0,2015.0,1,2015,2,12,7,1,4,7322.0,9128.0,5864.142857142857,4808.987260971948,0,0,0,4092
39,5,460,1,0,0,0,1,0,7500.0,7.0,2014.0,1,14.0,2015.0,1,2015,2,13,7,1,0,4092.0,10477.0,4740.428571428572,4457.643280820889,0,0,0,2611
39,6,403,1,0,0,0,1,0,7500.0,7.0,2014.0,1,14.0,2015.0,1,2015,2,14,7,1,2,2611.0,12393.0,3521.8571428571427,2916.536726357219,1,0,0,3863
39,7,0,0,0,0,1,1,0,7500.0,7.0,2014.0,1,14.0,2015.0,1,2015,2,15,7,1,3,3863.0,0.0,3521.8571428571427,2916.536726357219,1,0,0,0
39,1,595,1,0,0,0,1,0,7500.0,7.0,2014.0,1,14.0,2015.0,1,2015,2,16,8,1,1,0.0,0.0,4102.571428571428,2468.739277252182,0,0,0,4065
39,2,816,1,1,0,0,1,0,7500.0,7.0,2014.0,1,14.0,2015.0,1,2015,2,17,8,1,5,4065.0,6765.0,4240.0,2660.9456965522627,0,0,0,7727
39,3,698,1,1,0,0,1,0,7500.0,7.0,2014.0,1,14.0,2015.0,1,2015,2,18,8,1,6,7727.0,7322.0,4263.428571428572,2693.131439863446,0,0,0,7486
39,4,1081,1,0,0,1,1,0,7500.0,7.0,2014.0,1,14.0,2015.0,1,2015,2,19,8,1,4,7486.0,4092.0,5230.0,3661.441064207735,0,0,0,10858
39,5,432,1,1,0,0,1,0,7500.0,7.0,2014.0,1,14.0,2015.0,1,2015,2,20,8,1,0,10858.0,2611.0,5311.428571428572,3599.299230736583,0,0,0,3181
39,6,418,1,0,0,0,1,0,7500.0,7.0,2014.0,1,14.0,2015.0,1,2015,2,21,8,1,2,3181.0,3863.0,5326.571428571428,3592.4061972046384,1,0,0,3969
39,7,0,0,0,0,0,1,0,7500.0,7.0,2014.0,1,14.0,2015.0,1,2015,2,22,8,1,3,3969.0,0.0,5326.571428571428,3592.4061972046384,1,0,0,0
39,1,347,1,1,0,0,1,0,7500.0,7.0,2014.0,1,14.0,2015.0,1,2015,2,23,9,1,1,0.0,4065.0,5212.285714285715,3651.4695541332276,0,0,0,3265
39,2,682,1,1,0,0,1,0,7500.0,7.0,2014.0,1,14.0,2015.0,1,2015,2,24,9,1,5,3265.0,7727.0,5311.714285714285,3739.7654879366314,0,0,0,8423
39,3,640,1,0,0,0,1,0,7500.0,7.0,2014.0,1,14.0,2015.0,1,2015,2,25,9,1,6,8423.0,7486.0,5129.428571428572,3646.045293974595,0,0,0,6210
39,4,561,1,0,0,0,1,0,7500.0,7.0,2014.0,1,14.0,2015.0,1,2015,2,26,9,1,4,6210.0,10858.0,4280.714285714285,2644.121197063764,0,0,0,4917
39,5,492,1,1,0,0,1,0,7500.0,7.0,2014.0,1,14.0,2015.0,1,2015,2,27,9,1,0,4917.0,3181.0,4498.571428571428,2600.8820848026976,0,0,0,4706
39,6,1150,1,0,0,1,1,0,7500.0,7.0,2014.0,1,14.0,2015.0,1,2015,2,28,9,1,2,4706.0,3969.0,5784.142857142857,4092.054147107189,1,0,1,12968
39,7,0,0,0,0,0,1,0,7500.0,7.0,2014.0,1,14.0,2015.0,1,2015,3,1,9,1,3,12968.0,0.0,5784.142857142857,4092.054147107189,1,1,0,0
39,1,841,1,0,0,0,1,0,7500.0,7.0,2014.0,1,14.0,2015.0,1,2015,3,2,10,1,1,0.0,3265.0,6526.285714285715,4029.64310720299,0,0,0,8460
39,2,630,1,1,0,0,1,0,7500.0,7.0,2014.0,1,14.0,2015.0,1,2015,3,3,10,1,5,8460.0,8423.0,6184.714285714285,3942.466178856652,0,0,0,6032
39,3,795,1,0,0,0,1,0,7500.0,7.0,2014.0,1,14.0,2015.0,1,2015,3,4,10,1,6,6032.0,6210.0,6027.142857142857,3963.274421845798,0,0,0,5107
39,4,396,1,0,0,0,1,0,7500.0,7.0,2014.0,1,14.0,2015.0,1,2015,3,5,10,1,4,5107.0,4917.0,5784.285714285715,4092.613130763185,0,0,0,3217
39,5,337,1,0,0,0,1,0,7500.0,7.0,2014.0,1,14.0,2015.0,1,2015,3,6,10,1,0,3217.0,4706.0,5562.142857142857,4201.64560732147,0,0,0,3151
39,6,891,1,0,0,0,1,0,7500.0,7.0,2014.0,1,14.0,2015.0,1,2015,3,7,10,1,2,3151.0,12968.0,4474.142857142857,2671.8965441905025,1,0,0,5352
39,7,0,0,0,0,0,1,0,7500.0,7.0,2014.0,1,14.0,2015.0,1,2015,3,8,10,1,3,5352.0,0.0,4474.142857142857,2671.8965441905025,1,0,0,0
39,1,336,1,1,0,0,1,0,7500.0,7.0,2014.0,1,14.0,2015.0,1,2015,3,9,11,1,1,0.0,8460.0,3865.285714285714,2017.7725106567182,0,0,0,4198
39,2,844,1,0,0,0,1,0,7500.0,7.0,2014.0,1,14.0,2015.0,1,2015,3,10,11,1,5,4198.0,6032.0,3721.0,1867.531525838322,0,0,0,5022
39,3,584,1,1,0,0,1,0,7500.0,7.0,2014.0,1,14.0,2015.0,1,2015,3,11,11,1,6,5022.0,5107.0,3796.285714285714,1941.8608527462986,0,0,0,5634
39,4,488,1,1,0,0,1,0,7500.0,7.0,2014.0,1,14.0,2015.0,1,2015,3,12,11,1,4,5634.0,3217.0,4240.142857142857,2133.0590262634123,0,0,0,6324
39,5,378,1,0,0,0,1,0,7500.0,7.0,2014.0,1,14.0,2015.0,1,2015,3,13,11,1,0,6324.0,3151.0,4127.142857142857,2219.5707864788824,0,0,0,2360
39,6,689,1,0,0,0,1,0,7500.0,7.0,2014.0,1,14.0,2015.0,1,2015,3,14,11,1,2,2360.0,5352.0,4062.5714285714284,2184.2929334335236,1,0,0,4900
39,7,0,0,0,0,0,1,0,7500.0,7.0,2014.0,1,14.0,2015.0,1,2015,3,15,11,1,3,4900.0,0.0,4062.5714285714284,2184.2929334335236,1,0,0,0
39,1,449,1,0,0,0,1,0,7500.0,7.0,2014.0,1,14.0,2015.0,1,2015,3,16,12,1,1,0.0,4198.0,3821.714285714286,2258.5636818035296,0,0,0,2512
39,2,578,1,0,0,0,1,0,7500.0,7.0,2014.0,1,14.0,2015.0,1,2015,3,17,12,1,5,2512.0,5022.0,3818.0,2256.2810108672215,0,0,0,4996
39,3,602,1,1,0,1,1,0,7500.0,7.0,2014.0,1,14.0,2015.0,1,2015,3,18,12,1,6,4996.0,5634.0,3965.714285714286,2422.6958616580923,0,0,0,6668
39,4,956,1,0,0,0,1,0,7500.0,7.0,2014.0,1,14.0,2015.0,1,2015,3,19,12,1,4,6668.0,6324.0,4263.0,2850.2580584922493,0,0,0,8405
39,5,734,1,1,0,0,1,0,7500.0,7.0,2014.0,1,14.0,2015.0,1,2015,3,20,12,1,0,8405.0,2360.0,4758.0,2764.268619363901,0,0,0,5825
39,6,530,1,0,0,0,1,0,7500.0,7.0,2014.0,1,14.0,2015.0,1,2015,3,21,12,1,2,5825.0,4900.0,4659.285714285715,2770.683171727732,1,0,0,4209
39,7,0,0,0,0,0,1,0,7500.0,7.0,2014.0,1,14.0,2015.0,1,2015,3,22,12,1,3,4209.0,0.0,4659.285714285715,2770.683171727732,1,0,0,0
39,1,1099,1,1,0,0,1,0,7500.0,7.0,2014.0,1,14.0,2015.0,1,2015,3,23,13,1,1,0.0,2512.0,5405.285714285715,2799.033506664144,0,0,0,7734
39,2,986,1,0,0,0,1,0,7500.0,7.0,2014.0,1,14.0,2015.0,1,2015,3,24,13,1,5,7734.0,4996.0,5849.285714285715,2964.8812069674177,0,0,0,8104
39,3,351,1,1,0,0,1,0,7500.0,7.0,2014.0,1,14.0,2015.0,1,2015,3,25,13,1,6,8104.0,6668.0,5480.0,3006.6036209206786,0,0,0,4083
39,4,840,1,1,0,0,1,0,7500.0,7.0,2014.0,1,14.0,2015.0,1,2015,3,26,13,1,4,4083.0,8405.0,5184.857142857143,2763.1649382891496,0,0,0,6339
39,5,530,1,1,0,0,1,0,7500.0,7.0,2014.0,1,14.0,2015.0,1,2015,3,27,13,1,0,6339.0,5825.0,5326.0,2825.836159440247,0,0,0,6813
39,6,607,1,0,0,0,1,0,7500.0,7.0,2014.0,1,14.0,2015.0,1,2015,3,28,13,1,2,6813.0,4209.0,5225.142857142857,2884.3409084556006,1,0,0,3503
39,7,0,0,0,0,0,1,0,7500.0,7.0,2014.0,1,14.0,2015.0,1,2015,3,29,13,1,3,3503.0,0.0,5225.142857142857,2884.3409084556006,1,0,0,0
39,1,841,1,1,0,1,1,0,7500.0,7.0,2014.0,1,14.0,2015.0,1,2015,3,30,14,1,1,0.0,7734.0,5398.428571428572,3089.3417776360748,0,0,0,8947
39,2,622,1,1,0,0,1,0,7500.0,7.0,2014.0,1,14.0,2015.0,1,2015,3,31,14,1,5,8947.0,8104.0,5118.857142857143,2885.5189266734124,0,0,1,6147
39,3,756,1,1,0,0,1,0,7500.0,7.0,2014.0,1,14.0,2015.0,1,2015,4,1,14,2,6,6147.0,4083.0,5435.142857142857,2874.3718402792774,0,1,0,6297
39,4,445,1,0,0,0,1,0,7500.0,7.0,2014.0,1,14.0,2015.0,1,2015,4,2,14,2,4,6297.0,6339.0,4883.714285714285,3037.6907190762377,0,0,0,2479
39,5,534,1,1,0,0,1,0,7500.0,7.0,2014.0,1,14.0,2015.0,1,2015,4,3,14,2,0,2479.0,6813.0,4643.714285714285,2924.1007001746557,0,0,0,5133
39,6,390,1,0,0,0,1,0,7500.0,7.0,2014.0,1,14.0,2015.0,1,2015,4,4,14,2,2,5133.0,3503.0,4719.285714285715,2896.410923556125,1,0,0,4032
39,7,0,0,0,0,0,1,0,7500.0,7.0,2014.0,1,14.0,2015.0,1,2015,4,5,14,2,3,4032.0,0.0,4719.285714285715,2896.410923556125,1,0,0,0
39,1,434,1,0,0,0,1,0,7500.0,7.0,2014.0,1,14.0,2015.0,1,2015,4,6,15,2,1,0.0,8947.0,3883.1428571428573,2243.8515569270216,0,0,0,3094
39,2,458,1,1,0,0,1,0,7500.0,7.0,2014.0,1,14.0,2015.0,1,2015,4,7,15,2,5,3094.0,6147.0,3619.0,2031.7429299331507,0,0,0,4298
39,3,855,1,1,0,0,1,0,7500.0,7.0,2014.0,1,14.0,2015.0,1,2015,4,8,15,2,6,4298.0,6297.0,4052.285714285714,2854.7491842124964,0,0,0,9330
39,4,703,1,0,0,1,1,0,7500.0,7.0,2014.0,1,14.0,2015.0,1,2015,4,9,15,2,4,9330.0,2479.0,4402.285714285715,2778.892388121914,0,0,0,4929
39,5,969,1,0,0,1,1,0,7500.0,7.0,2014.0,1,14.0,2015.0,1,2015,4,10,15,2,0,4929.0,5133.0,4882.285714285715,3186.4467522244763,0,0,0,8493
40,4,1094,1,1,0,1,2,0,1500.0,11.0,2008.0,1,22.0,2013.0,1,2015,1,8,2,1,4,10043.0,11975.0,5801.285714285715,4402.721193167006,0,0,0,12488
40,5,573,1,0,0,0,2,0,1500.0,11.0,2008.0,1,22.0,2013.0,1,2015,1,9,2,1,0,12488.0,2210.0,6254.714285714285,4125.961209798501,0,0,0,5384
40,6,577,1,0,0,0,2,0,1500.0,11.0,2008.0,1,22.0,2013.0,1,2015,1,10,2,1,2,5384.0,3568.0,6583.0,3964.8371130896835,1,0,0,5866
40,7,0,0,0,0,0,2,0,1500.0,11.0,2008.0,1,22.0,2013.0,1,2015,1,11,2,1,3,5866.0,0.0,6583.0,3964.8371130896835,1,0,0,0
40,1,803,1,1,0,1,2,0,1500.0,11.0,2008.0,1,22.0,2013.0,1,2015,1,12,3,1,1,0.0,5197.0,6711.285714285715,3926.863621869482,0,0,0,6095
40,2,1109,1,1,0,0,2,0,1500.0,11.0,2008.0,1,22.0,2013.0,1,2015,1,13,3,1,5,6095.0,7103.0,7546.142857142857,4589.359702201438,0,0,0,12947
40,3,1079,1,1,0,1,2,0,1500.0,11.0,2008.0,1,22.0,2013.0,1,2015,1,14,3,1,6,12947.0,10043.0,7399.142857142857,4511.880259513818,0,0,0,9014
40,4,500,1,1,0,0,2,0,1500.0,11.0,2008.0,1,22.0,2013.0,1,2015,1,15,3,1,4,9014.0,12488.0,6328.714285714285,3958.2213056828828,0,0,0,4995
40,5,792,1,1,0,0,2,0,1500.0,11.0,2008.0,1,22.0,2013.0,1,2015,1,16,3,1,0,4995.0,5384.0,6452.857142857143,3937.2253948083558,0,0,0,6253
40,6,1168,1,0,0,0,2,0,1500.0,11.0,2008.0,1,22.0,2013.0,1,2015,1,17,3,1,2,6253.0,5866.0,7607.0,4821.375080479289,1,0,0,13945
40,7,0,0,0,0,0,2,0,1500.0,11.0,2008.0,1,22.0,2013.0,1,2015,1,18,3,1,3,13945.0,0.0,7607.0,4821.375080479289,1,0,0,0
40,1,717,1,1,0,1,2,0,1500.0,11.0,2008.0,1,22.0,2013.0,1,2015,1,19,4,1,1,0.0,6095.0,7858.285714285715,4775.053218352152,0,0,0,7854
40,2,387,1,0,0,0,2,0,1500.0,11.0,2008.0,1,22.0,2013.0,1,2015,1,20,4,1,5,7854.0,12947.0,6485.857142857143,4437.3748030628585,0,0,0,3340
40,3,864,1,1,0,0,2,0,1500.0,11.0,2008.0,1,22.0,2013.0,1,2015,1,21,4,1,6,3340.0,9014.0,6717.142857142857,4629.157714191335,0,0,0,10633
40,4,543,1,0,0,1,2,0,1500.0,11.0,2008.0,1,22.0,2013.0,1,2015,1,22,4,1,4,10633.0,4995.0,6923.428571428572,4571.438827369448,0,0,0,6439
40,5,391,1,0,0,1,2,0,1500.0,11.0,2008.0,1,22.0,2013.0,1,2015,1,23,4,1,0,6439.0,6253.0,6689.714285714285,4652.52797642621,0,0,0,4617
40,6,827,1,0,0,0,2,0,1500.0,11.0,2008.0,1,22.0,2013.0,1,2015,1,24,4,1,2,4617.0,13945.0,6089.428571428572,3742.4831710662756,1,0,0,9743
40,7,0,0,0,0,0,2,0,1500.0,11.0,2008.0,1,22.0,2013.0,1,2015,1,25,4,1,3,9743.0,0.0,6089.428571428572,3742.4831710662756,1,0,0,0
40,1,1005,1,1,0,1,2,0,1500.0,11.0,2008.0,1,22.0,2013.0,1,2015,1,26,5,1,1,0.0,7854.0,6264.285714285715,3865.249095650702,0,0,0,9078
40,2,770,1,0,0,0,2,0,1500.0,11.0,2008.0,1,22.0,2013.0,1,2015,1,27,5,1,5,9078.0,3340.0,7077.428571428572,3744.357748984591,0,0,0,9032
40,3,839,1,0,0,0,2,0,1500.0,11.0,2008.0,1,22.0,2013.0,1,2015,1,28,5,1,6,9032.0,10633.0,6902.285714285715,3575.177837734589,0,0,0,9407
40,4,934,1,1,0,0,2,0,1500.0,11.0,2008.0,1,22.0,2013.0,1,2015,1,29,5,1,4,9407.0,6439.0,6978.857142857143,3569.336793139188,0,0,0,6975
40,5,687,1,1,0,0,2,0,1500.0,11.0,2008.0,1,22.0,2013.0,1,2015,1,30,5,1,0,6975.0,4617.0,7487.428571428572,3427.5271385817337,0,0,0,8177
40,6,1016,1,0,0,0,2,0,1500.0,11.0,2008.0,1,22.0,2013.0,1,2015,1,31,5,1,2,8177.0,9743.0,7632.0,3557.404671948357,1,0,1,10755
40,7,0,0,0,0,1,2,0,1500.0,11.0,2008.0,1,22.0,2013.0,1,2015,2,1,5,1,3,10755.0,0.0,7632.0,3557.404671948357,1,1,0,0
40,1,1054,1,0,0,1,2,0,1500.0,11.0,2008.0,1,22.0,2013.0,1,2015,2,2,6,1,1,0.0,9078.0,7356.285714285715,3500.999367527588,0,0,0,7148
40,2,717,1,1,0,0,2,0,1500.0,11.0,2008.0,1,22.0,2013.0,1,2015,2,3,6,1,5,7148.0,9032.0,7308.142857142857,3476.3460907765125,0,0,0,8695
40,3,853,1,0,0,0,2,0,1500.0,11.0,2008.0,1,22.0,2013.0,1,2015,2,4,6,1,6,8695.0,9407.0,6916.142857142857,3352.7414866330623,0,0,0,6663
40,4,856,1,1,0,1,2,0,1500.0,11.0,2008.0,1,22.0,2013.0,1,2015,2,5,6,1,4,6663.0,6975.0,7035.142857142857,3369.917675976246,0,0,0,7808
40,5,509,1,1,0,0,2,0,1500.0,11.0,2008.0,1,22.0,2013.0,1,2015,2,6,6,1,0,7808.0,8177.0,6462.428571428572,3482.305982015502,0,0,0,4168
40,6,346,1,0,0,0,2,0,1500.0,11.0,2008.0,1,22.0,2013.0,1,2015,2,7,6,1,2,4168.0,10755.0,5499.285714285715,2995.5175242510663,1,0,0,4013
40,7,0,0,0,0,1,2,0,1500.0,11.0,2008.0,1,22.0,2013.0,1,2015,2,8,6,1,3,4013.0,0.0,5499.285714285715,2995.5175242510663,1,0,0,0
40,1,627,1,0,0,1,2,0,1500.0,11.0,2008.0,1,22.0,2013.0,1,2015,2,9,7,1,1,0.0,7148.0,5186.857142857143,2907.6612267463015,0,0,0,4961
40,2,788,1,1,0,0,2,0,1500.0,11.0,2008.0,1,22.0,2013.0,1,2015,2,10,7,1,5,4961.0,8695.0,5279.142857142857,3044.5903626252375,0,0,0,9341
40,3,1142,1,0,0,0,2,0,1500.0,11.0,2008.0,1,22.0,2013.0,1,2015,2,11,7,1,6,9341.0,6663.0,5225.857142857143,3019.4944073785723,0,0,0,6290
40,4,829,1,1,0,0,2,0,1500.0,11.0,2008.0,1,22.0,2013.0,1,2015,2,12,7,1,4,6290.0,7808.0,5565.285714285715,3459.607767473345,0,0,0,10184
40,5,371,1,0,0,1,2,0,1500.0,11.0,2008.0,1,22.0,2013.0,1,2015,2,13,7,1,0,10184.0,4168.0,5317.428571428572,3634.145697737083,0,0,0,2433
40,6,620,1,0,0,0,2,0,1500.0,11.0,2008.0,1,22.0,2013.0,1,2015,2,14,7,1,2,2433.0,4013.0,5292.571428571428,3645.1333243629033,1,0,0,3839
40,7,0,0,0,0,1,2,0,1500.0,11.0,2008.0,1,22.0,2013.0,1,2015,2,15,7,1,3,3839.0,0.0,5292.571428571428,3645.1333243629033,1,0,0,0
40,1,363,1,0,0,0,2,0,1500.0,11.0,2008.0,1,22.0,2013.0,1,2015,2,16,8,1,1,0.0,4961.0,4949.571428571428,3791.5574133919713,0,0,0,2560
40,2,1100,1,1,0,0,2,0,1500.0,11.0,2008.0,1,22.0,2013.0,1,2015,2,17,8,1,5,2560.0,9341.0,5332.285714285715,4395.764427805691,0,0,0,12020
40,3,644,1,0,0,0,2,0,1500.0,11.0,2008.0,1,22.0,2013.0,1,2015,2,18,8,1,6,12020.0,6290.0,5386.142857142857,4411.734557917533,0,0,0,6667
40,4,621,1,1,0,1,2,0,1500.0,11.0,2008.0,1,22.0,2013.0,1,2015,2,19,8,1,4,6667.0,10184.0,4923.571428571428,3972.7472802055945,0,0,0,6946
40,5,1194,1,0,0,0,2,0,1500.0,11.0,2008.0,1,22.0,2013.0,1,2015,2,20,8,1,0,6946.0,2433.0,6137.428571428572,4363.798416408304,0,0,0,10930
40,6,695,1,0,0,0,2,0,1500.0,11.0,2008.0,1,22.0,2013.0,1,2015,2,21,8,1,2,10930.0,3839.0,6465.142857142857,4246.996759616196,1,0,0,6133
40,7,0,0,0,0,0,2,0,1500.0,11.0,2008.0,1,22.0,2013.0,1,2015,2,22,8,1,3,6133.0,0.0,6465.142857142857,4246.996759616197,1,0,0,0
40,1,563,1,0,0,1,2,0,1500.0,11.0,2008.0,1,22.0,2013.0,1,2015,2,23,9,1,1,0.0,2560.0,6996.285714285715,3895.124761129212,0,0,0,6278
40,2,733,1,1,0,0,2,0,1500.0,11.0,2008.0,1,22.0,2013.0,1,2015,2,24,9,1,5,6278.0,12020.0,6291.714285714285,3223.035355803889,0,0,0,7088
40,3,926,1,1,0,0,2,0,1500.0,11.0,2008.0,1,22.0,2013.0,1,2015,2,25,9,1,6,7088.0,6667.0,7092.571428571428,3947.004681069044,0,0,0,12273
40,4,948,1,1,0,0,2,0,1500.0,11.0,2008.0,1,22.0,2013.0,1,2015,2,26,9,1,4,12273.0,6946.0,7787.428571428572,4326.7759304568735,0,0,0,11810
40,5,822,1,0,0,0,2,0,1500.0,11.0,2008.0,1,22.0,2013.0,1,2015,2,27,9,1,0,11810.0,10930.0,7198.714285714285,4102.467051026967,0,0,0,6809
40,6,858,1,0,0,0,2,0,1500.0,11.0,2008.0,1,22.0,2013.0,1,2015,2,28,9,1,2,6809.0,6133.0,7360.0,4075.691802217957,1,0,1,7262
40,7,0,0,0,0,1,2,0,1500.0,11.0,2008.0,1,22.0,2013.0,1,2015,3,1,9,1,3,7262.0,0.0,7360.0,4075.691802217957,1,1,0,0
40,1,705,1,0,0,0,2,0,1500.0,11.0,2008.0,1,22.0,2013.0,1,2015,3,2,10,1,1,0.0,6278.0,7404.142857142857,4063.6754065161012,0,0,0,6587
40,2,645,1,1,0,0,2,0,1500.0,11.0,2008.0,1,22.0,2013.0,1,2015,3,3,10,1,5,6587.0,7088.0,7576.571428571428,4073.6205377666533,0,0,0,8295
40,3,804,1,1,0,1,2,0,1500.0,11.0,2008.0,1,22.0,2013.0,1,2015,3,4,10,1,6,8295.0,12273.0,6960.285714285715,3535.474023582773,0,0,0,7959
40,4,1191,1,0,0,0,2,0,1500.0,11.0,2008.0,1,22.0,2013.0,1,2015,3,5,10,1,4,7959.0,11810.0,6949.285714285715,3517.9464992277185,0,0,0,11733
40,5,389,1,0,0,1,2,0,1500.0,11.0,2008.0,1,22.0,2013.0,1,2015,3,6,10,1,0,11733.0,6809.0,6342.428571428572,3892.623958940072,0,0,0,2561
40,6,439,1,0,0,1,2,0,1500.0,11.0,2008.0,1,22.0,2013.0,1,2015,3,7,10,1,2,2561.0,7262.0,6019.285714285715,3897.449623975731,1,0,0,5000
40,7,0,0,0,0,1,2,0,1500.0,11.0,2008.0,1,22.0,2013.0,1,2015,3,8,10,1,3,5000.0,0.0,6019.285714285715,3897.449623975731,1,0,0,0
40,1,0,0,0,0,1,2,0,1500.0,11.0,2008.0,1,22.0,2013.0,1,2015,3,9,11,1,1,0.0,6587.0,5078.285714285715,4487.980530048591,0,0,0,0
40,2,737,1,1,0,0,2,0,1500.0,11.0,2008.0,1,22.0,2013.0,1,2015,3,10,11,1,5,0.0,8295.0,4737.428571428572,4289.160090940216,0,0,0,5909
40,3,441,1,0,0,0,2,0,1500.0,11.0,2008.0,1,22.0,2013.0,1,2015,3,11,11,1,6,5909.0,7959.0,4130.428571428572,4051.3230290504216,0,0,0,3710
40,4,1083,1,0,0,0,2,0,1500.0,11.0,2008.0,1,22.0,2013.0,1,2015,3,12,11,1,4,3710.0,11733.0,3560.714285714286,2928.973751691065,0,0,0,7745
40,5,899,1,0,0,1,2,0,1500.0,11.0,2008.0,1,22.0,2013.0,1,2015,3,13,11,1,0,7745.0,2561.0,3962.5714285714284,2961.741484169004,0,0,0,5374
40,6,993,1,0,0,1,2,0,1500.0,11.0,2008.0,1,22.0,2013.0,1,2015,3,14,11,1,2,5374.0,5000.0,4312.714285714285,3236.9263051175417,1,0,0,7451
40,7,0,0,0,0,0,2,0,1500.0,11.0,2008.0,1,22.0,2013.0,1,2015,3,15,11,1,3,7451.0,0.0,4312.714285714285,3236.9263051175417,1,0,0,0
40,1,911,1,0,0,0,2,0,1500.0,11.0,2008.0,1,22.0,2013.0,1,2015,3,16,12,1,1,0.0,0.0,5847.0,3393.5826692941087,0,0,0,10740
40,2,628,1,0,0,1,2,0,1500.0,11.0,2008.0,1,22.0,2013.0,1,2015,3,17,12,1,5,10740.0,5909.0,6048.0,3439.227868771321,0,0,0,7316
40,3,926,1,0,0,1,2,0,1500.0,11.0,2008.0,1,22.0,2013.0,1,2015,3,18,12,1,6,7316.0,3710.0,7006.571428571428,3609.844311377007,0,0,0,10420
40,4,990,1,1,0,0,2,0,1500.0,11.0,2008.0,1,22.0,2013.0,1,2015,3,19,12,1,4,10420.0,7745.0,7215.285714285715,3700.746173151467,0,0,0,9206
40,5,963,1,0,0,0,2,0,1500.0,11.0,2008.0,1,22.0,2013.0,1,2015,3,20,12,1,0,9206.0,5374.0,7586.0,3614.528138867736,0,0,0,7969
40,6,545,1,0,0,0,2,0,1500.0,11.0,2008.0,1,22.0,2013.0,1,2015,3,21,12,1,2,7969.0,7451.0,7023.285714285715,3931.7426464730916,1,0,0,3512
40,7,0,0,0,0,0,2,0,1500.0,11.0,2008.0,1,22.0,2013.0,1,2015,3,22,12,1,3,3512.0,0.0,7023.285714285715,3931.7426464730916,1,0,0,0
40,1,494,1,0,0,0,2,0,1500.0,11.0,2008.0,1,22.0,2013.0,1,2015,3,23,13,1,1,0.0,10740.0,6012.285714285715,3720.9835041417787,0,0,0,3663
40,2,1038,1,0,0,0,2,0,1500.0,11.0,2008.0,1,22.0,2013.0,1,2015,3,24,13,1,5,3663.0,7316.0,6021.285714285715,3724.736666946434,0,0,0,7379
40,3,344,1,1,0,0,2,0,1500.0,11.0,2008.0,1,22.0,2013.0,1,2015,3,25,13,1,6,7379.0,10420.0,4951.142857142857,3302.501144515139,0,0,0,2929
40,4,404,1,1,0,0,2,0,1500.0,11.0,2008.0,1,22.0,2013.0,1,2015,3,26,13,1,4,2929.0,9206.0,4392.571428571428,2746.82197318664,0,0,0,5296
40,5,320,1,1,0,0,2,0,1500.0,11.0,2008.0,1,22.0,2013.0,1,2015,3,27,13,1,0,5296.0,7969.0,3800.5714285714284,2249.0084375966553,0,0,0,3825
40,6,749,1,0,0,0,2,0,1500.0,11.0,2008.0,1,22.0,2013.0,1,2015,3,28,13,1,2,3825.0,3512.0,3901.5714285714284,2249.7642733660523,1,0,0,4219
40,7,0,0,0,0,0,2,0,1500.0,11.0,2008.0,1,22.0,2013.0,1,2015,3,29,13,1,3,4219.0,0.0,3901.5714285714284,2249.7642733660523,1,0,0,0
40,1,923,1,1,0,0,2,0,1500.0,11.0,2008.0,1,22.0,2013.0,1,2015,3,30,14,1,1,0.0,3663.0,4514.428571428572,2710.9849290828383,0,0,0,7953
40,2,542,1,1,0,0,2,0,1500.0,11.0,2008.0,1,22.0,2013.0,1,2015,3,31,14,1,5,7953.0,7379.0,4518.142857142857,2715.5776812415324,0,0,1,7405
40,3,616,1,0,0,0,2,0,1500.0,11.0,2008.0,1,22.0,2013.0,1,2015,4,1,14,2,6,7405.0,2929.0,5052.285714285715,2718.624757377995,0,1,0,6668
40,4,1179,1,1,0,0,2,0,1500.0,11.0,2008.0,1,22.0,2013.0,1,2015,4,2,14,2,4,6668.0,5296.0,5457.428571428572,2961.46871541486,0,0,0,8132
40,5,680,1,1,0,0,2,0,1500.0,11.0,2008.0,1,22.0,2013.0,1,2015,4,3,14,2,0,8132.0,3825.0,5658.857142857143,2878.7271161962885,0,0,0,5235
40,6,665,1,0,0,0,2,0,1500.0,11.0,2008.0,1,22.0,2013.0,1,2015,4,4,14,2,2,5235.0,4219.0,5713.142857142857,2850.4940758034327,1,0,0,4599
40,7,0,0,0,0,0,2,0,1500.0,11.0,2008.0,1,22.0,2013.0,1,2015,4,5,14,2,3,4599.0,0.0,5713.142857142857,2850.4940758034327,1,0,0,0
40,1,314,1,1,0,0,2,0,1500.0,11.0,2008.0,1,22.0,2013.0,1,2015,4,6,15,2,1,0.0,7953.0,5107.142857142857,2743.867794954864,0,0,0,3711
40,2,850,1,0,0,0,2,0,1500.0,11.0,2008.0,1,22.0,2013.0,1,2015,4,7,15,2,5,3711.0,7405.0,5161.428571428572,2800.0894543533686,0,0,0,7785
40,3,415,1,0,0,0,2,0,1500.0,11.0,2008.0,1,22.0,2013.0,1,2015,4,8,15,2,6,7785.0,6668.0,4856.714285714285,2723.836308975859,0,0,0,4535
40,4,310,1,0,0,0,2,0,1500.0,11.0,2008.0,1,22.0,2013.0,1,2015,4,9,15,2,4,4535.0,8132.0,4018.285714285714,2435.6664190241454,0,0,0,2263
40,5,1158,1,0,0,0,2,0,1500.0,11.0,2008.0,1,22.0,2013.0,1,2015,4,10,15,2,0,2263.0,5235.0,5236.428571428572,4447.2331419712655,0,0,0,13762
43,4,761,1,0,0,1,0,0,500.0,0.0,0.0,1,31.0,2011.0,2,2015,1,8,2,1,4,8961.0,4300.0,5168.428571428572,3332.6488392439855,0,0,0,4524
43,5,802,1,1,0,0,0,0,500.0,0.0,0.0,1,31.0,2011.0,2,2015,1,9,2,1,0,4524.0,3482.0,5899.142857142857,3459.5940719768187,0,0,0,8597
43,6,1190,1,0,0,0,0,0,500.0,0.0,0.0,1,31.0,2011.0,2,2015,1,10,2,1,2,8597.0,3829.0,7230.714285714285,4236.559284540767,1,0,0,13150
43,7,0,0,0,0,0,0,0,500.0,0.0,0.0,1,31.0,2011.0,2,2015,1,11,2,1,3,13150.0,0.0,7230.714285714285,4236.559284540766,1,0,0,0
43,1,687,1,1,0,0,0,0,500.0,0.0,0.0,1,31.0,2011.0,2,2015,1,12,3,1,1,0.0,9661.0,7186.428571428572,4208.447887172611,0,0,0,9351
43,2,628,1,0,0,0,0,0,500.0,0.0,0.0,1,31.0,2011.0,2,2015,1,13,3,1,5,9351.0,5722.0,6974.571428571428,4330.026976711301,0,0,0,4239
43,3,873,1,0,0,0,0,0,500.0,0.0,0.0,1,31.0,2011.0,2,2015,1,14,3,1,6,4239.0,8961.0,7165.285714285715,4459.562523921142,0,0,0,10296
43,4,427,1,0,0,1,0,0,500.0,0.0,0.0,1,31.0,2011.0,2,2015,1,15,3,1,4,10296.0,4524.0,7001.285714285715,4592.02590419108,0,0,0,3376
43,5,362,1,1,0,0,0,0,500.0,0.0,0.0,1,31.0,2011.0,2,2015,1,16,3,1,0,3376.0,8597.0,6429.714285714285,4609.274155232604,0,0,0,4596
43,6,652,1,0,0,0,0,0,500.0,0.0,0.0,1,31.0,2011.0,2,2015,1,17,3,1,2,4596.0,13150.0,5458.857142857143,3552.4169438365675,1,0,0,6354
43,7,0,0,0,0,1,0,0,500.0,0.0,0.0,1,31.0,2011.0,2,2015,1,18,3,1,3,6354.0,0.0,5458.857142857143,3552.4169438365675,1,0,0,0
43,1,720,1,0,0,0,0,0,500.0,0.0,0.0,1,31.0,2011.0,2,2015,1,19,4,1,1,0.0,9351.0,5034.428571428572,3166.405630845109,0,0,0,6380
43,2,1139,1,1,0,1,0,0,500.0,0.0,0.0,1,31.0,2011.0,2,2015,1,20,4,1,5,6380.0,4239.0,6047.571428571428,3915.4745075211026,0,0,0,11331
43,3,987,1,0,0,0,0,0,500.0,0.0,0.0,1,31.0,2011.0,2,2015,1,21,4,1,6,11331.0,10296.0,5932.0,3778.7270784396874,0,0,0,9487
43,4,643,1,0,0,0,0,0,500.0,0.0,0.0,1,31.0,2011.0,2,2015,1,22,4,1,4,9487.0,3376.0,6286.142857142857,3611.729568529526,0,0,0,5855
43,5,718,1,1,0,1,0,0,500.0,0.0,0.0,1,31.0,2011.0,2,2015,1,23,4,1,0,5855.0,4596.0,6937.0,3666.487692601736,0,0,0,9152
43,6,434,1,0,0,0,0,0,500.0,0.0,0.0,1,31.0,2011.0,2,2015,1,24,4,1,2,9152.0,6354.0,6728.571428571428,3745.7658254417906,1,0,0,4895
43,7,0,0,0,0,1,0,0,500.0,0.0,0.0,1,31.0,2011.0,2,2015,1,25,4,1,3,4895.0,0.0,6728.571428571428,3745.7658254417906,1,0,0,0
43,1,322,1,1,0,0,0,0,500.0,0.0,0.0,1,31.0,2011.0,2,2015,1,26,5,1,1,0.0,6380.0,6274.285714285715,3980.5622598776044,0,0,0,3200
43,2,835,1,1,0,0,0,0,500.0,0.0,0.0,1,31.0,2011.0,2,2015,1,27,5,1,5,3200.0,11331.0,6002.857142857143,3627.3963770437986,0,0,0,9431
43,3,614,1,0,0,0,0,0,500.0,0.0,0.0,1,31.0,2011.0,2,2015,1,28,5,1,6,9431.0,9487.0,5283.142857142857,3306.4917676479718,0,0,0,4449
43,4,479,1,0,0,0,0,0,500.0,0.0,0.0,1,31.0,2011.0,2,2015,1,29,5,1,4,4449.0,5855.0,5068.857142857143,3311.855644427125,0,0,0,4355
43,5,422,1,0,0,0,0,0,500.0,0.0,0.0,1,31.0,2011.0,2,2015,1,30,5,1,0,4355.0,9152.0,4368.142857142857,2780.1893477825943,0,0,0,4247
43,6,967,1,0,0,0,0,0,500.0,0.0,0.0,1,31.0,2011.0,2,2015,1,31,5,1,2,4247.0,4895.0,5025.714285714285,3400.680604148024,1,0,1,9498
43,7,0,0,0,0,0,0,0,500.0,0.0,0.0,1,31.0,2011.0,2,2015,2,1,5,1,3,9498.0,0.0,5025.714285714285,3400.680604148024,1,1,0,0
43,1,505,1,0,0,0,0,0,500.0,0.0,0.0,1,31.0,2011.0,2,2015,2,2,6,1,1,0.0,3200.0,5396.428571428572,3308.683920490787,0,0,0,5795
43,2,374,1,0,0,0,0,0,500.0,0.0,0.0,1,31.0,2011.0,2,2015,2,3,6,1,5,5795.0,9431.0,4387.0,2928.6944190201875,0,0,0,2365
43,3,576,1,1,0,0,0,0,500.0,0.0,0.0,1,31.0,2011.0,2,2015,2,4,6,1,6,2365.0,4449.0,4616.428571428572,2996.4819292598695,0,0,0,6055
43,4,916,1,0,0,0,0,0,500.0,0.0,0.0,1,31.0,2011.0,2,2015,2,5,6,1,4,6055.0,4355.0,5037.285714285715,3156.267770341299,0,0,0,7301
43,5,385,1,1,0,0,0,0,500.0,0.0,0.0,1,31.0,2011.0,2,2015,2,6,6,1,0,7301.0,4247.0,4979.714285714285,3176.694703319039,0,0,0,3844
43,6,887,1,0,0,0,0,0,500.0,0.0,0.0,1,31.0,2011.0,2,2015,2,7,6,1,2,3844.0,9498.0,5021.142857142857,3246.5629738012385,1,0,0,9788
43,7,0,0,0,0,0,0,0,500.0,0.0,0.0,1,31.0,2011.0,2,2015,2,8,6,1,3,9788.0,0.0,5021.142857142857,3246.5629738012385,1,0,0,0
43,1,843,1,0,0,0,0,0,500.0,0.0,0.0,1,31.0,2011.0,2,2015,2,9,7,1,1,0.0,5795.0,5199.142857142857,3329.169237140673,0,0,0,7041
43,2,715,1,1,0,1,0,0,500.0,0.0,0.0,1,31.0,2011.0,2,2015,2,10,7,1,5,7041.0,2365.0,6043.0,3238.4571429411676,0,0,0,8272
43,3,322,1,0,0,1,0,0,500.0,0.0,0.0,1,31.0,2011.0,2,2015,2,11,7,1,6,8272.0,6055.0,5563.142857142857,3476.49375226302,0,0,0,2696
43,4,904,1,1,0,0,0,0,500.0,0.0,0.0,1,31.0,2011.0,2,2015,2,12,7,1,4,2696.0,7301.0,5921.571428571428,3799.833411135409,0,0,0,9810
43,5,352,1,0,0,0,0,0,500.0,0.0,0.0,1,31.0,2011.0,2,2015,2,13,7,1,0,9810.0,3844.0,5932.0,3793.2757611331135,0,0,0,3917
43,6,0,0,0,0,0,0,0,500.0,0.0,0.0,1,31.0,2011.0,2,2015,2,14,7,1,2,3917.0,9788.0,4533.714285714285,3936.3077756651473,1,0,0,0
43,7,0,0,0,0,0,0,0,500.0,0.0,0.0,1,31.0,2011.0,2,2015,2,15,7,1,3,0.0,0.0,4533.714285714285,3936.3077756651473,1,0,0,0
43,1,877,1,0,0,0,0,0,500.0,0.0,0.0,1,31.0,2011.0,2,2015,2,16,8,1,1,0.0,7041.0,4594.0,3984.0495729847535,0,0,0,7463
43,2,673,1,1,0,0,0,0,500.0,0.0,0.0,1,31.0,2011.0,2,2015,2,17,8,1,5,7463.0,8272.0,4458.857142857143,3852.3629297947955,0,0,0,7326
43,3,632,1,1,0,1,0,0,500.0,0.0,0.0,1,31.0,2011.0,2,2015,2,18,8,1,6,7326.0,2696.0,5013.142857142857,3835.539963228621,0,0,0,6576
43,4,622,1,1,0,0,0,0,500.0,0.0,0.0,1,31.0,2011.0,2,2015,2,19,8,1,4,6576.0,9810.0,4540.857142857143,3314.605075951554,0,0,0,6504
43,5,1126,1,1,0,0,0,0,500.0,0.0,0.0,1,31.0,2011.0,2,2015,2,20,8,1,0,6504.0,3917.0,5680.142857142857,4291.152542482864,0,0,0,11892
43,6,698,1,0,0,0,0,0,500.0,0.0,0.0,1,31.0,2011.0,2,2015,2,21,8,1,2,11892.0,0.0,6305.714285714285,3586.39822636796,1,0,0,4379
43,7,0,0,0,0,0,0,0,500.0,0.0,0.0,1,31.0,2011.0,2,2015,2,22,8,1,3,4379.0,0.0,6305.714285714285,3586.39822636796,1,0,0,0
43,1,1042,1,1,0,1,0,0,500.0,0.0,0.0,1,31.0,2011.0,2,2015,2,23,9,1,1,0.0,7463.0,6445.428571428572,3657.344385258375,0,0,0,8441
43,2,1025,1,0,0,1,0,0,500.0,0.0,0.0,1,31.0,2011.0,2,2015,2,24,9,1,5,8441.0,7326.0,7120.285714285715,4236.83839335755,0,0,0,12050
43,3,878,1,1,0,0,0,0,500.0,0.0,0.0,1,31.0,2011.0,2,2015,2,25,9,1,6,12050.0,6576.0,7248.0,4231.167569359552,0,0,0,7470
43,4,638,1,0,0,0,0,0,500.0,0.0,0.0,1,31.0,2011.0,2,2015,2,26,9,1,4,7470.0,6504.0,7392.428571428572,4218.775685636095,0,0,0,7515
43,5,582,1,0,0,0,0,0,500.0,0.0,0.0,1,31.0,2011.0,2,2015,2,27,9,1,0,7515.0,11892.0,6175.571428571428,3922.68712564669,0,0,0,3374
43,6,714,1,0,0,0,0,0,500.0,0.0,0.0,1,31.0,2011.0,2,2015,2,28,9,1,2,3374.0,4379.0,6696.714285714285,3886.3829676742594,1,0,1,8027
43,7,0,0,0,0,1,0,0,500.0,0.0,0.0,1,31.0,2011.0,2,2015,3,1,9,1,3,8027.0,0.0,6696.714285714285,3886.3829676742594,1,1,0,0
43,1,463,1,1,0,1,0,0,500.0,0.0,0.0,1,31.0,2011.0,2,2015,3,2,10,1,1,0.0,8441.0,6072.0,3910.6599187349448,0,0,0,4068
43,2,499,1,1,0,0,0,0,500.0,0.0,0.0,1,31.0,2011.0,2,2015,3,3,10,1,5,4068.0,12050.0,5108.285714285715,2889.973743495819,0,0,0,5304
43,3,418,1,0,0,0,0,0,500.0,0.0,0.0,1,31.0,2011.0,2,2015,3,4,10,1,6,5304.0,7470.0,4714.285714285715,2695.8111156808754,0,0,0,4712
43,4,591,1,1,0,1,0,0,500.0,0.0,0.0,1,31.0,2011.0,2,2015,3,5,10,1,4,4712.0,7515.0,4683.571428571428,2659.564491738127,0,0,0,7300
43,5,482,1,1,0,0,0,0,500.0,0.0,0.0,1,31.0,2011.0,2,2015,3,6,10,1,0,7300.0,3374.0,4797.285714285715,2610.809626296391,0,0,0,4170
43,6,1056,1,0,0,0,0,0,500.0,0.0,0.0,1,31.0,2011.0,2,2015,3,7,10,1,2,4170.0,8027.0,5423.428571428572,3778.7992297881633,1,0,0,12410
43,7,0,0,0,0,0,0,0,500.0,0.0,0.0,1,31.0,2011.0,2,2015,3,8,10,1,3,12410.0,0.0,5423.428571428572,3778.7992297881633,1,0,0,0
43,1,890,1,0,0,0,0,0,500.0,0.0,0.0,1,31.0,2011.0,2,2015,3,9,11,1,1,0.0,4068.0,5838.571428571428,3764.673994612852,0,0,0,6974
43,2,654,1,0,0,0,0,0,500.0,0.0,0.0,1,31.0,2011.0,2,2015,3,10,11,1,5,6974.0,5304.0,5845.285714285715,3763.60344679961,0,0,0,5351
43,3,988,1,1,0,0,0,0,500.0,0.0,0.0,1,31.0,2011.0,2,2015,3,11,11,1,6,5351.0,4712.0,6611.571428571428,4030.9741526146786,0,0,0,10076
43,4,1186,1,0,0,0,0,0,500.0,0.0,0.0,1,31.0,2011.0,2,2015,3,12,11,1,4,10076.0,7300.0,6977.142857142857,4215.623260704221,0,0,0,9859
43,5,594,1,0,0,0,0,0,500.0,0.0,0.0,1,31.0,2011.0,2,2015,3,13,11,1,0,9859.0,4170.0,7053.857142857143,4160.552424401174,0,0,0,4707
43,6,362,1,0,0,0,0,0,500.0,0.0,0.0,1,31.0,2011.0,2,2015,3,14,11,1,2,4707.0,12410.0,5650.285714285715,3682.243596608174,1,0,0,2585
43,7,0,0,0,0,1,0,0,500.0,0.0,0.0,1,31.0,2011.0,2,2015,3,15,11,1,3,2585.0,0.0,5650.285714285715,3682.243596608174,1,0,0,0
43,1,848,1,0,0,1,0,0,500.0,0.0,0.0,1,31.0,2011.0,2,2015,3,16,12,1,1,0.0,6974.0,5831.0,3787.570153365699,0,0,0,8239
43,2,952,1,1,0,0,0,0,500.0,0.0,0.0,1,31.0,2011.0,2,2015,3,17,12,1,5,8239.0,5351.0,6560.0,4153.227018435986,0,0,0,10454
43,3,793,1,0,0,0,0,0,500.0,0.0,0.0,1,31.0,2011.0,2,2015,3,18,12,1,6,10454.0,10076.0,6322.428571428572,3961.7344626288314,0,0,0,8413
43,4,574,1,0,0,1,0,0,500.0,0.0,0.0,1,31.0,2011.0,2,2015,3,19,12,1,4,8413.0,9859.0,5768.428571428572,3643.095380631826,0,0,0,5981
43,5,539,1,1,0,0,0,0,500.0,0.0,0.0,1,31.0,2011.0,2,2015,3,20,12,1,0,5981.0,4707.0,5829.285714285715,3625.9269488084337,0,0,0,5133
43,6,381,1,0,0,0,0,0,500.0,0.0,0.0,1,31.0,2011.0,2,2015,3,21,12,1,2,5133.0,2585.0,5843.571428571428,3611.181517506556,1,0,0,2685
43,7,0,0,0,0,0,0,0,500.0,0.0,0.0,1,31.0,2011.0,2,2015,3,22,12,1,3,2685.0,0.0,5843.571428571428,3611.181517506556,1,0,0,0
43,1,560,1,1,0,0,0,0,500.0,0.0,0.0,1,31.0,2011.0,2,2015,3,23,13,1,1,0.0,8239.0,5370.571428571428,3458.7541522511074,0,0,0,4928
43,2,1003,1,0,0,1,0,0,500.0,0.0,0.0,1,31.0,2011.0,2,2015,3,24,13,1,5,4928.0,10454.0,4675.857142857143,2664.7960790381558,0,0,0,5591
43,3,1162,1,1,0,1,0,0,500.0,0.0,0.0,1,31.0,2011.0,2,2015,3,25,13,1,6,5591.0,8413.0,5060.571428571428,3389.9678885963326,0,0,0,11106
43,4,850,1,1,0,0,0,0,500.0,0.0,0.0,1,31.0,2011.0,2,2015,3,26,13,1,4,11106.0,5981.0,5374.714285714285,3585.7156289126674,0,0,0,8180
43,5,1157,1,1,0,0,0,0,500.0,0.0,0.0,1,31.0,2011.0,2,2015,3,27,13,1,0,8180.0,5133.0,5878.714285714285,3788.2994300119108,0,0,0,8661
43,6,837,1,0,0,1,0,0,500.0,0.0,0.0,1,31.0,2011.0,2,2015,3,28,13,1,2,8661.0,2685.0,6548.285714285715,3535.5123492117195,1,0,0,7372
43,7,0,0,0,0,0,0,0,500.0,0.0,0.0,1,31.0,2011.0,2,2015,3,29,13,1,3,7372.0,0.0,6548.285714285715,3535.5123492117195,1,0,0,0
43,1,760,1,0,0,0,0,0,500.0,0.0,0.0,1,31.0,2011.0,2,2015,3,30,14,1,1,0.0,4928.0,6779.285714285715,3464.1074711141073,0,0,0,6545
43,2,1005,1,0,0,1,0,0,500.0,0.0,0.0,1,31.0,2011.0,2,2015,3,31,14,1,5,6545.0,5591.0,7484.857142857143,3678.116838300611,0,0,1,10530
43,3,1156,1,0,0,0,0,0,500.0,0.0,0.0,1,31.0,2011.0,2,2015,4,1,14,2,6,10530.0,11106.0,7220.0,3432.4513592086546,0,1,0,9252
43,4,976,1,1,0,0,0,0,500.0,0.0,0.0,1,31.0,2011.0,2,2015,4,2,14,2,4,9252.0,8180.0,7808.857142857143,3940.5623299461317,0,0,0,12302
43,5,1135,1,1,0,0,0,0,500.0,0.0,0.0,1,31.0,2011.0,2,2015,4,3,14,2,0,12302.0,8661.0,8019.571428571428,4032.0968844652402,0,0,0,10136
43,6,497,1,0,0,0,0,0,500.0,0.0,0.0,1,31.0,2011.0,2,2015,4,4,14,2,2,10136.0,7372.0,7377.285714285715,4485.0881341873965,1,0,0,2876
43,7,0,0,0,0,0,0,0,500.0,0.0,0.0,1,31.0,2011.0,2,2015,4,5,14,2,3,2876.0,0.0,7377.285714285715,4485.0881341873965,1,0,0,0
43,1,1146,1,0,0,0,0,0,500.0,0.0,0.0,1,31.0,2011.0,2,2015,4,6,15,2,1,0.0,6545.0,8376.142857142857,5015.998818067759,0,0,0,13537
43,2,946,1,1,0,0,0,0,500.0,0.0,0.0,1,31.0,2011.0,2,2015,4,7,15,2,5,13537.0,10530.0,7739.0,4979.943138898945,0,0,0,6070
43,3,637,1,0,0,0,0,0,500.0,0.0,0.0,1,31.0,2011.0,2,2015,4,8,15,2,6,6070.0,9252.0,7040.857142857143,5074.148284148169,0,0,0,4365
43,4,1081,1,0,0,1,0,0,500.0,0.0,0.0,1,31.0,2011.0,2,2015,4,9,15,2,4,4365.0,12302.0,6644.285714285715,4688.235514358812,0,0,0,9526
43,5,1058,1,1,0,0,0,0,500.0,0.0,0.0,1,31.0,2011.0,2,2015,4,10,15,2,0,9526.0,10136.0,6894.857142857143,4945.760151502545,0,0,0,11890
45,4,421,1,0,0,0,1,0,120.0,9.0,2014.0,1,22.0,2011.0,0,2015,1,8,2,1,4,5827.0,8690.0,4730.285714285715,2813.852324618672,0,0,0,4596
45,5,752,1,0,0,1,1,0,120.0,9.0,2014.0,1,22.0,2011.0,0,2015,1,9,2,1,0,4596.0,3684.0,5216.857142857143,2896.0566539446604,0,0,0,7090
45,6,690,1,0,0,1,1,0,120.0,9.0,2014.0,1,22.0,2011.0,0,2015,1,10,2,1,2,7090.0,4601.0,5229.285714285715,2893.1584075934334,1,0,0,4688
45,7,0,0,0,0,0,1,0,120.0,9.0,2014.0,1,22.0,2011.0,0,2015,1,11,2,1,3,4688.0,0.0,5229.285714285715,2893.1584075934334,1,0,0,0
45,1,509,1,0,0,0,1,0,120.0,9.0,2014.0,1,22.0,2011.0,0,2015,1,12,3,1,1,0.0,9502.0,4447.0,2203.414244606159,0,0,0,4026
45,2,1195,1,0,0,0,1,0,120.0,9.0,2014.0,1,22.0,2011.0,0,2015,1,13,3,1,5,4026.0,4902.0,4907.142857142857,2612.5988611962243,0,0,0,8123
45,3,925,1,0,0,0,1,0,120.0,9.0,2014.0,1,22.0,2011.0,0,2015,1,14,3,1,6,8123.0,5827.0,5301.428571428572,2959.758428044585,0,0,0,8587
45,4,967,1,0,0,0,1,0,120.0,9.0,2014.0,1,22.0,2011.0,0,2015,1,15,3,1,4,8587.0,4596.0,5641.571428571428,3001.6953463636096,0,0,0,6977
45,5,678,1,0,0,0,1,0,120.0,9.0,2014.0,1,22.0,2011.0,0,2015,1,16,3,1,0,6977.0,7090.0,5585.857142857143,2973.8204064004617,0,0,0,6700
45,6,375,1,0,0,1,1,0,120.0,9.0,2014.0,1,22.0,2011.0,0,2015,1,17,3,1,2,6700.0,4688.0,5539.428571428572,2992.6518261202636,1,0,0,4363
45,7,0,0,0,0,0,1,0,120.0,9.0,2014.0,1,22.0,2011.0,0,2015,1,18,3,1,3,4363.0,0.0,5539.428571428572,2992.6518261202636,1,0,0,0
45,1,765,1,1,0,0,1,0,120.0,9.0,2014.0,1,22.0,2011.0,0,2015,1,19,4,1,1,0.0,4026.0,6071.714285714285,3009.9141579279694,0,0,0,7752
45,2,538,1,0,0,0,1,0,120.0,9.0,2014.0,1,22.0,2011.0,0,2015,1,20,4,1,5,7752.0,8123.0,5500.285714285715,2934.322733572758,0,0,0,4123
45,3,348,1,1,0,0,1,0,120.0,9.0,2014.0,1,22.0,2011.0,0,2015,1,21,4,1,6,4123.0,8587.0,4768.571428571428,2662.3373726322297,0,0,0,3465
45,4,386,1,1,0,0,1,0,120.0,9.0,2014.0,1,22.0,2011.0,0,2015,1,22,4,1,4,3465.0,6977.0,4280.142857142857,2498.22039517276,0,0,0,3558
45,5,885,1,0,0,0,1,0,120.0,9.0,2014.0,1,22.0,2011.0,0,2015,1,23,4,1,0,3558.0,6700.0,4292.0,2511.7799797487564,0,0,0,6783
45,6,1014,1,0,0,0,1,0,120.0,9.0,2014.0,1,22.0,2011.0,0,2015,1,24,4,1,2,6783.0,4363.0,4563.857142857143,2621.3394431455217,1,0,0,6266
45,7,0,0,0,0,0,1,0,120.0,9.0,2014.0,1,22.0,2011.0,0,2015,1,25,4,1,3,6266.0,0.0,4563.857142857143,2621.3394431455217,1,0,0,0
45,1,442,1,1,0,0,1,0,120.0,9.0,2014.0,1,22.0,2011.0,0,2015,1,26,5,1,1,0.0,7752.0,4154.428571428572,2235.867531641268,0,0,0,4886
45,2,503,1,0,0,0,1,0,120.0,9.0,2014.0,1,22.0,2011.0,0,2015,1,27,5,1,5,4886.0,4123.0,4360.714285714285,2298.228137376394,0,0,0,5567
45,3,425,1,0,0,0,1,0,120.0,9.0,2014.0,1,22.0,2011.0,0,2015,1,28,5,1,6,5567.0,3465.0,4583.142857142857,2272.2891855697285,0,0,0,5022
45,4,520,1,0,0,1,1,0,120.0,9.0,2014.0,1,22.0,2011.0,0,2015,1,29,5,1,4,5022.0,3558.0,4903.857142857143,2261.8914967029564,0,0,0,5803
45,5,1197,1,1,0,0,1,0,120.0,9.0,2014.0,1,22.0,2011.0,0,2015,1,30,5,1,0,5803.0,6783.0,5290.714285714285,2803.5694934782514,0,0,0,9491
45,6,520,1,0,0,0,1,0,120.0,9.0,2014.0,1,22.0,2011.0,0,2015,1,31,5,1,2,9491.0,6266.0,5209.571428571428,2778.7473710974427,1,0,1,5698
45,7,0,0,0,0,0,1,0,120.0,9.0,2014.0,1,22.0,2011.0,0,2015,2,1,5,1,3,5698.0,0.0,5209.571428571428,2778.7473710974427,1,1,0,0
45,1,469,1,0,0,1,1,0,120.0,9.0,2014.0,1,22.0,2011.0,0,2015,2,2,6,1,1,0.0,4886.0,5031.857142857143,2841.951408719686,0,0,0,3642
45,2,815,1,1,0,0,1,0,120.0,9.0,2014.0,1,22.0,2011.0,0,2015,2,3,6,1,5,3642.0,5567.0,5354.142857142857,3034.1706955153013,0,0,0,7823
45,3,792,1,0,0,0,1,0,120.0,9.0,2014.0,1,22.0,2011.0,0,2015,2,4,6,1,6,7823.0,5022.0,5595.428571428572,3070.2975348296372,0,0,0,6711
45,4,1181,1,0,0,0,1,0,120.0,9.0,2014.0,1,22.0,2011.0,0,2015,2,5,6,1,4,6711.0,5803.0,5721.142857142857,3098.1031523913366,0,0,0,6683
45,5,951,1,1,0,1,1,0,120.0,9.0,2014.0,1,22.0,2011.0,0,2015,2,6,6,1,0,6683.0,9491.0,5573.142857142857,2906.8391440745054,0,0,0,8455
45,6,839,1,0,0,1,1,0,120.0,9.0,2014.0,1,22.0,2011.0,0,2015,2,7,6,1,2,8455.0,5698.0,5550.857142857143,2906.320321217846,1,0,0,5542
45,7,0,0,0,0,0,1,0,120.0,9.0,2014.0,1,22.0,2011.0,0,2015,2,8,6,1,3,5542.0,0.0,5550.857142857143,2906.320321217846,1,0,0,0
45,1,769,1,0,0,0,1,0,120.0,9.0,2014.0,1,22.0,2011.0,0,2015,2,9,7,1,1,0.0,3642.0,5934.142857142857,2787.095048527015,0,0,0,6325
45,2,783,1,0,0,0,1,0,120.0,9.0,2014.0,1,22.0,2011.0,0,2015,2,10,7,1,5,6325.0,7823.0,5868.857142857143,2740.437643185933,0,0,0,7366
45,3,499,1,0,0,1,1,0,120.0,9.0,2014.0,1,22.0,2011.0,0,2015,2,11,7,1,6,7366.0,6711.0,5608.571428571428,2733.63816534808,0,0,0,4889
45,4,1088,1,1,0,0,1,0,120.0,9.0,2014.0,1,22.0,2011.0,0,2015,2,12,7,1,4,4889.0,6683.0,5879.285714285715,2943.545804767084,0,0,0,8578
45,5,760,1,0,0,1,1,0,120.0,9.0,2014.0,1,22.0,2011.0,0,2015,2,13,7,1,0,8578.0,8455.0,5467.285714285715,2715.9804684058204,0,0,0,5571
45,6,1007,1,0,0,0,1,0,120.0,9.0,2014.0,1,22.0,2011.0,0,2015,2,14,7,1,2,5571.0,5542.0,5630.142857142857,2755.104077197533,1,0,0,6682
45,7,0,0,0,0,0,1,0,120.0,9.0,2014.0,1,22.0,2011.0,0,2015,2,15,7,1,3,6682.0,0.0,5630.142857142857,2755.104077197533,1,0,0,0
45,1,881,1,0,0,0,1,0,120.0,9.0,2014.0,1,22.0,2011.0,0,2015,2,16,8,1,1,0.0,6325.0,6178.142857142857,3252.8782858965283,0,0,0,10161
45,2,1185,1,1,0,0,1,0,120.0,9.0,2014.0,1,22.0,2011.0,0,2015,2,17,8,1,5,10161.0,7366.0,6427.428571428572,3421.572389859319,0,0,0,9111
45,3,679,1,0,0,1,1,0,120.0,9.0,2014.0,1,22.0,2011.0,0,2015,2,18,8,1,6,9111.0,4889.0,6317.571428571428,3490.8434920108175,0,0,0,4120
45,4,764,1,0,0,0,1,0,120.0,9.0,2014.0,1,22.0,2011.0,0,2015,2,19,8,1,4,4120.0,8578.0,6364.0,3527.88284008034,0,0,0,8903
45,5,618,1,0,0,0,1,0,120.0,9.0,2014.0,1,22.0,2011.0,0,2015,2,20,8,1,0,8903.0,5571.0,6461.428571428572,3511.7130130058003,0,0,0,6253
45,6,723,1,0,0,0,1,0,120.0,9.0,2014.0,1,22.0,2011.0,0,2015,2,21,8,1,2,6253.0,6682.0,6500.428571428572,3516.0840839937655,1,0,0,6955
45,7,0,0,0,0,0,1,0,120.0,9.0,2014.0,1,22.0,2011.0,0,2015,2,22,8,1,3,6955.0,0.0,6500.428571428572,3516.0840839937655,1,0,0,0
45,1,632,1,1,0,0,1,0,120.0,9.0,2014.0,1,22.0,2011.0,0,2015,2,23,9,1,1,0.0,10161.0,5837.142857142857,3126.8416135440043,0,0,0,5518
45,2,359,1,1,0,0,1,0,120.0,9.0,2014.0,1,22.0,2011.0,0,2015,2,24,9,1,5,5518.0,9111.0,5251.0,2775.7048354126796,0,0,0,5008
45,3,975,1,0,0,0,1,0,120.0,9.0,2014.0,1,22.0,2011.0,0,2015,2,25,9,1,6,5008.0,4120.0,5557.285714285715,2748.2587041182824,0,0,0,6264
45,4,592,1,0,0,0,1,0,120.0,9.0,2014.0,1,22.0,2011.0,0,2015,2,26,9,1,4,6264.0,8903.0,5053.571428571428,2323.0783353948596,0,0,0,5377
45,5,897,1,1,0,0,1,0,120.0,9.0,2014.0,1,22.0,2011.0,0,2015,2,27,9,1,0,5377.0,6253.0,5279.285714285715,2526.8598242539238,0,0,0,7833
45,6,937,1,0,0,0,1,0,120.0,9.0,2014.0,1,22.0,2011.0,0,2015,2,28,9,1,2,7833.0,6955.0,5847.428571428572,3296.3560617315416,1,0,1,10932
45,7,0,0,0,0,1,1,0,120.0,9.0,2014.0,1,22.0,2011.0,0,2015,3,1,9,1,3,10932.0,0.0,5847.428571428572,3296.3560617315416,1,1,0,0
45,1,998,1,0,0,0,1,0,120.0,9.0,2014.0,1,22.0,2011.0,0,2015,3,2,10,1,1,0.0,5518.0,6450.571428571428,3598.4464174206637,0,0,0,9740
45,2,649,1,0,0,0,1,0,120.0,9.0,2014.0,1,22.0,2011.0,0,2015,3,3,10,1,5,9740.0,5008.0,6490.714285714285,3581.1975517641995,0,0,0,5289
45,3,916,1,0,0,0,1,0,120.0,9.0,2014.0,1,22.0,2011.0,0,2015,3,4,10,1,6,5289.0,6264.0,6829.285714285715,3667.1904647511687,0,0,0,8634
45,4,1000,1,1,0,0,1,0,120.0,9.0,2014.0,1,22.0,2011.0,0,2015,3,5,10,1,4,8634.0,5377.0,7811.285714285715,4107.418074422814,0,0,0,12251
45,5,805,1,0,0,0,1,0,120.0,9.0,2014.0,1,22.0,2011.0,0,2015,3,6,10,1,0,12251.0,7833.0,7599.714285714285,4144.092289604792,0,0,0,6352
45,6,801,1,0,0,0,1,0,120.0,9.0,2014.0,1,22.0,2011.0,0,2015,3,7,10,1,2,6352.0,10932.0,7355.857142857143,3961.5267859993655,1,0,0,9225
45,7,0,0,0,0,0,1,0,120.0,9.0,2014.0,1,22.0,2011.0,0,2015,3,8,10,1,3,9225.0,0.0,7355.857142857143,3961.5267859993655,1,0,0,0
45,1,727,1,0,0,0,1,0,120.0,9.0,2014.0,1,22.0,2011.0,0,2015,3,9,11,1,1,0.0,9740.0,7196.142857142857,3870.8867816290444,0,0,0,8622
45,2,331,1,1,0,0,1,0,120.0,9.0,2014.0,1,22.0,2011.0,0,2015,3,10,11,1,5,8622.0,5289.0,6885.571428571428,4128.073354368549,0,0,0,3115
45,3,1003,1,0,0,0,1,0,120.0,9.0,2014.0,1,22.0,2011.0,0,2015,3,11,11,1,6,3115.0,8634.0,6852.714285714285,4112.724227495512,0,0,0,8404
45,4,1111,1,0,0,0,1,0,120.0,9.0,2014.0,1,22.0,2011.0,0,2015,3,12,11,1,4,8404.0,12251.0,6139.285714285715,3389.840198509152,0,0,0,7257
45,5,884,1,0,0,0,1,0,120.0,9.0,2014.0,1,22.0,2011.0,0,2015,3,13,11,1,0,7257.0,6352.0,6725.571428571428,3766.712928498039,0,0,0,10456
45,6,857,1,0,0,0,1,0,120.0,9.0,2014.0,1,22.0,2011.0,0,2015,3,14,11,1,2,10456.0,9225.0,6316.0,3601.9087995117247,1,0,0,6358
45,7,0,0,0,0,0,1,0,120.0,9.0,2014.0,1,22.0,2011.0,0,2015,3,15,11,1,3,6358.0,0.0,6316.0,3601.9087995117247,1,0,0,0
45,1,312,1,0,0,0,1,0,120.0,9.0,2014.0,1,22.0,2011.0,0,2015,3,16,12,1,1,0.0,8622.0,5518.0,3624.583148446176,0,0,0,3036
45,2,412,1,1,0,1,1,0,120.0,9.0,2014.0,1,22.0,2011.0,0,2015,3,17,12,1,5,3036.0,3115.0,5793.571428571428,3481.960839198838,0,0,0,5044
45,3,344,1,0,0,0,1,0,120.0,9.0,2014.0,1,22.0,2011.0,0,2015,3,18,12,1,6,5044.0,8404.0,5181.142857142857,3319.522577548937,0,0,0,4117
45,4,629,1,0,0,0,1,0,120.0,9.0,2014.0,1,22.0,2011.0,0,2015,3,19,12,1,4,4117.0,7257.0,5187.285714285715,3324.040950123093,0,0,0,7300
45,5,350,1,0,0,0,1,0,120.0,9.0,2014.0,1,22.0,2011.0,0,2015,3,20,12,1,0,7300.0,10456.0,4048.285714285714,2475.4815500750365,0,0,0,2483
45,6,917,1,0,0,0,1,0,120.0,9.0,2014.0,1,22.0,2011.0,0,2015,3,21,12,1,2,2483.0,6358.0,3873.714285714286,2323.9000777633646,1,0,0,5136
45,7,0,0,0,0,0,1,0,120.0,9.0,2014.0,1,22.0,2011.0,0,2015,3,22,12,1,3,5136.0,0.0,3873.714285714286,2323.9000777633646,1,0,0,0
45,1,561,1,0,0,0,1,0,120.0,9.0,2014.0,1,22.0,2011.0,0,2015,3,23,13,1,1,0.0,3036.0,4231.0,2365.525029811916,0,0,0,5537
45,2,543,1,0,0,0,1,0,120.0,9.0,2014.0,1,22.0,2011.0,0,2015,3,24,13,1,5,5537.0,5044.0,4215.0,2359.480592559868,0,0,0,4932
45,3,887,1,0,0,0,1,0,120.0,9.0,2014.0,1,22.0,2011.0,0,2015,3,25,13,1,6,4932.0,4117.0,4484.714285714285,2452.487425335463,0,0,0,6005
45,4,712,1,0,0,1,1,0,120.0,9.0,2014.0,1,22.0,2011.0,0,2015,3,26,13,1,4,6005.0,7300.0,4173.571428571428,2156.0302144715606,0,0,0,5122
45,5,0,0,1,0,0,1,0,120.0,9.0,2014.0,1,22.0,2011.0,0,2015,3,27,13,1,0,5122.0,2483.0,3818.8571428571427,2632.195182008826,0,0,0,0
45,6,899,1,0,0,0,1,0,120.0,9.0,2014.0,1,22.0,2011.0,0,2015,3,28,13,1,2,0.0,5136.0,4196.142857142857,3014.0318195937825,1,0,0,7777
45,7,0,0,0,0,0,1,0,120.0,9.0,2014.0,1,22.0,2011.0,0,2015,3,29,13,1,3,7777.0,0.0,4196.142857142857,3014.031819593782,1,0,0,0
45,1,1141,1,0,0,1,1,0,120.0,9.0,2014.0,1,22.0,2011.0,0,2015,3,30,14,1,1,0.0,5537.0,4616.571428571428,3411.3179201565113,0,0,0,8480
45,2,821,1,0,0,0,1,0,120.0,9.0,2014.0,1,22.0,2011.0,0,2015,3,31,14,1,5,8480.0,4932.0,4713.285714285715,3431.28944248299,0,0,1,5609
45,3,994,1,0,0,0,1,0,120.0,9.0,2014.0,1,22.0,2011.0,0,2015,4,1,14,2,6,5609.0,6005.0,4661.285714285715,3411.15042736248,0,1,0,5641
45,4,673,1,1,0,0,1,0,120.0,9.0,2014.0,1,22.0,2011.0,0,2015,4,2,14,2,4,5641.0,5122.0,4862.714285714285,3483.7475853016713,0,0,0,6532
45,5,608,1,0,0,1,1,0,120.0,9.0,2014.0,1,22.0,2011.0,0,2015,4,3,14,2,0,6532.0,0.0,5627.571428571428,2748.311897458923,0,0,0,5354
45,6,962,1,0,0,0,1,0,120.0,9.0,2014.0,1,22.0,2011.0,0,2015,4,4,14,2,2,5354.0,7777.0,5415.571428571428,2608.5581494472385,1,0,0,6293
45,7,0,0,0,0,1,1,0,120.0,9.0,2014.0,1,22.0,2011.0,0,2015,4,5,14,2,3,6293.0,0.0,5415.571428571428,2608.5581494472385,1,0,0,0
45,1,640,1,1,0,0,1,0,120.0,9.0,2014.0,1,22.0,2011.0,0,2015,4,6,15,2,1,0.0,8480.0,5132.285714285715,2311.0049555900764,0,0,0,6497
45,2,576,1,0,0,0,1,0,120.0,9.0,2014.0,1,22.0,2011.0,0,2015,4,7,15,2,5,6497.0,5609.0,5235.571428571428,2351.6606088140366,0,0,0,6332
45,3,574,1,1,0,0,1,0,120.0,9.0,2014.0,1,22.0,2011.0,0,2015,4,8,15,2,6,6332.0,5641.0,5211.142857142857,2347.631886857576,0,0,0,5470
45,4,390,1,0,0,0,1,0,120.0,9.0,2014.0,1,22.0,2011.0,0,2015,4,9,15,2,4,5470.0,6532.0,4893.857142857143,2288.7097841776417,0,0,0,4311
45,5,607,1,1,0,0,1,0,120.0,9.0,2014.0,1,22.0,2011.0,0,2015,4,10,15,2,0,4311.0,5354.0,4883.285714285715,2286.3999150254886,0,0,0,5280
47,4,1179,1,0,0,0,1,0,1500.0,0.0,0.0,1,40.0,2013.0,1,2015,1,8,2,1,4,12110.0,6957.0,7382.571428571428,4266.644929260103,0,0,0,8147
47,5,328,1,0,0,0,1,0,1500.0,0.0,0.0,1,40.0,2013.0,1,2015,1,9,2,1,0,8147.0,11613.0,6099.0,4131.224354433763,0,0,0,2628
47,6,309,1,0,0,0,1,0,1500.0,0.0,0.0,1,40.0,2013.0,1,2015,1,10,2,1,2,2628.0,4549.0,5747.571428571428,4382.069026428149,1,0,0,2089
47,7,0,0,0,0,0,1,0,1500.0,0.0,0.0,1,40.0,2013.0,1,2015,1,11,2,1,3,2089.0,0.0,5747.571428571428,4382.06902642815,1,0,0,0
47,1,1094,1,0,0,0,1,0,1500.0,0.0,0.0,1,40.0,2013.0,1,2015,1,12,3,1,1,0.0,5935.0,6106.714285714285,4501.386368453083,0,0,0,8449
47,2,405,1,0,0,0,1,0,1500.0,0.0,0.0,1,40.0,2013.0,1,2015,1,13,3,1,5,8449.0,9324.0,5329.0,4319.497038622282,0,0,0,3880
47,3,964,1,1,0,0,1,0,1500.0,0.0,0.0,1,40.0,2013.0,1,2015,1,14,3,1,6,3880.0,12110.0,4475.0,3201.7173516723806,0,0,0,6132
47,4,455,1,0,0,0,1,0,1500.0,0.0,0.0,1,40.0,2013.0,1,2015,1,15,3,1,4,6132.0,8147.0,3681.1428571428573,2803.692233975967,0,0,0,2590
47,5,865,1,0,0,0,1,0,1500.0,0.0,0.0,1,40.0,2013.0,1,2015,1,16,3,1,0,2590.0,2628.0,4125.714285714285,2855.1245573696506,0,0,0,5740
47,6,1002,1,0,0,0,1,0,1500.0,0.0,0.0,1,40.0,2013.0,1,2015,1,17,3,1,2,5740.0,2089.0,5230.285714285715,3382.7490159280082,1,0,0,9821
47,7,0,0,0,0,0,1,0,1500.0,0.0,0.0,1,40.0,2013.0,1,2015,1,18,3,1,3,9821.0,0.0,5230.285714285715,3382.7490159280082,1,0,0,0
47,1,988,1,0,0,0,1,0,1500.0,0.0,0.0,1,40.0,2013.0,1,2015,1,19,4,1,1,0.0,8449.0,5036.142857142857,3201.367438484761,0,0,0,7090
47,2,689,1,0,0,0,1,0,1500.0,0.0,0.0,1,40.0,2013.0,1,2015,1,20,4,1,5,7090.0,3880.0,5469.857142857143,3224.2043167563806,0,0,0,6916
47,3,1065,1,0,0,0,1,0,1500.0,0.0,0.0,1,40.0,2013.0,1,2015,1,21,4,1,6,6916.0,6132.0,6418.142857142857,4260.9054760919635,0,0,0,12770
47,4,376,1,1,0,1,1,0,1500.0,0.0,0.0,1,40.0,2013.0,1,2015,1,22,4,1,4,12770.0,2590.0,6675.428571428572,4039.8669886166163,0,0,0,4391
47,5,650,1,0,0,1,1,0,1500.0,0.0,0.0,1,40.0,2013.0,1,2015,1,23,4,1,0,4391.0,5740.0,6859.714285714285,4019.4551336504023,0,0,0,7030
47,6,1013,1,0,0,0,1,0,1500.0,0.0,0.0,1,40.0,2013.0,1,2015,1,24,4,1,2,7030.0,9821.0,6333.285714285715,3802.4285535381077,1,0,0,6136
47,7,0,0,0,0,0,1,0,1500.0,0.0,0.0,1,40.0,2013.0,1,2015,1,25,4,1,3,6136.0,0.0,6333.285714285715,3802.4285535381077,1,0,0,0
47,1,408,1,1,0,0,1,0,1500.0,0.0,0.0,1,40.0,2013.0,1,2015,1,26,5,1,1,0.0,7090.0,5865.428571428572,3894.1770999422056,0,0,0,3815
47,2,0,0,0,0,1,1,0,1500.0,0.0,0.0,1,40.0,2013.0,1,2015,1,27,5,1,5,3815.0,6916.0,4877.428571428572,4424.444140497307,0,0,0,0
47,3,323,1,1,0,1,1,0,1500.0,0.0,0.0,1,40.0,2013.0,1,2015,1,28,5,1,6,0.0,12770.0,3562.8571428571427,2731.893996758258,0,0,0,3568
47,4,956,1,0,0,0,1,0,1500.0,0.0,0.0,1,40.0,2013.0,1,2015,1,29,5,1,4,3568.0,4391.0,4088.0,3226.2084557573153,0,0,0,8067
47,5,1181,1,1,0,0,1,0,1500.0,0.0,0.0,1,40.0,2013.0,1,2015,1,30,5,1,0,8067.0,7030.0,4506.857142857143,3809.438910065866,0,0,0,9962
47,6,858,1,0,0,0,1,0,1500.0,0.0,0.0,1,40.0,2013.0,1,2015,1,31,5,1,2,9962.0,6136.0,4431.857142857143,3777.049087518431,1,0,1,5611
47,7,0,0,0,0,1,1,0,1500.0,0.0,0.0,1,40.0,2013.0,1,2015,2,1,5,1,3,5611.0,0.0,4431.857142857143,3777.049087518431,1,1,0,0
47,1,364,1,0,0,0,1,0,1500.0,0.0,0.0,1,40.0,2013.0,1,2015,2,2,6,1,1,0.0,3815.0,4332.714285714285,3804.944752743274,0,0,0,3121
47,2,791,1,1,0,0,1,0,1500.0,0.0,0.0,1,40.0,2013.0,1,2015,2,3,6,1,5,3121.0,0.0,5480.714285714285,3478.0792455168757,0,0,0,8036
47,3,0,0,0,0,0,1,0,1500.0,0.0,0.0,1,40.0,2013.0,1,2015,2,4,6,1,6,8036.0,3568.0,4971.0,4023.7483354040255,0,0,0,0
47,4,1107,1,1,0,0,1,0,1500.0,0.0,0.0,1,40.0,2013.0,1,2015,2,5,6,1,4,0.0,8067.0,5273.857142857143,4361.243837430305,0,0,0,10187
47,5,0,0,1,0,0,1,0,1500.0,0.0,0.0,1,40.0,2013.0,1,2015,2,6,6,1,0,10187.0,9962.0,3850.714285714286,4198.813789404721,0,0,0,0
47,6,426,1,0,0,0,1,0,1500.0,0.0,0.0,1,40.0,2013.0,1,2015,2,7,6,1,2,0.0,5611.0,3415.4285714285716,4143.48757518522,1,0,0,2564
47,7,0,0,0,0,0,1,0,1500.0,0.0,0.0,1,40.0,2013.0,1,2015,2,8,6,1,3,2564.0,0.0,3415.4285714285716,4143.48757518522,1,0,0,0
47,1,640,1,0,0,0,1,0,1500.0,0.0,0.0,1,40.0,2013.0,1,2015,2,9,7,1,1,0.0,3121.0,3588.8571428571427,4154.501912727583,0,0,0,4335
47,2,1192,1,0,0,1,1,0,1500.0,0.0,0.0,1,40.0,2013.0,1,2015,2,10,7,1,5,4335.0,8036.0,3677.714285714286,4270.503042745109,0,0,0,8658
47,3,1076,1,0,0,1,1,0,1500.0,0.0,0.0,1,40.0,2013.0,1,2015,2,11,7,1,6,8658.0,0.0,4631.571428571428,4052.2505210949494,0,0,0,6677
47,4,0,0,1,0,0,1,0,1500.0,0.0,0.0,1,40.0,2013.0,1,2015,2,12,7,1,4,6677.0,10187.0,3176.285714285714,3518.7137192581094,0,0,0,0
47,5,786,1,0,0,0,1,0,1500.0,0.0,0.0,1,40.0,2013.0,1,2015,2,13,7,1,0,0.0,0.0,4497.857142857143,3848.713699777777,0,0,0,9251
47,6,804,1,0,0,1,1,0,1500.0,0.0,0.0,1,40.0,2013.0,1,2015,2,14,7,1,2,9251.0,2564.0,5063.428571428572,3807.8402827649716,1,0,0,6523
47,7,0,0,0,0,0,1,0,1500.0,0.0,0.0,1,40.0,2013.0,1,2015,2,15,7,1,3,6523.0,0.0,5063.428571428572,3807.8402827649716,1,0,0,0
47,1,845,1,0,0,1,1,0,1500.0,0.0,0.0,1,40.0,2013.0,1,2015,2,16,8,1,1,0.0,4335.0,5461.857142857143,3864.4105815579615,0,0,0,7124
47,2,976,1,1,0,0,1,0,1500.0,0.0,0.0,1,40.0,2013.0,1,2015,2,17,8,1,5,7124.0,8658.0,5548.285714285715,3953.5444736036425,0,0,0,9263
47,3,910,1,1,0,0,1,0,1500.0,0.0,0.0,1,40.0,2013.0,1,2015,2,18,8,1,6,9263.0,6677.0,6000.285714285715,4272.125845301755,0,0,0,9841
47,4,510,1,1,0,0,1,0,1500.0,0.0,0.0,1,40.0,2013.0,1,2015,2,19,8,1,4,9841.0,0.0,6897.857142857143,3365.1006140763666,0,0,0,6283
47,5,336,1,1,0,0,1,0,1500.0,0.0,0.0,1,40.0,2013.0,1,2015,2,20,8,1,0,6283.0,9251.0,6143.0,3341.840560728972,0,0,0,3967
47,6,1010,1,0,0,0,1,0,1500.0,0.0,0.0,1,40.0,2013.0,1,2015,2,21,8,1,2,3967.0,6523.0,6280.285714285715,3379.579348295963,1,0,0,7484
47,7,0,0,0,0,0,1,0,1500.0,0.0,0.0,1,40.0,2013.0,1,2015,2,22,8,1,3,7484.0,0.0,6280.285714285715,3379.579348295963,1,0,0,0
47,1,327,1,0,0,0,1,0,1500.0,0.0,0.0,1,40.0,2013.0,1,2015,2,23,9,1,1,0.0,7124.0,5755.142857142857,3509.722279068598,0,0,0,3448
47,2,845,1,0,0,0,1,0,1500.0,0.0,0.0,1,40.0,2013.0,1,2015,2,24,9,1,5,3448.0,9263.0,5552.428571428572,3308.5624701745646,0,0,0,7844
47,3,781,1,0,0,0,1,0,1500.0,0.0,0.0,1,40.0,2013.0,1,2015,2,25,9,1,6,7844.0,9841.0,5306.428571428572,2984.7206936407997,0,0,0,8119
47,4,684,1,0,0,0,1,0,1500.0,0.0,0.0,1,40.0,2013.0,1,2015,2,26,9,1,4,8119.0,6283.0,5130.857142857143,2953.686872851816,0,0,0,5054
47,5,805,1,1,0,0,1,0,1500.0,0.0,0.0,1,40.0,2013.0,1,2015,2,27,9,1,0,5054.0,3967.0,5458.714285714285,2930.24701542866,0,0,0,6262
47,6,710,1,0,0,0,1,0,1500.0,0.0,0.0,1,40.0,2013.0,1,2015,2,28,9,1,2,6262.0,7484.0,5564.714285714285,3027.527082966432,1,0,1,8226
47,7,0,0,0,0,1,1,0,1500.0,0.0,0.0,1,40.0,2013.0,1,2015,3,1,9,1,3,8226.0,0.0,5564.714285714285,3027.527082966432,1,1,0,0
47,1,1117,1,0,0,0,1,0,1500.0,0.0,0.0,1,40.0,2013.0,1,2015,3,2,10,1,1,0.0,3448.0,5984.142857142857,2885.447072729598,0,0,0,6384
47,2,435,1,1,0,0,1,0,1500.0,0.0,0.0,1,40.0,2013.0,1,2015,3,3,10,1,5,6384.0,7844.0,5495.857142857143,2806.379899952453,0,0,0,4426
47,3,585,1,0,0,0,1,0,1500.0,0.0,0.0,1,40.0,2013.0,1,2015,3,4,10,1,6,4426.0,8119.0,5239.428571428572,2601.258083898562,0,0,0,6324
47,4,686,1,1,0,0,1,0,1500.0,0.0,0.0,1,40.0,2013.0,1,2015,3,5,10,1,4,6324.0,5054.0,5511.428571428572,2677.077937923041,0,0,0,6958
47,5,980,1,0,0,1,1,0,1500.0,0.0,0.0,1,40.0,2013.0,1,2015,3,6,10,1,0,6958.0,6262.0,6136.0,3315.2986793550485,0,0,0,10634
47,6,300,1,0,0,0,1,0,1500.0,0.0,0.0,1,40.0,2013.0,1,2015,3,7,10,1,2,10634.0,8226.0,5380.571428571428,3361.835553044539,1,0,0,2938
47,7,0,0,0,0,0,1,0,1500.0,0.0,0.0,1,40.0,2013.0,1,2015,3,8,10,1,3,2938.0,0.0,5380.571428571428,3361.835553044539,1,0,0,0
47,1,1036,1,0,0,0,1,0,1500.0,0.0,0.0,1,40.0,2013.0,1,2015,3,9,11,1,1,0.0,6384.0,6203.0,4238.188174208408,0,0,0,12141
47,2,1135,1,0,0,0,1,0,1500.0,0.0,0.0,1,40.0,2013.0,1,2015,3,10,11,1,5,12141.0,4426.0,6607.285714285715,4174.932842345519,0,0,0,7256
47,3,499,1,0,0,0,1,0,1500.0,0.0,0.0,1,40.0,2013.0,1,2015,3,11,11,1,6,7256.0,6324.0,6209.285714285715,4336.12387254968,0,0,0,3538
47,4,330,1,0,0,0,1,0,1500.0,0.0,0.0,1,40.0,2013.0,1,2015,3,12,11,1,4,3538.0,6958.0,5515.857142857143,4577.821841173354,0,0,0,2104
47,5,960,1,1,0,0,1,0,1500.0,0.0,0.0,1,40.0,2013.0,1,2015,3,13,11,1,0,2104.0,10634.0,5796.285714285715,4985.569733884841,0,0,0,12597
47,6,1195,1,0,0,0,1,0,1500.0,0.0,0.0,1,40.0,2013.0,1,2015,3,14,11,1,2,12597.0,2938.0,6772.428571428572,5001.566516507364,1,0,0,9771
47,7,0,0,0,0,0,1,0,1500.0,0.0,0.0,1,40.0,2013.0,1,2015,3,15,11,1,3,9771.0,0.0,6772.428571428572,5001.566516507364,1,0,0,0
47,1,879,1,0,0,0,1,0,1500.0,0.0,0.0,1,40.0,2013.0,1,2015,3,16,12,1,1,0.0,12141.0,5804.428571428572,4410.104566301607,0,0,0,5365
47,2,880,1,0,0,1,1,0,1500.0,0.0,0.0,1,40.0,2013.0,1,2015,3,17,12,1,5,5365.0,7256.0,5660.142857142857,4371.0473736688255,0,0,0,6246
47,3,678,1,1,0,1,1,0,1500.0,0.0,0.0,1,40.0,2013.0,1,2015,3,18,12,1,6,6246.0,3538.0,6037.714285714285,4270.1719604049395,0,0,0,6181
47,4,1019,1,0,0,0,1,0,1500.0,0.0,0.0,1,40.0,2013.0,1,2015,3,19,12,1,4,6181.0,2104.0,7424.857142857143,4355.617500369357,0,0,0,11814
47,5,1165,1,0,0,0,1,0,1500.0,0.0,0.0,1,40.0,2013.0,1,2015,3,20,12,1,0,11814.0,12597.0,6914.0,3825.3149761381296,0,0,0,9021
47,6,825,1,0,0,1,1,0,1500.0,0.0,0.0,1,40.0,2013.0,1,2015,3,21,12,1,2,9021.0,9771.0,6375.428571428572,3615.6814414041346,1,0,0,6001
47,7,0,0,0,0,0,1,0,1500.0,0.0,0.0,1,40.0,2013.0,1,2015,3,22,12,1,3,6001.0,0.0,6375.428571428572,3615.6814414041346,1,0,0,0
47,1,508,1,0,0,0,1,0,1500.0,0.0,0.0,1,40.0,2013.0,1,2015,3,23,13,1,1,0.0,5365.0,6136.428571428572,3746.529276416723,0,0,0,3692
47,2,1105,1,1,0,1,1,0,1500.0,0.0,0.0,1,40.0,2013.0,1,2015,3,24,13,1,5,3692.0,6246.0,6340.428571428572,3792.090402277827,0,0,0,7674
47,3,875,1,1,0,0,1,0,1500.0,0.0,0.0,1,40.0,2013.0,1,2015,3,25,13,1,6,7674.0,6181.0,6804.571428571428,3964.2513314682274,0,0,0,9430
47,4,466,1,1,0,0,1,0,1500.0,0.0,0.0,1,40.0,2013.0,1,2015,3,26,13,1,4,9430.0,11814.0,5993.857142857143,3292.403854762829,0,0,0,6139
47,5,450,1,0,0,1,1,0,1500.0,0.0,0.0,1,40.0,2013.0,1,2015,3,27,13,1,0,6139.0,9021.0,5471.142857142857,3010.054729766631,0,0,0,5362
47,6,884,1,0,0,0,1,0,1500.0,0.0,0.0,1,40.0,2013.0,1,2015,3,28,13,1,2,5362.0,6001.0,5806.428571428572,3203.4153574553743,1,0,0,8348
47,7,0,0,0,0,0,1,0,1500.0,0.0,0.0,1,40.0,2013.0,1,2015,3,29,13,1,3,8348.0,0.0,5806.428571428572,3203.4153574553743,1,0,0,0
47,1,783,1,0,0,0,1,0,1500.0,0.0,0.0,1,40.0,2013.0,1,2015,3,30,14,1,1,0.0,3692.0,6310.857142857143,3091.0070866181786,0,0,0,7223
47,2,699,1,1,0,0,1,0,1500.0,0.0,0.0,1,40.0,2013.0,1,2015,3,31,14,1,5,7223.0,7674.0,6472.142857142857,3201.470361598006,0,0,1,8803
47,3,650,1,0,0,0,1,0,1500.0,0.0,0.0,1,40.0,2013.0,1,2015,4,1,14,2,6,8803.0,9430.0,6212.571428571428,2988.2399980112505,0,1,0,7613
47,4,619,1,0,0,0,1,0,1500.0,0.0,0.0,1,40.0,2013.0,1,2015,4,2,14,2,4,7613.0,6139.0,6006.285714285715,3043.4958909279358,0,0,0,4695
47,5,790,1,0,0,0,1,0,1500.0,0.0,0.0,1,40.0,2013.0,1,2015,4,3,14,2,0,4695.0,5362.0,5971.285714285715,3053.532201363185,0,0,0,5117
47,6,539,1,0,0,0,1,0,1500.0,0.0,0.0,1,40.0,2013.0,1,2015,4,4,14,2,2,5117.0,8348.0,5535.428571428572,2869.9722331492358,1,0,0,5297
47,7,0,0,0,0,0,1,0,1500.0,0.0,0.0,1,40.0,2013.0,1,2015,4,5,14,2,3,5297.0,0.0,5535.428571428572,2869.9722331492358,1,0,0,0
47,1,813,1,0,0,0,1,0,1500.0,0.0,0.0,1,40.0,2013.0,1,2015,4,6,15,2,1,0.0,7223.0,5421.857142857143,2807.1023273458463,0,0,0,6428
47,2,672,1,0,0,0,1,0,1500.0,0.0,0.0,1,40.0,2013.0,1,2015,4,7,15,2,5,6428.0,8803.0,5220.142857142857,2563.8355660072666,0,0,0,7391
47,3,890,1,1,0,0,1,0,1500.0,0.0,0.0,1,40.0,2013.0,1,2015,4,8,15,2,6,7391.0,7613.0,5468.0,2896.058355765642,0,0,0,9348
47,4,758,1,0,0,0,1,0,1500.0,0.0,0.0,1,40.0,2013.0,1,2015,4,9,15,2,4,9348.0,4695.0,6012.428571428572,3078.9614513740853,0,0,0,8506
47,5,439,1,1,0,0,1,0,1500.0,0.0,0.0,1,40.0,2013.0,1,2015,4,10,15,2,0,8506.0,5117.0,5786.857142857143,3210.5256282303376,0,0,0,3538
48,4,687,1,0,0,1,0,1,500.0,7.0,2010.0,1,22.0,2011.0,2,2015,1,8,2,1,4,6436.0,4252.0,4470.714285714285,2463.4032498615757,0,0,0,5650
48,5,366,1,1,0,1,0,1,500.0,7.0,2010.0,1,22.0,2011.0,2,2015,1,9,2,1,0,5650.0,6310.0,4075.5714285714284,2337.8407314687383,0,0,0,3544
48,6,1099,1,0,0,0,0,1,500.0,7.0,2010.0,1,22.0,2011.0,2,2015,1,10,2,1,2,3544.0,2462.0,5006.857142857143,2833.7713638995547,1,0,0,8981
48,7,0,0,0,0,0,0,1,500.0,7.0,2010.0,1,22.0,2011.0,2,2015,1,11,2,1,3,8981.0,0.0,5006.857142857143,2833.7713638995547,1,0,0,0
48,1,821,1,0,0,0,0,1,500.0,7.0,2010.0,1,22.0,2011.0,2,2015,1,12,3,1,1,0.0,4071.0,5269.142857142857,2817.6359138215753,0,0,0,5907
48,2,711,1,0,0,0,0,1,500.0,7.0,2010.0,1,22.0,2011.0,2,2015,1,13,3,1,5,5907.0,6366.0,5360.142857142857,2868.7869346102502,0,0,0,7003
48,3,1121,1,1,0,0,0,1,500.0,7.0,2010.0,1,22.0,2011.0,2,2015,1,14,3,1,6,7003.0,6436.0,6113.285714285715,3753.8176884466884,0,0,0,11708
48,4,437,1,0,0,0,0,1,500.0,7.0,2010.0,1,22.0,2011.0,2,2015,1,15,3,1,4,11708.0,5650.0,5651.428571428572,4010.436254621304,0,0,0,2417
48,5,842,1,0,0,0,0,1,500.0,7.0,2010.0,1,22.0,2011.0,2,2015,1,16,3,1,0,2417.0,3544.0,5880.714285714285,3914.604480416283,0,0,0,5149
48,6,700,1,0,0,0,0,1,500.0,7.0,2010.0,1,22.0,2011.0,2,2015,1,17,3,1,2,5149.0,8981.0,5453.857142857143,3675.825459610917,1,0,0,5993
48,7,0,0,0,0,1,0,1,500.0,7.0,2010.0,1,22.0,2011.0,2,2015,1,18,3,1,3,5993.0,0.0,5453.857142857143,3675.825459610917,1,0,0,0
48,1,663,1,1,0,0,0,1,500.0,7.0,2010.0,1,22.0,2011.0,2,2015,1,19,4,1,1,0.0,5907.0,5277.0,3680.1691537210622,0,0,0,4669
48,2,774,1,0,0,0,0,1,500.0,7.0,2010.0,1,22.0,2011.0,2,2015,1,20,4,1,5,4669.0,7003.0,5589.285714285715,3934.968899253873,0,0,0,9189
48,3,937,1,1,0,0,0,1,500.0,7.0,2010.0,1,22.0,2011.0,2,2015,1,21,4,1,6,9189.0,11708.0,4858.0,2964.2647767476287,0,0,0,6589
48,4,484,1,0,0,0,0,1,500.0,7.0,2010.0,1,22.0,2011.0,2,2015,1,22,4,1,4,6589.0,2417.0,5047.285714285715,2821.2693782696306,0,0,0,3742
48,5,474,1,1,0,0,0,1,500.0,7.0,2010.0,1,22.0,2011.0,2,2015,1,23,4,1,0,3742.0,5149.0,5069.0,2822.767259268819,0,0,0,5301
48,6,377,1,0,0,0,0,1,500.0,7.0,2010.0,1,22.0,2011.0,2,2015,1,24,4,1,2,5301.0,5993.0,4805.142857142857,2808.2882941138973,1,0,0,4146
48,7,0,0,0,0,0,0,1,500.0,7.0,2010.0,1,22.0,2011.0,2,2015,1,25,4,1,3,4146.0,0.0,4805.142857142857,2808.2882941138973,1,0,0,0
48,1,558,1,0,0,0,0,1,500.0,7.0,2010.0,1,22.0,2011.0,2,2015,1,26,5,1,1,0.0,4669.0,4941.285714285715,2823.6464435363077,0,0,0,5622
48,2,687,1,0,0,0,0,1,500.0,7.0,2010.0,1,22.0,2011.0,2,2015,1,27,5,1,5,5622.0,9189.0,4233.571428571428,2112.9608654794392,0,0,0,4235
48,3,1026,1,0,0,0,0,1,500.0,7.0,2010.0,1,22.0,2011.0,2,2015,1,28,5,1,6,4235.0,6589.0,4353.0,2284.912543913516,0,0,0,7425
48,4,641,1,0,0,0,0,1,500.0,7.0,2010.0,1,22.0,2011.0,2,2015,1,29,5,1,4,7425.0,3742.0,4540.285714285715,2280.208302932411,0,0,0,5053
48,5,582,1,0,0,0,0,1,500.0,7.0,2010.0,1,22.0,2011.0,2,2015,1,30,5,1,0,5053.0,5301.0,4444.0,2256.8427799324736,0,0,0,4627
48,6,712,1,0,0,0,0,1,500.0,7.0,2010.0,1,22.0,2011.0,2,2015,1,31,5,1,2,4627.0,4146.0,4875.142857142857,2468.75281796102,1,0,1,7164
48,7,0,0,0,0,0,0,1,500.0,7.0,2010.0,1,22.0,2011.0,2,2015,2,1,5,1,3,7164.0,0.0,4875.142857142857,2468.75281796102,1,1,0,0
48,1,432,1,0,0,0,0,1,500.0,7.0,2010.0,1,22.0,2011.0,2,2015,2,2,6,1,1,0.0,5622.0,4457.285714285715,2566.8632423177332,0,0,0,2697
48,2,689,1,1,0,0,0,1,500.0,7.0,2010.0,1,22.0,2011.0,2,2015,2,3,6,1,5,2697.0,4235.0,5058.285714285715,2967.4021025292877,0,0,0,8442
48,3,1139,1,1,0,0,0,1,500.0,7.0,2010.0,1,22.0,2011.0,2,2015,2,4,6,1,6,8442.0,7425.0,5065.857142857143,2974.5064256428286,0,0,0,7478
48,4,0,0,1,0,0,0,1,500.0,7.0,2010.0,1,22.0,2011.0,2,2015,2,5,6,1,4,7478.0,5053.0,4344.0,3537.921470769714,0,0,0,0
48,5,1070,1,1,0,0,0,1,500.0,7.0,2010.0,1,22.0,2011.0,2,2015,2,6,6,1,0,0.0,4627.0,5183.285714285715,4242.86462641636,0,0,0,10502
48,6,459,1,0,0,0,0,1,500.0,7.0,2010.0,1,22.0,2011.0,2,2015,2,7,6,1,2,10502.0,7164.0,4921.857142857143,4155.969057815976,1,0,0,5334
48,7,0,0,0,0,0,0,1,500.0,7.0,2010.0,1,22.0,2011.0,2,2015,2,8,6,1,3,5334.0,0.0,4921.857142857143,4155.969057815976,1,0,0,0
48,1,676,1,0,0,0,0,1,500.0,7.0,2010.0,1,22.0,2011.0,2,2015,2,9,7,1,1,0.0,2697.0,5293.285714285715,4038.5125444188693,0,0,0,5297
48,2,929,1,0,0,0,0,1,500.0,7.0,2010.0,1,22.0,2011.0,2,2015,2,10,7,1,5,5297.0,8442.0,4884.142857142857,3804.6545365981838,0,0,0,5578
48,3,952,1,1,0,1,0,1,500.0,7.0,2010.0,1,22.0,2011.0,2,2015,2,11,7,1,6,5578.0,7478.0,5050.428571428572,3959.2132154904566,0,0,0,8642
48,4,1153,1,0,0,0,0,1,500.0,7.0,2010.0,1,22.0,2011.0,2,2015,2,12,7,1,4,8642.0,0.0,6645.857142857143,3833.0214552217776,0,0,0,11168
48,5,669,1,0,0,0,0,1,500.0,7.0,2010.0,1,22.0,2011.0,2,2015,2,13,7,1,0,11168.0,10502.0,6291.142857142857,3518.6940962318877,0,0,0,8019
48,6,1026,1,0,0,0,0,1,500.0,7.0,2010.0,1,22.0,2011.0,2,2015,2,14,7,1,2,8019.0,5334.0,6562.714285714285,3505.8459613568166,1,0,0,7235
48,7,0,0,0,0,0,0,1,500.0,7.0,2010.0,1,22.0,2011.0,2,2015,2,15,7,1,3,7235.0,0.0,6562.714285714285,3505.8459613568166,1,0,0,0
48,1,667,1,1,0,0,0,1,500.0,7.0,2010.0,1,22.0,2011.0,2,2015,2,16,8,1,1,0.0,5297.0,6553.857142857143,3509.6528521859736,0,0,0,5235
48,2,784,1,0,0,0,0,1,500.0,7.0,2010.0,1,22.0,2011.0,2,2015,2,17,8,1,5,5235.0,5578.0,6482.857142857143,3537.6004781288034,0,0,0,5081
48,3,329,1,0,0,0,0,1,500.0,7.0,2010.0,1,22.0,2011.0,2,2015,2,18,8,1,6,5081.0,8642.0,5512.571428571428,3770.477196020987,0,0,0,1850
48,4,704,1,1,0,1,0,1,500.0,7.0,2010.0,1,22.0,2011.0,2,2015,2,19,8,1,4,1850.0,11168.0,4933.571428571428,2987.089099058527,0,0,0,7115
48,5,901,1,1,0,0,0,1,500.0,7.0,2010.0,1,22.0,2011.0,2,2015,2,20,8,1,0,7115.0,8019.0,4989.428571428572,3057.233327544304,0,0,0,8410
48,6,827,1,0,0,1,0,1,500.0,7.0,2010.0,1,22.0,2011.0,2,2015,2,21,8,1,2,8410.0,7235.0,4653.285714285715,2894.191292588525,1,0,0,4882
48,7,0,0,0,0,0,0,1,500.0,7.0,2010.0,1,22.0,2011.0,2,2015,2,22,8,1,3,4882.0,0.0,4653.285714285715,2894.191292588525,1,0,0,0
48,1,857,1,1,0,0,0,1,500.0,7.0,2010.0,1,22.0,2011.0,2,2015,2,23,9,1,1,0.0,5235.0,5169.571428571428,3308.016266442415,0,0,0,8849
48,2,332,1,0,0,0,0,1,500.0,7.0,2010.0,1,22.0,2011.0,2,2015,2,24,9,1,5,8849.0,5081.0,4775.0,3480.563555901065,0,0,0,2319
48,3,900,1,1,0,0,0,1,500.0,7.0,2010.0,1,22.0,2011.0,2,2015,2,25,9,1,6,2319.0,1850.0,6143.285714285715,3985.1239928131763,0,0,0,11428
48,4,512,1,0,0,0,0,1,500.0,7.0,2010.0,1,22.0,2011.0,2,2015,2,26,9,1,4,11428.0,7115.0,5662.0,4051.102277981471,0,0,0,3746
48,5,304,1,1,0,0,0,1,500.0,7.0,2010.0,1,22.0,2011.0,2,2015,2,27,9,1,0,3746.0,8410.0,4873.0,3963.5853298076813,0,0,0,2887
48,6,766,1,0,0,0,0,1,500.0,7.0,2010.0,1,22.0,2011.0,2,2015,2,28,9,1,2,2887.0,4882.0,5052.285714285715,3992.339819967138,1,0,1,6137
48,7,0,0,0,0,0,0,1,500.0,7.0,2010.0,1,22.0,2011.0,2,2015,3,1,9,1,3,6137.0,0.0,5052.285714285715,3992.339819967138,1,1,0,0
48,1,749,1,0,0,0,0,1,500.0,7.0,2010.0,1,22.0,2011.0,2,2015,3,2,10,1,1,0.0,8849.0,4578.142857142857,3648.5648972608133,0,0,0,5530
48,2,786,1,0,0,1,0,1,500.0,7.0,2010.0,1,22.0,2011.0,2,2015,3,3,10,1,5,5530.0,2319.0,5581.714285714285,3882.261656744503,0,0,0,9344
48,3,1104,1,0,0,0,0,1,500.0,7.0,2010.0,1,22.0,2011.0,2,2015,3,4,10,1,6,9344.0,11428.0,5382.857142857143,3554.727576461682,0,0,0,10036
48,4,1197,1,1,0,0,0,1,500.0,7.0,2010.0,1,22.0,2011.0,2,2015,3,5,10,1,4,10036.0,3746.0,6090.0,3665.464636304653,0,0,0,8696
48,5,629,1,1,0,0,0,1,500.0,7.0,2010.0,1,22.0,2011.0,2,2015,3,6,10,1,0,8696.0,2887.0,6584.285714285715,3384.0409135768305,0,0,0,6347
48,6,1118,1,0,0,0,0,1,500.0,7.0,2010.0,1,22.0,2011.0,2,2015,3,7,10,1,2,6347.0,6137.0,7436.571428571428,3955.624765535059,1,0,0,12103
48,7,0,0,0,0,0,0,1,500.0,7.0,2010.0,1,22.0,2011.0,2,2015,3,8,10,1,3,12103.0,0.0,7436.571428571428,3955.624765535059,1,0,0,0
48,1,1121,1,0,0,0,0,1,500.0,7.0,2010.0,1,22.0,2011.0,2,2015,3,9,11,1,1,0.0,5530.0,7654.571428571428,3874.251663532063,0,0,0,7056
48,2,506,1,0,0,0,0,1,500.0,7.0,2010.0,1,22.0,2011.0,2,2015,3,10,11,1,5,7056.0,9344.0,6784.285714285715,4108.642140427326,0,0,0,3252
48,3,358,1,1,0,0,0,1,500.0,7.0,2010.0,1,22.0,2011.0,2,2015,3,11,11,1,6,3252.0,10036.0,5791.714285714285,4030.6768957701433,0,0,0,3088
48,4,0,0,0,0,0,0,1,500.0,7.0,2010.0,1,22.0,2011.0,2,2015,3,12,11,1,4,3088.0,8696.0,4549.428571428572,4316.331384294725,0,0,0,0
48,5,706,1,0,0,0,0,1,500.0,7.0,2010.0,1,22.0,2011.0,2,2015,3,13,11,1,0,0.0,6347.0,4722.428571428572,4423.328982306683,0,0,0,7558
48,6,826,1,0,0,1,0,1,500.0,7.0,2010.0,1,22.0,2011.0,2,2015,3,14,11,1,2,7558.0,12103.0,4339.714285714285,3741.6948795203184,1,0,0,9424
48,7,0,0,0,0,1,0,1,500.0,7.0,2010.0,1,22.0,2011.0,2,2015,3,15,11,1,3,9424.0,0.0,4339.714285714285,3741.6948795203184,1,0,0,0
48,1,552,1,1,0,1,0,1,500.0,7.0,2010.0,1,22.0,2011.0,2,2015,3,16,12,1,1,0.0,7056.0,4443.142857142857,3838.0585121721556,0,0,0,7780
48,2,1000,1,1,0,1,0,1,500.0,7.0,2010.0,1,22.0,2011.0,2,2015,3,17,12,1,5,7780.0,3252.0,5546.0,4492.164585883588,0,0,0,10972
48,3,822,1,1,0,1,0,1,500.0,7.0,2010.0,1,22.0,2011.0,2,2015,3,18,12,1,6,10972.0,3088.0,6152.0,4390.282754751301,0,0,0,7330
48,4,719,1,0,0,0,0,1,500.0,7.0,2010.0,1,22.0,2011.0,2,2015,3,19,12,1,4,7330.0,0.0,7262.428571428572,3459.2068386236983,0,0,0,7773
48,5,1055,1,0,0,0,0,1,500.0,7.0,2010.0,1,22.0,2011.0,2,2015,3,20,12,1,0,7773.0,7558.0,7941.857142857143,3958.0365683240575,0,0,0,12314
48,6,851,1,0,0,0,0,1,500.0,7.0,2010.0,1,22.0,2011.0,2,2015,3,21,12,1,2,12314.0,9424.0,7367.714285714285,3998.494246350149,1,0,0,5405
48,7,0,0,0,0,1,0,1,500.0,7.0,2010.0,1,22.0,2011.0,2,2015,3,22,12,1,3,5405.0,0.0,7367.714285714285,3998.494246350149,1,0,0,0
48,1,406,1,0,0,0,0,1,500.0,7.0,2010.0,1,22.0,2011.0,2,2015,3,23,13,1,1,0.0,7780.0,6668.285714285715,4328.915365088031,0,0,0,2884
48,2,479,1,0,0,0,0,1,500.0,7.0,2010.0,1,22.0,2011.0,2,2015,3,24,13,1,5,2884.0,10972.0,5898.285714285715,3893.2593335270176,0,0,0,5582
48,3,687,1,0,0,1,0,1,500.0,7.0,2010.0,1,22.0,2011.0,2,2015,3,25,13,1,6,5582.0,7330.0,5492.857142857143,3866.9979065838406,0,0,0,4492
48,4,341,1,0,0,0,0,1,500.0,7.0,2010.0,1,22.0,2011.0,2,2015,3,26,13,1,4,4492.0,7773.0,4879.428571428572,3784.718036927931,0,0,0,3479
48,5,885,1,0,0,0,0,1,500.0,7.0,2010.0,1,22.0,2011.0,2,2015,3,27,13,1,0,3479.0,12314.0,4015.4285714285716,2135.759026446478,0,0,0,6266
48,6,1107,1,0,0,0,0,1,500.0,7.0,2010.0,1,22.0,2011.0,2,2015,3,28,13,1,2,6266.0,5405.0,4999.285714285715,3811.4673777206285,1,0,0,12292
48,7,0,0,0,0,0,0,1,500.0,7.0,2010.0,1,22.0,2011.0,2,2015,3,29,13,1,3,12292.0,0.0,4999.285714285715,3811.4673777206285,1,0,0,0
48,1,351,1,0,0,0,0,1,500.0,7.0,2010.0,1,22.0,2011.0,2,2015,3,30,14,1,1,0.0,2884.0,5110.428571428572,3750.3584654066885,0,0,0,3662
48,2,415,1,1,0,0,0,1,500.0,7.0,2010.0,1,22.0,2011.0,2,2015,3,31,14,1,5,3662.0,5582.0,4787.857142857143,3799.818260065052,0,0,1,3324
48,3,424,1,0,0,1,0,1,500.0,7.0,2010.0,1,22.0,2011.0,2,2015,4,1,14,2,6,3324.0,4492.0,4669.428571428572,3823.421410950443,0,1,0,3663
48,4,410,1,1,0,0,0,1,500.0,7.0,2010.0,1,22.0,2011.0,2,2015,4,2,14,2,4,3663.0,3479.0,4798.857142857143,3791.609703392101,0,0,0,4385
48,5,734,1,0,0,0,0,1,500.0,7.0,2010.0,1,22.0,2011.0,2,2015,4,3,14,2,0,4385.0,6266.0,4730.857142857143,3765.087711619806,0,0,0,5790
48,6,1102,1,0,0,0,0,1,500.0,7.0,2010.0,1,22.0,2011.0,2,2015,4,4,14,2,2,5790.0,12292.0,3881.0,2058.625593286288,1,0,0,6343
48,7,0,0,0,0,0,0,1,500.0,7.0,2010.0,1,22.0,2011.0,2,2015,4,5,14,2,3,6343.0,0.0,3881.0,2058.625593286288,1,0,0,0
48,1,650,1,1,0,1,0,1,500.0,7.0,2010.0,1,22.0,2011.0,2,2015,4,6,15,2,1,0.0,3662.0,4341.0,2341.8111224719473,0,0,0,6882
48,2,896,1,0,0,0,0,1,500.0,7.0,2010.0,1,22.0,2011.0,2,2015,4,7,15,2,5,6882.0,3324.0,5261.714285714285,3038.6226986517913,0,0,0,9769
48,3,437,1,0,0,0,0,1,500.0,7.0,2010.0,1,22.0,2011.0,2,2015,4,8,15,2,6,9769.0,3663.0,5473.285714285715,2959.279175423507,0,0,0,5144
48,4,517,1,0,0,0,0,1,500.0,7.0,2010.0,1,22.0,2011.0,2,2015,4,9,15,2,4,5144.0,4385.0,5551.0,2932.962211371521,0,0,0,4929
48,5,534,1,0,0,1,0,1,500.0,7.0,2010.0,1,22.0,2011.0,2,2015,4,10,15,2,0,4929.0,5790.0,5286.0,2990.9966009119194,0,0,0,3935
49,4,435,1,1,0,0,2,0,120.0,1.0,2010.0,1,14.0,2009.0,2,2015,1,8,2,1,4,13435.0,5791.0,6524.285714285715,4433.435338962542,0,0,0,4483
49,5,856,1,0,0,0,2,0,120.0,1.0,2010.0,1,14.0,2009.0,2,2015,1,9,2,1,0,4483.0,6583.0,6696.142857142857,4459.331505527535,0,0,0,7786
49,6,497,1,0,0,0,2,0,120.0,1.0,2010.0,1,14.0,2009.0,2,2015,1,10,2,1,2,7786.0,9943.0,6032.142857142857,4235.734349105297,1,0,0,5295
49,7,0,0,0,0,0,2,0,120.0,1.0,2010.0,1,14.0,2009.0,2,2015,1,11,2,1,3,5295.0,0.0,6032.142857142857,4235.734349105297,1,0,0,0
49,1,1179,1,0,0,0,2,0,120.0,1.0,2010.0,1,14.0,2009.0,2,2015,1,12,3,1,1,0.0,3367.0,7536.0,4941.716638308325,0,0,0,13894
49,2,1093,1,1,0,0,2,0,120.0,1.0,2010.0,1,14.0,2009.0,2,2015,1,13,3,1,5,13894.0,7859.0,7786.142857142857,5004.7065657762405,0,0,0,9610
49,3,1138,1,1,0,1,2,0,120.0,1.0,2010.0,1,14.0,2009.0,2,2015,1,14,3,1,6,9610.0,13435.0,7579.142857142857,4755.905046310724,0,0,0,11986
49,4,749,1,0,0,0,2,0,120.0,1.0,2010.0,1,14.0,2009.0,2,2015,1,15,3,1,4,11986.0,4483.0,7985.714285714285,4564.923610689293,0,0,0,7329
49,5,1098,1,0,0,0,2,0,120.0,1.0,2010.0,1,14.0,2009.0,2,2015,1,16,3,1,0,7329.0,7786.0,7761.285714285715,4614.72518915575,0,0,0,6215
49,6,974,1,0,0,0,2,0,120.0,1.0,2010.0,1,14.0,2009.0,2,2015,1,17,3,1,2,6215.0,5295.0,7889.285714285715,4546.842776927221,1,0,0,6191
49,7,0,0,0,0,1,2,0,120.0,1.0,2010.0,1,14.0,2009.0,2,2015,1,18,3,1,3,6191.0,0.0,7889.285714285715,4546.842776927221,1,0,0,0
49,1,670,1,1,0,0,2,0,120.0,1.0,2010.0,1,14.0,2009.0,2,2015,1,19,4,1,1,0.0,13894.0,7101.428571428572,3739.0032030450247,0,0,0,8379
49,2,499,1,0,0,0,2,0,120.0,1.0,2010.0,1,14.0,2009.0,2,2015,1,20,4,1,5,8379.0,9610.0,6388.714285714285,3655.697230091032,0,0,0,4621
49,3,1070,1,0,0,0,2,0,120.0,1.0,2010.0,1,14.0,2009.0,2,2015,1,21,4,1,6,4621.0,11986.0,5809.142857142857,2854.128146420634,0,0,0,7929
49,4,895,1,0,0,0,2,0,120.0,1.0,2010.0,1,14.0,2009.0,2,2015,1,22,4,1,4,7929.0,7329.0,5772.857142857143,2833.122448734579,0,0,0,7075
49,5,335,1,0,0,1,2,0,120.0,1.0,2010.0,1,14.0,2009.0,2,2015,1,23,4,1,0,7075.0,6215.0,5320.428571428572,2998.7778542345595,0,0,0,3048
49,6,434,1,0,0,0,2,0,120.0,1.0,2010.0,1,14.0,2009.0,2,2015,1,24,4,1,2,3048.0,6191.0,4890.142857142857,3068.327798034377,1,0,0,3179
49,7,0,0,0,0,1,2,0,120.0,1.0,2010.0,1,14.0,2009.0,2,2015,1,25,4,1,3,3179.0,0.0,4890.142857142857,3068.327798034377,1,0,0,0
49,1,1096,1,0,0,0,2,0,120.0,1.0,2010.0,1,14.0,2009.0,2,2015,1,26,5,1,1,0.0,8379.0,4925.714285714285,3116.5795200446782,0,0,0,8628
49,2,610,1,0,0,0,2,0,120.0,1.0,2010.0,1,14.0,2009.0,2,2015,1,27,5,1,5,8628.0,4621.0,4880.0,3124.131772722358,0,0,0,4301
49,3,1056,1,0,0,0,2,0,120.0,1.0,2010.0,1,14.0,2009.0,2,2015,1,28,5,1,6,4301.0,7929.0,5128.285714285715,3458.049629212289,0,0,0,9667
49,4,1031,1,0,0,0,2,0,120.0,1.0,2010.0,1,14.0,2009.0,2,2015,1,29,5,1,4,9667.0,7075.0,5602.857142857143,3961.0977194279303,0,0,0,10397
49,5,633,1,1,0,0,2,0,120.0,1.0,2010.0,1,14.0,2009.0,2,2015,1,30,5,1,0,10397.0,3048.0,6062.428571428572,3798.5626166197335,0,0,0,6265
49,6,555,1,0,0,1,2,0,120.0,1.0,2010.0,1,14.0,2009.0,2,2015,1,31,5,1,2,6265.0,3179.0,6400.714285714285,3599.1877192076604,1,0,1,5547
49,7,0,0,0,0,1,2,0,120.0,1.0,2010.0,1,14.0,2009.0,2,2015,2,1,5,1,3,5547.0,0.0,6400.714285714285,3599.1877192076604,1,1,0,0
49,1,884,1,1,0,0,2,0,120.0,1.0,2010.0,1,14.0,2009.0,2,2015,2,2,6,1,1,0.0,8628.0,6151.571428571428,3477.6230319545784,0,0,0,6884
49,2,733,1,1,0,0,2,0,120.0,1.0,2010.0,1,14.0,2009.0,2,2015,2,3,6,1,5,6884.0,4301.0,6589.714285714285,3397.9030648467938,0,0,0,7368
49,3,403,1,1,0,0,2,0,120.0,1.0,2010.0,1,14.0,2009.0,2,2015,2,4,6,1,6,7368.0,9667.0,5737.857142857143,3241.7203986243394,0,0,0,3704
49,4,791,1,0,0,0,2,0,120.0,1.0,2010.0,1,14.0,2009.0,2,2015,2,5,6,1,4,3704.0,10397.0,5139.571428571428,2551.5109809119563,0,0,0,6209
49,5,1168,1,0,0,0,2,0,120.0,1.0,2010.0,1,14.0,2009.0,2,2015,2,6,6,1,0,6209.0,6265.0,5792.571428571428,3348.1113012733445,0,0,0,10836
49,6,1177,1,0,0,0,2,0,120.0,1.0,2010.0,1,14.0,2009.0,2,2015,2,7,6,1,2,10836.0,5547.0,6417.285714285715,3685.615765571415,1,0,0,9920
49,7,0,0,0,0,0,2,0,120.0,1.0,2010.0,1,14.0,2009.0,2,2015,2,8,6,1,3,9920.0,0.0,6417.285714285715,3685.615765571415,1,0,0,0
49,1,630,1,0,0,0,2,0,120.0,1.0,2010.0,1,14.0,2009.0,2,2015,2,9,7,1,1,0.0,6884.0,6491.142857142857,3701.6723440706014,0,0,0,7401
49,2,454,1,0,0,0,2,0,120.0,1.0,2010.0,1,14.0,2009.0,2,2015,2,10,7,1,5,7401.0,7368.0,5810.285714285715,3943.8952282519595,0,0,0,2602
49,3,502,1,0,0,1,2,0,120.0,1.0,2010.0,1,14.0,2009.0,2,2015,2,11,7,1,6,2602.0,3704.0,5797.571428571428,3951.9523806654884,0,0,0,3615
49,4,747,1,1,0,0,2,0,120.0,1.0,2010.0,1,14.0,2009.0,2,2015,2,12,7,1,4,3615.0,6209.0,5754.0,3948.3399465260504,0,0,0,5904
49,5,1159,1,0,0,0,2,0,120.0,1.0,2010.0,1,14.0,2009.0,2,2015,2,13,7,1,0,5904.0,10836.0,5666.714285714285,3822.0002491839145,0,0,0,10225
49,6,1111,1,0,0,1,2,0,120.0,1.0,2010.0,1,14.0,2009.0,2,2015,2,14,7,1,2,10225.0,9920.0,5861.0,4098.7889268254185,1,0,0,11280
49,7,0,0,0,0,0,2,0,120.0,1.0,2010.0,1,14.0,2009.0,2,2015,2,15,7,1,3,11280.0,0.0,5861.0,4098.7889268254185,1,0,0,0
49,1,471,1,0,0,1,2,0,120.0,1.0,2010.0,1,14.0,2009.0,2,2015,2,16,8,1,1,0.0,7401.0,5536.857142857143,4046.084215162912,0,0,0,5132
49,2,850,1,0,0,1,2,0,120.0,1.0,2010.0,1,14.0,2009.0,2,2015,2,17,8,1,5,5132.0,2602.0,6442.714285714285,3988.9256579637954,0,0,0,8943
49,3,1084,1,0,0,0,2,0,120.0,1.0,2010.0,1,14.0,2009.0,2,2015,2,18,8,1,6,8943.0,3615.0,6780.428571428572,3805.4757414872074,0,0,0,5979
49,4,655,1,1,0,0,2,0,120.0,1.0,2010.0,1,14.0,2009.0,2,2015,2,19,8,1,4,5979.0,5904.0,7200.714285714285,3854.690896137055,0,0,0,8846
49,5,435,1,0,0,0,2,0,120.0,1.0,2010.0,1,14.0,2009.0,2,2015,2,20,8,1,0,8846.0,10225.0,6222.142857142857,3828.368295961585,0,0,0,3375
49,6,804,1,0,0,0,2,0,120.0,1.0,2010.0,1,14.0,2009.0,2,2015,2,21,8,1,2,3375.0,11280.0,5682.571428571428,3213.490773657357,1,0,0,7503
49,7,0,0,0,0,0,2,0,120.0,1.0,2010.0,1,14.0,2009.0,2,2015,2,22,8,1,3,7503.0,0.0,5682.571428571428,3213.490773657357,1,0,0,0
49,1,1034,1,1,0,1,2,0,120.0,1.0,2010.0,1,14.0,2009.0,2,2015,2,23,9,1,1,0.0,5132.0,6082.428571428572,3306.363554175637,0,0,0,7931
49,2,1091,1,0,0,1,2,0,120.0,1.0,2010.0,1,14.0,2009.0,2,2015,2,24,9,1,5,7931.0,8943.0,5991.714285714285,3222.445640311393,0,0,0,8308
49,3,451,1,1,0,0,2,0,120.0,1.0,2010.0,1,14.0,2009.0,2,2015,2,25,9,1,6,8308.0,5979.0,5888.428571428572,3234.48537159277,0,0,0,5256
49,4,1034,1,1,0,0,2,0,120.0,1.0,2010.0,1,14.0,2009.0,2,2015,2,26,9,1,4,5256.0,8846.0,5782.857142857143,3132.3097669595963,0,0,0,8107
49,5,1107,1,1,0,0,2,0,120.0,1.0,2010.0,1,14.0,2009.0,2,2015,2,27,9,1,0,8107.0,3375.0,6913.285714285715,3522.1188563271435,0,0,0,11288
49,6,1119,1,0,0,0,2,0,120.0,1.0,2010.0,1,14.0,2009.0,2,2015,2,28,9,1,2,11288.0,7503.0,7496.857142857143,3948.6965962863983,1,0,1,11588
49,7,0,0,0,0,0,2,0,120.0,1.0,2010.0,1,14.0,2009.0,2,2015,3,1,9,1,3,11588.0,0.0,7496.857142857143,3948.6965962863983,1,1,0,0
49,1,1149,1,0,0,0,2,0,120.0,1.0,2010.0,1,14.0,2009.0,2,2015,3,2,10,1,1,0.0,7931.0,8108.142857142857,4339.023946640969,0,0,0,12210
49,2,1031,1,1,0,0,2,0,120.0,1.0,2010.0,1,14.0,2009.0,2,2015,3,3,10,1,5,12210.0,8308.0,7957.857142857143,4349.154646923596,0,0,0,7256
49,3,617,1,1,0,0,2,0,120.0,1.0,2010.0,1,14.0,2009.0,2,2015,3,4,10,1,6,7256.0,5256.0,7778.571428571428,4502.269052272153,0,0,0,4001
49,4,1074,1,1,0,0,2,0,120.0,1.0,2010.0,1,14.0,2009.0,2,2015,3,5,10,1,4,4001.0,8107.0,7758.428571428572,4500.869984686026,0,0,0,7966
49,5,313,1,1,0,0,2,0,120.0,1.0,2010.0,1,14.0,2009.0,2,2015,3,6,10,1,0,7966.0,11288.0,6766.428571428572,4356.202163090491,0,0,0,4344
49,6,1022,1,0,0,0,2,0,120.0,1.0,2010.0,1,14.0,2009.0,2,2015,3,7,10,1,2,4344.0,11588.0,6094.857142857143,3818.1346417926566,1,0,0,6887
49,7,0,0,0,0,0,2,0,120.0,1.0,2010.0,1,14.0,2009.0,2,2015,3,8,10,1,3,6887.0,0.0,6094.857142857143,3818.1346417926566,1,0,0,0
49,1,714,1,0,0,0,2,0,120.0,1.0,2010.0,1,14.0,2009.0,2,2015,3,9,11,1,1,0.0,12210.0,5323.714285714285,2781.6543467443807,0,0,0,6812
49,2,317,1,1,0,1,2,0,120.0,1.0,2010.0,1,14.0,2009.0,2,2015,3,10,11,1,5,6812.0,7256.0,4841.857142857143,2681.486865439362,0,0,0,3883
49,3,764,1,0,0,1,2,0,120.0,1.0,2010.0,1,14.0,2009.0,2,2015,3,11,11,1,6,3883.0,4001.0,5263.0,2757.828614447727,0,0,0,6949
49,4,726,1,1,0,0,2,0,120.0,1.0,2010.0,1,14.0,2009.0,2,2015,3,12,11,1,4,6949.0,7966.0,4989.714285714285,2530.7708782296445,0,0,0,6053
49,5,310,1,0,0,0,2,0,120.0,1.0,2010.0,1,14.0,2009.0,2,2015,3,13,11,1,0,6053.0,4344.0,4753.857142857143,2673.866016873412,0,0,0,2693
49,6,303,1,0,0,1,2,0,120.0,1.0,2010.0,1,14.0,2009.0,2,2015,3,14,11,1,2,2693.0,6887.0,4124.428571428572,2605.752473352173,1,0,0,2481
49,7,0,0,0,0,0,2,0,120.0,1.0,2010.0,1,14.0,2009.0,2,2015,3,15,11,1,3,2481.0,0.0,4124.428571428572,2605.752473352173,1,0,0,0
49,1,650,1,1,0,0,2,0,120.0,1.0,2010.0,1,14.0,2009.0,2,2015,3,16,12,1,1,0.0,6812.0,4392.571428571428,2995.7927085132183,0,0,0,8689
49,2,955,1,1,0,0,2,0,120.0,1.0,2010.0,1,14.0,2009.0,2,2015,3,17,12,1,5,8689.0,3883.0,5457.714285714285,3956.011152423011,0,0,0,11339
49,3,1102,1,0,0,0,2,0,120.0,1.0,2010.0,1,14.0,2009.0,2,2015,3,18,12,1,6,11339.0,6949.0,6238.428571428572,4757.441884638663,0,0,0,12414
49,4,995,1,1,0,0,2,0,120.0,1.0,2010.0,1,14.0,2009.0,2,2015,3,19,12,1,4,12414.0,6053.0,6960.428571428572,5096.062789289486,0,0,0,11107
49,5,1058,1,0,0,0,2,0,120.0,1.0,2010.0,1,14.0,2009.0,2,2015,3,20,12,1,0,11107.0,2693.0,7409.285714285715,4786.51699096137,0,0,0,5835
49,6,663,1,0,0,0,2,0,120.0,1.0,2010.0,1,14.0,2009.0,2,2015,3,21,12,1,2,5835.0,2481.0,7730.714285714285,4465.170198857137,1,0,0,4731
49,7,0,0,0,0,0,2,0,120.0,1.0,2010.0,1,14.0,2009.0,2,2015,3,22,12,1,3,4731.0,0.0,7730.714285714285,4465.170198857137,1,0,0,0
49,1,1185,1,0,0,0,2,0,120.0,1.0,2010.0,1,14.0,2009.0,2,2015,3,23,13,1,1,0.0,8689.0,7980.0,4574.948232858303,0,0,0,10434
49,2,958,1,0,0,0,2,0,120.0,1.0,2010.0,1,14.0,2009.0,2,2015,3,24,13,1,5,10434.0,11339.0,7481.714285714285,4331.601848211415,0,0,0,7851
49,3,1067,1,1,0,0,2,0,120.0,1.0,2010.0,1,14.0,2009.0,2,2015,3,25,13,1,6,7851.0,12414.0,7160.428571428572,3973.3834388818973,0,0,0,10165
49,4,403,1,0,0,0,2,0,120.0,1.0,2010.0,1,14.0,2009.0,2,2015,3,26,13,1,4,10165.0,11107.0,6126.714285714285,3707.9107645809427,0,0,0,3871
49,5,1109,1,0,0,1,2,0,120.0,1.0,2010.0,1,14.0,2009.0,2,2015,3,27,13,1,0,3871.0,5835.0,7065.857142857143,4391.2736356161095,0,0,0,12409
49,6,962,1,0,0,0,2,0,120.0,1.0,2010.0,1,14.0,2009.0,2,2015,3,28,13,1,2,12409.0,4731.0,7275.857142857143,4295.102343699987,1,0,0,6201
49,7,0,0,0,0,0,2,0,120.0,1.0,2010.0,1,14.0,2009.0,2,2015,3,29,13,1,3,6201.0,0.0,7275.857142857143,4295.102343699987,1,0,0,0
49,1,313,1,1,0,0,2,0,120.0,1.0,2010.0,1,14.0,2009.0,2,2015,3,30,14,1,1,0.0,10434.0,6310.428571428572,4225.875919346695,0,0,0,3676
49,2,561,1,0,0,0,2,0,120.0,1.0,2010.0,1,14.0,2009.0,2,2015,3,31,14,1,5,3676.0,7851.0,6110.857142857143,4173.6597620701905,0,0,1,6454
49,3,647,1,1,0,0,2,0,120.0,1.0,2010.0,1,14.0,2009.0,2,2015,4,1,14,2,6,6454.0,10165.0,5432.142857142857,3771.4183639833004,0,1,0,5414
49,4,852,1,1,0,0,2,0,120.0,1.0,2010.0,1,14.0,2009.0,2,2015,4,2,14,2,4,5414.0,3871.0,6417.285714285715,4174.756827819862,0,0,0,10767
49,5,1087,1,0,0,1,2,0,120.0,1.0,2010.0,1,14.0,2009.0,2,2015,4,3,14,2,0,10767.0,12409.0,5942.571428571428,3516.9941643939283,0,0,0,9086
49,6,671,1,0,0,0,2,0,120.0,1.0,2010.0,1,14.0,2009.0,2,2015,4,4,14,2,2,9086.0,6201.0,5591.714285714285,3608.2386614656234,1,0,0,3745
49,7,0,0,0,0,0,2,0,120.0,1.0,2010.0,1,14.0,2009.0,2,2015,4,5,14,2,3,3745.0,0.0,5591.714285714285,3608.2386614656234,1,0,0,0
49,1,757,1,1,0,1,2,0,120.0,1.0,2010.0,1,14.0,2009.0,2,2015,4,6,15,2,1,0.0,3676.0,6388.142857142857,3728.19524831034,0,0,0,9251
49,2,813,1,1,0,1,2,0,120.0,1.0,2010.0,1,14.0,2009.0,2,2015,4,7,15,2,5,9251.0,6454.0,6824.285714285715,3911.2663641624504,0,0,0,9507
49,3,1120,1,0,0,0,2,0,120.0,1.0,2010.0,1,14.0,2009.0,2,2015,4,8,15,2,6,9507.0,5414.0,7071.857142857143,3861.653895615684,0,0,0,7147
49,4,423,1,0,0,1,2,0,120.0,1.0,2010.0,1,14.0,2009.0,2,2015,4,9,15,2,4,7147.0,10767.0,5942.571428571428,3755.352573644843,0,0,0,2862
49,5,0,0,1,0,0,2,0,120.0,1.0,2010.0,1,14.0,2009.0,2,2015,4,10,15,2,0,2862.0,9086.0,4644.571428571428,4046.7151640617876,0,0,0,0
52,4,909,1,1,0,0,0,0,120.0,7.0,2012.0,1,31.0,2013.0,2,2015,1,8,2,1,4,6114.0,9240.0,6224.714285714285,3362.011833921554,0,0,0,10542
52,5,668,1,1,0,1,0,0,120.0,7.0,2012.0,1,31.0,2013.0,2,2015,1,9,2,1,0,10542.0,6838.0,5893.571428571428,3405.414407339331,0,0,0,4520
52,6,429,1,0,0,0,0,0,120.0,7.0,2012.0,1,31.0,2013.0,2,2015,1,10,2,1,2,4520.0,8162.0,5368.714285714285,3278.2775311783125,1,0,0,4488
52,7,0,0,0,0,1,0,0,120.0,7.0,2012.0,1,31.0,2013.0,2,2015,1,11,2,1,3,4488.0,0.0,5368.714285714285,3278.2775311783125,1,0,0,0
52,1,478,1,1,0,0,0,0,120.0,7.0,2012.0,1,31.0,2013.0,2,2015,1,12,3,1,1,0.0,4205.0,5695.571428571428,3256.9044534722875,0,0,0,6493
52,2,449,1,0,0,0,0,0,120.0,7.0,2012.0,1,31.0,2013.0,2,2015,1,13,3,1,5,6493.0,7712.0,5139.714285714285,3186.6846258708915,0,0,0,3821
52,3,435,1,0,0,1,0,0,120.0,7.0,2012.0,1,31.0,2013.0,2,2015,1,14,3,1,6,3821.0,6114.0,4786.0,3197.9126004317254,0,0,0,3638
52,4,535,1,0,0,0,0,0,120.0,7.0,2012.0,1,31.0,2013.0,2,2015,1,15,3,1,4,3638.0,10542.0,3726.285714285714,1963.39915404261,0,0,0,3124
52,5,358,1,0,0,0,0,0,120.0,7.0,2012.0,1,31.0,2013.0,2,2015,1,16,3,1,0,3124.0,4520.0,3584.4285714285716,1932.1182552786336,0,0,0,3527
52,6,976,1,0,0,0,0,0,120.0,7.0,2012.0,1,31.0,2013.0,2,2015,1,17,3,1,2,3527.0,4488.0,4091.714285714286,2569.8209869097695,1,0,0,8039
52,7,0,0,0,0,1,0,0,120.0,7.0,2012.0,1,31.0,2013.0,2,2015,1,18,3,1,3,8039.0,0.0,4091.714285714286,2569.8209869097695,1,0,0,0
52,1,791,1,0,0,0,0,0,120.0,7.0,2012.0,1,31.0,2013.0,2,2015,1,19,4,1,1,0.0,6493.0,4064.714285714286,2541.2205541357293,0,0,0,6304
52,2,739,1,0,0,0,0,0,120.0,7.0,2012.0,1,31.0,2013.0,2,2015,1,20,4,1,5,6304.0,3821.0,4698.142857142857,2984.3281448578123,0,0,0,8255
52,3,568,1,0,0,1,0,0,120.0,7.0,2012.0,1,31.0,2013.0,2,2015,1,21,4,1,6,8255.0,3638.0,4940.142857142857,2952.5472295726518,0,0,0,5332
52,4,485,1,1,0,0,0,0,120.0,7.0,2012.0,1,31.0,2013.0,2,2015,1,22,4,1,4,5332.0,3124.0,5127.142857142857,2858.2992278959305,0,0,0,4433
52,5,422,1,0,0,0,0,0,120.0,7.0,2012.0,1,31.0,2013.0,2,2015,1,23,4,1,0,4433.0,3527.0,4987.285714285715,2971.359044516258,0,0,0,2548
52,6,471,1,0,0,0,0,0,120.0,7.0,2012.0,1,31.0,2013.0,2,2015,1,24,4,1,2,2548.0,8039.0,4539.428571428572,2654.0469637356236,1,0,0,4904
52,7,0,0,0,0,1,0,0,120.0,7.0,2012.0,1,31.0,2013.0,2,2015,1,25,4,1,3,4904.0,0.0,4539.428571428572,2654.0469637356236,1,0,0,0
52,1,875,1,0,0,1,0,0,120.0,7.0,2012.0,1,31.0,2013.0,2,2015,1,26,5,1,1,0.0,6304.0,4567.0,2676.3421555050336,0,0,0,6497
52,2,937,1,0,0,0,0,0,120.0,7.0,2012.0,1,31.0,2013.0,2,2015,1,27,5,1,5,6497.0,8255.0,4928.285714285715,3344.4704969190416,0,0,0,10784
52,3,528,1,0,0,1,0,0,120.0,7.0,2012.0,1,31.0,2013.0,2,2015,1,28,5,1,6,10784.0,5332.0,4922.142857142857,3343.644789176995,0,0,0,5289
52,4,389,1,0,0,0,0,0,120.0,7.0,2012.0,1,31.0,2013.0,2,2015,1,29,5,1,4,5289.0,4433.0,4637.714285714285,3474.3180009073103,0,0,0,2442
52,5,1166,1,1,0,0,0,0,120.0,7.0,2012.0,1,31.0,2013.0,2,2015,1,30,5,1,0,2442.0,2548.0,6077.0,4421.9601988258555,0,0,0,12623
52,6,1051,1,0,0,0,0,0,120.0,7.0,2012.0,1,31.0,2013.0,2,2015,1,31,5,1,2,12623.0,4904.0,6303.428571428572,4392.366820486909,1,0,1,6489
52,7,0,0,0,0,0,0,0,120.0,7.0,2012.0,1,31.0,2013.0,2,2015,2,1,5,1,3,6489.0,0.0,6303.428571428572,4392.366820486909,1,1,0,0
52,1,600,1,0,0,0,0,0,120.0,7.0,2012.0,1,31.0,2013.0,2,2015,2,2,6,1,1,0.0,6497.0,6356.285714285715,4397.307953520566,0,0,0,6867
52,2,1095,1,1,0,0,0,0,120.0,7.0,2012.0,1,31.0,2013.0,2,2015,2,3,6,1,5,6867.0,10784.0,6445.285714285715,4506.800739411706,0,0,0,11407
52,3,647,1,0,0,1,0,0,120.0,7.0,2012.0,1,31.0,2013.0,2,2015,2,4,6,1,6,11407.0,5289.0,6430.857142857143,4511.279028855394,0,0,0,5188
52,4,956,1,0,0,0,0,0,120.0,7.0,2012.0,1,31.0,2013.0,2,2015,2,5,6,1,4,5188.0,2442.0,7416.714285714285,4240.204897340288,0,0,0,9343
52,5,1118,1,0,0,0,0,0,120.0,7.0,2012.0,1,31.0,2013.0,2,2015,2,6,6,1,0,9343.0,12623.0,7244.0,4011.236218424439,0,0,0,11414
52,6,870,1,0,0,1,0,0,120.0,7.0,2012.0,1,31.0,2013.0,2,2015,2,7,6,1,2,11414.0,6489.0,7051.571428571428,4085.120841017347,1,0,0,5142
52,7,0,0,0,0,1,0,0,120.0,7.0,2012.0,1,31.0,2013.0,2,2015,2,8,6,1,3,5142.0,0.0,7051.571428571428,4085.120841017347,1,0,0,0
52,1,992,1,1,0,0,0,0,120.0,7.0,2012.0,1,31.0,2013.0,2,2015,2,9,7,1,1,0.0,6867.0,7683.0,4382.600978110296,0,0,0,11287
52,2,964,1,0,0,0,0,0,120.0,7.0,2012.0,1,31.0,2013.0,2,2015,2,10,7,1,5,11287.0,11407.0,7217.0,4083.877324308358,0,0,0,8145
52,3,1085,1,1,0,1,0,0,120.0,7.0,2012.0,1,31.0,2013.0,2,2015,2,11,7,1,6,8145.0,5188.0,8024.714285714285,4173.832999146215,0,0,0,10842
52,4,682,1,1,0,1,0,0,120.0,7.0,2012.0,1,31.0,2013.0,2,2015,2,12,7,1,4,10842.0,9343.0,7560.142857142857,4183.616435118122,0,0,0,6091
52,5,849,1,0,0,0,0,0,120.0,7.0,2012.0,1,31.0,2013.0,2,2015,2,13,7,1,0,6091.0,11414.0,6878.428571428572,3824.341113496669,0,0,0,6642
52,6,676,1,0,0,0,0,0,120.0,7.0,2012.0,1,31.0,2013.0,2,2015,2,14,7,1,2,6642.0,5142.0,6850.428571428572,3839.8593228199925,1,0,0,4946
52,7,0,0,0,0,1,0,0,120.0,7.0,2012.0,1,31.0,2013.0,2,2015,2,15,7,1,3,4946.0,0.0,6850.428571428572,3839.8593228199925,1,0,0,0
52,1,413,1,0,0,0,0,0,120.0,7.0,2012.0,1,31.0,2013.0,2,2015,2,16,8,1,1,0.0,11287.0,5811.714285714285,3397.6816956215744,0,0,0,4016
52,2,871,1,1,0,0,0,0,120.0,7.0,2012.0,1,31.0,2013.0,2,2015,2,17,8,1,5,4016.0,8145.0,5722.0,3333.4887130452375,0,0,0,7517
52,3,755,1,0,0,1,0,0,120.0,7.0,2012.0,1,31.0,2013.0,2,2015,2,18,8,1,6,7517.0,10842.0,5371.285714285715,2789.853742539544,0,0,0,8387
52,4,617,1,1,0,0,0,0,120.0,7.0,2012.0,1,31.0,2013.0,2,2015,2,19,8,1,4,8387.0,6091.0,5406.285714285715,2801.8985655138495,0,0,0,6336
52,5,774,1,0,0,0,0,0,120.0,7.0,2012.0,1,31.0,2013.0,2,2015,2,20,8,1,0,6336.0,6642.0,5487.428571428572,2851.435887241306,0,0,0,7210
52,6,679,1,0,0,0,0,0,120.0,7.0,2012.0,1,31.0,2013.0,2,2015,2,21,8,1,2,7210.0,4946.0,5766.428571428572,2884.9789633630976,1,0,0,6899
52,7,0,0,0,0,0,0,0,120.0,7.0,2012.0,1,31.0,2013.0,2,2015,2,22,8,1,3,6899.0,0.0,5766.428571428572,2884.9789633630976,1,0,0,0
52,1,1097,1,0,0,0,0,0,120.0,7.0,2012.0,1,31.0,2013.0,2,2015,2,23,9,1,1,0.0,4016.0,6777.142857142857,3368.3546640544155,0,0,0,11091
52,2,628,1,0,0,0,0,0,120.0,7.0,2012.0,1,31.0,2013.0,2,2015,2,24,9,1,5,11091.0,7517.0,6317.571428571428,3468.55603275786,0,0,0,4300
52,3,776,1,1,0,0,0,0,120.0,7.0,2012.0,1,31.0,2013.0,2,2015,2,25,9,1,6,4300.0,8387.0,6319.571428571428,3469.951914034873,0,0,0,8401
52,4,423,1,0,0,0,0,0,120.0,7.0,2012.0,1,31.0,2013.0,2,2015,2,26,9,1,4,8401.0,6336.0,5746.857142857143,3783.467167760783,0,0,0,2327
52,5,949,1,0,0,1,0,0,120.0,7.0,2012.0,1,31.0,2013.0,2,2015,2,27,9,1,0,2327.0,7210.0,5908.857142857143,3879.6133582515413,0,0,0,8344
52,6,708,1,0,0,0,0,0,120.0,7.0,2012.0,1,31.0,2013.0,2,2015,2,28,9,1,2,8344.0,6899.0,5939.142857142857,3889.446037187104,1,0,1,7111
52,7,0,0,0,0,0,0,0,120.0,7.0,2012.0,1,31.0,2013.0,2,2015,3,1,9,1,3,7111.0,0.0,5939.142857142857,3889.446037187104,1,1,0,0
52,1,909,1,1,0,0,0,0,120.0,7.0,2012.0,1,31.0,2013.0,2,2015,3,2,10,1,1,0.0,11091.0,6009.142857142857,4000.4450347668158,0,0,0,11581
52,2,1152,1,1,0,0,0,0,120.0,7.0,2012.0,1,31.0,2013.0,2,2015,3,3,10,1,5,11581.0,4300.0,7037.142857142857,4393.334095671586,0,0,0,11496
52,3,597,1,0,0,0,0,0,120.0,7.0,2012.0,1,31.0,2013.0,2,2015,3,4,10,1,6,11496.0,8401.0,6773.0,4353.0671945192835,0,0,0,6552
52,4,353,1,1,0,0,0,0,120.0,7.0,2012.0,1,31.0,2013.0,2,2015,3,5,10,1,4,6552.0,2327.0,7039.428571428572,4084.3791799628834,0,0,0,4192
52,5,486,1,0,0,0,0,0,120.0,7.0,2012.0,1,31.0,2013.0,2,2015,3,6,10,1,0,4192.0,8344.0,6437.428571428572,4169.71141515984,0,0,0,4130
52,6,739,1,0,0,0,0,0,120.0,7.0,2012.0,1,31.0,2013.0,2,2015,3,7,10,1,2,4130.0,7111.0,6312.0,4159.265279669796,1,0,0,6233
52,7,0,0,0,0,0,0,0,120.0,7.0,2012.0,1,31.0,2013.0,2,2015,3,8,10,1,3,6233.0,0.0,6312.0,4159.265279669796,1,0,0,0
52,1,900,1,0,0,0,0,0,120.0,7.0,2012.0,1,31.0,2013.0,2,2015,3,9,11,1,1,0.0,11581.0,5688.285714285715,3514.89301469645,0,0,0,7215
52,2,329,1,1,0,1,0,0,120.0,7.0,2012.0,1,31.0,2013.0,2,2015,3,10,11,1,5,7215.0,11496.0,4711.285714285715,2407.5969841514657,0,0,0,4657
52,3,1075,1,1,0,0,0,0,120.0,7.0,2012.0,1,31.0,2013.0,2,2015,3,11,11,1,6,4657.0,6552.0,5011.428571428572,2777.811540112278,0,0,0,8653
52,4,373,1,0,0,0,0,0,120.0,7.0,2012.0,1,31.0,2013.0,2,2015,3,12,11,1,4,8653.0,4192.0,4826.857142857143,2882.291416481651,0,0,0,2900
52,5,489,1,0,0,0,0,0,120.0,7.0,2012.0,1,31.0,2013.0,2,2015,3,13,11,1,0,2900.0,4130.0,4687.571428571428,2944.467006502356,0,0,0,3155
52,6,810,1,0,0,0,0,0,120.0,7.0,2012.0,1,31.0,2013.0,2,2015,3,14,11,1,2,3155.0,6233.0,4562.285714285715,2885.82418696899,1,0,0,5356
52,7,0,0,0,0,1,0,0,120.0,7.0,2012.0,1,31.0,2013.0,2,2015,3,15,11,1,3,5356.0,0.0,4562.285714285715,2885.82418696899,1,0,0,0
52,1,738,1,1,0,1,0,0,120.0,7.0,2012.0,1,31.0,2013.0,2,2015,3,16,12,1,1,0.0,7215.0,4522.857142857143,2845.1386274703386,0,0,0,6939
52,2,561,1,0,0,0,0,0,120.0,7.0,2012.0,1,31.0,2013.0,2,2015,3,17,12,1,5,6939.0,4657.0,4345.857142857143,2873.7981504489494,0,0,0,3418
52,3,1152,1,0,0,0,0,0,120.0,7.0,2012.0,1,31.0,2013.0,2,2015,3,18,12,1,6,3418.0,8653.0,4858.857142857143,3905.9632370932272,0,0,0,12244
52,4,534,1,0,0,0,0,0,120.0,7.0,2012.0,1,31.0,2013.0,2,2015,3,19,12,1,4,12244.0,2900.0,5087.571428571428,3818.0287608984318,0,0,0,4501
52,5,819,1,0,0,0,0,0,120.0,7.0,2012.0,1,31.0,2013.0,2,2015,3,20,12,1,0,4501.0,3155.0,5354.857142857143,3724.534173493889,0,0,0,5026
52,6,1071,1,0,0,0,0,0,120.0,7.0,2012.0,1,31.0,2013.0,2,2015,3,21,12,1,2,5026.0,5356.0,5732.285714285715,3856.206370440846,1,0,0,7998
52,7,0,0,0,0,0,0,0,120.0,7.0,2012.0,1,31.0,2013.0,2,2015,3,22,12,1,3,7998.0,0.0,5732.285714285715,3856.206370440846,1,0,0,0
52,1,451,1,1,0,0,0,0,120.0,7.0,2012.0,1,31.0,2013.0,2,2015,3,23,13,1,1,0.0,6939.0,5261.428571428572,3885.4209491869665,0,0,0,3643
52,2,431,1,1,0,0,0,0,120.0,7.0,2012.0,1,31.0,2013.0,2,2015,3,24,13,1,5,3643.0,3418.0,5637.142857142857,3803.755005630244,0,0,0,6048
52,3,1018,1,1,0,0,0,0,120.0,7.0,2012.0,1,31.0,2013.0,2,2015,3,25,13,1,6,6048.0,12244.0,5731.0,3997.1387266393435,0,0,0,12901
52,4,797,1,1,0,1,0,0,120.0,7.0,2012.0,1,31.0,2013.0,2,2015,3,26,13,1,4,12901.0,4501.0,6572.428571428572,4303.281571744322,0,0,0,10391
52,5,924,1,1,0,0,0,0,120.0,7.0,2012.0,1,31.0,2013.0,2,2015,3,27,13,1,0,10391.0,5026.0,6894.714285714285,4252.339893685424,0,0,0,7282
52,6,1158,1,0,0,1,0,0,120.0,7.0,2012.0,1,31.0,2013.0,2,2015,3,28,13,1,2,7282.0,7998.0,6760.714285714285,4226.479138096141,1,0,0,7060
52,7,0,0,0,0,1,0,0,120.0,7.0,2012.0,1,31.0,2013.0,2,2015,3,29,13,1,3,7060.0,0.0,6760.714285714285,4226.479138096141,1,0,0,0
52,1,380,1,1,0,0,0,0,120.0,7.0,2012.0,1,31.0,2013.0,2,2015,3,30,14,1,1,0.0,3643.0,6906.571428571428,4117.157265927663,0,0,0,4664
52,2,705,1,0,0,0,0,0,120.0,7.0,2012.0,1,31.0,2013.0,2,2015,3,31,14,1,5,4664.0,6048.0,6926.714285714285,4112.599085504838,0,0,1,6189
52,3,656,1,0,0,0,0,0,120.0,7.0,2012.0,1,31.0,2013.0,2,2015,4,1,14,2,6,6189.0,12901.0,5872.714285714285,3161.8227714556097,0,1,0,5523
52,4,740,1,0,0,0,0,0,120.0,7.0,2012.0,1,31.0,2013.0,2,2015,4,2,14,2,4,5523.0,10391.0,5332.428571428572,2518.8155190580383,0,0,0,6609
52,5,653,1,0,0,0,0,0,120.0,7.0,2012.0,1,31.0,2013.0,2,2015,4,3,14,2,0,6609.0,7282.0,5169.571428571428,2406.0863698229155,0,0,0,6142
52,6,1167,1,0,0,0,0,0,120.0,7.0,2012.0,1,31.0,2013.0,2,2015,4,4,14,2,2,6142.0,7060.0,5505.857142857143,2839.757819989316,1,0,0,9414
52,7,0,0,0,0,0,0,0,120.0,7.0,2012.0,1,31.0,2013.0,2,2015,4,5,14,2,3,9414.0,0.0,5505.857142857143,2839.757819989316,1,0,0,0
52,1,347,1,0,0,1,0,0,120.0,7.0,2012.0,1,31.0,2013.0,2,2015,4,6,15,2,1,0.0,4664.0,5292.0,2967.2302460937085,0,0,0,3167
52,2,1052,1,0,0,0,0,0,120.0,7.0,2012.0,1,31.0,2013.0,2,2015,4,7,15,2,5,3167.0,6189.0,6161.142857142857,3988.914197647083,0,0,0,12273
52,3,820,1,0,0,1,0,0,120.0,7.0,2012.0,1,31.0,2013.0,2,2015,4,8,15,2,6,12273.0,5523.0,6587.571428571428,4068.0921350244284,0,0,0,8508
52,4,805,1,1,0,1,0,0,120.0,7.0,2012.0,1,31.0,2013.0,2,2015,4,9,15,2,4,8508.0,6609.0,6665.714285714285,4073.8219039081596,0,0,0,7156
52,5,766,1,0,0,0,0,0,120.0,7.0,2012.0,1,31.0,2013.0,2,2015,4,10,15,2,0,7156.0,6142.0,6919.857142857143,4091.1590626851053,0,0,0,7921
53,4,793,1,0,0,1,0,1,1500.0,0.0,0.0,1,14.0,2009.0,0,2015,1,8,2,1,4,4688.0,5311.0,4441.0,2981.2587945362943,0,0,0,4916
53,5,0,0,1,0,0,0,1,1500.0,0.0,0.0,1,14.0,2009.0,0,2015,1,9,2,1,0,4916.0,4263.0,3832.0,3425.9318440389325,0,0,0,0
53,6,1019,1,0,0,0,0,1,1500.0,0.0,0.0,1,14.0,2009.0,0,2015,1,10,2,1,2,0.0,5775.0,4541.142857142857,4297.931069269314,1,0,0,10739
53,7,0,0,0,0,0,0,1,1500.0,0.0,0.0,1,14.0,2009.0,0,2015,1,11,2,1,3,10739.0,0.0,4541.142857142857,4297.931069269314,1,0,0,0
53,1,708,1,1,0,1,0,1,1500.0,0.0,0.0,1,14.0,2009.0,0,2015,1,12,3,1,1,0.0,1966.0,5500.0,4375.6836799141065,0,0,0,8678
53,2,962,1,1,0,0,0,1,1500.0,0.0,0.0,1,14.0,2009.0,0,2015,1,13,3,1,5,8678.0,9479.0,5395.571428571428,4272.399242312717,0,0,0,8748
53,3,413,1,0,0,0,0,1,1500.0,0.0,0.0,1,14.0,2009.0,0,2015,1,14,3,1,6,8748.0,4688.0,5385.285714285715,4274.472782862064,0,0,0,4616
53,4,1161,1,1,0,0,0,1,1500.0,0.0,0.0,1,14.0,2009.0,0,2015,1,15,3,1,4,4616.0,4916.0,6211.714285714285,4706.067102308313,0,0,0,10701
53,5,610,1,0,0,0,0,1,1500.0,0.0,0.0,1,14.0,2009.0,0,2015,1,16,3,1,0,10701.0,0.0,6892.428571428572,3940.1013039913432,0,0,0,4765
53,6,790,1,0,0,0,0,1,1500.0,0.0,0.0,1,14.0,2009.0,0,2015,1,17,3,1,2,4765.0,10739.0,6123.142857142857,3572.4509993640418,1,0,0,5354
53,7,0,0,0,0,0,0,1,1500.0,0.0,0.0,1,14.0,2009.0,0,2015,1,18,3,1,3,5354.0,0.0,6123.142857142857,3572.4509993640418,1,0,0,0
53,1,1030,1,1,0,0,0,1,1500.0,0.0,0.0,1,14.0,2009.0,0,2015,1,19,4,1,1,0.0,8678.0,5935.571428571428,3448.2621157689873,0,0,0,7365
53,2,872,1,1,0,0,0,1,1500.0,0.0,0.0,1,14.0,2009.0,0,2015,1,20,4,1,5,7365.0,8748.0,6148.0,3687.8747267226954,0,0,0,10235
53,3,611,1,1,0,0,0,1,1500.0,0.0,0.0,1,14.0,2009.0,0,2015,1,21,4,1,6,10235.0,4616.0,6479.285714285715,3631.0378091433536,0,0,0,6935
53,4,719,1,1,0,1,0,1,1500.0,0.0,0.0,1,14.0,2009.0,0,2015,1,22,4,1,4,6935.0,10701.0,6159.285714285715,3278.570151467745,0,0,0,8461
53,5,675,1,1,0,0,0,1,1500.0,0.0,0.0,1,14.0,2009.0,0,2015,1,23,4,1,0,8461.0,4765.0,6320.571428571428,3225.8948555474667,0,0,0,5894
53,6,745,1,0,0,1,0,1,1500.0,0.0,0.0,1,14.0,2009.0,0,2015,1,24,4,1,2,5894.0,5354.0,6318.714285714285,3226.5477275402623,1,0,0,5341
53,7,0,0,0,0,0,0,1,1500.0,0.0,0.0,1,14.0,2009.0,0,2015,1,25,4,1,3,5341.0,0.0,6318.714285714285,3226.5477275402623,1,0,0,0
53,1,451,1,0,0,0,0,1,1500.0,0.0,0.0,1,14.0,2009.0,0,2015,1,26,5,1,1,0.0,7365.0,5916.285714285715,3249.8906501750535,0,0,0,4548
53,2,915,1,0,0,0,0,1,1500.0,0.0,0.0,1,14.0,2009.0,0,2015,1,27,5,1,5,4548.0,10235.0,5786.285714285715,3061.058515954119,0,0,0,9325
53,3,919,1,1,0,0,0,1,1500.0,0.0,0.0,1,14.0,2009.0,0,2015,1,28,5,1,6,9325.0,6935.0,6372.857142857143,3653.867605180909,0,0,0,11041
53,4,923,1,0,0,1,0,1,1500.0,0.0,0.0,1,14.0,2009.0,0,2015,1,29,5,1,4,11041.0,8461.0,6726.285714285715,3993.3886076149124,0,0,0,10935
53,5,955,1,0,0,0,0,1,1500.0,0.0,0.0,1,14.0,2009.0,0,2015,1,30,5,1,0,10935.0,5894.0,6680.714285714285,4006.2687842216187,0,0,0,5575
53,6,949,1,0,0,0,0,1,1500.0,0.0,0.0,1,14.0,2009.0,0,2015,1,31,5,1,2,5575.0,5341.0,7029.714285714285,3976.408250095627,1,0,1,7784
53,7,0,0,0,0,0,0,1,1500.0,0.0,0.0,1,14.0,2009.0,0,2015,2,1,5,1,3,7784.0,0.0,7029.714285714285,3976.408250095627,1,1,0,0
53,1,1035,1,0,0,1,0,1,1500.0,0.0,0.0,1,14.0,2009.0,0,2015,2,2,6,1,1,0.0,4548.0,7206.285714285715,3873.964193359119,0,0,0,5784
53,2,489,1,0,0,0,0,1,1500.0,0.0,0.0,1,14.0,2009.0,0,2015,2,3,6,1,5,5784.0,9325.0,6376.0,3965.9252808560736,0,0,0,3513
53,3,548,1,1,0,0,0,1,1500.0,0.0,0.0,1,14.0,2009.0,0,2015,2,4,6,1,6,3513.0,11041.0,5374.571428571428,3442.096398860382,0,0,0,4031
53,4,715,1,1,0,0,0,1,1500.0,0.0,0.0,1,14.0,2009.0,0,2015,2,5,6,1,4,4031.0,10935.0,4765.857142857143,2558.14329990662,0,0,0,6674
53,5,669,1,0,0,0,0,1,1500.0,0.0,0.0,1,14.0,2009.0,0,2015,2,6,6,1,0,6674.0,5575.0,4588.142857142857,2535.67528340226,0,0,0,4331
53,6,500,1,0,0,0,0,1,1500.0,0.0,0.0,1,14.0,2009.0,0,2015,2,7,6,1,2,4331.0,7784.0,3945.0,2128.18279290102,1,0,0,3282
53,7,0,0,0,0,1,0,1,1500.0,0.0,0.0,1,14.0,2009.0,0,2015,2,8,6,1,3,3282.0,0.0,3945.0,2128.18279290102,1,0,0,0
53,1,588,1,1,0,0,0,1,1500.0,0.0,0.0,1,14.0,2009.0,0,2015,2,9,7,1,1,0.0,5784.0,4232.714285714285,2518.571136860851,0,0,0,7798
53,2,420,1,0,0,0,0,1,1500.0,0.0,0.0,1,14.0,2009.0,0,2015,2,10,7,1,5,7798.0,3513.0,4400.428571428572,2501.6892197834927,0,0,0,4687
53,3,1081,1,0,0,0,0,1,1500.0,0.0,0.0,1,14.0,2009.0,0,2015,2,11,7,1,6,4687.0,4031.0,5342.571428571428,3414.6381876241217,0,0,0,10626
53,4,1197,1,0,0,0,0,1,1500.0,0.0,0.0,1,14.0,2009.0,0,2015,2,12,7,1,4,10626.0,6674.0,5401.857142857143,3445.0745240401507,0,0,0,7089
53,5,1172,1,0,0,0,0,1,1500.0,0.0,0.0,1,14.0,2009.0,0,2015,2,13,7,1,0,7089.0,4331.0,5833.857142857143,3477.8560171735794,0,0,0,7355
53,6,365,1,0,0,0,0,1,1500.0,0.0,0.0,1,14.0,2009.0,0,2015,2,14,7,1,2,7355.0,3282.0,5828.571428571428,3482.4059143616428,1,0,0,3245
53,7,0,0,0,0,0,0,1,1500.0,0.0,0.0,1,14.0,2009.0,0,2015,2,15,7,1,3,3245.0,0.0,5828.571428571428,3482.4059143616428,1,0,0,0
53,1,312,1,0,0,0,0,1,1500.0,0.0,0.0,1,14.0,2009.0,0,2015,2,16,8,1,1,0.0,7798.0,5247.714285714285,3437.976716727718,0,0,0,3732
53,2,1064,1,1,0,1,0,1,1500.0,0.0,0.0,1,14.0,2009.0,0,2015,2,17,8,1,5,3732.0,4687.0,5911.428571428572,3746.3236582523073,0,0,0,9333
53,3,509,1,0,0,0,0,1,1500.0,0.0,0.0,1,14.0,2009.0,0,2015,2,18,8,1,6,9333.0,10626.0,5066.0,3120.5623424846563,0,0,0,4708
53,4,655,1,0,0,1,0,1,1500.0,0.0,0.0,1,14.0,2009.0,0,2015,2,19,8,1,4,4708.0,7089.0,4927.714285714285,3036.2831287768986,0,0,0,6121
53,5,794,1,1,0,0,0,1,1500.0,0.0,0.0,1,14.0,2009.0,0,2015,2,20,8,1,0,6121.0,7355.0,4942.428571428572,3050.224191604219,0,0,0,7458
53,6,1141,1,0,0,1,0,1,1500.0,0.0,0.0,1,14.0,2009.0,0,2015,2,21,8,1,2,7458.0,3245.0,6127.142857142857,3799.5321829830323,1,0,0,11538
53,7,0,0,0,0,0,0,1,1500.0,0.0,0.0,1,14.0,2009.0,0,2015,2,22,8,1,3,11538.0,0.0,6127.142857142857,3799.5321829830323,1,0,0,0
53,1,337,1,1,0,0,0,1,1500.0,0.0,0.0,1,14.0,2009.0,0,2015,2,23,9,1,1,0.0,3732.0,6015.571428571428,3891.9298065416874,0,0,0,2951
53,2,870,1,1,0,0,0,1,1500.0,0.0,0.0,1,14.0,2009.0,0,2015,2,24,9,1,5,2951.0,9333.0,5559.0,3615.543204923247,0,0,0,6137
53,3,1138,1,0,0,1,0,1,1500.0,0.0,0.0,1,14.0,2009.0,0,2015,2,25,9,1,6,6137.0,4708.0,6767.857142857143,4571.7736685219315,0,0,0,13170
53,4,320,1,0,0,0,0,1,1500.0,0.0,0.0,1,14.0,2009.0,0,2015,2,26,9,1,4,13170.0,6121.0,6428.0,4714.084463958334,0,0,0,3742
53,5,418,1,0,0,0,0,1,1500.0,0.0,0.0,1,14.0,2009.0,0,2015,2,27,9,1,0,3742.0,7458.0,5925.571428571428,4773.0629878217915,0,0,0,3941
53,6,929,1,0,0,0,0,1,1500.0,0.0,0.0,1,14.0,2009.0,0,2015,2,28,9,1,2,3941.0,11538.0,5182.428571428572,4112.907522144679,1,0,1,6336
53,7,0,0,0,0,0,0,1,1500.0,0.0,0.0,1,14.0,2009.0,0,2015,3,1,9,1,3,6336.0,0.0,5182.428571428572,4112.907522144679,1,1,0,0
53,1,1078,1,1,0,0,0,1,1500.0,0.0,0.0,1,14.0,2009.0,0,2015,3,2,10,1,1,0.0,2951.0,6062.142857142857,4213.420203293734,0,0,0,9109
53,2,742,1,0,0,0,0,1,1500.0,0.0,0.0,1,14.0,2009.0,0,2015,3,3,10,1,5,9109.0,6137.0,6272.285714285715,4254.260794164117,0,0,0,7608
53,3,320,1,1,0,0,0,1,1500.0,0.0,0.0,1,14.0,2009.0,0,2015,3,4,10,1,6,7608.0,13170.0,4920.571428571428,3022.129153270524,0,0,0,3708
53,4,1153,1,1,0,0,0,1,1500.0,0.0,0.0,1,14.0,2009.0,0,2015,3,5,10,1,4,3708.0,3742.0,6302.142857142857,4323.78543364382,0,0,0,13413
53,5,955,1,1,0,0,0,1,1500.0,0.0,0.0,1,14.0,2009.0,0,2015,3,6,10,1,0,13413.0,3941.0,7149.857142857143,4365.216658562376,0,0,0,9875
53,6,563,1,0,0,0,0,1,1500.0,0.0,0.0,1,14.0,2009.0,0,2015,3,7,10,1,2,9875.0,6336.0,6970.142857142857,4429.726230388339,1,0,0,5078
53,7,0,0,0,0,0,0,1,1500.0,0.0,0.0,1,14.0,2009.0,0,2015,3,8,10,1,3,5078.0,0.0,6970.142857142857,4429.726230388339,1,0,0,0
53,1,639,1,1,0,0,0,1,1500.0,0.0,0.0,1,14.0,2009.0,0,2015,3,9,11,1,1,0.0,9109.0,6848.428571428572,4372.498098232591,0,0,0,8257
53,2,938,1,1,0,1,0,1,1500.0,0.0,0.0,1,14.0,2009.0,0,2015,3,10,11,1,5,8257.0,7608.0,7396.285714285715,4710.706660162065,0,0,0,11443
53,3,878,1,0,0,0,0,1,1500.0,0.0,0.0,1,14.0,2009.0,0,2015,3,11,11,1,6,11443.0,3708.0,7855.285714285715,4440.199346661729,0,0,0,6921
53,4,1091,1,0,0,1,0,1,1500.0,0.0,0.0,1,14.0,2009.0,0,2015,3,12,11,1,4,6921.0,13413.0,7485.142857142857,3984.2687923286267,0,0,0,10822
53,5,1180,1,0,0,0,0,1,1500.0,0.0,0.0,1,14.0,2009.0,0,2015,3,13,11,1,0,10822.0,9875.0,7033.0,3845.013740764351,0,0,0,6710
53,6,1044,1,0,0,0,0,1,1500.0,0.0,0.0,1,14.0,2009.0,0,2015,3,14,11,1,2,6710.0,5078.0,7162.0,3783.141904114445,1,0,0,5981
53,7,0,0,0,0,1,0,1,1500.0,0.0,0.0,1,14.0,2009.0,0,2015,3,15,11,1,3,5981.0,0.0,7162.0,3783.1419041144454,1,0,0,0
53,1,1148,1,1,0,0,0,1,1500.0,0.0,0.0,1,14.0,2009.0,0,2015,3,16,12,1,1,0.0,8257.0,7350.285714285715,3878.3235086948644,0,0,0,9575
53,2,856,1,0,0,1,0,1,1500.0,0.0,0.0,1,14.0,2009.0,0,2015,3,17,12,1,5,9575.0,11443.0,6607.857142857143,3436.5461066101166,0,0,0,6246
53,3,1128,1,0,0,1,0,1,1500.0,0.0,0.0,1,14.0,2009.0,0,2015,3,18,12,1,6,6246.0,6921.0,6861.571428571428,3527.8642669062956,0,0,0,8697
53,4,712,1,0,0,0,0,1,1500.0,0.0,0.0,1,14.0,2009.0,0,2015,3,19,12,1,4,8697.0,10822.0,6241.142857142857,3067.0779486112106,0,0,0,6479
53,5,579,1,1,0,0,0,1,1500.0,0.0,0.0,1,14.0,2009.0,0,2015,3,20,12,1,0,6479.0,6710.0,5952.0,3110.606050273806,0,0,0,4686
53,6,747,1,0,0,0,0,1,1500.0,0.0,0.0,1,14.0,2009.0,0,2015,3,21,12,1,2,4686.0,5981.0,6008.0,3114.740973714081,1,0,0,6373
53,7,0,0,0,0,0,0,1,1500.0,0.0,0.0,1,14.0,2009.0,0,2015,3,22,12,1,3,6373.0,0.0,6008.0,3114.740973714081,1,0,0,0
53,1,744,1,1,0,0,0,1,1500.0,0.0,0.0,1,14.0,2009.0,0,2015,3,23,13,1,1,0.0,9575.0,5858.857142857143,2935.302450547555,0,0,0,8531
53,2,657,1,0,0,0,0,1,1500.0,0.0,0.0,1,14.0,2009.0,0,2015,3,24,13,1,5,8531.0,6246.0,5846.857142857143,2933.6271876621413,0,0,0,6162
53,3,357,1,1,0,0,0,1,1500.0,0.0,0.0,1,14.0,2009.0,0,2015,3,25,13,1,6,6162.0,8697.0,5005.571428571428,2822.3517886768877,0,0,0,2808
53,4,1134,1,0,0,0,0,1,1500.0,0.0,0.0,1,14.0,2009.0,0,2015,3,26,13,1,4,2808.0,6479.0,5784.571428571428,3858.9841434045343,0,0,0,11932
53,5,393,1,1,0,0,0,1,1500.0,0.0,0.0,1,14.0,2009.0,0,2015,3,27,13,1,0,11932.0,4686.0,5986.0,3828.7653797710486,0,0,0,6096
53,6,1138,1,0,0,0,0,1,1500.0,0.0,0.0,1,14.0,2009.0,0,2015,3,28,13,1,2,6096.0,6373.0,6248.714285714285,3921.7096915455013,1,0,0,8212
53,7,0,0,0,0,0,0,1,1500.0,0.0,0.0,1,14.0,2009.0,0,2015,3,29,13,1,3,8212.0,0.0,6248.714285714285,3921.7096915455013,1,0,0,0
53,1,326,1,1,0,0,0,1,1500.0,0.0,0.0,1,14.0,2009.0,0,2015,3,30,14,1,1,0.0,8531.0,5634.428571428572,3840.5675733821286,0,0,0,4231
53,2,481,1,0,0,1,0,1,1500.0,0.0,0.0,1,14.0,2009.0,0,2015,3,31,14,1,5,4231.0,6162.0,5465.142857142857,3839.553638491999,0,0,1,4977
53,3,794,1,0,0,0,0,1,1500.0,0.0,0.0,1,14.0,2009.0,0,2015,4,1,14,2,6,4977.0,2808.0,5734.142857142857,3685.227149424734,0,1,0,4691
53,4,308,1,0,0,0,0,1,1500.0,0.0,0.0,1,14.0,2009.0,0,2015,4,2,14,2,4,4691.0,11932.0,4534.428571428572,2511.2211410084187,0,0,0,3534
53,5,1032,1,0,0,0,0,1,1500.0,0.0,0.0,1,14.0,2009.0,0,2015,4,3,14,2,0,3534.0,6096.0,4493.428571428572,2483.6683123384837,0,0,0,5809
53,6,1187,1,0,0,0,0,1,1500.0,0.0,0.0,1,14.0,2009.0,0,2015,4,4,14,2,2,5809.0,8212.0,5018.714285714285,3557.7820204113,1,0,0,11889
53,7,0,0,0,0,0,0,1,1500.0,0.0,0.0,1,14.0,2009.0,0,2015,4,5,14,2,3,11889.0,0.0,5018.714285714285,3557.7820204113,1,0,0,0
53,1,915,1,0,0,0,0,1,1500.0,0.0,0.0,1,14.0,2009.0,0,2015,4,6,15,2,1,0.0,4231.0,5727.714285714285,3856.609638628456,0,0,0,9194
53,2,410,1,1,0,0,0,1,1500.0,0.0,0.0,1,14.0,2009.0,0,2015,4,7,15,2,5,9194.0,4977.0,5548.0,3926.107232361338,0,0,0,3719
53,3,821,1,1,0,0,0,1,1500.0,0.0,0.0,1,14.0,2009.0,0,2015,4,8,15,2,6,3719.0,4691.0,5962.857142857143,3973.598764703999,0,0,0,7595
53,4,756,1,0,0,0,0,1,1500.0,0.0,0.0,1,14.0,2009.0,0,2015,4,9,15,2,4,7595.0,3534.0,6339.857142857143,3827.2451549633556,0,0,0,6173
53,5,1085,1,1,0,0,0,1,1500.0,0.0,0.0,1,14.0,2009.0,0,2015,4,10,15,2,0,6173.0,5809.0,6618.857142857143,3853.1940615793646,0,0,0,7762
55,4,1190,1,0,0,0,2,1,1500.0,1.0,2005.0,1,22.0,2009.0,0,2015,1,8,2,1,4,9340.0,9042.0,7818.0,4244.364381152966,0,0,0,10872
55,5,1095,1,1,0,0,2,1,1500.0,1.0,2005.0,1,22.0,2009.0,0,2015,1,9,2,1,0,10872.0,12444.0,7113.285714285715,3726.1640558929466,0,0,0,7511
55,6,613,1,0,0,0,2,1,1500.0,1.0,2005.0,1,22.0,2009.0,0,2015,1,10,2,1,2,7511.0,10219.0,6491.0,3476.417408770127,1,0,0,5863
55,7,0,0,0,0,0,2,1,1500.0,1.0,2005.0,1,22.0,2009.0,0,2015,1,11,2,1,3,5863.0,0.0,6491.0,3476.417408770127,1,0,0,0
55,1,996,1,0,0,0,2,1,1500.0,1.0,2005.0,1,22.0,2009.0,0,2015,1,12,3,1,1,0.0,5220.0,6572.142857142857,3448.32197977371,0,0,0,5788
55,2,350,1,0,0,1,2,1,1500.0,1.0,2005.0,1,22.0,2009.0,0,2015,1,13,3,1,5,5788.0,6631.0,6202.857142857143,3576.983758632937,0,0,0,4046
55,3,802,1,0,0,0,2,1,1500.0,1.0,2005.0,1,22.0,2009.0,0,2015,1,14,3,1,6,4046.0,9340.0,5793.571428571428,3312.3171575772985,0,0,0,6475
55,4,393,1,0,0,0,2,1,1500.0,1.0,2005.0,1,22.0,2009.0,0,2015,1,15,3,1,4,6475.0,10872.0,4890.142857142857,2445.281130979383,0,0,0,4548
55,5,367,1,1,0,0,2,1,1500.0,1.0,2005.0,1,22.0,2009.0,0,2015,1,16,3,1,0,4548.0,7511.0,4445.285714285715,2155.048778588373,0,0,0,4397
55,6,1181,1,0,0,0,2,1,1500.0,1.0,2005.0,1,22.0,2009.0,0,2015,1,17,3,1,2,4397.0,5863.0,4914.857142857143,2782.2758327534334,1,0,0,9150
55,7,0,0,0,0,0,2,1,1500.0,1.0,2005.0,1,22.0,2009.0,0,2015,1,18,3,1,3,9150.0,0.0,4914.857142857143,2782.2758327534334,1,0,0,0
55,1,934,1,0,0,0,2,1,1500.0,1.0,2005.0,1,22.0,2009.0,0,2015,1,19,4,1,1,0.0,5788.0,5501.142857142857,3367.734373361981,0,0,0,9892
55,2,953,1,1,0,0,2,1,1500.0,1.0,2005.0,1,22.0,2009.0,0,2015,1,20,4,1,5,9892.0,4046.0,6001.428571428572,3375.6478813773847,0,0,0,7548
55,3,743,1,0,0,0,2,1,1500.0,1.0,2005.0,1,22.0,2009.0,0,2015,1,21,4,1,6,7548.0,6475.0,5790.428571428572,3387.2541414909547,0,0,0,4998
55,4,379,1,1,0,0,2,1,1500.0,1.0,2005.0,1,22.0,2009.0,0,2015,1,22,4,1,4,4998.0,4548.0,5897.0,3353.2137321282307,0,0,0,5294
55,5,772,1,0,0,0,2,1,1500.0,1.0,2005.0,1,22.0,2009.0,0,2015,1,23,4,1,0,5294.0,4397.0,6360.714285714285,3335.604728495556,0,0,0,7643
55,6,1149,1,0,0,0,2,1,1500.0,1.0,2005.0,1,22.0,2009.0,0,2015,1,24,4,1,2,7643.0,9150.0,6092.714285714285,3144.0091557482106,1,0,0,7274
55,7,0,0,0,0,0,2,1,1500.0,1.0,2005.0,1,22.0,2009.0,0,2015,1,25,4,1,3,7274.0,0.0,6092.714285714285,3144.0091557482106,1,0,0,0
55,1,879,1,0,0,1,2,1,1500.0,1.0,2005.0,1,22.0,2009.0,0,2015,1,26,5,1,1,0.0,9892.0,5667.428571428572,2716.74645223184,0,0,0,6915
55,2,1098,1,0,0,0,2,1,1500.0,1.0,2005.0,1,22.0,2009.0,0,2015,1,27,5,1,5,6915.0,7548.0,6383.428571428572,3756.4759131018386,0,0,0,12560
55,3,641,1,1,0,0,2,1,1500.0,1.0,2005.0,1,22.0,2009.0,0,2015,1,28,5,1,6,12560.0,4998.0,6774.428571428572,3730.590518811684,0,0,0,7735
55,4,556,1,1,0,0,2,1,1500.0,1.0,2005.0,1,22.0,2009.0,0,2015,1,29,5,1,4,7735.0,5294.0,6653.0,3799.9966666652062,0,0,0,4444
55,5,975,1,0,0,0,2,1,1500.0,1.0,2005.0,1,22.0,2009.0,0,2015,1,30,5,1,0,4444.0,7643.0,6845.285714285715,3891.3970804963155,0,0,0,8989
55,6,621,1,0,0,1,2,1,1500.0,1.0,2005.0,1,22.0,2009.0,0,2015,1,31,5,1,2,8989.0,7274.0,6859.285714285715,3893.3723049256305,1,0,1,7372
55,7,0,0,0,0,1,2,1,1500.0,1.0,2005.0,1,22.0,2009.0,0,2015,2,1,5,1,3,7372.0,0.0,6859.285714285715,3893.3723049256305,1,1,0,0
55,1,1169,1,0,0,0,2,1,1500.0,1.0,2005.0,1,22.0,2009.0,0,2015,2,2,6,1,1,0.0,6915.0,7027.571428571428,3921.538680039715,0,0,0,8093
55,2,772,1,1,0,0,2,1,1500.0,1.0,2005.0,1,22.0,2009.0,0,2015,2,3,6,1,5,8093.0,12560.0,6635.714285714285,3375.6252613052166,0,0,0,9817
55,3,351,1,0,0,0,2,1,1500.0,1.0,2005.0,1,22.0,2009.0,0,2015,2,4,6,1,6,9817.0,7735.0,5939.285714285715,3606.0499032545167,0,0,0,2860
55,4,1035,1,0,0,1,2,1,1500.0,1.0,2005.0,1,22.0,2009.0,0,2015,2,5,6,1,4,2860.0,4444.0,6724.142857142857,3818.014467781714,0,0,0,9938
55,5,828,1,0,0,0,2,1,1500.0,1.0,2005.0,1,22.0,2009.0,0,2015,2,6,6,1,0,9938.0,8989.0,6823.714285714285,3895.2326723096503,0,0,0,9686
55,6,754,1,0,0,0,2,1,1500.0,1.0,2005.0,1,22.0,2009.0,0,2015,2,7,6,1,2,9686.0,7372.0,7044.0,3974.2089778973636,1,0,0,8914
55,7,0,0,0,0,0,2,1,1500.0,1.0,2005.0,1,22.0,2009.0,0,2015,2,8,6,1,3,8914.0,0.0,7044.0,3974.2089778973636,1,0,0,0
55,1,814,1,1,0,0,2,1,1500.0,1.0,2005.0,1,22.0,2009.0,0,2015,2,9,7,1,1,0.0,8093.0,6922.571428571428,3949.72589163446,0,0,0,7243
55,2,787,1,1,0,0,2,1,1500.0,1.0,2005.0,1,22.0,2009.0,0,2015,2,10,7,1,5,7243.0,9817.0,6544.571428571428,3748.0176919336477,0,0,0,7171
55,3,377,1,1,0,0,2,1,1500.0,1.0,2005.0,1,22.0,2009.0,0,2015,2,11,7,1,6,7171.0,2860.0,6685.714285714285,3601.8930538577324,0,0,0,3848
55,4,1148,1,1,0,0,2,1,1500.0,1.0,2005.0,1,22.0,2009.0,0,2015,2,12,7,1,4,3848.0,9938.0,6718.571428571428,3637.379911288843,0,0,0,10168
55,5,1189,1,0,0,0,2,1,1500.0,1.0,2005.0,1,22.0,2009.0,0,2015,2,13,7,1,0,10168.0,9686.0,7257.285714285715,4357.990581077696,0,0,0,13457
55,6,1187,1,0,0,1,2,1,1500.0,1.0,2005.0,1,22.0,2009.0,0,2015,2,14,7,1,2,13457.0,8914.0,8002.571428571428,5075.555498568371,1,0,0,14131
55,7,0,0,0,0,0,2,1,1500.0,1.0,2005.0,1,22.0,2009.0,0,2015,2,15,7,1,3,14131.0,0.0,8002.571428571428,5075.555498568371,1,0,0,0
55,1,346,1,0,0,0,2,1,1500.0,1.0,2005.0,1,22.0,2009.0,0,2015,2,16,8,1,1,0.0,7243.0,7409.428571428572,5410.659813650053,0,0,0,3091
55,2,944,1,1,0,0,2,1,1500.0,1.0,2005.0,1,22.0,2009.0,0,2015,2,17,8,1,5,3091.0,7171.0,7586.857142857143,5421.890489136652,0,0,0,8413
55,3,963,1,0,0,0,2,1,1500.0,1.0,2005.0,1,22.0,2009.0,0,2015,2,18,8,1,6,8413.0,3848.0,7892.571428571428,5232.9794208507665,0,0,0,5988
55,4,830,1,0,0,0,2,1,1500.0,1.0,2005.0,1,22.0,2009.0,0,2015,2,19,8,1,4,5988.0,10168.0,7642.428571428572,5147.230512846783,0,0,0,8417
55,5,586,1,1,0,1,2,1,1500.0,1.0,2005.0,1,22.0,2009.0,0,2015,2,20,8,1,0,8417.0,13457.0,6772.714285714285,4470.917009379833,0,0,0,7369
55,6,907,1,0,0,1,2,1,1500.0,1.0,2005.0,1,22.0,2009.0,0,2015,2,21,8,1,2,7369.0,14131.0,5679.142857142857,3095.883687983741,1,0,0,6476
55,7,0,0,0,0,1,2,1,1500.0,1.0,2005.0,1,22.0,2009.0,0,2015,2,22,8,1,3,6476.0,0.0,5679.142857142857,3095.883687983741,1,0,0,0
55,1,1115,1,1,0,0,2,1,1500.0,1.0,2005.0,1,22.0,2009.0,0,2015,2,23,9,1,1,0.0,3091.0,6617.428571428572,3175.0352678956115,0,0,0,9659
55,2,512,1,0,0,0,2,1,1500.0,1.0,2005.0,1,22.0,2009.0,0,2015,2,24,9,1,5,9659.0,8413.0,5917.714285714285,3252.1500433962,0,0,0,3515
55,3,1075,1,1,0,1,2,1,1500.0,1.0,2005.0,1,22.0,2009.0,0,2015,2,25,9,1,6,3515.0,5988.0,6915.857142857143,4208.824001569855,0,0,0,12975
55,4,928,1,1,0,0,2,1,1500.0,1.0,2005.0,1,22.0,2009.0,0,2015,2,26,9,1,4,12975.0,8417.0,6803.714285714285,4172.461212693124,0,0,0,7632
55,5,881,1,1,0,0,2,1,1500.0,1.0,2005.0,1,22.0,2009.0,0,2015,2,27,9,1,0,7632.0,7369.0,7234.714285714285,4390.700237026958,0,0,0,10386
55,6,827,1,0,0,0,2,1,1500.0,1.0,2005.0,1,22.0,2009.0,0,2015,2,28,9,1,2,10386.0,6476.0,7007.714285714285,4476.697134952872,1,0,1,4887
55,7,0,0,0,0,0,2,1,1500.0,1.0,2005.0,1,22.0,2009.0,0,2015,3,1,9,1,3,4887.0,0.0,7007.714285714285,4476.697134952872,1,1,0,0
55,1,963,1,1,0,0,2,1,1500.0,1.0,2005.0,1,22.0,2009.0,0,2015,3,2,10,1,1,0.0,9659.0,7147.285714285715,4587.00489478286,0,0,0,10636
55,2,445,1,0,0,0,2,1,1500.0,1.0,2005.0,1,22.0,2009.0,0,2015,3,3,10,1,5,10636.0,3515.0,7049.285714285715,4683.847197702822,0,0,0,2829
55,3,649,1,0,0,1,2,1,1500.0,1.0,2005.0,1,22.0,2009.0,0,2015,3,4,10,1,6,2829.0,12975.0,6286.428571428572,3932.4687266034666,0,0,0,7635
55,4,860,1,0,0,0,2,1,1500.0,1.0,2005.0,1,22.0,2009.0,0,2015,3,5,10,1,4,7635.0,7632.0,6326.0,3949.6218384380386,0,0,0,7909
55,5,548,1,1,0,0,2,1,1500.0,1.0,2005.0,1,22.0,2009.0,0,2015,3,6,10,1,0,7909.0,10386.0,5662.428571428572,3520.7341022928185,0,0,0,5741
55,6,584,1,0,0,0,2,1,1500.0,1.0,2005.0,1,22.0,2009.0,0,2015,3,7,10,1,2,5741.0,4887.0,5951.857142857143,3529.628612596111,1,0,0,6913
55,7,0,0,0,0,0,2,1,1500.0,1.0,2005.0,1,22.0,2009.0,0,2015,3,8,10,1,3,6913.0,0.0,5951.857142857143,3529.628612596111,1,0,0,0
55,1,1086,1,0,0,0,2,1,1500.0,1.0,2005.0,1,22.0,2009.0,0,2015,3,9,11,1,1,0.0,10636.0,5360.571428571428,2905.693368609453,0,0,0,6497
55,2,865,1,1,0,0,2,1,1500.0,1.0,2005.0,1,22.0,2009.0,0,2015,3,10,11,1,5,6497.0,2829.0,6144.571428571428,2848.606317549155,0,0,0,8317
55,3,509,1,0,0,0,2,1,1500.0,1.0,2005.0,1,22.0,2009.0,0,2015,3,11,11,1,6,8317.0,7635.0,5529.0,2937.056860191848,0,0,0,3326
55,4,1128,1,0,0,0,2,1,1500.0,1.0,2005.0,1,22.0,2009.0,0,2015,3,12,11,1,4,3326.0,7909.0,6190.571428571428,3919.6896500081425,0,0,0,12540
55,5,759,1,1,0,1,2,1,1500.0,1.0,2005.0,1,22.0,2009.0,0,2015,3,13,11,1,0,12540.0,5741.0,6384.285714285715,3927.268419410015,0,0,0,7097
55,6,624,1,0,0,0,2,1,1500.0,1.0,2005.0,1,22.0,2009.0,0,2015,3,14,11,1,2,7097.0,6913.0,6169.428571428572,3934.6563110028155,1,0,0,5409
55,7,0,0,0,0,0,2,1,1500.0,1.0,2005.0,1,22.0,2009.0,0,2015,3,15,11,1,3,5409.0,0.0,6169.428571428572,3934.6563110028155,1,0,0,0
55,1,1097,1,0,0,0,2,1,1500.0,1.0,2005.0,1,22.0,2009.0,0,2015,3,16,12,1,1,0.0,6497.0,6157.857142857143,3933.65137535816,0,0,0,6416
55,2,407,1,0,0,0,2,1,1500.0,1.0,2005.0,1,22.0,2009.0,0,2015,3,17,12,1,5,6416.0,8317.0,5567.428571428572,3865.1358689849803,0,0,0,4184
55,3,513,1,0,0,0,2,1,1500.0,1.0,2005.0,1,22.0,2009.0,0,2015,3,18,12,1,6,4184.0,3326.0,5818.428571428572,3750.673577600999,0,0,0,5083
55,4,733,1,1,0,0,2,1,1500.0,1.0,2005.0,1,22.0,2009.0,0,2015,3,19,12,1,4,5083.0,12540.0,5167.857142857143,2612.835460348992,0,0,0,7986
55,5,1116,1,1,0,0,2,1,1500.0,1.0,2005.0,1,22.0,2009.0,0,2015,3,20,12,1,0,7986.0,7097.0,5507.571428571428,3027.196219669439,0,0,0,9475
55,6,384,1,0,0,0,2,1,1500.0,1.0,2005.0,1,22.0,2009.0,0,2015,3,21,12,1,2,9475.0,5409.0,5087.142857142857,3240.051976361459,1,0,0,2466
55,7,0,0,0,0,0,2,1,1500.0,1.0,2005.0,1,22.0,2009.0,0,2015,3,22,12,1,3,2466.0,0.0,5087.142857142857,3240.051976361459,1,0,0,0
55,1,490,1,0,0,0,2,1,1500.0,1.0,2005.0,1,22.0,2009.0,0,2015,3,23,13,1,1,0.0,6416.0,4776.857142857143,3195.275388683078,0,0,0,4244
55,2,747,1,1,0,0,2,1,1500.0,1.0,2005.0,1,22.0,2009.0,0,2015,3,24,13,1,5,4244.0,4184.0,5166.857142857143,3276.4286669365774,0,0,0,6914
55,3,396,1,1,0,0,2,1,1500.0,1.0,2005.0,1,22.0,2009.0,0,2015,3,25,13,1,6,6914.0,5083.0,5093.285714285715,3284.397900898817,0,0,0,4568
55,4,941,1,0,0,0,2,1,1500.0,1.0,2005.0,1,22.0,2009.0,0,2015,3,26,13,1,4,4568.0,7986.0,4998.428571428572,3195.3091586022792,0,0,0,7322
55,5,508,1,1,0,1,2,1,1500.0,1.0,2005.0,1,22.0,2009.0,0,2015,3,27,13,1,0,7322.0,9475.0,4549.142857142857,2632.501689051144,0,0,0,6330
55,6,949,1,0,0,0,2,1,1500.0,1.0,2005.0,1,22.0,2009.0,0,2015,3,28,13,1,2,6330.0,2466.0,5466.857142857143,2892.189218600758,1,0,0,8890
55,7,0,0,0,0,0,2,1,1500.0,1.0,2005.0,1,22.0,2009.0,0,2015,3,29,13,1,3,8890.0,0.0,5466.857142857143,2892.189218600758,1,0,0,0
55,1,706,1,0,0,1,2,1,1500.0,1.0,2005.0,1,22.0,2009.0,0,2015,3,30,14,1,1,0.0,4244.0,6029.0,2995.464849846624,0,0,0,8179
55,2,564,1,0,0,0,2,1,1500.0,1.0,2005.0,1,22.0,2009.0,0,2015,3,31,14,1,5,8179.0,6914.0,5637.0,3039.568664575067,0,0,1,4170
55,3,535,1,1,0,0,2,1,1500.0,1.0,2005.0,1,22.0,2009.0,0,2015,4,1,14,2,6,4170.0,4568.0,5822.142857142857,3002.8511134459864,0,1,0,5864
55,4,565,1,1,0,1,2,1,1500.0,1.0,2005.0,1,22.0,2009.0,0,2015,4,2,14,2,4,5864.0,7322.0,5934.428571428572,3081.9367210215305,0,0,0,8108
55,5,508,1,1,0,1,2,1,1500.0,1.0,2005.0,1,22.0,2009.0,0,2015,4,3,14,2,0,8108.0,6330.0,5852.857142857143,3077.274899895003,0,0,0,5759
55,6,686,1,0,0,0,2,1,1500.0,1.0,2005.0,1,22.0,2009.0,0,2015,4,4,14,2,2,5759.0,8890.0,5184.857142857143,2803.4435032991955,1,0,0,4214
55,7,0,0,0,0,0,2,1,1500.0,1.0,2005.0,1,22.0,2009.0,0,2015,4,5,14,2,3,4214.0,0.0,5184.857142857143,2803.4435032991955,1,0,0,0
55,1,1093,1,1,0,0,2,1,1500.0,1.0,2005.0,1,22.0,2009.0,0,2015,4,6,15,2,1,0.0,8179.0,4995.571428571428,2605.318781335777,0,0,0,6854
55,2,571,1,0,0,0,2,1,1500.0,1.0,2005.0,1,22.0,2009.0,0,2015,4,7,15,2,5,6854.0,4170.0,5372.571428571428,2656.3812387747125,0,0,0,6809
55,3,1150,1,0,0,0,2,1,1500.0,1.0,2005.0,1,22.0,2009.0,0,2015,4,8,15,2,6,6809.0,5864.0,6303.428571428572,3766.8566850511156,0,0,0,12380
55,4,569,1,0,0,1,2,1,1500.0,1.0,2005.0,1,22.0,2009.0,0,2015,4,9,15,2,4,12380.0,8108.0,5738.571428571428,3747.563112972786,0,0,0,4154
55,5,1199,1,0,0,0,2,1,1500.0,1.0,2005.0,1,22.0,2009.0,0,2015,4,10,15,2,0,4154.0,5759.0,6775.714285714285,4650.088555224359,0,0,0,13019
57,4,833,1,1,0,1,0,1,1500.0,0.0,2012.0,1,10.0,2009.0,2,2015,1,8,2,1,4,5606.0,9341.0,5482.571428571428,2876.3479076277063,0,0,0,5947
57,5,548,1,0,0,0,0,1,1500.0,0.0,2012.0,1,10.0,2009.0,2,2015,1,9,2,1,0,5947.0,5314.0,5204.0,2987.66848897263,0,0,0,3364
57,6,389,1,0,0,0,0,1,1500.0,0.0,2012.0,1,10.0,2009.0,2,2015,1,10,2,1,2,3364.0,4548.0,5075.285714285715,3039.5975454153854,1,0,0,3647
57,7,0,0,0,0,1,0,1,1500.0,0.0,2012.0,1,10.0,2009.0,2,2015,1,11,2,1,3,3647.0,0.0,5075.285714285715,3039.5975454153854,1,0,0,0
57,1,626,1,1,0,0,0,1,1500.0,0.0,2012.0,1,10.0,2009.0,2,2015,1,12,3,1,1,0.0,8001.0,4959.857142857143,2923.085209647016,0,0,0,7193
57,2,671,1,0,0,1,0,1,1500.0,0.0,2012.0,1,10.0,2009.0,2,2015,1,13,3,1,5,7193.0,8962.0,4806.285714285715,2697.297765930791,0,0,0,7887
57,3,525,1,1,0,0,0,1,1500.0,0.0,2012.0,1,10.0,2009.0,2,2015,1,14,3,1,6,7887.0,5606.0,4643.0,2675.324217112136,0,0,0,4463
57,4,709,1,0,0,0,0,1,1500.0,0.0,2012.0,1,10.0,2009.0,2,2015,1,15,3,1,4,4463.0,5947.0,4561.428571428572,2637.374126989624,0,0,0,5376
57,5,1131,1,1,0,0,0,1,1500.0,0.0,2012.0,1,10.0,2009.0,2,2015,1,16,3,1,0,5376.0,3364.0,5312.285714285715,2967.2129299105873,0,0,0,8620
57,6,409,1,0,0,0,0,1,1500.0,0.0,2012.0,1,10.0,2009.0,2,2015,1,17,3,1,2,8620.0,3647.0,5118.428571428572,3133.796571633352,1,0,0,2290
57,7,0,0,0,0,0,0,1,1500.0,0.0,2012.0,1,10.0,2009.0,2,2015,1,18,3,1,3,2290.0,0.0,5118.428571428572,3133.796571633352,1,0,0,0
57,1,839,1,0,0,1,0,1,1500.0,0.0,2012.0,1,10.0,2009.0,2,2015,1,19,4,1,1,0.0,7193.0,4942.285714285715,3030.712166817436,0,0,0,5960
57,2,1075,1,0,0,0,0,1,1500.0,0.0,2012.0,1,10.0,2009.0,2,2015,1,20,4,1,5,5960.0,7887.0,5552.142857142857,3997.377241332598,0,0,0,12156
57,3,305,1,0,0,0,0,1,1500.0,0.0,2012.0,1,10.0,2009.0,2,2015,1,21,4,1,6,12156.0,4463.0,5183.714285714285,4226.760213776257,0,0,0,1884
57,4,1095,1,0,0,0,0,1,1500.0,0.0,2012.0,1,10.0,2009.0,2,2015,1,22,4,1,4,1884.0,5376.0,5754.142857142857,4516.542424929769,0,0,0,9369
57,5,712,1,0,0,0,0,1,1500.0,0.0,2012.0,1,10.0,2009.0,2,2015,1,23,4,1,0,9369.0,8620.0,5466.571428571428,4365.208656988531,0,0,0,6607
57,6,596,1,0,0,0,0,1,1500.0,0.0,2012.0,1,10.0,2009.0,2,2015,1,24,4,1,2,6607.0,2290.0,5869.857142857143,4147.814903800611,1,0,0,5113
57,7,0,0,0,0,0,0,1,1500.0,0.0,2012.0,1,10.0,2009.0,2,2015,1,25,4,1,3,5113.0,0.0,5869.857142857143,4147.814903800611,1,0,0,0
57,1,316,1,0,0,0,0,1,1500.0,0.0,2012.0,1,10.0,2009.0,2,2015,1,26,5,1,1,0.0,5960.0,5467.142857142857,4272.577185905927,0,0,0,3141
57,2,864,1,0,0,0,0,1,1500.0,0.0,2012.0,1,10.0,2009.0,2,2015,1,27,5,1,5,3141.0,12156.0,5012.571428571428,3550.593511754659,0,0,0,8974
57,3,852,1,0,0,1,0,1,1500.0,0.0,2012.0,1,10.0,2009.0,2,2015,1,28,5,1,6,8974.0,1884.0,5952.0,3453.48635439609,0,0,0,8460
57,4,1022,1,0,0,0,0,1,1500.0,0.0,2012.0,1,10.0,2009.0,2,2015,1,29,5,1,4,8460.0,9369.0,5901.857142857143,3397.7020385632904,0,0,0,9018
57,5,702,1,0,0,0,0,1,1500.0,0.0,2012.0,1,10.0,2009.0,2,2015,1,30,5,1,0,9018.0,6607.0,5664.142857142857,3398.3549661844436,0,0,0,4943
57,6,528,1,0,0,0,0,1,1500.0,0.0,2012.0,1,10.0,2009.0,2,2015,1,31,5,1,2,4943.0,5113.0,5485.142857142857,3464.577532137284,1,0,1,3860
57,7,0,0,0,0,1,0,1,1500.0,0.0,2012.0,1,10.0,2009.0,2,2015,2,1,5,1,3,3860.0,0.0,5485.142857142857,3464.577532137284,1,1,0,0
57,1,704,1,1,0,0,0,1,1500.0,0.0,2012.0,1,10.0,2009.0,2,2015,2,2,6,1,1,0.0,3141.0,5712.0,3335.073262563607,0,0,0,4729
57,2,810,1,1,0,0,0,1,1500.0,0.0,2012.0,1,10.0,2009.0,2,2015,2,3,6,1,5,4729.0,8974.0,5515.714285714285,3146.1745403100626,0,0,0,7600
57,3,366,1,0,0,0,0,1,1500.0,0.0,2012.0,1,10.0,2009.0,2,2015,2,4,6,1,6,7600.0,8460.0,4913.571428571428,2880.9243225709606,0,0,0,4245
57,4,1184,1,0,0,1,0,1,1500.0,0.0,2012.0,1,10.0,2009.0,2,2015,2,5,6,1,4,4245.0,9018.0,4769.714285714285,2658.3583727735495,0,0,0,8011
57,5,472,1,1,0,0,0,1,1500.0,0.0,2012.0,1,10.0,2009.0,2,2015,2,6,6,1,0,8011.0,4943.0,4971.0,2726.1451416484283,0,0,0,6352
57,6,896,1,0,0,0,0,1,1500.0,0.0,2012.0,1,10.0,2009.0,2,2015,2,7,6,1,2,6352.0,3860.0,5645.142857142857,2977.5064191686424,1,0,0,8579
57,7,0,0,0,0,0,0,1,1500.0,0.0,2012.0,1,10.0,2009.0,2,2015,2,8,6,1,3,8579.0,0.0,5645.142857142857,2977.5064191686424,1,0,0,0
57,1,722,1,1,0,0,0,1,1500.0,0.0,2012.0,1,10.0,2009.0,2,2015,2,9,7,1,1,0.0,4729.0,6164.571428571428,3105.4503085780675,0,0,0,8365
57,2,985,1,0,0,0,0,1,1500.0,0.0,2012.0,1,10.0,2009.0,2,2015,2,10,7,1,5,8365.0,7600.0,6314.428571428572,3209.819821378496,0,0,0,8649
57,3,583,1,0,0,0,0,1,1500.0,0.0,2012.0,1,10.0,2009.0,2,2015,2,11,7,1,6,8649.0,4245.0,6383.571428571428,3162.679341799863,0,0,0,4729
57,4,431,1,0,0,0,0,1,1500.0,0.0,2012.0,1,10.0,2009.0,2,2015,2,12,7,1,4,4729.0,8011.0,5812.0,3181.029812288257,0,0,0,4010
57,5,582,1,1,0,0,0,1,1500.0,0.0,2012.0,1,10.0,2009.0,2,2015,2,13,7,1,0,4010.0,6352.0,5864.857142857143,3194.5434430484434,0,0,0,6722
57,6,837,1,0,0,0,0,1,1500.0,0.0,2012.0,1,10.0,2009.0,2,2015,2,14,7,1,2,6722.0,8579.0,5505.428571428572,2972.0647624809503,1,0,0,6063
57,7,0,0,0,0,0,0,1,1500.0,0.0,2012.0,1,10.0,2009.0,2,2015,2,15,7,1,3,6063.0,0.0,5505.428571428572,2972.0647624809503,1,0,0,0
57,1,477,1,0,0,0,0,1,1500.0,0.0,2012.0,1,10.0,2009.0,2,2015,2,16,8,1,1,0.0,8365.0,4999.571428571428,2692.4267156317583,0,0,0,4824
57,2,882,1,1,0,0,0,1,1500.0,0.0,2012.0,1,10.0,2009.0,2,2015,2,17,8,1,5,4824.0,8649.0,5276.571428571428,3185.123538009311,0,0,0,10588
57,3,1002,1,0,0,1,0,1,1500.0,0.0,2012.0,1,10.0,2009.0,2,2015,2,18,8,1,6,10588.0,4729.0,6234.857142857143,3917.757369915064,0,0,0,11437
57,4,1062,1,0,0,0,0,1,1500.0,0.0,2012.0,1,10.0,2009.0,2,2015,2,19,8,1,4,11437.0,4010.0,6958.285714285715,3905.9833893777923,0,0,0,9074
57,5,1041,1,1,0,0,0,1,1500.0,0.0,2012.0,1,10.0,2009.0,2,2015,2,20,8,1,0,9074.0,6722.0,7816.428571428572,4465.248886573692,0,0,0,12729
57,6,715,1,0,0,0,0,1,1500.0,0.0,2012.0,1,10.0,2009.0,2,2015,2,21,8,1,2,12729.0,6063.0,7745.0,4501.821853427786,1,0,0,5563
57,7,0,0,0,0,0,0,1,1500.0,0.0,2012.0,1,10.0,2009.0,2,2015,2,22,8,1,3,5563.0,0.0,7745.0,4501.821853427786,1,0,0,0
57,1,387,1,0,0,0,0,1,1500.0,0.0,2012.0,1,10.0,2009.0,2,2015,2,23,9,1,1,0.0,4824.0,7596.857142857143,4629.224176489021,0,0,0,3787
57,2,534,1,1,0,0,0,1,1500.0,0.0,2012.0,1,10.0,2009.0,2,2015,2,24,9,1,5,3787.0,10588.0,6755.428571428572,4529.1412304888745,0,0,0,4698
57,3,565,1,0,0,0,0,1,1500.0,0.0,2012.0,1,10.0,2009.0,2,2015,2,25,9,1,6,4698.0,11437.0,5682.571428571428,4104.965726902919,0,0,0,3927
57,4,622,1,1,0,0,0,1,1500.0,0.0,2012.0,1,10.0,2009.0,2,2015,2,26,9,1,4,3927.0,9074.0,5168.0,3825.2130223906047,0,0,0,5472
57,5,0,0,1,0,1,0,1,1500.0,0.0,2012.0,1,10.0,2009.0,2,2015,2,27,9,1,0,5472.0,12729.0,3349.5714285714284,2386.987421915113,0,0,0,0
57,6,0,0,0,0,0,0,1,1500.0,0.0,2012.0,1,10.0,2009.0,2,2015,2,28,9,1,2,0.0,5563.0,2554.8571428571427,2452.4008935851316,1,0,1,0
57,7,0,0,0,0,0,0,1,1500.0,0.0,2012.0,1,10.0,2009.0,2,2015,3,1,9,1,3,0.0,0.0,2554.8571428571427,2452.4008935851316,1,1,0,0
57,1,565,1,0,0,0,0,1,1500.0,0.0,2012.0,1,10.0,2009.0,2,2015,3,2,10,1,1,0.0,3787.0,2599.1428571428573,2480.991765979313,0,0,0,4097
57,2,386,1,0,0,0,0,1,1500.0,0.0,2012.0,1,10.0,2009.0,2,2015,3,3,10,1,5,4097.0,4698.0,2281.285714285714,2303.4539076703736,0,0,0,2473
57,3,1090,1,1,0,1,0,1,1500.0,0.0,2012.0,1,10.0,2009.0,2,2015,3,4,10,1,6,2473.0,3927.0,3663.285714285714,4897.16733477241,0,0,0,13601
57,4,726,1,1,0,0,0,1,1500.0,0.0,2012.0,1,10.0,2009.0,2,2015,3,5,10,1,4,13601.0,5472.0,3758.714285714286,4944.566166149319,0,0,0,6140
57,5,1038,1,1,0,1,0,1,1500.0,0.0,2012.0,1,10.0,2009.0,2,2015,3,6,10,1,0,6140.0,0.0,5348.857142857143,5310.60559724819,0,0,0,11131
57,6,1180,1,0,0,0,0,1,1500.0,0.0,2012.0,1,10.0,2009.0,2,2015,3,7,10,1,2,11131.0,0.0,7160.285714285715,5344.493418909025,1,0,0,12680
57,7,0,0,0,0,0,0,1,1500.0,0.0,2012.0,1,10.0,2009.0,2,2015,3,8,10,1,3,12680.0,0.0,7160.285714285715,5344.493418909025,1,0,0,0
57,1,996,1,0,0,0,0,1,1500.0,0.0,2012.0,1,10.0,2009.0,2,2015,3,9,11,1,1,0.0,4097.0,8007.714285714285,5247.229672703036,0,0,0,10029
57,2,442,1,0,0,0,0,1,1500.0,0.0,2012.0,1,10.0,2009.0,2,2015,3,10,11,1,5,10029.0,2473.0,8173.714285714285,5057.917743969536,0,0,0,3635
57,3,319,1,0,0,1,0,1,1500.0,0.0,2012.0,1,10.0,2009.0,2,2015,3,11,11,1,6,3635.0,13601.0,6640.857142857143,4755.890783318844,0,0,0,2871
57,4,823,1,1,0,0,0,1,1500.0,0.0,2012.0,1,10.0,2009.0,2,2015,3,12,11,1,4,2871.0,6140.0,7261.571428571428,4958.839846077669,0,0,0,10485
57,5,420,1,1,0,1,0,1,1500.0,0.0,2012.0,1,10.0,2009.0,2,2015,3,13,11,1,0,10485.0,11131.0,6341.857142857143,4712.474878043433,0,0,0,4693
57,6,825,1,0,0,0,0,1,1500.0,0.0,2012.0,1,10.0,2009.0,2,2015,3,14,11,1,2,4693.0,12680.0,5469.571428571428,3825.3578419603587,1,0,0,6574
57,7,0,0,0,0,0,0,1,1500.0,0.0,2012.0,1,10.0,2009.0,2,2015,3,15,11,1,3,6574.0,0.0,5469.571428571428,3825.3578419603587,1,0,0,0
57,1,387,1,0,0,0,0,1,1500.0,0.0,2012.0,1,10.0,2009.0,2,2015,3,16,12,1,1,0.0,10029.0,4370.0,3376.209412936348,0,0,0,2332
57,2,741,1,0,0,1,0,1,1500.0,0.0,2012.0,1,10.0,2009.0,2,2015,3,17,12,1,5,2332.0,3635.0,4960.571428571428,3581.5335103436187,0,0,0,7769
57,3,1015,1,0,0,0,0,1,1500.0,0.0,2012.0,1,10.0,2009.0,2,2015,3,18,12,1,6,7769.0,2871.0,6064.0,3996.2876106039535,0,0,0,10595
57,4,851,1,0,0,0,0,1,1500.0,0.0,2012.0,1,10.0,2009.0,2,2015,3,19,12,1,4,10595.0,10485.0,5880.714285714285,3783.4846246234297,0,0,0,9202
57,5,721,1,0,0,0,0,1,1500.0,0.0,2012.0,1,10.0,2009.0,2,2015,3,20,12,1,0,9202.0,4693.0,5925.0,3769.052135484463,0,0,0,5003
57,6,500,1,0,0,0,0,1,1500.0,0.0,2012.0,1,10.0,2009.0,2,2015,3,21,12,1,2,5003.0,6574.0,5476.285714285715,3864.6684943767905,1,0,0,3433
57,7,0,0,0,0,0,0,1,1500.0,0.0,2012.0,1,10.0,2009.0,2,2015,3,22,12,1,3,3433.0,0.0,5476.285714285715,3864.6684943767905,1,0,0,0
57,1,748,1,1,0,0,0,1,1500.0,0.0,2012.0,1,10.0,2009.0,2,2015,3,23,13,1,1,0.0,2332.0,6104.714285714285,3617.948162254663,0,0,0,6731
57,2,344,1,1,0,1,0,1,1500.0,0.0,2012.0,1,10.0,2009.0,2,2015,3,24,13,1,5,6731.0,7769.0,5518.857142857143,3635.528912853049,0,0,0,3668
57,3,430,1,1,0,0,0,1,1500.0,0.0,2012.0,1,10.0,2009.0,2,2015,3,25,13,1,6,3668.0,10595.0,4825.0,2892.898085542133,0,0,0,5738
57,4,1179,1,1,0,0,0,1,1500.0,0.0,2012.0,1,10.0,2009.0,2,2015,3,26,13,1,4,5738.0,9202.0,5381.142857142857,4026.637614212443,0,0,0,13095
57,5,793,1,0,0,0,0,1,1500.0,0.0,2012.0,1,10.0,2009.0,2,2015,3,27,13,1,0,13095.0,5003.0,5814.0,4140.464144674282,0,0,0,8033
57,6,742,1,0,0,0,0,1,1500.0,0.0,2012.0,1,10.0,2009.0,2,2015,3,28,13,1,2,8033.0,3433.0,6456.142857142857,4057.3813980847053,1,0,0,7928
57,7,0,0,0,0,1,0,1,1500.0,0.0,2012.0,1,10.0,2009.0,2,2015,3,29,13,1,3,7928.0,0.0,6456.142857142857,4057.3813980847053,1,0,0,0
57,1,998,1,1,0,1,0,1,1500.0,0.0,2012.0,1,10.0,2009.0,2,2015,3,30,14,1,1,0.0,6731.0,6793.857142857143,4180.584625327395,0,0,0,9095
57,2,470,1,0,0,0,0,1,1500.0,0.0,2012.0,1,10.0,2009.0,2,2015,3,31,14,1,5,9095.0,3668.0,6665.714285714285,4304.284288716909,0,0,1,2771
57,3,1013,1,1,0,0,0,1,1500.0,0.0,2012.0,1,10.0,2009.0,2,2015,4,1,14,2,6,2771.0,5738.0,6917.857142857143,4292.562188583542,0,1,0,7503
57,4,1123,1,0,0,0,0,1,1500.0,0.0,2012.0,1,10.0,2009.0,2,2015,4,2,14,2,4,7503.0,13095.0,6710.142857142857,3966.642342862596,0,0,0,11641
57,5,734,1,1,0,0,0,1,1500.0,0.0,2012.0,1,10.0,2009.0,2,2015,4,3,14,2,0,11641.0,8033.0,6450.285714285715,3924.8999016656753,0,0,0,6214
57,6,613,1,0,0,0,0,1,1500.0,0.0,2012.0,1,10.0,2009.0,2,2015,4,4,14,2,2,6214.0,7928.0,6056.857142857143,3889.9614149145236,1,0,0,5174
57,7,0,0,0,0,0,0,1,1500.0,0.0,2012.0,1,10.0,2009.0,2,2015,4,5,14,2,3,5174.0,0.0,6056.857142857143,3889.9614149145236,1,0,0,0
57,1,712,1,0,0,1,0,1,1500.0,0.0,2012.0,1,10.0,2009.0,2,2015,4,6,15,2,1,0.0,9095.0,5597.0,3654.0597513815596,0,0,0,5876
57,2,442,1,0,0,0,0,1,1500.0,0.0,2012.0,1,10.0,2009.0,2,2015,4,7,15,2,5,5876.0,2771.0,5863.428571428572,3477.385792859479,0,0,0,4636
57,3,708,1,1,0,0,0,1,1500.0,0.0,2012.0,1,10.0,2009.0,2,2015,4,8,15,2,6,4636.0,7503.0,5561.714285714285,3402.230773785816,0,0,0,5391
57,4,339,1,0,0,0,0,1,1500.0,0.0,2012.0,1,10.0,2009.0,2,2015,4,9,15,2,4,5391.0,11641.0,4387.285714285715,2137.9621694724256,0,0,0,3420
57,5,763,1,0,0,0,0,1,1500.0,0.0,2012.0,1,10.0,2009.0,2,2015,4,10,15,2,0,3420.0,6214.0,4155.857142857143,1989.8167778777554,0,0,0,4594
58,4,814,1,0,0,1,2,1,1500.0,0.0,0.0,1,14.0,2009.0,2,2015,1,8,2,1,4,4474.0,2808.0,6315.142857142857,3344.5786196256686,0,0,0,9755
58,5,786,1,0,0,1,2,1,1500.0,0.0,0.0,1,14.0,2009.0,2,2015,1,9,2,1,0,9755.0,8279.0,6036.857142857143,3233.1267852535275,0,0,0,6331
58,6,396,1,0,0,0,2,1,1500.0,0.0,0.0,1,14.0,2009.0,2,2015,1,10,2,1,2,6331.0,7986.0,5279.428571428572,3320.2725720008216,1,0,0,2684
58,7,0,0,0,0,0,2,1,1500.0,0.0,0.0,1,14.0,2009.0,2,2015,1,11,2,1,3,2684.0,0.0,5279.428571428572,3320.272572000822,1,0,0,0
58,1,973,1,0,0,0,2,1,1500.0,0.0,0.0,1,14.0,2009.0,2,2015,1,12,3,1,1,0.0,5310.0,5343.142857142857,3325.232544678714,0,0,0,5756
58,2,390,1,1,0,0,2,1,1500.0,0.0,0.0,1,14.0,2009.0,2,2015,1,13,3,1,5,5756.0,8402.0,4526.428571428572,3145.975993611673,0,0,0,2685
58,3,1156,1,1,0,0,2,1,1500.0,0.0,0.0,1,14.0,2009.0,2,2015,1,14,3,1,6,2685.0,4474.0,5277.285714285715,3708.3440021248352,0,0,0,9730
58,4,1180,1,0,0,0,2,1,1500.0,0.0,0.0,1,14.0,2009.0,2,2015,1,15,3,1,4,9730.0,9755.0,5331.428571428572,3786.5577973115574,0,0,0,10134
58,5,766,1,1,0,0,2,1,1500.0,0.0,0.0,1,14.0,2009.0,2,2015,1,16,3,1,0,10134.0,6331.0,5321.428571428572,3783.569296186819,0,0,0,6261
58,6,543,1,0,0,0,2,1,1500.0,0.0,0.0,1,14.0,2009.0,2,2015,1,17,3,1,2,6261.0,2684.0,5574.285714285715,3634.1258790473817,1,0,0,4454
58,7,0,0,0,0,0,2,1,1500.0,0.0,0.0,1,14.0,2009.0,2,2015,1,18,3,1,3,4454.0,0.0,5574.285714285715,3634.1258790473817,1,0,0,0
58,1,506,1,1,0,0,2,1,1500.0,0.0,0.0,1,14.0,2009.0,2,2015,1,19,4,1,1,0.0,5756.0,5455.857142857143,3640.718950453396,0,0,0,4927
58,2,1124,1,1,0,1,2,1,1500.0,0.0,0.0,1,14.0,2009.0,2,2015,1,20,4,1,5,4927.0,2685.0,6931.142857142857,4353.377555744176,0,0,0,13012
58,3,855,1,1,0,0,2,1,1500.0,0.0,0.0,1,14.0,2009.0,2,2015,1,21,4,1,6,13012.0,9730.0,7076.714285714285,4477.824461137562,0,0,0,10749
58,4,1151,1,1,0,0,2,1,1500.0,0.0,0.0,1,14.0,2009.0,2,2015,1,22,4,1,4,10749.0,10134.0,7510.285714285715,4945.680462595135,0,0,0,13169
58,5,1139,1,0,0,0,2,1,1500.0,0.0,0.0,1,14.0,2009.0,2,2015,1,23,4,1,0,13169.0,6261.0,8474.714285714286,5306.534013656676,0,0,0,13012
58,6,738,1,0,0,0,2,1,1500.0,0.0,0.0,1,14.0,2009.0,2,2015,1,24,4,1,2,13012.0,4454.0,8422.142857142857,5354.610830196451,1,0,0,4086
58,7,0,0,0,0,0,2,1,1500.0,0.0,0.0,1,14.0,2009.0,2,2015,1,25,4,1,3,4086.0,0.0,8422.142857142857,5354.610830196451,1,0,0,0
58,1,415,1,0,0,1,2,1,1500.0,0.0,0.0,1,14.0,2009.0,2,2015,1,26,5,1,1,0.0,4927.0,8127.285714285715,5628.95199583622,0,0,0,2863
58,2,478,1,1,0,0,2,1,1500.0,0.0,0.0,1,14.0,2009.0,2,2015,1,27,5,1,5,2863.0,13012.0,6910.571428571428,5308.498119592234,0,0,0,4495
58,3,755,1,0,0,0,2,1,1500.0,0.0,0.0,1,14.0,2009.0,2,2015,1,28,5,1,6,4495.0,10749.0,6030.0,5071.617427737756,0,0,0,4585
58,4,706,1,1,0,0,2,1,1500.0,0.0,0.0,1,14.0,2009.0,2,2015,1,29,5,1,4,4585.0,13169.0,5457.142857142857,4298.371452405799,0,0,0,9159
58,5,596,1,0,0,0,2,1,1500.0,0.0,0.0,1,14.0,2009.0,2,2015,1,30,5,1,0,9159.0,13012.0,4313.0,2733.219164282293,0,0,0,5003
58,6,573,1,0,0,0,2,1,1500.0,0.0,0.0,1,14.0,2009.0,2,2015,1,31,5,1,2,5003.0,4086.0,4667.714285714285,2857.1598201877396,1,0,1,6569
58,7,0,0,0,0,0,2,1,1500.0,0.0,0.0,1,14.0,2009.0,2,2015,2,1,5,1,3,6569.0,0.0,4667.714285714285,2857.1598201877396,1,1,0,0
58,1,690,1,1,0,1,2,1,1500.0,0.0,0.0,1,14.0,2009.0,2,2015,2,2,6,1,1,0.0,2863.0,5179.571428571428,2800.3421134534524,0,0,0,6446
58,2,377,1,0,0,0,2,1,1500.0,0.0,0.0,1,14.0,2009.0,2,2015,2,3,6,1,5,6446.0,4495.0,5025.0,2873.336794274791,0,0,0,3413
58,3,322,1,1,0,0,2,1,1500.0,0.0,0.0,1,14.0,2009.0,2,2015,2,4,6,1,6,3413.0,4585.0,4957.428571428572,2890.9166284036887,0,0,0,4112
58,4,1036,1,0,0,0,2,1,1500.0,0.0,0.0,1,14.0,2009.0,2,2015,2,5,6,1,4,4112.0,9159.0,5048.142857142857,3050.3008282556557,0,0,0,9794
58,5,466,1,0,0,0,2,1,1500.0,0.0,0.0,1,14.0,2009.0,2,2015,2,6,6,1,0,9794.0,5003.0,4938.714285714285,3065.890393468413,0,0,0,4237
58,6,762,1,0,0,0,2,1,1500.0,0.0,0.0,1,14.0,2009.0,2,2015,2,7,6,1,2,4237.0,6569.0,4792.0,2998.7094446333626,1,0,0,5542
58,7,0,0,0,0,0,2,1,1500.0,0.0,0.0,1,14.0,2009.0,2,2015,2,8,6,1,3,5542.0,0.0,4792.0,2998.7094446333626,1,0,0,0
58,1,973,1,0,0,0,2,1,1500.0,0.0,0.0,1,14.0,2009.0,2,2015,2,9,7,1,1,0.0,6446.0,4762.142857142857,2980.4814727697617,0,0,0,6237
58,2,549,1,0,0,1,2,1,1500.0,0.0,0.0,1,14.0,2009.0,2,2015,2,10,7,1,5,6237.0,3413.0,5209.0,2978.9818171091047,0,0,0,6541
58,3,639,1,0,0,0,2,1,1500.0,0.0,0.0,1,14.0,2009.0,2,2015,2,11,7,1,6,6541.0,4112.0,5624.857142857143,3003.404258979656,0,0,0,7023
58,4,559,1,1,0,0,2,1,1500.0,0.0,0.0,1,14.0,2009.0,2,2015,2,12,7,1,4,7023.0,9794.0,5194.714285714285,2476.1194582306744,0,0,0,6783
58,5,827,1,1,0,0,2,1,1500.0,0.0,0.0,1,14.0,2009.0,2,2015,2,13,7,1,0,6783.0,4237.0,5739.714285714285,2644.3239661764646,0,0,0,8052
58,6,926,1,0,0,0,2,1,1500.0,0.0,0.0,1,14.0,2009.0,2,2015,2,14,7,1,2,8052.0,5542.0,5939.285714285715,2679.3994796275824,1,0,0,6939
58,7,0,0,0,0,0,2,1,1500.0,0.0,0.0,1,14.0,2009.0,2,2015,2,15,7,1,3,6939.0,0.0,5939.285714285715,2679.3994796275824,1,0,0,0
58,1,759,1,1,0,0,2,1,1500.0,0.0,0.0,1,14.0,2009.0,2,2015,2,16,8,1,1,0.0,6237.0,6213.285714285715,2809.8135593122947,0,0,0,8155
58,2,979,1,1,0,0,2,1,1500.0,0.0,0.0,1,14.0,2009.0,2,2015,2,17,8,1,5,8155.0,6541.0,6561.0,3001.2121440067044,0,0,0,8975
58,3,338,1,0,0,0,2,1,1500.0,0.0,0.0,1,14.0,2009.0,2,2015,2,18,8,1,6,8975.0,7023.0,6035.142857142857,3221.1923997474087,0,0,0,3342
58,4,501,1,1,0,0,2,1,1500.0,0.0,0.0,1,14.0,2009.0,2,2015,2,19,8,1,4,3342.0,6783.0,6027.857142857143,3219.2760795232316,0,0,0,6732
58,5,1105,1,1,0,0,2,1,1500.0,0.0,0.0,1,14.0,2009.0,2,2015,2,20,8,1,0,6732.0,8052.0,6310.142857142857,3500.681430263323,0,0,0,10028
58,6,677,1,0,0,1,2,1,1500.0,0.0,0.0,1,14.0,2009.0,2,2015,2,21,8,1,2,10028.0,6939.0,6325.714285714285,3504.1855313460824,1,0,0,7048
58,7,0,0,0,0,0,2,1,1500.0,0.0,0.0,1,14.0,2009.0,2,2015,2,22,8,1,3,7048.0,0.0,6325.714285714285,3504.1855313460824,1,0,0,0
58,1,740,1,0,0,0,2,1,1500.0,0.0,0.0,1,14.0,2009.0,2,2015,2,23,9,1,1,0.0,8155.0,5946.428571428572,3415.757888431343,0,0,0,5500
58,2,955,1,0,0,1,2,1,1500.0,0.0,0.0,1,14.0,2009.0,2,2015,2,24,9,1,5,5500.0,8975.0,5484.0,3145.8631036118954,0,0,0,5738
58,3,673,1,0,0,0,2,1,1500.0,0.0,0.0,1,14.0,2009.0,2,2015,2,25,9,1,6,5738.0,3342.0,5922.0,3008.361458778958,0,0,0,6408
58,4,782,1,0,0,0,2,1,1500.0,0.0,0.0,1,14.0,2009.0,2,2015,2,26,9,1,4,6408.0,6732.0,6272.857142857143,3251.932319333199,0,0,0,9188
58,5,760,1,0,0,1,2,1,1500.0,0.0,0.0,1,14.0,2009.0,2,2015,2,27,9,1,0,9188.0,10028.0,5971.857142857143,2927.782233965464,0,0,0,7921
58,6,352,1,0,0,1,2,1,1500.0,0.0,0.0,1,14.0,2009.0,2,2015,2,28,9,1,2,7921.0,7048.0,5292.857142857143,3177.1412951777593,1,0,1,2295
58,7,0,0,0,0,0,2,1,1500.0,0.0,0.0,1,14.0,2009.0,2,2015,3,1,9,1,3,2295.0,0.0,5292.857142857143,3177.1412951777593,1,1,0,0
58,1,413,1,0,0,0,2,1,1500.0,0.0,0.0,1,14.0,2009.0,2,2015,3,2,10,1,1,0.0,5500.0,5146.142857142857,3189.6693364971984,0,0,0,4473
58,2,412,1,1,0,1,2,1,1500.0,0.0,0.0,1,14.0,2009.0,2,2015,3,3,10,1,5,4473.0,5738.0,4911.428571428572,3199.2945502169105,0,0,0,4095
58,3,948,1,1,0,0,2,1,1500.0,0.0,0.0,1,14.0,2009.0,2,2015,3,4,10,1,6,4095.0,6408.0,5575.428571428572,3954.800326065478,0,0,0,11056
58,4,786,1,0,0,1,2,1,1500.0,0.0,0.0,1,14.0,2009.0,2,2015,3,5,10,1,4,11056.0,9188.0,5162.857142857143,3654.346700783029,0,0,0,6300
58,5,616,1,0,0,1,2,1,1500.0,0.0,0.0,1,14.0,2009.0,2,2015,3,6,10,1,0,6300.0,7921.0,4592.857142857143,3458.3550727945526,0,0,0,3931
58,6,925,1,0,0,0,2,1,1500.0,0.0,0.0,1,14.0,2009.0,2,2015,3,7,10,1,2,3931.0,2295.0,5744.0,3881.247823402502,1,0,0,10353
58,7,0,0,0,0,0,2,1,1500.0,0.0,0.0,1,14.0,2009.0,2,2015,3,8,10,1,3,10353.0,0.0,5744.0,3881.247823402502,1,0,0,0
58,1,628,1,0,0,0,2,1,1500.0,0.0,0.0,1,14.0,2009.0,2,2015,3,9,11,1,1,0.0,4473.0,5808.428571428572,3860.319712888335,0,0,0,4924
58,2,687,1,0,0,0,2,1,1500.0,0.0,0.0,1,14.0,2009.0,2,2015,3,10,11,1,5,4924.0,4095.0,6058.285714285715,3786.8376742908536,0,0,0,5844
58,3,618,1,1,0,0,2,1,1500.0,0.0,0.0,1,14.0,2009.0,2,2015,3,11,11,1,6,5844.0,11056.0,5428.857142857143,3126.2478270588963,0,0,0,6650
58,4,677,1,1,0,0,2,1,1500.0,0.0,0.0,1,14.0,2009.0,2,2015,3,12,11,1,4,6650.0,6300.0,5521.571428571428,3165.762828405546,0,0,0,6949
58,5,1169,1,1,0,0,2,1,1500.0,0.0,0.0,1,14.0,2009.0,2,2015,3,13,11,1,0,6949.0,3931.0,6938.142857142857,4337.211985771942,0,0,0,13847
58,6,517,1,0,0,0,2,1,1500.0,0.0,0.0,1,14.0,2009.0,2,2015,3,14,11,1,2,13847.0,10353.0,6220.285714285715,4086.410923793057,1,0,0,5328
58,7,0,0,0,0,0,2,1,1500.0,0.0,0.0,1,14.0,2009.0,2,2015,3,15,11,1,3,5328.0,0.0,6220.285714285715,4086.410923793057,1,0,0,0
58,1,577,1,1,0,0,2,1,1500.0,0.0,0.0,1,14.0,2009.0,2,2015,3,16,12,1,1,0.0,4924.0,6283.142857142857,4066.483674649446,0,0,0,5364
58,2,837,1,0,0,1,2,1,1500.0,0.0,0.0,1,14.0,2009.0,2,2015,3,17,12,1,5,5364.0,5844.0,6728.571428571428,4179.559779735293,0,0,0,8962
58,3,1073,1,1,0,0,2,1,1500.0,0.0,0.0,1,14.0,2009.0,2,2015,3,18,12,1,6,8962.0,6650.0,7365.142857142857,4493.170092060887,0,0,0,11106
58,4,1116,1,0,0,1,2,1,1500.0,0.0,0.0,1,14.0,2009.0,2,2015,3,19,12,1,4,11106.0,6949.0,8050.857142857143,4776.418896641126,0,0,0,11749
58,5,1170,1,0,0,0,2,1,1500.0,0.0,0.0,1,14.0,2009.0,2,2015,3,20,12,1,0,11749.0,13847.0,8017.428571428572,4729.682930075501,0,0,0,13613
58,6,1130,1,0,0,0,2,1,1500.0,0.0,0.0,1,14.0,2009.0,2,2015,3,21,12,1,2,13613.0,5328.0,8829.57142857143,4678.724785563643,1,0,0,11013
58,7,0,0,0,0,0,2,1,1500.0,0.0,0.0,1,14.0,2009.0,2,2015,3,22,12,1,3,11013.0,0.0,8829.57142857143,4678.724785563643,1,0,0,0
58,1,874,1,0,0,0,2,1,1500.0,0.0,0.0,1,14.0,2009.0,2,2015,3,23,13,1,1,0.0,5364.0,9392.142857142857,4422.299380359016,0,0,0,9302
58,2,917,1,0,0,1,2,1,1500.0,0.0,0.0,1,14.0,2009.0,2,2015,3,24,13,1,5,9302.0,8962.0,9260.142857142857,4450.975601991516,0,0,0,8038
58,3,702,1,0,0,1,2,1,1500.0,0.0,0.0,1,14.0,2009.0,2,2015,3,25,13,1,6,8038.0,11106.0,8584.0,4483.215438350761,0,0,0,6373
58,4,908,1,1,0,1,2,1,1500.0,0.0,0.0,1,14.0,2009.0,2,2015,3,26,13,1,4,6373.0,11749.0,8493.57142857143,4414.594766496795,0,0,0,11116
58,5,461,1,0,0,1,2,1,1500.0,0.0,0.0,1,14.0,2009.0,2,2015,3,27,13,1,0,11116.0,13613.0,7096.0,4057.909765712716,0,0,0,3830
58,6,902,1,0,0,0,2,1,1500.0,0.0,0.0,1,14.0,2009.0,2,2015,3,28,13,1,2,3830.0,11013.0,7012.571428571428,3968.98533872923,1,0,0,10429
58,7,0,0,0,0,0,2,1,1500.0,0.0,0.0,1,14.0,2009.0,2,2015,3,29,13,1,3,10429.0,0.0,7012.571428571428,3968.98533872923,1,0,0,0
58,1,732,1,1,0,0,2,1,1500.0,0.0,0.0,1,14.0,2009.0,2,2015,3,30,14,1,1,0.0,9302.0,6998.285714285715,3959.5402390633517,0,0,0,9202
58,2,322,1,0,0,1,2,1,1500.0,0.0,0.0,1,14.0,2009.0,2,2015,3,31,14,1,5,9202.0,8038.0,6350.428571428572,4128.473037219402,0,0,1,3503
58,3,958,1,0,0,0,2,1,1500.0,0.0,0.0,1,14.0,2009.0,2,2015,4,1,14,2,6,3503.0,6373.0,6567.0,4169.414587205255,0,1,0,7889
58,4,600,1,1,0,0,2,1,1500.0,0.0,0.0,1,14.0,2009.0,2,2015,4,2,14,2,4,7889.0,11116.0,6002.857142857143,3691.0456255001486,0,0,0,7167
58,5,307,1,0,0,0,2,1,1500.0,0.0,0.0,1,14.0,2009.0,2,2015,4,3,14,2,0,7167.0,3830.0,5911.0,3761.4621713725423,0,0,0,3187
58,6,907,1,0,0,0,2,1,1500.0,0.0,0.0,1,14.0,2009.0,2,2015,4,4,14,2,2,3187.0,10429.0,5438.857142857143,3275.927320549678,1,0,0,7124
58,7,0,0,0,0,0,2,1,1500.0,0.0,0.0,1,14.0,2009.0,2,2015,4,5,14,2,3,7124.0,0.0,5438.857142857143,3275.927320549678,1,0,0,0
58,1,414,1,1,0,0,2,1,1500.0,0.0,0.0,1,14.0,2009.0,2,2015,4,6,15,2,1,0.0,9202.0,4709.285714285715,2837.5160918360557,0,0,0,4095
58,2,1033,1,1,0,1,2,1,1500.0,0.0,0.0,1,14.0,2009.0,2,2015,4,7,15,2,5,4095.0,3503.0,6179.714285714285,4364.384558151188,0,0,0,13796
58,3,536,1,0,0,0,2,1,1500.0,0.0,0.0,1,14.0,2009.0,2,2015,4,8,15,2,6,13796.0,7889.0,5511.428571428572,4416.870719455227,0,0,0,3211
58,4,786,1,1,0,1,2,1,1500.0,0.0,0.0,1,14.0,2009.0,2,2015,4,9,15,2,4,3211.0,7167.0,5926.0,4723.697986394414,0,0,0,10069
58,5,943,1,1,0,0,2,1,1500.0,0.0,0.0,1,14.0,2009.0,2,2015,4,10,15,2,0,10069.0,3187.0,6666.714285714285,4628.176880597283,0,0,0,8372
60,4,555,1,0,0,0,0,0,1500.0,11.0,0.0,1,31.0,2011.0,0,2015,1,8,2,1,4,2663.0,7574.0,4462.0,4128.60916855382,0,0,0,6360
60,5,413,1,1,0,0,0,0,1500.0,11.0,0.0,1,31.0,2011.0,0,2015,1,9,2,1,0,6360.0,7010.0,4159.714285714285,3985.9579657545196,0,0,0,4894
60,6,583,1,0,0,0,0,0,1500.0,11.0,0.0,1,31.0,2011.0,0,2015,1,10,2,1,2,4894.0,11436.0,3094.4285714285716,2396.9304576995187,1,0,0,3979
60,7,0,0,0,0,0,0,0,1500.0,11.0,0.0,1,31.0,2011.0,0,2015,1,11,2,1,3,3979.0,0.0,3094.4285714285716,2396.9304576995187,1,0,0,0
60,1,715,1,1,0,0,0,0,1500.0,11.0,0.0,1,31.0,2011.0,0,2015,1,12,3,1,1,0.0,3765.0,3364.5714285714284,2584.3373010724217,0,0,0,5656
60,2,473,1,1,0,0,0,0,1500.0,11.0,0.0,1,31.0,2011.0,0,2015,1,13,3,1,5,5656.0,0.0,4249.714285714285,2283.458540188962,0,0,0,6196
60,3,613,1,1,0,0,0,0,1500.0,11.0,0.0,1,31.0,2011.0,0,2015,1,14,3,1,6,6196.0,2663.0,4633.428571428572,2196.4064482044955,0,0,0,5349
60,4,844,1,0,0,0,0,0,1500.0,11.0,0.0,1,31.0,2011.0,0,2015,1,15,3,1,4,5349.0,6360.0,4986.142857142857,2667.587138756135,0,0,0,8829
60,5,532,1,1,0,1,0,0,1500.0,11.0,0.0,1,31.0,2011.0,0,2015,1,16,3,1,0,8829.0,4894.0,4942.285714285715,2671.8747297410055,0,0,0,4587
60,6,918,1,0,0,0,0,0,1500.0,11.0,0.0,1,31.0,2011.0,0,2015,1,17,3,1,2,4587.0,3979.0,5900.571428571428,3378.341055268737,1,0,0,10687
60,7,0,0,0,0,1,0,0,1500.0,11.0,0.0,1,31.0,2011.0,0,2015,1,18,3,1,3,10687.0,0.0,5900.571428571428,3378.341055268737,1,0,0,0
60,1,0,0,0,0,0,0,0,1500.0,11.0,0.0,1,31.0,2011.0,0,2015,1,19,4,1,1,0.0,5656.0,5092.571428571428,4055.1615198880736,0,0,0,0
60,2,642,1,0,0,0,0,0,1500.0,11.0,0.0,1,31.0,2011.0,0,2015,1,20,4,1,5,0.0,6196.0,4715.0,4058.3414921204776,0,0,0,3553
60,3,565,1,0,0,0,0,0,1500.0,11.0,0.0,1,31.0,2011.0,0,2015,1,21,4,1,6,3553.0,5349.0,4594.142857142857,4048.9001975257192,0,0,0,4503
60,4,1091,1,1,0,1,0,0,1500.0,11.0,0.0,1,31.0,2011.0,0,2015,1,22,4,1,4,4503.0,8829.0,4891.571428571428,4466.747133248193,0,0,0,10911
60,5,484,1,1,0,1,0,0,1500.0,11.0,0.0,1,31.0,2011.0,0,2015,1,23,4,1,0,10911.0,4587.0,4864.142857142857,4469.517737913544,0,0,0,4395
60,6,349,1,0,0,0,0,0,1500.0,11.0,0.0,1,31.0,2011.0,0,2015,1,24,4,1,2,4395.0,10687.0,3820.0,3663.578578384801,1,0,0,3378
60,7,0,0,0,0,0,0,0,1500.0,11.0,0.0,1,31.0,2011.0,0,2015,1,25,4,1,3,3378.0,0.0,3820.0,3663.578578384801,1,0,0,0
60,1,1103,1,0,0,0,0,0,1500.0,11.0,0.0,1,31.0,2011.0,0,2015,1,26,5,1,1,0.0,0.0,5085.142857142857,3653.6657130691556,0,0,0,8856
60,2,545,1,0,0,0,0,0,1500.0,11.0,0.0,1,31.0,2011.0,0,2015,1,27,5,1,5,8856.0,3553.0,5204.0,3608.7737529526557,0,0,0,4385
60,3,1064,1,0,0,1,0,0,1500.0,11.0,0.0,1,31.0,2011.0,0,2015,1,28,5,1,6,4385.0,4503.0,6180.0,4253.806452265233,0,0,0,11335
60,4,963,1,0,0,1,0,0,1500.0,11.0,0.0,1,31.0,2011.0,0,2015,1,29,5,1,4,11335.0,10911.0,5408.142857142857,3707.3821594476162,0,0,0,5508
60,5,623,1,1,0,0,0,0,1500.0,11.0,0.0,1,31.0,2011.0,0,2015,1,30,5,1,0,5508.0,4395.0,5804.142857142857,3729.108536391837,0,0,0,7167
60,6,844,1,0,0,0,0,0,1500.0,11.0,0.0,1,31.0,2011.0,0,2015,1,31,5,1,2,7167.0,3378.0,6601.571428571428,3720.652310959412,1,0,1,8960
60,7,0,0,0,0,0,0,0,1500.0,11.0,0.0,1,31.0,2011.0,0,2015,2,1,5,1,3,8960.0,0.0,6601.571428571428,3720.652310959412,1,1,0,0
60,1,495,1,0,0,0,0,0,1500.0,11.0,0.0,1,31.0,2011.0,0,2015,2,2,6,1,1,0.0,8856.0,5803.428571428572,3755.5266322733323,0,0,0,3269
60,2,0,0,0,0,1,0,0,1500.0,11.0,0.0,1,31.0,2011.0,0,2015,2,3,6,1,5,3269.0,4385.0,5177.0,4350.188425037854,0,0,0,0
60,3,730,1,0,0,0,0,0,1500.0,11.0,0.0,1,31.0,2011.0,0,2015,2,4,6,1,6,0.0,11335.0,4445.571428571428,3487.03316383918,0,0,0,6215
60,4,978,1,1,0,1,0,0,1500.0,11.0,0.0,1,31.0,2011.0,0,2015,2,5,6,1,4,6215.0,5508.0,4681.571428571428,3624.1297280470358,0,0,0,7160
60,5,549,1,1,0,0,0,0,1500.0,11.0,0.0,1,31.0,2011.0,0,2015,2,6,6,1,0,7160.0,7167.0,4345.142857142857,3460.569915903613,0,0,0,4812
60,6,914,1,0,0,0,0,0,1500.0,11.0,0.0,1,31.0,2011.0,0,2015,2,7,6,1,2,4812.0,8960.0,4163.857142857143,3202.110420153737,1,0,0,7691
60,7,0,0,0,0,1,0,0,1500.0,11.0,0.0,1,31.0,2011.0,0,2015,2,8,6,1,3,7691.0,0.0,4163.857142857143,3202.110420153737,1,0,0,0
60,1,569,1,0,0,0,0,0,1500.0,11.0,0.0,1,31.0,2011.0,0,2015,2,9,7,1,1,0.0,3269.0,4440.428571428572,3195.5394357939444,0,0,0,5205
60,2,1157,1,1,0,1,0,0,1500.0,11.0,0.0,1,31.0,2011.0,0,2015,2,10,7,1,5,5205.0,0.0,6080.428571428572,3470.8258794866497,0,0,0,11480
60,3,672,1,0,0,0,0,0,1500.0,11.0,0.0,1,31.0,2011.0,0,2015,2,11,7,1,6,11480.0,6215.0,6165.142857142857,3481.8771004814525,0,0,0,6808
60,4,464,1,0,0,0,0,0,1500.0,11.0,0.0,1,31.0,2011.0,0,2015,2,12,7,1,4,6808.0,7160.0,5750.571428571428,3516.275864089867,0,0,0,4258
60,5,1029,1,0,0,0,0,0,1500.0,11.0,0.0,1,31.0,2011.0,0,2015,2,13,7,1,0,4258.0,4812.0,6058.428571428572,3514.743369348741,0,0,0,6967
60,6,983,1,0,0,0,0,0,1500.0,11.0,0.0,1,31.0,2011.0,0,2015,2,14,7,1,2,6967.0,7691.0,5977.142857142857,3477.0717770643064,1,0,0,7122
60,7,0,0,0,0,0,0,0,1500.0,11.0,0.0,1,31.0,2011.0,0,2015,2,15,7,1,3,7122.0,0.0,5977.142857142857,3477.0717770643064,1,0,0,0
60,1,606,1,1,0,0,0,0,1500.0,11.0,0.0,1,31.0,2011.0,0,2015,2,16,8,1,1,0.0,5205.0,5876.428571428572,3513.187339968405,0,0,0,4500
60,2,674,1,0,0,0,0,0,1500.0,11.0,0.0,1,31.0,2011.0,0,2015,2,17,8,1,5,4500.0,11480.0,5126.285714285715,2544.2813467516844,0,0,0,6229
60,3,1191,1,1,0,0,0,0,1500.0,11.0,0.0,1,31.0,2011.0,0,2015,2,18,8,1,6,6229.0,6808.0,5687.285714285715,3298.14774857473,0,0,0,10735
60,4,744,1,1,0,0,0,0,1500.0,11.0,0.0,1,31.0,2011.0,0,2015,2,19,8,1,4,10735.0,4258.0,5925.285714285715,3237.3687728506557,0,0,0,5924
60,5,504,1,0,0,0,0,0,1500.0,11.0,0.0,1,31.0,2011.0,0,2015,2,20,8,1,0,5924.0,6967.0,5436.142857142857,3311.5613351092366,0,0,0,3543
60,6,647,1,0,0,0,0,0,1500.0,11.0,0.0,1,31.0,2011.0,0,2015,2,21,8,1,2,3543.0,7122.0,5105.285714285715,3229.7402224887837,1,0,0,4806
60,7,0,0,0,0,0,0,0,1500.0,11.0,0.0,1,31.0,2011.0,0,2015,2,22,8,1,3,4806.0,0.0,5105.285714285715,3229.7402224887837,1,0,0,0
60,1,992,1,0,0,0,0,0,1500.0,11.0,0.0,1,31.0,2011.0,0,2015,2,23,9,1,1,0.0,4500.0,5601.285714285715,3384.201024086566,0,0,0,7972
60,2,1161,1,0,0,0,0,0,1500.0,11.0,0.0,1,31.0,2011.0,0,2015,2,24,9,1,5,7972.0,6229.0,6536.285714285715,4352.22413310274,0,0,0,12774
60,3,724,1,0,0,0,0,0,1500.0,11.0,0.0,1,31.0,2011.0,0,2015,2,25,9,1,6,12774.0,10735.0,5733.857142857143,3948.12657803552,0,0,0,5118
60,4,858,1,0,0,0,0,0,1500.0,11.0,0.0,1,31.0,2011.0,0,2015,2,26,9,1,4,5118.0,5924.0,6009.714285714285,4030.2322809107704,0,0,0,7855
60,5,515,1,1,0,0,0,0,1500.0,11.0,0.0,1,31.0,2011.0,0,2015,2,27,9,1,0,7855.0,3543.0,6353.0,3884.822990390509,0,0,0,5946
60,6,454,1,0,0,0,0,0,1500.0,11.0,0.0,1,31.0,2011.0,0,2015,2,28,9,1,2,5946.0,4806.0,6214.571428571428,3965.560231843786,1,0,1,3837
60,7,0,0,0,0,1,0,0,1500.0,11.0,0.0,1,31.0,2011.0,0,2015,3,1,9,1,3,3837.0,0.0,6214.571428571428,3965.560231843786,1,1,0,0
60,1,571,1,0,0,0,0,0,1500.0,11.0,0.0,1,31.0,2011.0,0,2015,3,2,10,1,1,0.0,7972.0,5529.285714285715,4025.277038676373,0,0,0,3175
60,2,532,1,0,0,0,0,0,1500.0,11.0,0.0,1,31.0,2011.0,0,2015,3,3,10,1,5,3175.0,12774.0,4579.428571428572,2541.997958112401,0,0,0,6125
60,3,703,1,0,0,0,0,0,1500.0,11.0,0.0,1,31.0,2011.0,0,2015,3,4,10,1,6,6125.0,5118.0,4854.571428571428,2708.7712378581577,0,0,0,7044
60,4,832,1,0,0,0,0,0,1500.0,11.0,0.0,1,31.0,2011.0,0,2015,3,5,10,1,4,7044.0,7855.0,4912.285714285715,2786.5419258934367,0,0,0,8259
60,5,881,1,1,0,0,0,0,1500.0,11.0,0.0,1,31.0,2011.0,0,2015,3,6,10,1,0,8259.0,5946.0,4984.714285714285,2824.222885106964,0,0,0,6453
60,6,513,1,0,0,0,0,0,1500.0,11.0,0.0,1,31.0,2011.0,0,2015,3,7,10,1,2,6453.0,3837.0,4911.0,2865.602612598846,1,0,0,3321
60,7,0,0,0,0,1,0,0,1500.0,11.0,0.0,1,31.0,2011.0,0,2015,3,8,10,1,3,3321.0,0.0,4911.0,2865.602612598846,1,0,0,0
60,1,1187,1,0,0,1,0,0,1500.0,11.0,0.0,1,31.0,2011.0,0,2015,3,9,11,1,1,0.0,3175.0,6162.0,3754.903638355229,0,0,0,11932
60,2,496,1,0,0,0,0,0,1500.0,11.0,0.0,1,31.0,2011.0,0,2015,3,10,11,1,5,11932.0,6125.0,6049.428571428572,3767.98703364466,0,0,0,5337
60,3,644,1,0,0,0,0,0,1500.0,11.0,0.0,1,31.0,2011.0,0,2015,3,11,11,1,6,5337.0,7044.0,5757.714285714285,3757.1844828402077,0,0,0,5002
60,4,358,1,1,0,1,0,0,1500.0,11.0,0.0,1,31.0,2011.0,0,2015,3,12,11,1,4,5002.0,8259.0,5279.571428571428,3595.2994709362238,0,0,0,4912
60,5,635,1,1,0,0,0,0,1500.0,11.0,0.0,1,31.0,2011.0,0,2015,3,13,11,1,0,4912.0,6453.0,5504.0,3727.363813742898,0,0,0,8024
60,6,1056,1,0,0,0,0,0,1500.0,11.0,0.0,1,31.0,2011.0,0,2015,3,14,11,1,2,8024.0,3321.0,6380.428571428572,3847.842939325134,1,0,0,9456
60,7,0,0,0,0,0,0,0,1500.0,11.0,0.0,1,31.0,2011.0,0,2015,3,15,11,1,3,9456.0,0.0,6380.428571428572,3847.8429393251345,1,0,0,0
60,1,1029,1,1,0,0,0,0,1500.0,11.0,0.0,1,31.0,2011.0,0,2015,3,16,12,1,1,0.0,11932.0,5749.285714285715,3068.985213078623,0,0,0,7514
60,2,500,1,1,0,0,0,0,1500.0,11.0,0.0,1,31.0,2011.0,0,2015,3,17,12,1,5,7514.0,5337.0,5549.0,3145.178161355358,0,0,0,3935
60,3,941,1,0,0,0,0,0,1500.0,11.0,0.0,1,31.0,2011.0,0,2015,3,18,12,1,6,3935.0,5002.0,6388.714285714285,3708.9393234133536,0,0,0,10880
60,4,1089,1,0,0,0,0,0,1500.0,11.0,0.0,1,31.0,2011.0,0,2015,3,19,12,1,4,10880.0,4912.0,6615.142857142857,3651.701358206036,0,0,0,6497
60,5,582,1,0,0,0,0,0,1500.0,11.0,0.0,1,31.0,2011.0,0,2015,3,20,12,1,0,6497.0,8024.0,6113.714285714285,3666.9570815725724,0,0,0,4514
60,6,388,1,0,0,0,0,0,1500.0,11.0,0.0,1,31.0,2011.0,0,2015,3,21,12,1,2,4514.0,9456.0,5105.142857142857,3563.9270675558364,1,0,0,2396
60,7,0,0,0,0,0,0,0,1500.0,11.0,0.0,1,31.0,2011.0,0,2015,3,22,12,1,3,2396.0,0.0,5105.142857142857,3563.9270675558364,1,0,0,0
60,1,798,1,0,0,0,0,0,1500.0,11.0,0.0,1,31.0,2011.0,0,2015,3,23,13,1,1,0.0,7514.0,4667.714285714285,3403.2840372345117,0,0,0,4452
60,2,353,1,1,0,0,0,0,1500.0,11.0,0.0,1,31.0,2011.0,0,2015,3,24,13,1,5,4452.0,3935.0,4768.714285714285,3388.3731944344477,0,0,0,4642
60,3,479,1,0,0,0,0,0,1500.0,11.0,0.0,1,31.0,2011.0,0,2015,3,25,13,1,6,4642.0,10880.0,3720.1428571428573,2055.555434148431,0,0,0,3540
60,4,1165,1,1,0,0,0,0,1500.0,11.0,0.0,1,31.0,2011.0,0,2015,3,26,13,1,4,3540.0,6497.0,4106.142857142857,2787.3469123027744,0,0,0,9199
60,5,632,1,1,0,0,0,0,1500.0,11.0,0.0,1,31.0,2011.0,0,2015,3,27,13,1,0,9199.0,4514.0,4127.0,2791.450698113796,0,0,0,4660
60,6,329,1,0,0,1,0,0,1500.0,11.0,0.0,1,31.0,2011.0,0,2015,3,28,13,1,2,4660.0,2396.0,4244.0,2723.1336728115275,1,0,0,3215
60,7,0,0,0,0,0,0,0,1500.0,11.0,0.0,1,31.0,2011.0,0,2015,3,29,13,1,3,3215.0,0.0,4244.0,2723.1336728115275,1,0,0,0
60,1,715,1,1,0,1,0,0,1500.0,11.0,0.0,1,31.0,2011.0,0,2015,3,30,14,1,1,0.0,4452.0,4640.142857142857,2950.6308607127517,0,0,0,7225
60,2,374,1,0,0,0,0,0,1500.0,11.0,0.0,1,31.0,2011.0,0,2015,3,31,14,1,5,7225.0,4642.0,4393.285714285715,3021.8739061651636,0,0,1,2914
60,3,837,1,1,0,0,0,0,1500.0,11.0,0.0,1,31.0,2011.0,0,2015,4,1,14,2,6,2914.0,3540.0,5090.714285714285,3338.8602703260735,0,1,0,8422
60,4,1092,1,0,0,0,0,0,1500.0,11.0,0.0,1,31.0,2011.0,0,2015,4,2,14,2,4,8422.0,9199.0,5387.857142857143,3822.885883228856,0,0,0,11279
60,5,816,1,1,0,0,0,0,1500.0,11.0,0.0,1,31.0,2011.0,0,2015,4,3,14,2,0,11279.0,4660.0,6266.714285714285,4304.485246588171,0,0,0,10812
60,6,363,1,0,0,0,0,0,1500.0,11.0,0.0,1,31.0,2011.0,0,2015,4,4,14,2,2,10812.0,3215.0,6195.428571428572,4367.123380332598,1,0,0,2716
60,7,0,0,0,0,0,0,0,1500.0,11.0,0.0,1,31.0,2011.0,0,2015,4,5,14,2,3,2716.0,0.0,6195.428571428572,4367.123380332598,1,0,0,0
60,1,1005,1,0,0,0,0,0,1500.0,11.0,0.0,1,31.0,2011.0,0,2015,4,6,15,2,1,0.0,7225.0,5976.571428571428,4345.260400986453,0,0,0,5693
60,2,772,1,1,0,0,0,0,1500.0,11.0,0.0,1,31.0,2011.0,0,2015,4,7,15,2,5,5693.0,2914.0,7004.0,4350.695308415272,0,0,0,10106
60,3,1018,1,1,0,0,0,0,1500.0,11.0,0.0,1,31.0,2011.0,0,2015,4,8,15,2,6,10106.0,8422.0,7118.857142857143,4404.647410352365,0,0,0,9226
60,4,1170,1,1,0,0,0,0,1500.0,11.0,0.0,1,31.0,2011.0,0,2015,4,9,15,2,4,9226.0,11279.0,6645.0,4046.3528845945525,0,0,0,7962
60,5,947,1,1,0,0,0,0,1500.0,11.0,0.0,1,31.0,2011.0,0,2015,4,10,15,2,0,7962.0,10812.0,6656.0,4059.6516681442827,0,0,0,10889
61,4,324,1,0,0,0,0,1,500.0,5.0,2005.0,1,31.0,2013.0,1,2015,1,8,2,1,4,13309.0,13601.0,4588.857142857143,4581.200586038971,0,0,0,3460
61,5,1049,1,1,0,0,0,1,500.0,5.0,2005.0,1,31.0,2013.0,1,2015,1,9,2,1,0,3460.0,5128.0,5768.0,5674.804460654716,0,0,0,13382
61,6,938,1,0,0,0,0,1,500.0,5.0,2005.0,1,31.0,2013.0,1,2015,1,10,2,1,2,13382.0,6794.0,5630.0,5657.414751162112,1,0,0,5828
61,7,0,0,0,0,0,0,1,500.0,5.0,2005.0,1,31.0,2013.0,1,2015,1,11,2,1,3,5828.0,0.0,5630.0,5657.414751162112,1,0,0,0
61,1,392,1,0,0,0,0,1,500.0,5.0,2005.0,1,31.0,2013.0,1,2015,1,12,3,1,1,0.0,0.0,6064.571428571428,5255.424621510707,0,0,0,3042
61,2,598,1,0,0,0,0,1,500.0,5.0,2005.0,1,31.0,2013.0,1,2015,1,13,3,1,5,3042.0,3431.0,6247.571428571428,5170.046030006015,0,0,0,4712
61,3,1087,1,1,0,0,0,1,500.0,5.0,2005.0,1,31.0,2013.0,1,2015,1,14,3,1,6,4712.0,13309.0,5310.0,4175.476659416663,0,0,0,6746
61,4,955,1,1,0,1,0,1,500.0,5.0,2005.0,1,31.0,2013.0,1,2015,1,15,3,1,4,6746.0,3460.0,6336.857142857143,4514.7596255161225,0,0,0,10648
61,5,421,1,0,0,1,0,1,500.0,5.0,2005.0,1,31.0,2013.0,1,2015,1,16,3,1,0,10648.0,13382.0,4860.571428571428,3372.0649883586602,0,0,0,3048
61,6,1058,1,0,0,0,0,1,500.0,5.0,2005.0,1,31.0,2013.0,1,2015,1,17,3,1,2,3048.0,5828.0,4933.142857142857,3401.691707987436,1,0,0,6336
61,7,0,0,0,0,0,0,1,500.0,5.0,2005.0,1,31.0,2013.0,1,2015,1,18,3,1,3,6336.0,0.0,4933.142857142857,3401.691707987436,1,0,0,0
61,1,542,1,1,0,0,0,1,500.0,5.0,2005.0,1,31.0,2013.0,1,2015,1,19,4,1,1,0.0,3042.0,5283.142857142857,3299.177646453302,0,0,0,5492
61,2,897,1,1,0,0,0,1,500.0,5.0,2005.0,1,31.0,2013.0,1,2015,1,20,4,1,5,5492.0,4712.0,6193.857142857143,3934.043485125342,0,0,0,11087
61,3,773,1,1,0,0,0,1,500.0,5.0,2005.0,1,31.0,2013.0,1,2015,1,21,4,1,6,11087.0,6746.0,6060.142857142857,3928.0511889303516,0,0,0,5810
61,4,1136,1,0,0,0,0,1,500.0,5.0,2005.0,1,31.0,2013.0,1,2015,1,22,4,1,4,5810.0,10648.0,5786.714285714285,3609.1377878142275,0,0,0,8734
61,5,1086,1,1,0,0,0,1,500.0,5.0,2005.0,1,31.0,2013.0,1,2015,1,23,4,1,0,8734.0,3048.0,6838.571428571428,3748.197160286657,0,0,0,10411
61,6,381,1,0,0,0,0,1,500.0,5.0,2005.0,1,31.0,2013.0,1,2015,1,24,4,1,2,10411.0,6336.0,6236.285714285715,4158.665519702434,1,0,0,2120
61,7,0,0,0,0,0,0,1,500.0,5.0,2005.0,1,31.0,2013.0,1,2015,1,25,4,1,3,2120.0,0.0,6236.285714285715,4158.665519702434,1,0,0,0
61,1,525,1,0,0,1,0,1,500.0,5.0,2005.0,1,31.0,2013.0,1,2015,1,26,5,1,1,0.0,5492.0,6031.571428571428,4235.962104691325,0,0,0,4059
61,2,487,1,1,0,0,0,1,500.0,5.0,2005.0,1,31.0,2013.0,1,2015,1,27,5,1,5,4059.0,11087.0,5421.857142857143,3654.2366931445226,0,0,0,6819
61,3,867,1,1,0,0,0,1,500.0,5.0,2005.0,1,31.0,2013.0,1,2015,1,28,5,1,6,6819.0,5810.0,5520.857142857143,3675.8283161110526,0,0,0,6503
61,4,1053,1,0,0,1,0,1,500.0,5.0,2005.0,1,31.0,2013.0,1,2015,1,29,5,1,4,6503.0,8734.0,5872.571428571428,4124.87013359786,0,0,0,11196
61,5,417,1,0,0,0,0,1,500.0,5.0,2005.0,1,31.0,2013.0,1,2015,1,30,5,1,0,11196.0,10411.0,4837.0,3681.718982576844,0,0,0,3162
61,6,1086,1,0,0,1,0,1,500.0,5.0,2005.0,1,31.0,2013.0,1,2015,1,31,5,1,2,3162.0,2120.0,5792.714285714285,3726.91202446412,1,0,1,8810
61,7,0,0,0,0,1,0,1,500.0,5.0,2005.0,1,31.0,2013.0,1,2015,2,1,5,1,3,8810.0,0.0,5792.714285714285,3726.91202446412,1,1,0,0
61,1,961,1,1,0,1,0,1,500.0,5.0,2005.0,1,31.0,2013.0,1,2015,2,2,6,1,1,0.0,4059.0,6724.285714285715,4024.442019886556,0,0,0,10580
61,2,834,1,0,0,0,0,1,500.0,5.0,2005.0,1,31.0,2013.0,1,2015,2,3,6,1,5,10580.0,6819.0,7106.285714285715,4159.570118585403,0,0,0,9493
61,3,0,0,1,0,0,0,1,500.0,5.0,2005.0,1,31.0,2013.0,1,2015,2,4,6,1,6,9493.0,6503.0,6177.285714285715,4964.980655023936,0,0,0,0
61,4,989,1,0,0,1,0,1,500.0,5.0,2005.0,1,31.0,2013.0,1,2015,2,5,6,1,4,0.0,11196.0,6000.142857142857,4774.545857236807,0,0,0,9956
61,5,1079,1,1,0,0,0,1,500.0,5.0,2005.0,1,31.0,2013.0,1,2015,2,6,6,1,0,9956.0,3162.0,7493.857142857143,5340.663892207019,0,0,0,13618
61,6,323,1,0,0,0,0,1,500.0,5.0,2005.0,1,31.0,2013.0,1,2015,2,7,6,1,2,13618.0,8810.0,6556.285714285715,5638.855401417494,1,0,0,2247
61,7,0,0,0,0,0,0,1,500.0,5.0,2005.0,1,31.0,2013.0,1,2015,2,8,6,1,3,2247.0,0.0,6556.285714285715,5638.855401417493,1,0,0,0
61,1,1127,1,0,0,0,0,1,500.0,5.0,2005.0,1,31.0,2013.0,1,2015,2,9,7,1,1,0.0,10580.0,6510.857142857143,5602.198033765302,0,0,0,10262
61,2,596,1,0,0,0,0,1,500.0,5.0,2005.0,1,31.0,2013.0,1,2015,2,10,7,1,5,10262.0,9493.0,5848.857142857143,5463.141417065565,0,0,0,4859
61,3,547,1,1,0,1,0,1,500.0,5.0,2005.0,1,31.0,2013.0,1,2015,2,11,7,1,6,4859.0,0.0,6849.285714285715,4816.506331159053,0,0,0,7003
61,4,702,1,1,0,0,0,1,500.0,5.0,2005.0,1,31.0,2013.0,1,2015,2,12,7,1,4,7003.0,9956.0,6226.714285714285,4625.892263995698,0,0,0,5598
61,5,822,1,0,0,0,0,1,500.0,5.0,2005.0,1,31.0,2013.0,1,2015,2,13,7,1,0,5598.0,13618.0,5382.714285714285,3439.3787091220283,0,0,0,7710
61,6,1162,1,0,0,0,0,1,500.0,5.0,2005.0,1,31.0,2013.0,1,2015,2,14,7,1,2,7710.0,2247.0,6293.571428571428,3312.4783701000915,1,0,0,8623
61,7,0,0,0,0,1,0,1,500.0,5.0,2005.0,1,31.0,2013.0,1,2015,2,15,7,1,3,8623.0,0.0,6293.571428571428,3312.4783701000915,1,0,0,0
61,1,1085,1,0,0,0,0,1,500.0,5.0,2005.0,1,31.0,2013.0,1,2015,2,16,8,1,1,0.0,10262.0,6640.571428571428,3876.658391671143,0,0,0,12691
61,2,984,1,0,0,1,0,1,500.0,5.0,2005.0,1,31.0,2013.0,1,2015,2,17,8,1,5,12691.0,4859.0,7011.714285714285,3801.2982744621054,0,0,0,7457
61,3,963,1,1,0,0,0,1,500.0,5.0,2005.0,1,31.0,2013.0,1,2015,2,18,8,1,6,7457.0,7003.0,7095.0,3807.457244233568,0,0,0,7586
61,4,1069,1,0,0,1,0,1,500.0,5.0,2005.0,1,31.0,2013.0,1,2015,2,19,8,1,4,7586.0,5598.0,7138.571428571428,3789.172066874367,0,0,0,5903
61,5,1127,1,0,0,0,0,1,500.0,5.0,2005.0,1,31.0,2013.0,1,2015,2,20,8,1,0,5903.0,7710.0,7259.285714285715,3823.7129736372626,0,0,0,8555
61,6,568,1,0,0,0,0,1,500.0,5.0,2005.0,1,31.0,2013.0,1,2015,2,21,8,1,2,8555.0,8623.0,6592.428571428572,3951.168260027359,1,0,0,3955
61,7,0,0,0,0,0,0,1,500.0,5.0,2005.0,1,31.0,2013.0,1,2015,2,22,8,1,3,3955.0,0.0,6592.428571428572,3951.168260027359,1,0,0,0
61,1,736,1,0,0,1,0,1,500.0,5.0,2005.0,1,31.0,2013.0,1,2015,2,23,9,1,1,0.0,12691.0,5671.285714285715,2905.752381873223,0,0,0,6243
61,2,0,0,1,0,0,0,1,500.0,5.0,2005.0,1,31.0,2013.0,1,2015,2,24,9,1,5,6243.0,7457.0,4606.0,3456.666313082592,0,0,0,0
61,3,1077,1,1,0,0,0,1,500.0,5.0,2005.0,1,31.0,2013.0,1,2015,2,25,9,1,6,0.0,7586.0,5296.142857142857,4481.229237183753,0,0,0,12417
61,4,984,1,1,0,1,0,1,500.0,5.0,2005.0,1,31.0,2013.0,1,2015,2,26,9,1,4,12417.0,5903.0,5618.142857142857,4611.198919607619,0,0,0,8157
61,5,471,1,0,0,0,0,1,500.0,5.0,2005.0,1,31.0,2013.0,1,2015,2,27,9,1,0,8157.0,8555.0,4789.142857142857,4515.858922677258,0,0,0,2752
61,6,612,1,0,0,1,0,1,500.0,5.0,2005.0,1,31.0,2013.0,1,2015,2,28,9,1,2,2752.0,3955.0,5202.857142857143,4559.1526050561715,1,0,1,6851
61,7,0,0,0,0,0,0,1,500.0,5.0,2005.0,1,31.0,2013.0,1,2015,3,1,9,1,3,6851.0,0.0,5202.857142857143,4559.1526050561715,1,1,0,0
61,1,513,1,1,0,0,0,1,500.0,5.0,2005.0,1,31.0,2013.0,1,2015,3,2,10,1,1,0.0,6243.0,5213.857142857143,4562.172341789652,0,0,0,6320
61,2,371,1,1,0,0,0,1,500.0,5.0,2005.0,1,31.0,2013.0,1,2015,3,3,10,1,5,6320.0,0.0,5875.285714285715,3978.581561071137,0,0,0,4630
61,3,475,1,1,0,0,0,1,500.0,5.0,2005.0,1,31.0,2013.0,1,2015,3,4,10,1,6,4630.0,12417.0,4819.285714285715,2741.583345093714,0,0,0,5025
61,4,308,1,0,0,1,0,1,500.0,5.0,2005.0,1,31.0,2013.0,1,2015,3,5,10,1,4,5025.0,8157.0,4163.0,2328.1113948148322,0,0,0,3563
61,5,899,1,0,0,0,0,1,500.0,5.0,2005.0,1,31.0,2013.0,1,2015,3,6,10,1,0,3563.0,2752.0,4877.285714285715,2576.7934669718047,0,0,0,7752
61,6,965,1,0,0,0,0,1,500.0,5.0,2005.0,1,31.0,2013.0,1,2015,3,7,10,1,2,7752.0,6851.0,5093.857142857143,2822.334224749167,1,0,0,8367
61,7,0,0,0,0,0,0,1,500.0,5.0,2005.0,1,31.0,2013.0,1,2015,3,8,10,1,3,8367.0,0.0,5093.857142857143,2822.334224749167,1,0,0,0
61,1,571,1,1,0,0,0,1,500.0,5.0,2005.0,1,31.0,2013.0,1,2015,3,9,11,1,1,0.0,6320.0,5106.285714285715,2828.817757431876,0,0,0,6407
61,2,539,1,0,0,1,0,1,500.0,5.0,2005.0,1,31.0,2013.0,1,2015,3,10,11,1,5,6407.0,4630.0,5241.714285714285,2824.9052912906495,0,0,0,5578
61,3,1195,1,1,0,0,0,1,500.0,5.0,2005.0,1,31.0,2013.0,1,2015,3,11,11,1,6,5578.0,5025.0,6480.142857142857,4253.209981044571,0,0,0,13694
61,4,1186,1,1,0,1,0,1,500.0,5.0,2005.0,1,31.0,2013.0,1,2015,3,12,11,1,4,13694.0,3563.0,7983.857142857143,4866.47817312724,0,0,0,14089
61,5,1074,1,1,0,0,0,1,500.0,5.0,2005.0,1,31.0,2013.0,1,2015,3,13,11,1,0,14089.0,7752.0,8687.857142857143,5174.075551199832,0,0,0,12680
61,6,511,1,0,0,0,0,1,500.0,5.0,2005.0,1,31.0,2013.0,1,2015,3,14,11,1,2,12680.0,8367.0,7969.714285714285,5560.468646744499,1,0,0,3340
61,7,0,0,0,0,0,0,1,500.0,5.0,2005.0,1,31.0,2013.0,1,2015,3,15,11,1,3,3340.0,0.0,7969.714285714285,5560.468646744499,1,0,0,0
61,1,1034,1,0,0,0,0,1,500.0,5.0,2005.0,1,31.0,2013.0,1,2015,3,16,12,1,1,0.0,6407.0,8231.57142857143,5517.606119116724,0,0,0,8240
61,2,592,1,1,0,0,0,1,500.0,5.0,2005.0,1,31.0,2013.0,1,2015,3,17,12,1,5,8240.0,5578.0,8419.57142857143,5433.907613530156,0,0,0,6894
61,3,1088,1,0,0,0,0,1,500.0,5.0,2005.0,1,31.0,2013.0,1,2015,3,18,12,1,6,6894.0,13694.0,8227.714285714286,5236.776703096598,0,0,0,12351
61,4,754,1,0,0,0,0,1,500.0,5.0,2005.0,1,31.0,2013.0,1,2015,3,19,12,1,4,12351.0,14089.0,7026.857142857143,4592.919856640635,0,0,0,5683
61,5,742,1,0,0,0,0,1,500.0,5.0,2005.0,1,31.0,2013.0,1,2015,3,20,12,1,0,5683.0,12680.0,6046.428571428572,3858.897202446267,0,0,0,5817
61,6,760,1,0,0,0,0,1,500.0,5.0,2005.0,1,31.0,2013.0,1,2015,3,21,12,1,2,5817.0,3340.0,6556.857142857143,3673.0767043706683,1,0,0,6913
61,7,0,0,0,0,0,0,1,500.0,5.0,2005.0,1,31.0,2013.0,1,2015,3,22,12,1,3,6913.0,0.0,6556.857142857143,3673.0767043706683,1,0,0,0
61,1,1160,1,0,0,0,0,1,500.0,5.0,2005.0,1,31.0,2013.0,1,2015,3,23,13,1,1,0.0,8240.0,6946.285714285715,4010.298065160318,0,0,0,10966
61,2,357,1,1,0,0,0,1,500.0,5.0,2005.0,1,31.0,2013.0,1,2015,3,24,13,1,5,10966.0,6894.0,6561.428571428572,4143.217141994165,0,0,0,4200
61,3,544,1,0,0,0,0,1,500.0,5.0,2005.0,1,31.0,2013.0,1,2015,3,25,13,1,6,4200.0,12351.0,5266.571428571428,3377.9591894684395,0,0,0,3287
61,4,960,1,0,0,1,0,1,500.0,5.0,2005.0,1,31.0,2013.0,1,2015,3,26,13,1,4,3287.0,5683.0,5525.857142857143,3483.267308556313,0,0,0,7498
61,5,320,1,1,0,1,0,1,500.0,5.0,2005.0,1,31.0,2013.0,1,2015,3,27,13,1,0,7498.0,5817.0,5160.0,3580.722320054059,0,0,0,3256
61,6,329,1,0,0,0,0,1,500.0,5.0,2005.0,1,31.0,2013.0,1,2015,3,28,13,1,2,3256.0,6913.0,4498.428571428572,3630.3253232156662,1,0,0,2282
61,7,0,0,0,0,0,0,1,500.0,5.0,2005.0,1,31.0,2013.0,1,2015,3,29,13,1,3,2282.0,0.0,4498.428571428572,3630.3253232156662,1,0,0,0
61,1,440,1,0,0,0,0,1,500.0,5.0,2005.0,1,31.0,2013.0,1,2015,3,30,14,1,1,0.0,10966.0,3401.0,2246.867523167894,0,0,0,3284
61,2,949,1,0,0,0,0,1,500.0,5.0,2005.0,1,31.0,2013.0,1,2015,3,31,14,1,5,3284.0,4200.0,4248.857142857143,3414.8402807242855,0,0,1,10135
61,3,1162,1,1,0,0,0,1,500.0,5.0,2005.0,1,31.0,2013.0,1,2015,4,1,14,2,6,10135.0,3287.0,5077.714285714285,3822.2940194899393,0,1,0,9089
61,4,370,1,1,0,1,0,1,500.0,5.0,2005.0,1,31.0,2013.0,1,2015,4,2,14,2,4,9089.0,7498.0,4630.285714285715,3672.1246671958934,0,0,0,4366
61,5,706,1,0,0,0,0,1,500.0,5.0,2005.0,1,31.0,2013.0,1,2015,4,3,14,2,0,4366.0,3256.0,5127.714285714285,3690.72597710738,0,0,0,6738
61,6,1021,1,0,0,0,0,1,500.0,5.0,2005.0,1,31.0,2013.0,1,2015,4,4,14,2,2,6738.0,2282.0,6056.0,3672.82475305679,1,0,0,8780
61,7,0,0,0,0,0,0,1,500.0,5.0,2005.0,1,31.0,2013.0,1,2015,4,5,14,2,3,8780.0,0.0,6056.0,3672.82475305679,1,0,0,0
61,1,785,1,1,0,0,0,1,500.0,5.0,2005.0,1,31.0,2013.0,1,2015,4,6,15,2,1,0.0,3284.0,6684.0,3491.1925851586416,0,0,0,7680
61,2,947,1,0,0,1,0,1,500.0,5.0,2005.0,1,31.0,2013.0,1,2015,4,7,15,2,5,7680.0,10135.0,6167.142857142857,3145.8717090059176,0,0,0,6517
61,3,611,1,1,0,0,0,1,500.0,5.0,2005.0,1,31.0,2013.0,1,2015,4,8,15,2,6,6517.0,9089.0,5809.285714285715,2890.1886163527865,0,0,0,6584
61,4,938,1,0,0,1,0,1,500.0,5.0,2005.0,1,31.0,2013.0,1,2015,4,9,15,2,4,6584.0,4366.0,6283.142857142857,2886.032133603242,0,0,0,7683
61,5,1004,1,1,0,0,0,1,500.0,5.0,2005.0,1,31.0,2013.0,1,2015,4,10,15,2,0,7683.0,6738.0,7219.857142857143,3932.605134367951,0,0,0,13295
64,4,557,1,0,0,0,1,1,1500.0,5.0,0.0,1,1.0,2013.0,1,2015,1,8,2,1,4,13794.0,9435.0,5798.714285714285,4477.317489832712,0,0,0,6417
64,5,476,1,1,0,1,1,1,1500.0,5.0,0.0,1,1.0,2013.0,1,2015,1,9,2,1,0,6417.0,3910.0,6195.714285714285,4404.549455365656,0,0,0,6689
64,6,643,1,0,0,0,1,1,1500.0,5.0,0.0,1,1.0,2013.0,1,2015,1,10,2,1,2,6689.0,3212.0,6329.857142857143,4311.857311668658,1,0,0,4151
64,7,0,0,0,0,0,1,1,1500.0,5.0,0.0,1,1.0,2013.0,1,2015,1,11,2,1,3,4151.0,0.0,6329.857142857143,4311.857311668658,1,0,0,0
64,1,623,1,1,0,0,1,1,1500.0,5.0,0.0,1,1.0,2013.0,1,2015,1,12,3,1,1,0.0,8943.0,5776.857142857143,4166.647470431971,0,0,0,5072
64,2,692,1,1,0,0,1,1,1500.0,5.0,0.0,1,1.0,2013.0,1,2015,1,13,3,1,5,5072.0,4315.0,6197.428571428572,4143.011499587502,0,0,0,7259
64,3,511,1,1,0,0,1,1,1500.0,5.0,0.0,1,1.0,2013.0,1,2015,1,14,3,1,6,7259.0,13794.0,4870.714285714285,2443.2124149901315,0,0,0,4507
64,4,903,1,1,0,1,1,1,1500.0,5.0,0.0,1,1.0,2013.0,1,2015,1,15,3,1,4,4507.0,6417.0,4943.285714285715,2503.595595291282,0,0,0,6925
64,5,695,1,0,0,1,1,1,1500.0,5.0,0.0,1,1.0,2013.0,1,2015,1,16,3,1,0,6925.0,6689.0,4953.714285714285,2512.216399535526,0,0,0,6762
64,6,1004,1,0,0,0,1,1,1500.0,5.0,0.0,1,1.0,2013.0,1,2015,1,17,3,1,2,6762.0,4151.0,6074.428571428572,3606.1249219045294,1,0,0,11996
64,7,0,0,0,0,0,1,1,1500.0,5.0,0.0,1,1.0,2013.0,1,2015,1,18,3,1,3,11996.0,0.0,6074.428571428572,3606.1249219045294,1,0,0,0
64,1,474,1,0,0,0,1,1,1500.0,5.0,0.0,1,1.0,2013.0,1,2015,1,19,4,1,1,0.0,5072.0,5852.0,3724.3413735406516,0,0,0,3515
64,2,1082,1,0,0,0,1,1,1500.0,5.0,0.0,1,1.0,2013.0,1,2015,1,20,4,1,5,3515.0,7259.0,5941.285714285715,3770.8947529857205,0,0,0,7884
64,3,1019,1,1,0,1,1,1,1500.0,5.0,0.0,1,1.0,2013.0,1,2015,1,21,4,1,6,7884.0,4507.0,6553.571428571428,3846.399305720561,0,0,0,8793
64,4,446,1,0,0,1,1,1,1500.0,5.0,0.0,1,1.0,2013.0,1,2015,1,22,4,1,4,8793.0,6925.0,6166.571428571428,3937.990682955918,0,0,0,4216
64,5,656,1,0,0,0,1,1,1500.0,5.0,0.0,1,1.0,2013.0,1,2015,1,23,4,1,0,4216.0,6762.0,6149.0,3935.1644607733147,0,0,0,6639
64,6,392,1,0,0,0,1,1,1500.0,5.0,0.0,1,1.0,2013.0,1,2015,1,24,4,1,2,6639.0,11996.0,4813.142857142857,3122.822517561714,1,0,0,2645
64,7,0,0,0,0,0,1,1,1500.0,5.0,0.0,1,1.0,2013.0,1,2015,1,25,4,1,3,2645.0,0.0,4813.142857142857,3122.822517561714,1,0,0,0
64,1,796,1,0,0,0,1,1,1500.0,5.0,0.0,1,1.0,2013.0,1,2015,1,26,5,1,1,0.0,3515.0,5590.142857142857,3409.4853682323496,0,0,0,8954
64,2,645,1,1,0,0,1,1,1500.0,5.0,0.0,1,1.0,2013.0,1,2015,1,27,5,1,5,8954.0,7884.0,5412.428571428572,3300.678862352555,0,0,0,6640
64,3,579,1,0,0,1,1,1,1500.0,5.0,0.0,1,1.0,2013.0,1,2015,1,28,5,1,6,6640.0,8793.0,4812.285714285715,2946.481671094399,0,0,0,4592
64,4,574,1,1,0,0,1,1,1500.0,5.0,0.0,1,1.0,2013.0,1,2015,1,29,5,1,4,4592.0,4216.0,5256.285714285715,3073.1017292135393,0,0,0,7324
64,5,756,1,0,0,1,1,1,1500.0,5.0,0.0,1,1.0,2013.0,1,2015,1,30,5,1,0,7324.0,6639.0,5394.0,3165.5999431387418,0,0,0,7603
64,6,1008,1,0,0,0,1,1,1500.0,5.0,0.0,1,1.0,2013.0,1,2015,1,31,5,1,2,7603.0,2645.0,6295.142857142857,3150.4287765620857,1,0,1,8953
64,7,0,0,0,0,0,1,1,1500.0,5.0,0.0,1,1.0,2013.0,1,2015,2,1,5,1,3,8953.0,0.0,6295.142857142857,3150.4287765620857,1,1,0,0
64,1,504,1,0,0,0,1,1,1500.0,5.0,0.0,1,1.0,2013.0,1,2015,2,2,6,1,1,0.0,8954.0,5687.142857142857,2956.4873543092453,0,0,0,4698
64,2,495,1,1,0,0,1,1,1500.0,5.0,0.0,1,1.0,2013.0,1,2015,2,3,6,1,5,4698.0,6640.0,5544.714285714285,2926.7990316092046,0,0,0,5643
64,3,1103,1,0,0,0,1,1,1500.0,5.0,0.0,1,1.0,2013.0,1,2015,2,4,6,1,6,5643.0,4592.0,6315.142857142857,3317.8925755450773,0,0,0,9985
64,4,1118,1,0,0,0,1,1,1500.0,5.0,0.0,1,1.0,2013.0,1,2015,2,5,6,1,4,9985.0,7324.0,7076.857142857143,4106.451892188334,0,0,0,12656
64,5,1042,1,0,0,0,1,1,1500.0,5.0,0.0,1,1.0,2013.0,1,2015,2,6,6,1,0,12656.0,7603.0,7191.428571428572,4134.669146664694,0,0,0,8405
64,6,950,1,0,0,0,1,1,1500.0,5.0,0.0,1,1.0,2013.0,1,2015,2,7,6,1,2,8405.0,8953.0,7237.571428571428,4159.3335546752705,1,0,0,9276
64,7,0,0,0,0,0,1,1,1500.0,5.0,0.0,1,1.0,2013.0,1,2015,2,8,6,1,3,9276.0,0.0,7237.571428571428,4159.3335546752705,1,0,0,0
64,1,507,1,1,0,0,1,1,1500.0,5.0,0.0,1,1.0,2013.0,1,2015,2,9,7,1,1,0.0,4698.0,7353.571428571428,4087.4038564490156,0,0,0,5510
64,2,378,1,1,0,1,1,1,1500.0,5.0,0.0,1,1.0,2013.0,1,2015,2,10,7,1,5,5510.0,5643.0,7277.714285714285,4129.155067496082,0,0,0,5112
64,3,961,1,1,0,0,1,1,1500.0,5.0,0.0,1,1.0,2013.0,1,2015,2,11,7,1,6,5112.0,9985.0,7014.285714285715,3983.9183690719083,0,0,0,8141
64,4,764,1,1,0,0,1,1,1500.0,5.0,0.0,1,1.0,2013.0,1,2015,2,12,7,1,4,8141.0,12656.0,6177.428571428572,3123.7040970159596,0,0,0,6798
64,5,862,1,1,0,0,1,1,1500.0,5.0,0.0,1,1.0,2013.0,1,2015,2,13,7,1,0,6798.0,8405.0,6494.571428571428,3479.940701465226,0,0,0,10625
64,6,704,1,0,0,0,1,1,1500.0,5.0,0.0,1,1.0,2013.0,1,2015,2,14,7,1,2,10625.0,9276.0,5726.714285714285,3354.672349340331,1,0,0,3901
64,7,0,0,0,0,0,1,1,1500.0,5.0,0.0,1,1.0,2013.0,1,2015,2,15,7,1,3,3901.0,0.0,5726.714285714285,3354.672349340331,1,0,0,0
64,1,1044,1,0,0,0,1,1,1500.0,5.0,0.0,1,1.0,2013.0,1,2015,2,16,8,1,1,0.0,5510.0,6330.285714285715,3674.0590502551686,0,0,0,9735
64,2,395,1,1,0,0,1,1,1500.0,5.0,0.0,1,1.0,2013.0,1,2015,2,17,8,1,5,9735.0,5112.0,6179.714285714285,3753.0569635203483,0,0,0,4058
64,3,723,1,0,0,0,1,1,1500.0,5.0,0.0,1,1.0,2013.0,1,2015,2,18,8,1,6,4058.0,8141.0,6254.571428571428,3803.58159533629,0,0,0,8665
64,4,1162,1,0,0,1,1,1,1500.0,5.0,0.0,1,1.0,2013.0,1,2015,2,19,8,1,4,8665.0,6798.0,6726.857142857143,4077.6792185658514,0,0,0,10104
64,5,869,1,0,0,1,1,1,1500.0,5.0,0.0,1,1.0,2013.0,1,2015,2,20,8,1,0,10104.0,10625.0,6520.714285714285,3879.423312567893,0,0,0,9182
64,6,720,1,0,0,0,1,1,1500.0,5.0,0.0,1,1.0,2013.0,1,2015,2,21,8,1,2,9182.0,3901.0,6659.285714285715,3786.4625406081304,1,0,0,4871
64,7,0,0,0,0,1,1,1,1500.0,5.0,0.0,1,1.0,2013.0,1,2015,2,22,8,1,3,4871.0,0.0,6659.285714285715,3786.4625406081304,1,0,0,0
64,1,396,1,0,0,0,1,1,1500.0,5.0,0.0,1,1.0,2013.0,1,2015,2,23,9,1,1,0.0,9735.0,5947.285714285715,3574.3698612149683,0,0,0,4751
64,2,1014,1,0,0,1,1,1,1500.0,5.0,0.0,1,1.0,2013.0,1,2015,2,24,9,1,5,4751.0,4058.0,7024.0,4018.059233012874,0,0,0,11595
64,3,913,1,0,0,1,1,1,1500.0,5.0,0.0,1,1.0,2013.0,1,2015,2,25,9,1,6,11595.0,8665.0,6791.0,3953.816637124186,0,0,0,7034
64,4,933,1,0,0,0,1,1,1500.0,5.0,0.0,1,1.0,2013.0,1,2015,2,26,9,1,4,7034.0,10104.0,6562.285714285715,3772.373245685256,0,0,0,8503
64,5,506,1,0,0,0,1,1,1500.0,5.0,0.0,1,1.0,2013.0,1,2015,2,27,9,1,0,8503.0,9182.0,6101.571428571428,3591.714161657025,0,0,0,5957
64,6,1135,1,0,0,0,1,1,1500.0,5.0,0.0,1,1.0,2013.0,1,2015,2,28,9,1,2,5957.0,4871.0,6508.285714285715,3590.3361826940263,1,0,1,7718
64,7,0,0,0,0,1,1,1,1500.0,5.0,0.0,1,1.0,2013.0,1,2015,3,1,9,1,3,7718.0,0.0,6508.285714285715,3590.3361826940263,1,1,0,0
64,1,404,1,0,0,1,1,1,1500.0,5.0,0.0,1,1.0,2013.0,1,2015,3,2,10,1,1,0.0,4751.0,6432.142857142857,3639.1357686760125,0,0,0,4218
64,2,808,1,0,0,0,1,1,1500.0,5.0,0.0,1,1.0,2013.0,1,2015,3,3,10,1,5,4218.0,11595.0,5710.428571428572,2862.7186878410344,0,0,0,6543
64,3,923,1,1,0,0,1,1,1500.0,5.0,0.0,1,1.0,2013.0,1,2015,3,4,10,1,6,6543.0,7034.0,6243.142857142857,3439.018630780757,0,0,0,10763
64,4,1056,1,0,0,0,1,1,1500.0,5.0,0.0,1,1.0,2013.0,1,2015,3,5,10,1,4,10763.0,8503.0,6326.142857142857,3508.950148243368,0,0,0,9084
64,5,384,1,1,0,0,1,1,1500.0,5.0,0.0,1,1.0,2013.0,1,2015,3,6,10,1,0,9084.0,5957.0,6249.857142857143,3524.085007893135,0,0,0,5423
64,6,1029,1,0,0,0,1,1,1500.0,5.0,0.0,1,1.0,2013.0,1,2015,3,7,10,1,2,5423.0,7718.0,6826.285714285715,4088.9750025438634,1,0,0,11753
64,7,0,0,0,0,0,1,1,1500.0,5.0,0.0,1,1.0,2013.0,1,2015,3,8,10,1,3,11753.0,0.0,6826.285714285715,4088.9750025438634,1,0,0,0
64,1,508,1,0,0,0,1,1,1500.0,5.0,0.0,1,1.0,2013.0,1,2015,3,9,11,1,1,0.0,4218.0,6994.571428571428,3986.699171710138,0,0,0,5396
64,2,431,1,0,0,0,1,1,1500.0,5.0,0.0,1,1.0,2013.0,1,2015,3,10,11,1,5,5396.0,6543.0,6742.571428571428,4074.778802059604,0,0,0,4779
64,3,969,1,0,0,0,1,1,1500.0,5.0,0.0,1,1.0,2013.0,1,2015,3,11,11,1,6,4779.0,10763.0,6212.571428571428,3687.572682092422,0,0,0,7053
64,4,378,1,0,0,0,1,1,1500.0,5.0,0.0,1,1.0,2013.0,1,2015,3,12,11,1,4,7053.0,9084.0,5503.857142857143,3516.4951504100145,0,0,0,4123
64,5,1063,1,1,0,0,1,1,1500.0,5.0,0.0,1,1.0,2013.0,1,2015,3,13,11,1,0,4123.0,5423.0,5878.0,3643.491457379859,0,0,0,8042
64,6,800,1,0,0,1,1,1,1500.0,5.0,0.0,1,1.0,2013.0,1,2015,3,14,11,1,2,8042.0,11753.0,5299.428571428572,2772.5429276594245,1,0,0,7703
64,7,0,0,0,0,0,1,1,1500.0,5.0,0.0,1,1.0,2013.0,1,2015,3,15,11,1,3,7703.0,0.0,5299.428571428572,2772.5429276594245,1,0,0,0
64,1,431,1,0,0,0,1,1,1500.0,5.0,0.0,1,1.0,2013.0,1,2015,3,16,12,1,1,0.0,5396.0,5068.857142857143,2829.6962986965846,0,0,0,3782
64,2,755,1,0,0,0,1,1,1500.0,5.0,0.0,1,1.0,2013.0,1,2015,3,17,12,1,5,3782.0,4779.0,5385.857142857143,2914.825290852006,0,0,0,6998
64,3,535,1,1,0,0,1,1,1500.0,5.0,0.0,1,1.0,2013.0,1,2015,3,18,12,1,6,6998.0,7053.0,5500.0,3005.2324923927836,0,0,0,7852
64,4,906,1,1,0,0,1,1,1500.0,5.0,0.0,1,1.0,2013.0,1,2015,3,19,12,1,4,7852.0,4123.0,5915.714285714285,2984.2018874000323,0,0,0,7033
64,5,1111,1,0,0,0,1,1,1500.0,5.0,0.0,1,1.0,2013.0,1,2015,3,20,12,1,0,7033.0,8042.0,6197.571428571428,3295.4441712331127,0,0,0,10015
64,6,943,1,0,0,1,1,1,1500.0,5.0,0.0,1,1.0,2013.0,1,2015,3,21,12,1,2,10015.0,7703.0,6561.428571428572,3614.5269795250247,1,0,0,10250
64,7,0,0,0,0,0,1,1,1500.0,5.0,0.0,1,1.0,2013.0,1,2015,3,22,12,1,3,10250.0,0.0,6561.428571428572,3614.5269795250247,1,0,0,0
64,1,1006,1,0,0,0,1,1,1500.0,5.0,0.0,1,1.0,2013.0,1,2015,3,23,13,1,1,0.0,3782.0,7530.428571428572,3654.2091190453643,0,0,0,10565
64,2,587,1,0,0,0,1,1,1500.0,5.0,0.0,1,1.0,2013.0,1,2015,3,24,13,1,5,10565.0,6998.0,7371.285714285715,3705.163681237567,0,0,0,5884
64,3,486,1,0,0,1,1,1,1500.0,5.0,0.0,1,1.0,2013.0,1,2015,3,25,13,1,6,5884.0,7852.0,6969.142857142857,3795.945179994545,0,0,0,5037
64,4,1135,1,0,0,0,1,1,1500.0,5.0,0.0,1,1.0,2013.0,1,2015,3,26,13,1,4,5037.0,7033.0,7574.857142857143,4131.304855553972,0,0,0,11273
64,5,625,1,0,0,0,1,1,1500.0,5.0,0.0,1,1.0,2013.0,1,2015,3,27,13,1,0,11273.0,10015.0,6816.714285714285,4095.672257163071,0,0,0,4708
64,6,575,1,0,0,1,1,1,1500.0,5.0,0.0,1,1.0,2013.0,1,2015,3,28,13,1,2,4708.0,10250.0,6260.857142857143,3805.8375963148787,1,0,0,6359
64,7,0,0,0,0,0,1,1,1500.0,5.0,0.0,1,1.0,2013.0,1,2015,3,29,13,1,3,6359.0,0.0,6260.857142857143,3805.8375963148787,1,0,0,0
64,1,633,1,0,0,0,1,1,1500.0,5.0,0.0,1,1.0,2013.0,1,2015,3,30,14,1,1,0.0,10565.0,5766.285714285715,3351.0632996252457,0,0,0,7103
64,2,321,1,0,0,0,1,1,1500.0,5.0,0.0,1,1.0,2013.0,1,2015,3,31,14,1,5,7103.0,5884.0,5205.571428571428,3643.6821054689017,0,0,1,1959
64,3,825,1,0,0,0,1,1,1500.0,5.0,0.0,1,1.0,2013.0,1,2015,4,1,14,2,6,1959.0,5037.0,5505.142857142857,3713.0565768457054,0,1,0,7134
64,4,391,1,1,0,1,1,1,1500.0,5.0,0.0,1,1.0,2013.0,1,2015,4,2,14,2,4,7134.0,11273.0,4406.571428571428,2729.4437074944326,0,0,0,3583
64,5,1170,1,0,0,1,1,1,1500.0,5.0,0.0,1,1.0,2013.0,1,2015,4,3,14,2,0,3583.0,4708.0,4689.857142857143,2865.460313723401,0,0,0,6691
64,6,1035,1,0,0,0,1,1,1500.0,5.0,0.0,1,1.0,2013.0,1,2015,4,4,14,2,2,6691.0,6359.0,5033.571428571428,3221.256269280815,1,0,0,8765
64,7,0,0,0,0,0,1,1,1500.0,5.0,0.0,1,1.0,2013.0,1,2015,4,5,14,2,3,8765.0,0.0,5033.571428571428,3221.256269280815,1,0,0,0
64,1,1114,1,0,0,0,1,1,1500.0,5.0,0.0,1,1.0,2013.0,1,2015,4,6,15,2,1,0.0,7103.0,5048.714285714285,3232.8341907313943,0,0,0,7209
64,2,343,1,1,0,0,1,1,1500.0,5.0,0.0,1,1.0,2013.0,1,2015,4,7,15,2,5,7209.0,1959.0,5479.571428571428,2940.1512351772467,0,0,0,4975
64,3,0,0,0,0,1,1,1,1500.0,5.0,0.0,1,1.0,2013.0,1,2015,4,8,15,2,6,4975.0,7134.0,4460.428571428572,3461.332588139182,0,0,0,0
64,4,515,1,0,0,1,1,1,1500.0,5.0,0.0,1,1.0,2013.0,1,2015,4,9,15,2,4,0.0,3583.0,4792.142857142857,3474.468900833212,0,0,0,5905
64,5,644,1,0,0,0,1,1,1500.0,5.0,0.0,1,1.0,2013.0,1,2015,4,10,15,2,0,5905.0,6691.0,4460.714285714285,3372.298756747674,0,0,0,4371
69,4,316,1,0,0,1,2,1,15000.0,1.0,2012.0,1,31.0,2013.0,2,2015,1,8,2,1,4,4627.0,4975.0,4838.857142857143,3310.7787315862424,0,0,0,2193
69,5,612,1,0,0,0,2,1,15000.0,1.0,2012.0,1,31.0,2013.0,2,2015,1,9,2,1,0,2193.0,10428.0,3942.8571428571427,2212.675562041833,0,0,0,4156
69,6,381,1,0,0,1,2,1,15000.0,1.0,2012.0,1,31.0,2013.0,2,2015,1,10,2,1,2,4156.0,6298.0,3413.5714285714284,1987.0418429701688,1,0,0,2593
69,7,0,0,0,0,0,2,1,15000.0,1.0,2012.0,1,31.0,2013.0,2,2015,1,11,2,1,3,2593.0,0.0,3413.5714285714284,1987.0418429701688,1,0,0,0
69,1,0,0,1,0,1,2,1,15000.0,1.0,2012.0,1,31.0,2013.0,2,2015,1,12,3,1,1,0.0,6093.0,2543.1428571428573,1951.906028183002,0,0,0,0
69,2,330,1,0,0,1,2,1,15000.0,1.0,2012.0,1,31.0,2013.0,2,2015,1,13,3,1,5,0.0,4233.0,2351.714285714286,1819.7935518702584,0,0,0,2893
69,3,602,1,0,0,0,2,1,15000.0,1.0,2012.0,1,31.0,2013.0,2,2015,1,14,3,1,6,2893.0,4627.0,2272.5714285714284,1713.27881143563,0,0,0,4073
69,4,927,1,0,0,0,2,1,15000.0,1.0,2012.0,1,31.0,2013.0,2,2015,1,15,3,1,4,4073.0,2193.0,3378.1428571428573,3359.475228294415,0,0,0,9932
69,5,792,1,1,0,1,2,1,15000.0,1.0,2012.0,1,31.0,2013.0,2,2015,1,16,3,1,0,9932.0,4156.0,3766.5714285714284,3612.0920464989476,0,0,0,6875
69,6,380,1,0,0,0,2,1,15000.0,1.0,2012.0,1,31.0,2013.0,2,2015,1,17,3,1,2,6875.0,2593.0,3786.5714285714284,3604.891438825071,1,0,0,2733
69,7,0,0,0,0,0,2,1,15000.0,1.0,2012.0,1,31.0,2013.0,2,2015,1,18,3,1,3,2733.0,0.0,3786.5714285714284,3604.891438825071,1,0,0,0
69,1,454,1,0,0,1,2,1,15000.0,1.0,2012.0,1,31.0,2013.0,2,2015,1,19,4,1,1,0.0,0.0,4264.428571428572,3220.504197437769,0,0,0,3345
69,2,920,1,0,0,1,2,1,15000.0,1.0,2012.0,1,31.0,2013.0,2,2015,1,20,4,1,5,3345.0,2893.0,5409.142857142857,3985.116954727571,0,0,0,10906
69,3,865,1,1,0,0,2,1,15000.0,1.0,2012.0,1,31.0,2013.0,2,2015,1,21,4,1,6,10906.0,4073.0,6027.142857142857,4077.7330887218636,0,0,0,8399
69,4,859,1,1,0,0,2,1,15000.0,1.0,2012.0,1,31.0,2013.0,2,2015,1,22,4,1,4,8399.0,9932.0,5966.142857142857,4012.251588512841,0,0,0,9505
69,5,984,1,0,0,1,2,1,15000.0,1.0,2012.0,1,31.0,2013.0,2,2015,1,23,4,1,0,9505.0,6875.0,6402.142857142857,4284.09214142162,0,0,0,9927
69,6,511,1,0,0,0,2,1,15000.0,1.0,2012.0,1,31.0,2013.0,2,2015,1,24,4,1,2,9927.0,2733.0,6451.571428571428,4236.434029430211,1,0,0,3079
69,7,0,0,0,0,0,2,1,15000.0,1.0,2012.0,1,31.0,2013.0,2,2015,1,25,4,1,3,3079.0,0.0,6451.571428571428,4236.434029430211,1,0,0,0
69,1,745,1,1,0,0,2,1,15000.0,1.0,2012.0,1,31.0,2013.0,2,2015,1,26,5,1,1,0.0,3345.0,6806.142857142857,4032.027960740164,0,0,0,5827
69,2,1006,1,0,0,0,2,1,15000.0,1.0,2012.0,1,31.0,2013.0,2,2015,1,27,5,1,5,5827.0,10906.0,6274.428571428572,3626.256189568101,0,0,0,7184
69,3,969,1,0,0,0,2,1,15000.0,1.0,2012.0,1,31.0,2013.0,2,2015,1,28,5,1,6,7184.0,8399.0,5970.285714285715,3505.6406791667314,0,0,0,6270
69,4,564,1,1,0,0,2,1,15000.0,1.0,2012.0,1,31.0,2013.0,2,2015,1,29,5,1,4,6270.0,9505.0,5682.142857142857,3239.474413572437,0,0,0,7488
69,5,355,1,1,0,0,2,1,15000.0,1.0,2012.0,1,31.0,2013.0,2,2015,1,30,5,1,0,7488.0,9927.0,4664.0,2768.778250420211,0,0,0,2800
69,6,376,1,0,0,0,2,1,15000.0,1.0,2012.0,1,31.0,2013.0,2,2015,1,31,5,1,2,2800.0,3079.0,4546.571428571428,2863.031485281692,1,0,1,2257
69,7,0,0,0,0,0,2,1,15000.0,1.0,2012.0,1,31.0,2013.0,2,2015,2,1,5,1,3,2257.0,0.0,4546.571428571428,2863.031485281692,1,1,0,0
69,1,512,1,1,0,0,2,1,15000.0,1.0,2012.0,1,31.0,2013.0,2,2015,2,2,6,1,1,0.0,5827.0,4714.428571428572,2982.5630955685792,0,0,0,7002
69,2,491,1,0,0,0,2,1,15000.0,1.0,2012.0,1,31.0,2013.0,2,2015,2,3,6,1,5,7002.0,7184.0,4142.571428571428,2808.8423390632465,0,0,0,3181
69,3,781,1,1,0,0,2,1,15000.0,1.0,2012.0,1,31.0,2013.0,2,2015,2,4,6,1,6,3181.0,6270.0,4535.285714285715,3304.330578411999,0,0,0,9019
69,4,1166,1,0,0,0,2,1,15000.0,1.0,2012.0,1,31.0,2013.0,2,2015,2,5,6,1,4,9019.0,7488.0,5393.857142857143,4689.763939637454,0,0,0,13498
69,5,395,1,0,0,0,2,1,15000.0,1.0,2012.0,1,31.0,2013.0,2,2015,2,6,6,1,0,13498.0,2800.0,5304.714285714285,4752.792151787752,0,0,0,2176
69,6,442,1,0,0,0,2,1,15000.0,1.0,2012.0,1,31.0,2013.0,2,2015,2,7,6,1,2,2176.0,2257.0,5560.142857142857,4607.526647728022,1,0,0,4045
69,7,0,0,0,0,0,2,1,15000.0,1.0,2012.0,1,31.0,2013.0,2,2015,2,8,6,1,3,4045.0,0.0,5560.142857142857,4607.526647728022,1,0,0,0
69,1,986,1,1,0,0,2,1,15000.0,1.0,2012.0,1,31.0,2013.0,2,2015,2,9,7,1,1,0.0,7002.0,5516.571428571428,4593.038458984891,0,0,0,6697
69,2,1023,1,1,0,1,2,1,15000.0,1.0,2012.0,1,31.0,2013.0,2,2015,2,10,7,1,5,6697.0,3181.0,6737.714285714285,4987.936437522227,0,0,0,11729
69,3,568,1,0,0,0,2,1,15000.0,1.0,2012.0,1,31.0,2013.0,2,2015,2,11,7,1,6,11729.0,9019.0,6061.571428571428,4947.785931004658,0,0,0,4286
69,4,425,1,1,0,0,2,1,15000.0,1.0,2012.0,1,31.0,2013.0,2,2015,2,12,7,1,4,4286.0,13498.0,5040.857142857143,3749.9993523808976,0,0,0,6353
69,5,800,1,0,0,0,2,1,15000.0,1.0,2012.0,1,31.0,2013.0,2,2015,2,13,7,1,0,6353.0,2176.0,5917.142857142857,3685.0988873466913,0,0,0,8310
69,6,950,1,0,0,1,2,1,15000.0,1.0,2012.0,1,31.0,2013.0,2,2015,2,14,7,1,2,8310.0,4045.0,6943.285714285715,4058.1034862065712,1,0,0,11228
69,7,0,0,0,0,0,2,1,15000.0,1.0,2012.0,1,31.0,2013.0,2,2015,2,15,7,1,3,11228.0,0.0,6943.285714285715,4058.1034862065712,1,0,0,0
69,1,669,1,0,0,0,2,1,15000.0,1.0,2012.0,1,31.0,2013.0,2,2015,2,16,8,1,1,0.0,6697.0,6935.571428571428,4058.700976796349,0,0,0,6643
69,2,813,1,1,0,0,2,1,15000.0,1.0,2012.0,1,31.0,2013.0,2,2015,2,17,8,1,5,6643.0,11729.0,6472.714285714285,3577.122852903143,0,0,0,8489
69,3,1199,1,0,0,0,2,1,15000.0,1.0,2012.0,1,31.0,2013.0,2,2015,2,18,8,1,6,8489.0,4286.0,7735.0,4184.347260923743,0,0,0,13122
69,4,471,1,1,0,1,2,1,15000.0,1.0,2012.0,1,31.0,2013.0,2,2015,2,19,8,1,4,13122.0,6353.0,7716.0,4191.963461990896,0,0,0,6220
69,5,336,1,1,0,0,2,1,15000.0,1.0,2012.0,1,31.0,2013.0,2,2015,2,20,8,1,0,6220.0,8310.0,7086.142857142857,4413.231900719,0,0,0,3901
69,6,934,1,0,0,0,2,1,15000.0,1.0,2012.0,1,31.0,2013.0,2,2015,2,21,8,1,2,3901.0,11228.0,6756.857142857143,4129.563230680757,1,0,0,8923
69,7,0,0,0,0,0,2,1,15000.0,1.0,2012.0,1,31.0,2013.0,2,2015,2,22,8,1,3,8923.0,0.0,6756.857142857143,4129.563230680757,1,0,0,0
69,1,874,1,0,0,0,2,1,15000.0,1.0,2012.0,1,31.0,2013.0,2,2015,2,23,9,1,1,0.0,6643.0,6584.142857142857,4160.287066560491,0,0,0,5434
69,2,803,1,1,0,0,2,1,15000.0,1.0,2012.0,1,31.0,2013.0,2,2015,2,24,9,1,5,5434.0,8489.0,6459.428571428572,4106.403611318258,0,0,0,7616
69,3,656,1,1,0,0,2,1,15000.0,1.0,2012.0,1,31.0,2013.0,2,2015,2,25,9,1,6,7616.0,13122.0,5391.285714285715,2871.185452868189,0,0,0,5645
69,4,417,1,1,0,0,2,1,15000.0,1.0,2012.0,1,31.0,2013.0,2,2015,2,26,9,1,4,5645.0,6220.0,5075.285714285715,2886.4613695830462,0,0,0,4008
69,5,0,0,1,0,1,2,1,15000.0,1.0,2012.0,1,31.0,2013.0,2,2015,2,27,9,1,0,4008.0,3901.0,4518.0,3468.8029155123036,0,0,0,0
69,6,934,1,0,0,0,2,1,15000.0,1.0,2012.0,1,31.0,2013.0,2,2015,2,28,9,1,2,0.0,8923.0,4720.857142857143,3795.4820698900867,1,0,1,10343
69,7,0,0,0,0,1,2,1,15000.0,1.0,2012.0,1,31.0,2013.0,2,2015,3,1,9,1,3,10343.0,0.0,4720.857142857143,3795.4820698900867,1,1,0,0
69,1,549,1,1,0,1,2,1,15000.0,1.0,2012.0,1,31.0,2013.0,2,2015,3,2,10,1,1,0.0,5434.0,4945.0,3889.773515257668,0,0,0,7003
69,2,904,1,1,0,1,2,1,15000.0,1.0,2012.0,1,31.0,2013.0,2,2015,3,3,10,1,5,7003.0,7616.0,5201.142857142857,4145.596435921351,0,0,0,9409
69,3,422,1,0,0,0,2,1,15000.0,1.0,2012.0,1,31.0,2013.0,2,2015,3,4,10,1,6,9409.0,5645.0,4898.714285714285,4184.853152114409,0,0,0,3528
69,4,647,1,0,0,0,2,1,15000.0,1.0,2012.0,1,31.0,2013.0,2,2015,3,5,10,1,4,3528.0,4008.0,4976.857142857143,4170.531518027065,0,0,0,4555
69,5,954,1,1,0,1,2,1,15000.0,1.0,2012.0,1,31.0,2013.0,2,2015,3,6,10,1,0,4555.0,0.0,6157.571428571428,3666.155382101841,0,0,0,8265
69,6,747,1,0,0,1,2,1,15000.0,1.0,2012.0,1,31.0,2013.0,2,2015,3,7,10,1,2,8265.0,10343.0,5633.714285714285,3200.8890282902,1,0,0,6676
69,7,0,0,0,0,0,2,1,15000.0,1.0,2012.0,1,31.0,2013.0,2,2015,3,8,10,1,3,6676.0,0.0,5633.714285714285,3200.8890282902,1,0,0,0
69,1,1022,1,0,0,1,2,1,15000.0,1.0,2012.0,1,31.0,2013.0,2,2015,3,9,11,1,1,0.0,7003.0,5801.428571428572,3313.3720415483517,0,0,0,8177
69,2,1098,1,0,0,0,2,1,15000.0,1.0,2012.0,1,31.0,2013.0,2,2015,3,10,11,1,5,8177.0,9409.0,5893.571428571428,3437.0764154604262,0,0,0,10054
69,3,761,1,0,0,0,2,1,15000.0,1.0,2012.0,1,31.0,2013.0,2,2015,3,11,11,1,6,10054.0,3528.0,6487.571428571428,3317.327883359482,0,0,0,7686
69,4,898,1,1,0,0,2,1,15000.0,1.0,2012.0,1,31.0,2013.0,2,2015,3,12,11,1,4,7686.0,4555.0,6828.571428571428,3206.391838039705,0,0,0,6942
69,5,715,1,0,0,0,2,1,15000.0,1.0,2012.0,1,31.0,2013.0,2,2015,3,13,11,1,0,6942.0,8265.0,6655.142857142857,3148.0495775729387,0,0,0,7051
69,6,855,1,0,0,0,2,1,15000.0,1.0,2012.0,1,31.0,2013.0,2,2015,3,14,11,1,2,7051.0,6676.0,6403.285714285715,3215.895402231741,1,0,0,4913
69,7,0,0,0,0,1,2,1,15000.0,1.0,2012.0,1,31.0,2013.0,2,2015,3,15,11,1,3,4913.0,0.0,6403.285714285715,3215.895402231741,1,0,0,0
69,1,1069,1,0,0,0,2,1,15000.0,1.0,2012.0,1,31.0,2013.0,2,2015,3,16,12,1,1,0.0,8177.0,6852.857142857143,3690.1776121921052,0,0,0,11324
69,2,514,1,1,0,0,2,1,15000.0,1.0,2012.0,1,31.0,2013.0,2,2015,3,17,12,1,5,11324.0,10054.0,6013.142857142857,3504.4465292240493,0,0,0,4176
69,3,580,1,1,0,0,2,1,15000.0,1.0,2012.0,1,31.0,2013.0,2,2015,3,18,12,1,6,4176.0,7686.0,5961.0,3478.0233850085992,0,0,0,7321
69,4,369,1,1,0,0,2,1,15000.0,1.0,2012.0,1,31.0,2013.0,2,2015,3,19,12,1,4,7321.0,6942.0,5652.857142857143,3472.171051305482,0,0,0,4785
69,5,862,1,0,0,0,2,1,15000.0,1.0,2012.0,1,31.0,2013.0,2,2015,3,20,12,1,0,4785.0,7051.0,5969.428571428572,3713.5233430056187,0,0,0,9267
69,6,892,1,0,0,0,2,1,15000.0,1.0,2012.0,1,31.0,2013.0,2,2015,3,21,12,1,2,9267.0,4913.0,6606.0,3880.4212829708767,1,0,0,9369
69,7,0,0,0,0,0,2,1,15000.0,1.0,2012.0,1,31.0,2013.0,2,2015,3,22,12,1,3,9369.0,0.0,6606.0,3880.4212829708763,1,0,0,0
69,1,1181,1,1,0,0,2,1,15000.0,1.0,2012.0,1,31.0,2013.0,2,2015,3,23,13,1,1,0.0,11324.0,6022.571428571428,3319.280185880812,0,0,0,7240
69,2,592,1,1,0,1,2,1,15000.0,1.0,2012.0,1,31.0,2013.0,2,2015,3,24,13,1,5,7240.0,4176.0,5991.142857142857,3340.6512054074847,0,0,0,3956
69,3,380,1,1,0,1,2,1,15000.0,1.0,2012.0,1,31.0,2013.0,2,2015,3,25,13,1,6,3956.0,7321.0,5411.714285714285,3422.301258621442,0,0,0,3265
69,4,949,1,0,0,0,2,1,15000.0,1.0,2012.0,1,31.0,2013.0,2,2015,3,26,13,1,4,3265.0,4785.0,6327.571428571428,4030.4364055332303,0,0,0,11196
69,5,1111,1,1,0,0,2,1,15000.0,1.0,2012.0,1,31.0,2013.0,2,2015,3,27,13,1,0,11196.0,9267.0,6158.571428571428,3909.6329690114085,0,0,0,8084
69,6,418,1,0,0,0,2,1,15000.0,1.0,2012.0,1,31.0,2013.0,2,2015,3,28,13,1,2,8084.0,9369.0,5391.571428571428,3695.6265980725047,1,0,0,4000
69,7,0,0,0,0,0,2,1,15000.0,1.0,2012.0,1,31.0,2013.0,2,2015,3,29,13,1,3,4000.0,0.0,5391.571428571428,3695.6265980725047,1,0,0,0
69,1,867,1,0,0,0,2,1,15000.0,1.0,2012.0,1,31.0,2013.0,2,2015,3,30,14,1,1,0.0,7240.0,5508.285714285715,3775.764854714239,0,0,0,8057
69,2,1174,1,0,0,0,2,1,15000.0,1.0,2012.0,1,31.0,2013.0,2,2015,3,31,14,1,5,8057.0,3956.0,6533.285714285715,4230.629413940112,0,0,1,11131
69,3,891,1,0,0,0,2,1,15000.0,1.0,2012.0,1,31.0,2013.0,2,2015,4,1,14,2,6,11131.0,3265.0,7302.857142857143,4021.8347566159186,0,1,0,8652
69,4,880,1,0,0,0,2,1,15000.0,1.0,2012.0,1,31.0,2013.0,2,2015,4,2,14,2,4,8652.0,11196.0,7117.285714285715,3838.030906349668,0,0,0,9897
69,5,1078,1,1,0,0,2,1,15000.0,1.0,2012.0,1,31.0,2013.0,2,2015,4,3,14,2,0,9897.0,8084.0,7939.857142857143,4617.607007551694,0,0,0,13842
69,6,544,1,0,0,0,2,1,15000.0,1.0,2012.0,1,31.0,2013.0,2,2015,4,4,14,2,2,13842.0,4000.0,8198.857142857143,4405.777397485092,1,0,0,5813
69,7,0,0,0,0,0,2,1,15000.0,1.0,2012.0,1,31.0,2013.0,2,2015,4,5,14,2,3,5813.0,0.0,8198.857142857143,4405.777397485092,1,0,0,0
69,1,1144,1,1,0,0,2,1,15000.0,1.0,2012.0,1,31.0,2013.0,2,2015,4,6,15,2,1,0.0,8057.0,8288.142857142857,4408.755433928096,0,0,0,8682
69,2,757,1,0,0,0,2,1,15000.0,1.0,2012.0,1,31.0,2013.0,2,2015,4,7,15,2,5,8682.0,11131.0,7589.285714285715,4268.510423800704,0,0,0,6239
69,3,384,1,0,0,0,2,1,15000.0,1.0,2012.0,1,31.0,2013.0,2,2015,4,8,15,2,6,6239.0,8652.0,6889.0,4462.791353700807,0,0,0,3750
69,4,713,1,1,0,0,2,1,15000.0,1.0,2012.0,1,31.0,2013.0,2,2015,4,9,15,2,4,3750.0,9897.0,6786.714285714285,4389.969692920661,0,0,0,9181
69,5,879,1,0,0,0,2,1,15000.0,1.0,2012.0,1,31.0,2013.0,2,2015,4,10,15,2,0,9181.0,13842.0,6214.0,3484.197468571495,0,0,0,9833
71,4,699,1,1,0,0,0,1,120.0,1.0,2008.0,1,31.0,2009.0,1,2015,1,8,2,1,4,2706.0,10471.0,4862.571428571428,4088.973785566205,0,0,0,5922
71,5,948,1,0,0,0,0,1,120.0,1.0,2008.0,1,31.0,2009.0,1,2015,1,9,2,1,0,5922.0,8553.0,5041.142857142857,4298.906776866705,0,0,0,9803
71,6,564,1,0,0,1,0,1,120.0,1.0,2008.0,1,31.0,2009.0,1,2015,1,10,2,1,2,9803.0,2432.0,5301.285714285715,4167.801567344816,1,0,0,4253
71,7,0,0,0,0,1,0,1,120.0,1.0,2008.0,1,31.0,2009.0,1,2015,1,11,2,1,3,4253.0,0.0,5301.285714285715,4167.801567344816,1,0,0,0
71,1,846,1,0,0,0,0,1,120.0,1.0,2008.0,1,31.0,2009.0,1,2015,1,12,3,1,1,0.0,2722.0,5949.714285714285,4051.0897181822456,0,0,0,7261
71,2,554,1,0,0,0,0,1,120.0,1.0,2008.0,1,31.0,2009.0,1,2015,1,13,3,1,5,7261.0,11703.0,5134.0,3180.9803520298583,0,0,0,5993
71,3,348,1,1,0,0,0,1,120.0,1.0,2008.0,1,31.0,2009.0,1,2015,1,14,3,1,6,5993.0,2706.0,5446.142857142857,3005.3743210328744,0,0,0,4891
71,4,1030,1,0,0,0,0,1,120.0,1.0,2008.0,1,31.0,2009.0,1,2015,1,15,3,1,4,4891.0,5922.0,6041.857142857143,3489.6768918517096,0,0,0,10092
71,5,420,1,0,0,0,0,1,120.0,1.0,2008.0,1,31.0,2009.0,1,2015,1,16,3,1,0,10092.0,9803.0,5022.0,3241.656778048328,0,0,0,2664
71,6,1187,1,0,0,0,0,1,120.0,1.0,2008.0,1,31.0,2009.0,1,2015,1,17,3,1,2,2664.0,4253.0,5388.142857142857,3284.7801260039423,1,0,0,6816
71,7,0,0,0,0,0,0,1,120.0,1.0,2008.0,1,31.0,2009.0,1,2015,1,18,3,1,3,6816.0,0.0,5388.142857142857,3284.7801260039423,1,0,0,0
71,1,763,1,0,0,0,0,1,120.0,1.0,2008.0,1,31.0,2009.0,1,2015,1,19,4,1,1,0.0,7261.0,5639.142857142857,3511.076398512353,0,0,0,9018
71,2,804,1,0,0,0,0,1,120.0,1.0,2008.0,1,31.0,2009.0,1,2015,1,20,4,1,5,9018.0,5993.0,5846.285714285715,3577.5753760652715,0,0,0,7443
71,3,347,1,0,0,1,0,1,120.0,1.0,2008.0,1,31.0,2009.0,1,2015,1,21,4,1,6,7443.0,4891.0,5444.571428571428,3850.206135483435,0,0,0,2079
71,4,905,1,0,0,0,0,1,120.0,1.0,2008.0,1,31.0,2009.0,1,2015,1,22,4,1,4,2079.0,10092.0,5221.571428571428,3571.27124224894,0,0,0,8531
71,5,329,1,0,0,0,0,1,120.0,1.0,2008.0,1,31.0,2009.0,1,2015,1,23,4,1,0,8531.0,2664.0,5108.857142857143,3676.3502475766836,0,0,0,1875
71,6,1144,1,0,0,0,0,1,120.0,1.0,2008.0,1,31.0,2009.0,1,2015,1,24,4,1,2,1875.0,6816.0,5590.285714285715,4129.849380396567,1,0,0,10186
71,7,0,0,0,0,0,0,1,120.0,1.0,2008.0,1,31.0,2009.0,1,2015,1,25,4,1,3,10186.0,0.0,5590.285714285715,4129.849380396567,1,0,0,0
71,1,789,1,0,0,0,0,1,120.0,1.0,2008.0,1,31.0,2009.0,1,2015,1,26,5,1,1,0.0,9018.0,5585.857142857143,4125.575532721523,0,0,0,8987
71,2,493,1,1,0,0,0,1,120.0,1.0,2008.0,1,31.0,2009.0,1,2015,1,27,5,1,5,8987.0,7443.0,5149.0,4057.4912199535315,0,0,0,4385
71,3,1073,1,1,0,0,0,1,120.0,1.0,2008.0,1,31.0,2009.0,1,2015,1,28,5,1,6,4385.0,2079.0,6064.0,3971.065348240947,0,0,0,8484
71,4,787,1,0,0,1,0,1,120.0,1.0,2008.0,1,31.0,2009.0,1,2015,1,29,5,1,4,8484.0,8531.0,6193.571428571428,4078.325344923773,0,0,0,9438
71,5,767,1,0,0,0,0,1,120.0,1.0,2008.0,1,31.0,2009.0,1,2015,1,30,5,1,0,9438.0,1875.0,6944.285714285715,3607.359639879085,0,0,0,7130
71,6,644,1,0,0,0,0,1,120.0,1.0,2008.0,1,31.0,2009.0,1,2015,1,31,5,1,2,7130.0,10186.0,6233.571428571428,3342.6044165761346,1,0,1,5211
71,7,0,0,0,0,1,0,1,120.0,1.0,2008.0,1,31.0,2009.0,1,2015,2,1,5,1,3,5211.0,0.0,6233.571428571428,3342.6044165761346,1,1,0,0
71,1,1177,1,1,0,0,0,1,120.0,1.0,2008.0,1,31.0,2009.0,1,2015,2,2,6,1,1,0.0,8987.0,6871.571428571428,4256.906108789294,0,0,0,13453
71,2,780,1,1,0,0,0,1,120.0,1.0,2008.0,1,31.0,2009.0,1,2015,2,3,6,1,5,13453.0,4385.0,7315.0,4113.985820750155,0,0,0,7489
71,3,787,1,1,0,0,0,1,120.0,1.0,2008.0,1,31.0,2009.0,1,2015,2,4,6,1,6,7489.0,8484.0,7503.428571428572,4205.637520326846,0,0,0,9803
71,4,614,1,1,0,0,0,1,120.0,1.0,2008.0,1,31.0,2009.0,1,2015,2,5,6,1,4,9803.0,9438.0,7206.428571428572,4118.760972960308,0,0,0,7359
71,5,601,1,0,0,0,0,1,120.0,1.0,2008.0,1,31.0,2009.0,1,2015,2,6,6,1,0,7359.0,7130.0,6751.571428571428,4300.415478266522,0,0,0,3946
71,6,1101,1,0,0,0,0,1,120.0,1.0,2008.0,1,31.0,2009.0,1,2015,2,7,6,1,2,3946.0,5211.0,7825.857142857143,4765.55377784406,1,0,0,12731
71,7,0,0,0,0,0,0,1,120.0,1.0,2008.0,1,31.0,2009.0,1,2015,2,8,6,1,3,12731.0,0.0,7825.857142857143,4765.55377784406,1,0,0,0
71,1,761,1,0,0,0,0,1,120.0,1.0,2008.0,1,31.0,2009.0,1,2015,2,9,7,1,1,0.0,13453.0,6570.857142857143,4154.218074382205,0,0,0,4668
71,2,618,1,0,0,0,0,1,120.0,1.0,2008.0,1,31.0,2009.0,1,2015,2,10,7,1,5,4668.0,7489.0,6522.857142857143,4143.769275614147,0,0,0,7153
71,3,950,1,0,0,0,0,1,120.0,1.0,2008.0,1,31.0,2009.0,1,2015,2,11,7,1,6,7153.0,9803.0,6035.428571428572,3886.298275443391,0,0,0,6391
71,4,315,1,1,0,0,0,1,120.0,1.0,2008.0,1,31.0,2009.0,1,2015,2,12,7,1,4,6391.0,7359.0,5607.142857142857,3881.317535260907,0,0,0,4361
71,5,950,1,0,0,0,0,1,120.0,1.0,2008.0,1,31.0,2009.0,1,2015,2,13,7,1,0,4361.0,3946.0,5970.142857142857,3818.3793433240494,0,0,0,6487
71,6,489,1,0,0,0,0,1,120.0,1.0,2008.0,1,31.0,2009.0,1,2015,2,14,7,1,2,6487.0,12731.0,4762.142857142857,2395.4678338180915,1,0,0,4275
71,7,0,0,0,0,1,0,1,120.0,1.0,2008.0,1,31.0,2009.0,1,2015,2,15,7,1,3,4275.0,0.0,4762.142857142857,2395.4678338180915,1,0,0,0
71,1,436,1,0,0,0,0,1,120.0,1.0,2008.0,1,31.0,2009.0,1,2015,2,16,8,1,1,0.0,4668.0,4710.857142857143,2401.654320711137,0,0,0,4309
71,2,773,1,0,0,0,0,1,120.0,1.0,2008.0,1,31.0,2009.0,1,2015,2,17,8,1,5,4309.0,7153.0,4680.428571428572,2366.6500837782537,0,0,0,6940
71,3,698,1,1,0,0,0,1,120.0,1.0,2008.0,1,31.0,2009.0,1,2015,2,18,8,1,6,6940.0,6391.0,4658.857142857143,2349.0830429887187,0,0,0,6240
71,4,1170,1,0,0,1,0,1,120.0,1.0,2008.0,1,31.0,2009.0,1,2015,2,19,8,1,4,6240.0,4361.0,5789.428571428572,3698.619510805927,0,0,0,12275
71,5,763,1,1,0,0,0,1,120.0,1.0,2008.0,1,31.0,2009.0,1,2015,2,20,8,1,0,12275.0,6487.0,6159.857142857143,3904.2594444431834,0,0,0,9080
71,6,521,1,0,0,1,0,1,120.0,1.0,2008.0,1,31.0,2009.0,1,2015,2,21,8,1,2,9080.0,4275.0,6075.142857142857,3958.03623145668,1,0,0,3682
71,7,0,0,0,0,0,0,1,120.0,1.0,2008.0,1,31.0,2009.0,1,2015,2,22,8,1,3,3682.0,0.0,6075.142857142857,3958.03623145668,1,0,0,0
71,1,793,1,1,0,0,0,1,120.0,1.0,2008.0,1,31.0,2009.0,1,2015,2,23,9,1,1,0.0,4309.0,6331.857142857143,3881.9385375767865,0,0,0,6106
71,2,750,1,1,0,0,0,1,120.0,1.0,2008.0,1,31.0,2009.0,1,2015,2,24,9,1,5,6106.0,6940.0,6300.285714285715,3877.0638681991336,0,0,0,6719
71,3,572,1,0,0,0,0,1,120.0,1.0,2008.0,1,31.0,2009.0,1,2015,2,25,9,1,6,6719.0,6240.0,5943.714285714285,3996.471473449452,0,0,0,3744
71,4,728,1,0,0,0,0,1,120.0,1.0,2008.0,1,31.0,2009.0,1,2015,2,26,9,1,4,3744.0,12275.0,4910.571428571428,2860.2192140430348,0,0,0,5043
71,5,935,1,0,0,1,0,1,120.0,1.0,2008.0,1,31.0,2009.0,1,2015,2,27,9,1,0,5043.0,9080.0,4738.714285714285,2591.4585156037597,0,0,0,7877
71,6,1113,1,0,0,0,0,1,120.0,1.0,2008.0,1,31.0,2009.0,1,2015,2,28,9,1,2,7877.0,3682.0,5355.0,2802.6342370467582,1,0,1,7996
71,7,0,0,0,0,0,0,1,120.0,1.0,2008.0,1,31.0,2009.0,1,2015,3,1,9,1,3,7996.0,0.0,5355.0,2802.6342370467582,1,1,0,0
71,1,942,1,0,0,0,0,1,120.0,1.0,2008.0,1,31.0,2009.0,1,2015,3,2,10,1,1,0.0,6106.0,5872.142857142857,3260.8315620697845,0,0,0,9726
71,2,1162,1,1,0,0,0,1,120.0,1.0,2008.0,1,31.0,2009.0,1,2015,3,3,10,1,5,9726.0,6719.0,6635.285714285715,4027.1207958989626,0,0,0,12061
71,3,0,0,1,0,0,0,1,120.0,1.0,2008.0,1,31.0,2009.0,1,2015,3,4,10,1,6,12061.0,3744.0,6100.428571428572,4672.1014136090425,0,0,0,0
71,4,756,1,0,0,0,0,1,120.0,1.0,2008.0,1,31.0,2009.0,1,2015,3,5,10,1,4,0.0,5043.0,6564.571428571428,4710.768155943106,0,0,0,8292
71,5,1082,1,0,0,0,0,1,120.0,1.0,2008.0,1,31.0,2009.0,1,2015,3,6,10,1,0,8292.0,7877.0,6311.857142857143,4675.948332640535,0,0,0,6108
71,6,1049,1,0,0,1,0,1,120.0,1.0,2008.0,1,31.0,2009.0,1,2015,3,7,10,1,2,6108.0,7996.0,6809.0,5054.518341708402,1,0,0,11476
71,7,0,0,0,0,0,0,1,120.0,1.0,2008.0,1,31.0,2009.0,1,2015,3,8,10,1,3,11476.0,0.0,6809.0,5054.518341708402,1,0,0,0
71,1,1041,1,0,0,0,0,1,120.0,1.0,2008.0,1,31.0,2009.0,1,2015,3,9,11,1,1,0.0,9726.0,6859.571428571428,5090.212564557686,0,0,0,10080
71,2,730,1,0,0,0,0,1,120.0,1.0,2008.0,1,31.0,2009.0,1,2015,3,10,11,1,5,10080.0,12061.0,5980.285714285715,4544.300815830957,0,0,0,5906
71,3,521,1,1,0,0,0,1,120.0,1.0,2008.0,1,31.0,2009.0,1,2015,3,11,11,1,6,5906.0,0.0,6652.428571428572,3799.2131578851436,0,0,0,4705
71,4,356,1,1,0,0,0,1,120.0,1.0,2008.0,1,31.0,2009.0,1,2015,3,12,11,1,4,4705.0,8292.0,6119.142857142857,3792.7038916218867,0,0,0,4559
71,5,799,1,1,0,0,0,1,120.0,1.0,2008.0,1,31.0,2009.0,1,2015,3,13,11,1,0,4559.0,6108.0,6273.857142857143,3814.2018574695026,0,0,0,7191
71,6,734,1,0,0,1,0,1,120.0,1.0,2008.0,1,31.0,2009.0,1,2015,3,14,11,1,2,7191.0,11476.0,5684.857142857143,3134.8212829745935,1,0,0,7353
71,7,0,0,0,0,1,0,1,120.0,1.0,2008.0,1,31.0,2009.0,1,2015,3,15,11,1,3,7353.0,0.0,5684.857142857143,3134.8212829745935,1,0,0,0
71,1,696,1,0,0,0,0,1,120.0,1.0,2008.0,1,31.0,2009.0,1,2015,3,16,12,1,1,0.0,10080.0,5428.571428571428,2767.4149705180866,0,0,0,8286
71,2,1125,1,1,0,0,0,1,120.0,1.0,2008.0,1,31.0,2009.0,1,2015,3,17,12,1,5,8286.0,5906.0,5927.714285714285,3155.7306451536547,0,0,0,9400
71,3,550,1,1,0,1,0,1,120.0,1.0,2008.0,1,31.0,2009.0,1,2015,3,18,12,1,6,9400.0,4705.0,5928.285714285715,3155.472691176696,0,0,0,4709
71,4,928,1,1,0,0,0,1,120.0,1.0,2008.0,1,31.0,2009.0,1,2015,3,19,12,1,4,4709.0,4559.0,6536.714285714285,3256.436074109531,0,0,0,8818
71,5,1099,1,0,0,0,0,1,120.0,1.0,2008.0,1,31.0,2009.0,1,2015,3,20,12,1,0,8818.0,7191.0,6955.857142857143,3531.8596342706574,0,0,0,10125
71,6,1106,1,0,0,0,0,1,120.0,1.0,2008.0,1,31.0,2009.0,1,2015,3,21,12,1,2,10125.0,7353.0,7492.0,3870.7883348658206,1,0,0,11106
71,7,0,0,0,0,0,0,1,120.0,1.0,2008.0,1,31.0,2009.0,1,2015,3,22,12,1,3,11106.0,0.0,7492.0,3870.7883348658206,1,0,0,0
71,1,587,1,0,0,0,0,1,120.0,1.0,2008.0,1,31.0,2009.0,1,2015,3,23,13,1,1,0.0,8286.0,7257.571428571428,3864.3733798699627,0,0,0,6645
71,2,384,1,1,0,1,0,1,120.0,1.0,2008.0,1,31.0,2009.0,1,2015,3,24,13,1,5,6645.0,9400.0,6480.714285714285,3908.2504915578133,0,0,0,3962
71,3,1079,1,0,0,0,0,1,120.0,1.0,2008.0,1,31.0,2009.0,1,2015,3,25,13,1,6,3962.0,4709.0,7245.285714285715,4025.626647462713,0,0,0,10061
71,4,602,1,1,0,0,0,1,120.0,1.0,2008.0,1,31.0,2009.0,1,2015,3,26,13,1,4,10061.0,8818.0,7086.142857142857,3974.7897818027795,0,0,0,7704
71,5,587,1,0,0,0,0,1,120.0,1.0,2008.0,1,31.0,2009.0,1,2015,3,27,13,1,0,7704.0,10125.0,6349.0,3791.540144409215,0,0,0,4965
71,6,952,1,0,0,0,0,1,120.0,1.0,2008.0,1,31.0,2009.0,1,2015,3,28,13,1,2,4965.0,11106.0,5784.0,3215.4377617985374,1,0,0,7151
71,7,0,0,0,0,0,0,1,120.0,1.0,2008.0,1,31.0,2009.0,1,2015,3,29,13,1,3,7151.0,0.0,5784.0,3215.4377617985374,1,0,0,0
71,1,591,1,1,0,0,0,1,120.0,1.0,2008.0,1,31.0,2009.0,1,2015,3,30,14,1,1,0.0,6645.0,5842.571428571428,3237.39467561715,0,0,0,7055
71,2,615,1,1,0,0,0,1,120.0,1.0,2008.0,1,31.0,2009.0,1,2015,3,31,14,1,5,7055.0,3962.0,6286.714285714285,3148.4385926088116,0,0,1,7071
71,3,483,1,1,0,0,0,1,120.0,1.0,2008.0,1,31.0,2009.0,1,2015,4,1,14,2,6,7071.0,10061.0,5721.428571428572,2677.9130467052646,0,1,0,6104
71,4,531,1,1,0,1,0,1,120.0,1.0,2008.0,1,31.0,2009.0,1,2015,4,2,14,2,4,6104.0,7704.0,5261.142857142857,2554.403480826225,0,0,0,4482
71,5,968,1,0,0,0,0,1,120.0,1.0,2008.0,1,31.0,2009.0,1,2015,4,3,14,2,0,4482.0,4965.0,5692.0,2743.486832481612,0,0,0,7981
71,6,386,1,0,0,0,0,1,120.0,1.0,2008.0,1,31.0,2009.0,1,2015,4,4,14,2,2,7981.0,7151.0,5023.285714285715,2894.8998666785064,1,0,0,2470
71,7,0,0,0,0,0,0,1,120.0,1.0,2008.0,1,31.0,2009.0,1,2015,4,5,14,2,3,2470.0,0.0,5023.285714285715,2894.8998666785064,1,0,0,0
71,1,628,1,1,0,1,0,1,120.0,1.0,2008.0,1,31.0,2009.0,1,2015,4,6,15,2,1,0.0,7055.0,4790.0,2766.852182535236,0,0,0,5422
71,2,911,1,1,0,0,0,1,120.0,1.0,2008.0,1,31.0,2009.0,1,2015,4,7,15,2,5,5422.0,7071.0,5160.428571428572,3253.8495077442676,0,0,0,9664
71,3,557,1,1,0,0,0,1,120.0,1.0,2008.0,1,31.0,2009.0,1,2015,4,8,15,2,6,9664.0,6104.0,5318.571428571428,3333.283459150693,0,0,0,7211
71,4,549,1,0,0,0,0,1,120.0,1.0,2008.0,1,31.0,2009.0,1,2015,4,9,15,2,4,7211.0,4482.0,5570.857142857143,3326.2371346899586,0,0,0,6248
71,5,592,1,0,0,0,0,1,120.0,1.0,2008.0,1,31.0,2009.0,1,2015,4,10,15,2,0,6248.0,7981.0,4942.285714285715,3208.5341780053654,0,0,0,3581
73,4,363,1,0,0,0,2,1,500.0,5.0,2008.0,1,40.0,2013.0,2,2015,1,8,2,1,4,5891.0,8691.0,5542.142857142857,3316.0201260231333,0,0,0,2695
73,5,836,1,0,0,0,2,1,500.0,5.0,2008.0,1,40.0,2013.0,2,2015,1,9,2,1,0,2695.0,9253.0,5124.714285714285,2932.8042731764262,0,0,0,6331
73,6,391,1,0,0,0,2,1,500.0,5.0,2008.0,1,40.0,2013.0,2,2015,1,10,2,1,2,6331.0,5771.0,4834.142857142857,2958.7466056069215,1,0,0,3737
73,7,0,0,0,0,0,2,1,500.0,5.0,2008.0,1,40.0,2013.0,2,2015,1,11,2,1,3,3737.0,0.0,4834.142857142857,2958.7466056069215,1,0,0,0
73,1,365,1,0,0,0,2,1,500.0,5.0,2008.0,1,40.0,2013.0,2,2015,1,12,3,1,1,0.0,6043.0,4572.714285714285,2914.651420798362,0,0,0,4213
73,2,859,1,0,0,1,2,1,500.0,5.0,2008.0,1,40.0,2013.0,2,2015,1,13,3,1,5,4213.0,9142.0,4067.0,2212.16281799811,0,0,0,5602
73,3,628,1,1,0,1,2,1,500.0,5.0,2008.0,1,40.0,2013.0,2,2015,1,14,3,1,6,5602.0,5891.0,3903.4285714285716,2093.989880359412,0,0,0,4746
73,4,942,1,0,0,0,2,1,500.0,5.0,2008.0,1,40.0,2013.0,2,2015,1,15,3,1,4,4746.0,2695.0,4272.0,2072.790228974784,0,0,0,5275
73,5,547,1,0,0,0,2,1,500.0,5.0,2008.0,1,40.0,2013.0,2,2015,1,16,3,1,0,5275.0,6331.0,3854.5714285714284,1873.6914417928115,0,0,0,3409
73,6,565,1,0,0,0,2,1,500.0,5.0,2008.0,1,40.0,2013.0,2,2015,1,17,3,1,2,3409.0,3737.0,4104.428571428572,1969.5622912331621,1,0,0,5486
73,7,0,0,0,0,0,2,1,500.0,5.0,2008.0,1,40.0,2013.0,2,2015,1,18,3,1,3,5486.0,0.0,4104.428571428572,1969.5622912331621,1,0,0,0
73,1,1138,1,1,0,0,2,1,500.0,5.0,2008.0,1,40.0,2013.0,2,2015,1,19,4,1,1,0.0,4213.0,5204.857142857143,3554.5115195842513,0,0,0,11916
73,2,817,1,0,0,0,2,1,500.0,5.0,2008.0,1,40.0,2013.0,2,2015,1,20,4,1,5,11916.0,5602.0,5663.142857142857,3811.74642513426,0,0,0,8810
73,3,858,1,0,0,0,2,1,500.0,5.0,2008.0,1,40.0,2013.0,2,2015,1,21,4,1,6,8810.0,4746.0,6407.428571428572,4100.532642521085,0,0,0,9956
73,4,705,1,1,0,0,2,1,500.0,5.0,2008.0,1,40.0,2013.0,2,2015,1,22,4,1,4,9956.0,5275.0,6563.428571428572,4070.935513169049,0,0,0,6367
73,5,1186,1,0,0,1,2,1,500.0,5.0,2008.0,1,40.0,2013.0,2,2015,1,23,4,1,0,6367.0,3409.0,7535.714285714285,4004.191000867537,0,0,0,10215
73,6,839,1,0,0,0,2,1,500.0,5.0,2008.0,1,40.0,2013.0,2,2015,1,24,4,1,2,10215.0,5486.0,7562.714285714285,3988.673535328326,1,0,0,5675
73,7,0,0,0,0,0,2,1,500.0,5.0,2008.0,1,40.0,2013.0,2,2015,1,25,4,1,3,5675.0,0.0,7562.714285714285,3988.673535328326,1,0,0,0
73,1,507,1,0,0,0,2,1,500.0,5.0,2008.0,1,40.0,2013.0,2,2015,1,26,5,1,1,0.0,11916.0,6279.0,3795.4487657368436,0,0,0,2930
73,2,672,1,1,0,1,2,1,500.0,5.0,2008.0,1,40.0,2013.0,2,2015,1,27,5,1,5,2930.0,8810.0,5802.571428571428,3630.52231582651,0,0,0,5475
73,3,325,1,0,0,0,2,1,500.0,5.0,2008.0,1,40.0,2013.0,2,2015,1,28,5,1,6,5475.0,9956.0,4795.857142857143,3243.239760310227,0,0,0,2909
73,4,760,1,0,0,0,2,1,500.0,5.0,2008.0,1,40.0,2013.0,2,2015,1,29,5,1,4,2909.0,6367.0,4620.428571428572,3176.6191596907365,0,0,0,5139
73,5,1125,1,1,0,1,2,1,500.0,5.0,2008.0,1,40.0,2013.0,2,2015,1,30,5,1,0,5139.0,10215.0,4938.571428571428,3866.839831918861,0,0,0,12442
73,6,938,1,0,0,0,2,1,500.0,5.0,2008.0,1,40.0,2013.0,2,2015,1,31,5,1,2,12442.0,5675.0,5203.0,3987.0144218449973,1,0,1,7526
73,7,0,0,0,0,0,2,1,500.0,5.0,2008.0,1,40.0,2013.0,2,2015,2,1,5,1,3,7526.0,0.0,5203.0,3987.0144218449973,1,1,0,0
73,1,1144,1,0,0,0,2,1,500.0,5.0,2008.0,1,40.0,2013.0,2,2015,2,2,6,1,1,0.0,2930.0,5898.571428571428,3948.916596449498,0,0,0,7799
73,2,720,1,0,0,0,2,1,500.0,5.0,2008.0,1,40.0,2013.0,2,2015,2,3,6,1,5,7799.0,5475.0,6272.428571428572,4025.274022023961,0,0,0,8092
73,3,972,1,0,0,1,2,1,500.0,5.0,2008.0,1,40.0,2013.0,2,2015,2,4,6,1,6,8092.0,2909.0,6806.714285714285,3742.7243069848523,0,0,0,6649
73,4,0,0,1,0,1,2,1,500.0,5.0,2008.0,1,40.0,2013.0,2,2015,2,5,6,1,4,6649.0,5139.0,6072.571428571428,4542.855924677884,0,0,0,0
73,5,437,1,1,0,0,2,1,500.0,5.0,2008.0,1,40.0,2013.0,2,2015,2,6,6,1,0,0.0,12442.0,4907.857142857143,3580.9875466865014,0,0,0,4289
73,6,634,1,0,0,0,2,1,500.0,5.0,2008.0,1,40.0,2013.0,2,2015,2,7,6,1,2,4289.0,7526.0,4518.857142857143,3392.0963738555256,1,0,0,4803
73,7,0,0,0,0,0,2,1,500.0,5.0,2008.0,1,40.0,2013.0,2,2015,2,8,6,1,3,4803.0,0.0,4518.857142857143,3392.0963738555256,1,0,0,0
73,1,351,1,0,0,0,2,1,500.0,5.0,2008.0,1,40.0,2013.0,2,2015,2,9,7,1,1,0.0,7799.0,3733.714285714286,3132.4497183666385,0,0,0,2303
73,2,867,1,1,0,0,2,1,500.0,5.0,2008.0,1,40.0,2013.0,2,2015,2,10,7,1,5,2303.0,8092.0,4102.571428571428,3809.942469256933,0,0,0,10674
73,3,1000,1,0,0,0,2,1,500.0,5.0,2008.0,1,40.0,2013.0,2,2015,2,11,7,1,6,10674.0,6649.0,3949.1428571428573,3710.636397734285,0,0,0,5575
73,4,799,1,0,0,1,2,1,500.0,5.0,2008.0,1,40.0,2013.0,2,2015,2,12,7,1,4,5575.0,0.0,4917.857142857143,3378.0608060725913,0,0,0,6781
73,5,0,0,0,0,0,2,1,500.0,5.0,2008.0,1,40.0,2013.0,2,2015,2,13,7,1,0,6781.0,4289.0,4305.142857142857,3865.0074354638014,0,0,0,0
73,6,1108,1,0,0,0,2,1,500.0,5.0,2008.0,1,40.0,2013.0,2,2015,2,14,7,1,2,0.0,4803.0,4618.285714285715,3998.557144532917,1,0,0,6995
73,7,0,0,0,0,0,2,1,500.0,5.0,2008.0,1,40.0,2013.0,2,2015,2,15,7,1,3,6995.0,0.0,4618.285714285715,3998.557144532917,1,0,0,0
73,1,877,1,0,0,1,2,1,500.0,5.0,2008.0,1,40.0,2013.0,2,2015,2,16,8,1,1,0.0,2303.0,5718.428571428572,4303.175682258505,0,0,0,10004
73,2,897,1,0,0,0,2,1,500.0,5.0,2008.0,1,40.0,2013.0,2,2015,2,17,8,1,5,10004.0,10674.0,5419.428571428572,3960.5291253039595,0,0,0,8581
73,3,601,1,1,0,0,2,1,500.0,5.0,2008.0,1,40.0,2013.0,2,2015,2,18,8,1,6,8581.0,5575.0,5757.285714285715,4075.2257898299613,0,0,0,7940
73,4,1169,1,1,0,0,2,1,500.0,5.0,2008.0,1,40.0,2013.0,2,2015,2,19,8,1,4,7940.0,6781.0,6274.571428571428,4440.290525672949,0,0,0,10402
73,5,898,1,1,0,1,2,1,500.0,5.0,2008.0,1,40.0,2013.0,2,2015,2,20,8,1,0,10402.0,0.0,7717.857142857143,3628.6403068078366,0,0,0,10103
73,6,379,1,0,0,1,2,1,500.0,5.0,2008.0,1,40.0,2013.0,2,2015,2,21,8,1,2,10103.0,6995.0,7059.428571428572,4160.802480978192,1,0,0,2386
73,7,0,0,0,0,1,2,1,500.0,5.0,2008.0,1,40.0,2013.0,2,2015,2,22,8,1,3,2386.0,0.0,7059.428571428572,4160.802480978193,1,0,0,0
73,1,566,1,1,0,1,2,1,500.0,5.0,2008.0,1,40.0,2013.0,2,2015,2,23,9,1,1,0.0,10004.0,6490.428571428572,3958.433396228987,0,0,0,6021
73,2,1168,1,0,0,1,2,1,500.0,5.0,2008.0,1,40.0,2013.0,2,2015,2,24,9,1,5,6021.0,8581.0,6357.714285714285,3891.6713938994435,0,0,0,7652
73,3,622,1,1,0,1,2,1,500.0,5.0,2008.0,1,40.0,2013.0,2,2015,2,25,9,1,6,7652.0,7940.0,5949.714285714285,3847.5990225197893,0,0,0,5084
73,4,548,1,0,0,0,2,1,500.0,5.0,2008.0,1,40.0,2013.0,2,2015,2,26,9,1,4,5084.0,10402.0,5263.285714285715,3312.2846956084413,0,0,0,5597
73,5,593,1,1,0,1,2,1,500.0,5.0,2008.0,1,40.0,2013.0,2,2015,2,27,9,1,0,5597.0,10103.0,4373.142857142857,2542.759028337226,0,0,0,3872
73,6,840,1,0,0,1,2,1,500.0,5.0,2008.0,1,40.0,2013.0,2,2015,2,28,9,1,2,3872.0,2386.0,4762.0,2391.8803621140137,1,0,1,5108
73,7,0,0,0,0,0,2,1,500.0,5.0,2008.0,1,40.0,2013.0,2,2015,3,1,9,1,3,5108.0,0.0,4762.0,2391.8803621140137,1,1,0,0
73,1,0,0,0,0,0,2,1,500.0,5.0,2008.0,1,40.0,2013.0,2,2015,3,2,10,1,1,0.0,6021.0,3901.8571428571427,2893.6480106474264,0,0,0,0
73,2,1011,1,1,0,0,2,1,500.0,5.0,2008.0,1,40.0,2013.0,2,2015,3,3,10,1,5,0.0,7652.0,4172.857142857143,3355.3876292996524,0,0,0,9549
73,3,454,1,0,0,0,2,1,500.0,5.0,2008.0,1,40.0,2013.0,2,2015,3,4,10,1,6,9549.0,5084.0,4091.0,3336.390564667152,0,0,0,4511
73,4,829,1,0,0,1,2,1,500.0,5.0,2008.0,1,40.0,2013.0,2,2015,3,5,10,1,4,4511.0,5597.0,4087.1428571428573,3334.37432554552,0,0,0,5570
73,5,889,1,0,0,0,2,1,500.0,5.0,2008.0,1,40.0,2013.0,2,2015,3,6,10,1,0,5570.0,3872.0,4501.142857142857,3479.941974064674,0,0,0,6770
73,6,627,1,0,0,0,2,1,500.0,5.0,2008.0,1,40.0,2013.0,2,2015,3,7,10,1,2,6770.0,5108.0,4472.0,3474.863306664019,1,0,0,4904
73,7,0,0,0,0,0,2,1,500.0,5.0,2008.0,1,40.0,2013.0,2,2015,3,8,10,1,3,4904.0,0.0,4472.0,3474.863306664019,1,0,0,0
73,1,810,1,1,0,0,2,1,500.0,5.0,2008.0,1,40.0,2013.0,2,2015,3,9,11,1,1,0.0,0.0,5324.0,2875.0073043385473,0,0,0,5964
73,2,870,1,0,0,0,2,1,500.0,5.0,2008.0,1,40.0,2013.0,2,2015,3,10,11,1,5,5964.0,9549.0,4925.571428571428,2334.3184485086044,0,0,0,6760
73,3,962,1,1,0,0,2,1,500.0,5.0,2008.0,1,40.0,2013.0,2,2015,3,11,11,1,6,6760.0,4511.0,5325.857142857143,2486.6510563789357,0,0,0,7313
73,4,909,1,0,0,0,2,1,500.0,5.0,2008.0,1,40.0,2013.0,2,2015,3,12,11,1,4,7313.0,5570.0,5261.571428571428,2485.1037441216854,0,0,0,5120
73,5,930,1,0,0,0,2,1,500.0,5.0,2008.0,1,40.0,2013.0,2,2015,3,13,11,1,0,5120.0,6770.0,5613.428571428572,2877.6352477420796,0,0,0,9233
73,6,875,1,0,0,0,2,1,500.0,5.0,2008.0,1,40.0,2013.0,2,2015,3,14,11,1,2,9233.0,4904.0,5776.571428571428,2863.046969992102,1,0,0,6046
73,7,0,0,0,0,0,2,1,500.0,5.0,2008.0,1,40.0,2013.0,2,2015,3,15,11,1,3,6046.0,0.0,5776.571428571428,2863.046969992102,1,0,0,0
73,1,344,1,1,0,0,2,1,500.0,5.0,2008.0,1,40.0,2013.0,2,2015,3,16,12,1,1,0.0,5964.0,5602.285714285715,2886.7707860910214,0,0,0,4744
73,2,876,1,0,0,0,2,1,500.0,5.0,2008.0,1,40.0,2013.0,2,2015,3,17,12,1,5,4744.0,6760.0,5991.714285714285,3232.1825811818308,0,0,0,9486
73,3,399,1,0,0,0,2,1,500.0,5.0,2008.0,1,40.0,2013.0,2,2015,3,18,12,1,6,9486.0,7313.0,5449.142857142857,3291.6474309263153,0,0,0,3515
73,4,708,1,0,0,0,2,1,500.0,5.0,2008.0,1,40.0,2013.0,2,2015,3,19,12,1,4,3515.0,5120.0,5875.428571428572,3432.1410158064537,0,0,0,8104
73,5,641,1,0,0,0,2,1,500.0,5.0,2008.0,1,40.0,2013.0,2,2015,3,20,12,1,0,8104.0,9233.0,5398.571428571428,3104.1074861728434,0,0,0,5895
73,6,785,1,0,0,0,2,1,500.0,5.0,2008.0,1,40.0,2013.0,2,2015,3,21,12,1,2,5895.0,6046.0,5306.571428571428,3091.2376085284927,1,0,0,5402
73,7,0,0,0,0,0,2,1,500.0,5.0,2008.0,1,40.0,2013.0,2,2015,3,22,12,1,3,5402.0,0.0,5306.571428571428,3091.2376085284927,1,0,0,0
73,1,606,1,1,0,1,2,1,500.0,5.0,2008.0,1,40.0,2013.0,2,2015,3,23,13,1,1,0.0,4744.0,5751.714285714285,3218.460952809884,0,0,0,7860
73,2,897,1,0,0,0,2,1,500.0,5.0,2008.0,1,40.0,2013.0,2,2015,3,24,13,1,5,7860.0,9486.0,5915.0,3459.4637349354216,0,0,0,10629
73,3,1139,1,0,0,0,2,1,500.0,5.0,2008.0,1,40.0,2013.0,2,2015,3,25,13,1,6,10629.0,3515.0,7281.142857142857,4169.162203151909,0,0,0,13078
73,4,711,1,0,0,1,2,1,500.0,5.0,2008.0,1,40.0,2013.0,2,2015,3,26,13,1,4,13078.0,8104.0,7243.0,4161.593845311353,0,0,0,7837
73,5,855,1,0,0,0,2,1,500.0,5.0,2008.0,1,40.0,2013.0,2,2015,3,27,13,1,0,7837.0,5895.0,7441.571428571428,4119.502917308627,0,0,0,7285
73,6,994,1,0,0,0,2,1,500.0,5.0,2008.0,1,40.0,2013.0,2,2015,3,28,13,1,2,7285.0,5402.0,7701.285714285715,4025.7278312658664,1,0,0,7220
73,7,0,0,0,0,0,2,1,500.0,5.0,2008.0,1,40.0,2013.0,2,2015,3,29,13,1,3,7220.0,0.0,7701.285714285715,4025.7278312658664,1,0,0,0
73,1,1081,1,0,0,1,2,1,500.0,5.0,2008.0,1,40.0,2013.0,2,2015,3,30,14,1,1,0.0,7860.0,7504.857142857143,4050.1641706878763,0,0,0,6485
73,2,551,1,0,0,0,2,1,500.0,5.0,2008.0,1,40.0,2013.0,2,2015,3,31,14,1,5,6485.0,10629.0,6616.0,3931.2627318288805,0,0,1,4407
73,3,1130,1,1,0,0,2,1,500.0,5.0,2008.0,1,40.0,2013.0,2,2015,4,1,14,2,6,4407.0,13078.0,6382.0,3508.5419573758372,0,1,0,11440
73,4,1028,1,0,0,1,2,1,500.0,5.0,2008.0,1,40.0,2013.0,2,2015,4,2,14,2,4,11440.0,7837.0,6329.0,3485.6268685369455,0,0,0,7466
73,5,874,1,0,0,0,2,1,500.0,5.0,2008.0,1,40.0,2013.0,2,2015,4,3,14,2,0,7466.0,7285.0,6588.142857142857,3632.8695466335075,0,0,0,9099
73,6,1024,1,0,0,0,2,1,500.0,5.0,2008.0,1,40.0,2013.0,2,2015,4,4,14,2,2,9099.0,7220.0,6998.428571428572,3870.527046675636,1,0,0,10092
73,7,0,0,0,0,0,2,1,500.0,5.0,2008.0,1,40.0,2013.0,2,2015,4,5,14,2,3,10092.0,0.0,6998.428571428572,3870.527046675636,1,0,0,0
73,1,427,1,1,0,0,2,1,500.0,5.0,2008.0,1,40.0,2013.0,2,2015,4,6,15,2,1,0.0,6485.0,6621.285714285715,4053.20291926791,0,0,0,3845
73,2,990,1,0,0,0,2,1,500.0,5.0,2008.0,1,40.0,2013.0,2,2015,4,7,15,2,5,3845.0,4407.0,7073.714285714285,3940.018727294145,0,0,0,7574
73,3,368,1,0,0,0,2,1,500.0,5.0,2008.0,1,40.0,2013.0,2,2015,4,8,15,2,6,7574.0,11440.0,5956.0,3589.076622196857,0,0,0,3616
73,4,697,1,0,0,0,2,1,500.0,5.0,2008.0,1,40.0,2013.0,2,2015,4,9,15,2,4,3616.0,7466.0,5440.714285714285,3595.0776400649875,0,0,0,3859
73,5,1057,1,0,0,1,2,1,500.0,5.0,2008.0,1,40.0,2013.0,2,2015,4,10,15,2,0,3859.0,9099.0,5146.857142857143,3319.7413769032987,0,0,0,7042
75,4,344,1,0,0,0,1,1,3000.0,11.0,0.0,1,14.0,2009.0,0,2015,1,8,2,1,4,6540.0,2894.0,6045.0,4663.992459971035,0,0,0,2646
75,5,830,1,0,0,0,1,1,3000.0,11.0,0.0,1,14.0,2009.0,0,2015,1,9,2,1,0,2646.0,13183.0,5296.0,3633.866810987987,0,0,0,7940
75,6,942,1,0,0,0,1,1,3000.0,11.0,0.0,1,14.0,2009.0,0,2015,1,10,2,1,2,7940.0,2588.0,6045.714285714285,3521.689069858653,1,0,0,7836
75,7,0,0,0,0,0,1,1,3000.0,11.0,0.0,1,14.0,2009.0,0,2015,1,11,2,1,3,7836.0,0.0,6045.714285714285,3521.689069858653,1,0,0,0
75,1,1049,1,0,0,0,1,1,3000.0,11.0,0.0,1,14.0,2009.0,0,2015,1,12,3,1,1,0.0,10322.0,6151.0,3678.3733270745283,0,0,0,11059
75,2,368,1,1,0,1,1,1,3000.0,11.0,0.0,1,14.0,2009.0,0,2015,1,13,3,1,5,11059.0,7036.0,5770.0,3709.4194065019574,0,0,0,4369
75,3,1142,1,1,0,0,1,1,3000.0,11.0,0.0,1,14.0,2009.0,0,2015,1,14,3,1,6,4369.0,6540.0,6361.714285714285,4156.174471565798,0,0,0,10682
75,4,849,1,0,0,0,1,1,3000.0,11.0,0.0,1,14.0,2009.0,0,2015,1,15,3,1,4,10682.0,2646.0,7234.142857142857,3877.85402117251,0,0,0,8753
75,5,827,1,1,0,0,1,1,3000.0,11.0,0.0,1,14.0,2009.0,0,2015,1,16,3,1,0,8753.0,7940.0,7501.285714285715,3997.160647021237,0,0,0,9810
75,6,968,1,0,0,1,1,1,3000.0,11.0,0.0,1,14.0,2009.0,0,2015,1,17,3,1,2,9810.0,7836.0,7453.142857142857,3994.4859255633637,1,0,0,7499
75,7,0,0,0,0,1,1,1,3000.0,11.0,0.0,1,14.0,2009.0,0,2015,1,18,3,1,3,7499.0,0.0,7453.142857142857,3994.4859255633633,1,0,0,0
75,1,848,1,0,0,0,1,1,3000.0,11.0,0.0,1,14.0,2009.0,0,2015,1,19,4,1,1,0.0,11059.0,6875.285714285715,3664.8946194165746,0,0,0,7014
75,2,1059,1,1,0,0,1,1,3000.0,11.0,0.0,1,14.0,2009.0,0,2015,1,20,4,1,5,7014.0,4369.0,7304.571428571428,3494.4231692389912,0,0,0,7374
75,3,479,1,1,0,1,1,1,3000.0,11.0,0.0,1,14.0,2009.0,0,2015,1,21,4,1,6,7374.0,10682.0,6392.714285714285,3293.2256585444043,0,0,0,4299
75,4,1105,1,1,0,1,1,1,3000.0,11.0,0.0,1,14.0,2009.0,0,2015,1,22,4,1,4,4299.0,8753.0,7043.142857142857,4169.995620644039,0,0,0,13306
75,5,638,1,1,0,0,1,1,3000.0,11.0,0.0,1,14.0,2009.0,0,2015,1,23,4,1,0,13306.0,9810.0,6381.571428571428,4022.622977492125,0,0,0,5179
75,6,633,1,0,0,0,1,1,3000.0,11.0,0.0,1,14.0,2009.0,0,2015,1,24,4,1,2,5179.0,7499.0,6142.285714285715,3994.7968122832676,1,0,0,5824
75,7,0,0,0,0,0,1,1,3000.0,11.0,0.0,1,14.0,2009.0,0,2015,1,25,4,1,3,5824.0,0.0,6142.285714285715,3994.7968122832676,1,0,0,0
75,1,477,1,1,0,0,1,1,3000.0,11.0,0.0,1,14.0,2009.0,0,2015,1,26,5,1,1,0.0,7014.0,5857.571428571428,3993.335483742165,0,0,0,5021
75,2,977,1,0,0,0,1,1,3000.0,11.0,0.0,1,14.0,2009.0,0,2015,1,27,5,1,5,5021.0,7374.0,6093.285714285715,4143.632774683171,0,0,0,9024
75,3,697,1,1,0,0,1,1,3000.0,11.0,0.0,1,14.0,2009.0,0,2015,1,28,5,1,6,9024.0,4299.0,6702.0,4149.089096817917,0,0,0,8560
75,4,540,1,0,0,0,1,1,3000.0,11.0,0.0,1,14.0,2009.0,0,2015,1,29,5,1,4,8560.0,13306.0,5316.142857142857,3050.2468440314456,0,0,0,3605
75,5,707,1,1,0,0,1,1,3000.0,11.0,0.0,1,14.0,2009.0,0,2015,1,30,5,1,0,3605.0,5179.0,5873.428571428572,3361.494600974534,0,0,0,9080
75,6,596,1,0,0,0,1,1,3000.0,11.0,0.0,1,14.0,2009.0,0,2015,1,31,5,1,2,9080.0,5824.0,5656.571428571428,3413.772979033746,1,0,1,4306
75,7,0,0,0,0,0,1,1,3000.0,11.0,0.0,1,14.0,2009.0,0,2015,2,1,5,1,3,4306.0,0.0,5656.571428571428,3413.772979033746,1,1,0,0
75,1,943,1,0,0,0,1,1,3000.0,11.0,0.0,1,14.0,2009.0,0,2015,2,2,6,1,1,0.0,5021.0,6199.142857142857,3593.03476319445,0,0,0,8819
75,2,787,1,0,0,0,1,1,3000.0,11.0,0.0,1,14.0,2009.0,0,2015,2,3,6,1,5,8819.0,9024.0,5970.857142857143,3430.7422145735645,0,0,0,7426
75,3,1060,1,1,0,0,1,1,3000.0,11.0,0.0,1,14.0,2009.0,0,2015,2,4,6,1,6,7426.0,8560.0,5679.714285714285,3256.4474873848685,0,0,0,6522
75,4,1031,1,1,0,0,1,1,3000.0,11.0,0.0,1,14.0,2009.0,0,2015,2,5,6,1,4,6522.0,3605.0,6854.0,3817.376280466291,0,0,0,11825
75,5,896,1,0,0,1,1,1,3000.0,11.0,0.0,1,14.0,2009.0,0,2015,2,6,6,1,0,11825.0,9080.0,6804.428571428572,3785.774551182484,0,0,0,8733
75,6,993,1,0,0,0,1,1,3000.0,11.0,0.0,1,14.0,2009.0,0,2015,2,7,6,1,2,8733.0,4306.0,7069.714285714285,3643.9260747297308,1,0,0,6163
75,7,0,0,0,0,0,1,1,3000.0,11.0,0.0,1,14.0,2009.0,0,2015,2,8,6,1,3,6163.0,0.0,7069.714285714285,3643.9260747297308,1,0,0,0
75,1,709,1,1,0,0,1,1,3000.0,11.0,0.0,1,14.0,2009.0,0,2015,2,9,7,1,1,0.0,8819.0,6819.571428571428,3563.0320822366452,0,0,0,7068
75,2,666,1,0,0,0,1,1,3000.0,11.0,0.0,1,14.0,2009.0,0,2015,2,10,7,1,5,7068.0,7426.0,6613.571428571428,3563.8125117698887,0,0,0,5984
75,3,1122,1,0,0,0,1,1,3000.0,11.0,0.0,1,14.0,2009.0,0,2015,2,11,7,1,6,5984.0,6522.0,6741.571428571428,3576.045062036309,0,0,0,7418
75,4,557,1,0,0,0,1,1,3000.0,11.0,0.0,1,14.0,2009.0,0,2015,2,12,7,1,4,7418.0,11825.0,5654.0,2857.924479991261,0,0,0,4212
75,5,560,1,0,0,1,1,1,3000.0,11.0,0.0,1,14.0,2009.0,0,2015,2,13,7,1,0,4212.0,8733.0,5260.857142857143,2534.796272456058,0,0,0,5981
75,6,728,1,0,0,0,1,1,3000.0,11.0,0.0,1,14.0,2009.0,0,2015,2,14,7,1,2,5981.0,6163.0,5628.0,2853.346281123268,1,0,0,8733
75,7,0,0,0,0,0,1,1,3000.0,11.0,0.0,1,14.0,2009.0,0,2015,2,15,7,1,3,8733.0,0.0,5628.0,2853.346281123268,1,0,0,0
75,1,645,1,0,0,0,1,1,3000.0,11.0,0.0,1,14.0,2009.0,0,2015,2,16,8,1,1,0.0,7068.0,5358.285714285715,2782.90595806408,0,0,0,5180
75,2,999,1,0,0,0,1,1,3000.0,11.0,0.0,1,14.0,2009.0,0,2015,2,17,8,1,5,5180.0,5984.0,5973.285714285715,3360.0655605848756,0,0,0,10289
75,3,855,1,0,0,0,1,1,3000.0,11.0,0.0,1,14.0,2009.0,0,2015,2,18,8,1,6,10289.0,7418.0,6353.0,3685.015332396866,0,0,0,10076
75,4,466,1,0,0,0,1,1,3000.0,11.0,0.0,1,14.0,2009.0,0,2015,2,19,8,1,4,10076.0,4212.0,6537.714285714285,3591.0169271988343,0,0,0,5505
75,5,708,1,0,0,0,1,1,3000.0,11.0,0.0,1,14.0,2009.0,0,2015,2,20,8,1,0,5505.0,5981.0,6575.0,3585.6240739932546,0,0,0,6242
75,6,841,1,0,0,1,1,1,3000.0,11.0,0.0,1,14.0,2009.0,0,2015,2,21,8,1,2,6242.0,8733.0,6036.428571428572,3489.3018813292156,1,0,0,4963
75,7,0,0,0,0,1,1,1,3000.0,11.0,0.0,1,14.0,2009.0,0,2015,2,22,8,1,3,4963.0,0.0,6036.428571428572,3489.3018813292156,1,0,0,0
75,1,499,1,0,0,0,1,1,3000.0,11.0,0.0,1,14.0,2009.0,0,2015,2,23,9,1,1,0.0,5180.0,6051.571428571428,3485.1932924465277,0,0,0,5286
75,2,910,1,0,0,1,1,1,3000.0,11.0,0.0,1,14.0,2009.0,0,2015,2,24,9,1,5,5286.0,10289.0,5437.142857142857,2951.9772147139715,0,0,0,5988
75,3,713,1,1,0,0,1,1,3000.0,11.0,0.0,1,14.0,2009.0,0,2015,2,25,9,1,6,5988.0,10076.0,5394.857142857143,2875.584371252295,0,0,0,9780
75,4,1095,1,1,0,1,1,1,3000.0,11.0,0.0,1,14.0,2009.0,0,2015,2,26,9,1,4,9780.0,5505.0,5799.0,3084.8290606342057,0,0,0,8334
75,5,1024,1,1,0,0,1,1,3000.0,11.0,0.0,1,14.0,2009.0,0,2015,2,27,9,1,0,8334.0,6242.0,6074.571428571428,3214.4356610527457,0,0,0,8171
75,6,1004,1,0,0,1,1,1,3000.0,11.0,0.0,1,14.0,2009.0,0,2015,2,28,9,1,2,8171.0,4963.0,6277.142857142857,3177.174868158366,1,0,1,6381
75,7,0,0,0,0,0,1,1,3000.0,11.0,0.0,1,14.0,2009.0,0,2015,3,1,9,1,3,6381.0,0.0,6277.142857142857,3177.174868158366,1,1,0,0
75,1,657,1,0,0,0,1,1,3000.0,11.0,0.0,1,14.0,2009.0,0,2015,3,2,10,1,1,0.0,5286.0,6648.0,3193.668162682736,0,0,0,7882
75,2,667,1,0,0,0,1,1,3000.0,11.0,0.0,1,14.0,2009.0,0,2015,3,3,10,1,5,7882.0,5988.0,6366.857142857143,3344.5127412211277,0,0,0,4020
75,3,942,1,0,0,0,1,1,3000.0,11.0,0.0,1,14.0,2009.0,0,2015,3,4,10,1,6,4020.0,9780.0,5962.857142857143,3018.4137350917385,0,0,0,6952
75,4,617,1,1,0,1,1,1,3000.0,11.0,0.0,1,14.0,2009.0,0,2015,3,5,10,1,4,6952.0,8334.0,5659.571428571428,2841.9567705569116,0,0,0,6211
75,5,1031,1,0,0,0,1,1,3000.0,11.0,0.0,1,14.0,2009.0,0,2015,3,6,10,1,0,6211.0,8171.0,5959.285714285715,3234.477480433054,0,0,0,10269
75,6,597,1,0,0,1,1,1,3000.0,11.0,0.0,1,14.0,2009.0,0,2015,3,7,10,1,2,10269.0,6381.0,5693.714285714285,3270.201763107065,1,0,0,4522
75,7,0,0,0,0,0,1,1,3000.0,11.0,0.0,1,14.0,2009.0,0,2015,3,8,10,1,3,4522.0,0.0,5693.714285714285,3270.201763107065,1,0,0,0
75,1,1053,1,0,0,1,1,1,3000.0,11.0,0.0,1,14.0,2009.0,0,2015,3,9,11,1,1,0.0,7882.0,6361.857142857143,4150.983153766964,0,0,0,12559
75,2,488,1,0,0,0,1,1,3000.0,11.0,0.0,1,14.0,2009.0,0,2015,3,10,11,1,5,12559.0,4020.0,6470.857142857143,4088.791485209755,0,0,0,4783
75,3,843,1,1,0,0,1,1,3000.0,11.0,0.0,1,14.0,2009.0,0,2015,3,11,11,1,6,4783.0,6952.0,6725.857142857143,4178.4770921382105,0,0,0,8737
75,4,773,1,0,0,0,1,1,3000.0,11.0,0.0,1,14.0,2009.0,0,2015,3,12,11,1,4,8737.0,6211.0,6563.142857142857,4223.798820515776,0,0,0,5072
75,5,1080,1,1,0,0,1,1,3000.0,11.0,0.0,1,14.0,2009.0,0,2015,3,13,11,1,0,5072.0,10269.0,7077.0,4912.447794463908,0,0,0,13866
75,6,458,1,0,0,0,1,1,3000.0,11.0,0.0,1,14.0,2009.0,0,2015,3,14,11,1,2,13866.0,4522.0,6965.857142857143,4988.106769392284,1,0,0,3744
75,7,0,0,0,0,1,1,1,3000.0,11.0,0.0,1,14.0,2009.0,0,2015,3,15,11,1,3,3744.0,0.0,6965.857142857143,4988.106769392284,1,0,0,0
75,1,641,1,1,0,0,1,1,3000.0,11.0,0.0,1,14.0,2009.0,0,2015,3,16,12,1,1,0.0,12559.0,5993.142857142857,4337.03248887114,0,0,0,5750
75,2,544,1,0,0,0,1,1,3000.0,11.0,0.0,1,14.0,2009.0,0,2015,3,17,12,1,5,5750.0,4783.0,5829.571428571428,4411.236933753873,0,0,0,3638
75,3,356,1,1,0,0,1,1,3000.0,11.0,0.0,1,14.0,2009.0,0,2015,3,18,12,1,6,3638.0,8737.0,5316.142857142857,4221.513252716037,0,0,0,5143
75,4,775,1,0,0,1,1,1,3000.0,11.0,0.0,1,14.0,2009.0,0,2015,3,19,12,1,4,5143.0,5072.0,5326.0,4220.928689281541,0,0,0,5141
75,5,622,1,0,0,0,1,1,3000.0,11.0,0.0,1,14.0,2009.0,0,2015,3,20,12,1,0,5141.0,13866.0,4129.857142857143,1999.100583476763,0,0,0,5493
75,6,577,1,0,0,0,1,1,3000.0,11.0,0.0,1,14.0,2009.0,0,2015,3,21,12,1,2,5493.0,3744.0,4511.142857142857,2161.1965380757174,1,0,0,6413
75,7,0,0,0,0,1,1,1,3000.0,11.0,0.0,1,14.0,2009.0,0,2015,3,22,12,1,3,6413.0,0.0,4511.142857142857,2161.1965380757174,1,0,0,0
75,1,1152,1,0,0,0,1,1,3000.0,11.0,0.0,1,14.0,2009.0,0,2015,3,23,13,1,1,0.0,5750.0,4727.428571428572,2371.3787028606253,0,0,0,7264
75,2,322,1,1,0,1,1,1,3000.0,11.0,0.0,1,14.0,2009.0,0,2015,3,24,13,1,5,7264.0,3638.0,4604.571428571428,2457.9253349890314,0,0,0,2778
75,3,851,1,0,0,1,1,1,3000.0,11.0,0.0,1,14.0,2009.0,0,2015,3,25,13,1,6,2778.0,5143.0,4651.285714285715,2472.925643462663,0,0,0,5470
75,4,443,1,0,0,0,1,1,3000.0,11.0,0.0,1,14.0,2009.0,0,2015,3,26,13,1,4,5470.0,5141.0,4455.142857142857,2482.043407394493,0,0,0,3768
75,5,328,1,1,0,0,1,1,3000.0,11.0,0.0,1,14.0,2009.0,0,2015,3,27,13,1,0,3768.0,5493.0,4180.428571428572,2454.291877313619,0,0,0,3570
75,6,725,1,0,0,1,1,1,3000.0,11.0,0.0,1,14.0,2009.0,0,2015,3,28,13,1,2,3570.0,6413.0,4191.428571428572,2466.1099500456735,1,0,0,6490
75,7,0,0,0,0,0,1,1,3000.0,11.0,0.0,1,14.0,2009.0,0,2015,3,29,13,1,3,6490.0,0.0,4191.428571428572,2466.1099500456735,1,0,0,0
75,1,609,1,0,0,0,1,1,3000.0,11.0,0.0,1,14.0,2009.0,0,2015,3,30,14,1,1,0.0,7264.0,3761.4285714285716,2072.000229821643,0,0,0,4254
75,2,463,1,0,0,0,1,1,3000.0,11.0,0.0,1,14.0,2009.0,0,2015,3,31,14,1,5,4254.0,2778.0,3854.4285714285716,2034.7786003349215,0,0,1,3429
75,3,546,1,1,0,0,1,1,3000.0,11.0,0.0,1,14.0,2009.0,0,2015,4,1,14,2,6,3429.0,5470.0,3946.285714285714,2132.055089523227,0,1,0,6113
75,4,380,1,0,0,0,1,1,3000.0,11.0,0.0,1,14.0,2009.0,0,2015,4,2,14,2,4,6113.0,3768.0,3937.0,2133.102279154313,0,0,0,3703
75,5,1110,1,0,0,0,1,1,3000.0,11.0,0.0,1,14.0,2009.0,0,2015,4,3,14,2,0,3703.0,3570.0,4650.428571428572,2738.98794308791,0,0,0,8564
75,6,663,1,0,0,1,1,1,3000.0,11.0,0.0,1,14.0,2009.0,0,2015,4,4,14,2,2,8564.0,6490.0,4474.0,2638.684141764601,1,0,0,5255
75,7,0,0,0,0,1,1,1,3000.0,11.0,0.0,1,14.0,2009.0,0,2015,4,5,14,2,3,5255.0,0.0,4474.0,2638.684141764601,1,0,0,0
75,1,361,1,1,0,0,1,1,3000.0,11.0,0.0,1,14.0,2009.0,0,2015,4,6,15,2,1,0.0,4254.0,4562.0,2640.3955511753643,0,0,0,4870
75,2,1190,1,0,0,0,1,1,3000.0,11.0,0.0,1,14.0,2009.0,0,2015,4,7,15,2,5,4870.0,3429.0,6105.0,4422.494092703798,0,0,0,14230
75,3,583,1,1,0,0,1,1,3000.0,11.0,0.0,1,14.0,2009.0,0,2015,4,8,15,2,6,14230.0,6113.0,5895.0,4456.818820638773,0,0,0,4643
75,4,796,1,1,0,0,1,1,3000.0,11.0,0.0,1,14.0,2009.0,0,2015,4,9,15,2,4,4643.0,3703.0,6403.714285714285,4367.248741648288,0,0,0,7264
75,5,1023,1,0,0,0,1,1,3000.0,11.0,0.0,1,14.0,2009.0,0,2015,4,10,15,2,0,7264.0,8564.0,6391.0,4360.034938697929,0,0,0,8475
79,4,599,1,0,0,0,0,0,500.0,0.0,2012.0,1,14.0,2015.0,2,2015,1,8,2,1,4,4724.0,4142.0,4826.142857142857,3534.0451529171414,0,0,0,3610
79,5,845,1,0,0,0,0,0,500.0,0.0,2012.0,1,14.0,2015.0,2,2015,1,9,2,1,0,3610.0,6643.0,4883.142857142857,3571.2547014819793,0,0,0,7042
79,6,433,1,0,0,0,0,0,500.0,0.0,2012.0,1,14.0,2015.0,2,2015,1,10,2,1,2,7042.0,4222.0,4875.285714285715,3573.011788127103,1,0,0,4167
79,7,0,0,0,0,0,0,0,500.0,0.0,2012.0,1,14.0,2015.0,2,2015,1,11,2,1,3,4167.0,0.0,4875.285714285715,3573.011788127103,1,0,0,0
79,1,315,1,1,0,0,0,0,500.0,0.0,2012.0,1,14.0,2015.0,2,2015,1,12,3,1,1,0.0,11435.0,3614.285714285714,2143.920296581763,0,0,0,2608
79,2,1130,1,1,0,0,0,0,500.0,0.0,2012.0,1,14.0,2015.0,2,2015,1,13,3,1,5,2608.0,3149.0,4440.857142857143,2912.311019824372,0,0,0,8935
79,3,882,1,1,0,0,0,0,500.0,0.0,2012.0,1,14.0,2015.0,2,2015,1,14,3,1,6,8935.0,4724.0,5427.857142857143,3994.097704887861,0,0,0,11633
79,4,874,1,1,0,0,0,0,500.0,0.0,2012.0,1,14.0,2015.0,2,2015,1,15,3,1,4,11633.0,3610.0,6247.0,4144.303399446844,0,0,0,9344
79,5,789,1,0,0,0,0,0,500.0,0.0,2012.0,1,14.0,2015.0,2,2015,1,16,3,1,0,9344.0,7042.0,6409.142857142857,4202.387156072583,0,0,0,8177
79,6,354,1,0,0,0,0,0,500.0,0.0,2012.0,1,14.0,2015.0,2,2015,1,17,3,1,2,8177.0,4167.0,6182.285714285715,4382.596023450245,1,0,0,2579
79,7,0,0,0,0,0,0,0,500.0,0.0,2012.0,1,14.0,2015.0,2,2015,1,18,3,1,3,2579.0,0.0,6182.285714285715,4382.596023450245,1,0,0,0
79,1,387,1,1,0,0,0,0,500.0,0.0,2012.0,1,14.0,2015.0,2,2015,1,19,4,1,1,0.0,2608.0,6422.857142857143,4195.9390458144735,0,0,0,4292
79,2,768,1,1,0,0,0,0,500.0,0.0,2012.0,1,14.0,2015.0,2,2015,1,20,4,1,5,4292.0,8935.0,6279.428571428572,4112.076882271815,0,0,0,7931
79,3,774,1,0,0,0,0,0,500.0,0.0,2012.0,1,14.0,2015.0,2,2015,1,21,4,1,6,7931.0,11633.0,5752.714285714285,3503.08900421165,0,0,0,7946
79,4,688,1,1,0,1,0,0,500.0,0.0,2012.0,1,14.0,2015.0,2,2015,1,22,4,1,4,7946.0,9344.0,5303.714285714285,3149.661765665519,0,0,0,6201
79,5,843,1,0,0,0,0,0,500.0,0.0,2012.0,1,14.0,2015.0,2,2015,1,23,4,1,0,6201.0,8177.0,5291.0,3136.281237389274,0,0,0,8088
79,6,1035,1,0,0,1,0,0,500.0,0.0,2012.0,1,14.0,2015.0,2,2015,1,24,4,1,2,8088.0,2579.0,6461.428571428572,3466.858705761498,1,0,0,10772
79,7,0,0,0,0,0,0,0,500.0,0.0,2012.0,1,14.0,2015.0,2,2015,1,25,4,1,3,10772.0,0.0,6461.428571428572,3466.858705761498,1,0,0,0
79,1,712,1,1,0,0,0,0,500.0,0.0,2012.0,1,14.0,2015.0,2,2015,1,26,5,1,1,0.0,4292.0,7092.857142857143,3407.8926249013703,0,0,0,8712
79,2,789,1,0,0,0,0,0,500.0,0.0,2012.0,1,14.0,2015.0,2,2015,1,27,5,1,5,8712.0,7931.0,7009.285714285715,3391.0446136004434,0,0,0,7346
79,3,542,1,1,0,1,0,0,500.0,0.0,2012.0,1,14.0,2015.0,2,2015,1,28,5,1,6,7346.0,7946.0,6633.0,3415.828596402344,0,0,0,5312
79,4,319,1,0,0,0,0,0,500.0,0.0,2012.0,1,14.0,2015.0,2,2015,1,29,5,1,4,5312.0,6201.0,6048.0,3827.9420058302867,0,0,0,2106
79,5,593,1,0,0,1,0,0,500.0,0.0,2012.0,1,14.0,2015.0,2,2015,1,30,5,1,0,2106.0,8088.0,5672.428571428572,3721.934615991297,0,0,0,5459
79,6,1045,1,0,0,0,0,0,500.0,0.0,2012.0,1,14.0,2015.0,2,2015,1,31,5,1,2,5459.0,10772.0,5361.142857142857,3290.455917172746,1,0,1,8593
79,7,0,0,0,0,0,0,0,500.0,0.0,2012.0,1,14.0,2015.0,2,2015,2,1,5,1,3,8593.0,0.0,5361.142857142857,3290.455917172746,1,1,0,0
79,1,818,1,0,0,1,0,0,500.0,0.0,2012.0,1,14.0,2015.0,2,2015,2,2,6,1,1,0.0,8712.0,5297.571428571428,3218.438382049222,0,0,0,8267
79,2,950,1,0,0,0,0,0,500.0,0.0,2012.0,1,14.0,2015.0,2,2015,2,3,6,1,5,8267.0,7346.0,5669.714285714285,3620.2895701074203,0,0,0,9951
79,3,0,0,1,0,0,0,0,500.0,0.0,2012.0,1,14.0,2015.0,2,2015,2,4,6,1,6,9951.0,5312.0,4910.857142857143,4215.559094140475,0,0,0,0
79,4,388,1,0,0,1,0,0,500.0,0.0,2012.0,1,14.0,2015.0,2,2015,2,5,6,1,4,0.0,2106.0,5084.0,4104.585890602525,0,0,0,3318
79,5,1111,1,0,0,0,0,0,500.0,0.0,2012.0,1,14.0,2015.0,2,2015,2,6,6,1,0,3318.0,5459.0,5226.142857142857,4136.838463874372,0,0,0,6454
79,6,368,1,0,0,0,0,0,500.0,0.0,2012.0,1,14.0,2015.0,2,2015,2,7,6,1,2,6454.0,8593.0,4466.428571428572,3896.8291749892765,1,0,0,3275
79,7,0,0,0,0,0,0,0,500.0,0.0,2012.0,1,14.0,2015.0,2,2015,2,8,6,1,3,3275.0,0.0,4466.428571428572,3896.8291749892765,1,0,0,0
79,1,913,1,1,0,0,0,0,500.0,0.0,2012.0,1,14.0,2015.0,2,2015,2,9,7,1,1,0.0,8267.0,4558.0,4006.997670742188,0,0,0,8908
79,2,468,1,1,0,1,0,0,500.0,0.0,2012.0,1,14.0,2015.0,2,2015,2,10,7,1,5,8908.0,9951.0,3624.714285714286,3226.3027711962422,0,0,0,3418
79,3,587,1,0,0,1,0,0,500.0,0.0,2012.0,1,14.0,2015.0,2,2015,2,11,7,1,6,3418.0,0.0,4201.428571428572,2803.492099575267,0,0,0,4037
79,4,318,1,0,0,0,0,0,500.0,0.0,2012.0,1,14.0,2015.0,2,2015,2,12,7,1,4,4037.0,3318.0,4131.571428571428,2835.0885263746063,0,0,0,2829
79,5,1165,1,0,0,0,0,0,500.0,0.0,2012.0,1,14.0,2015.0,2,2015,2,13,7,1,0,2829.0,6454.0,4563.571428571428,3418.3479858523683,0,0,0,9478
79,6,863,1,0,0,1,0,0,500.0,0.0,2012.0,1,14.0,2015.0,2,2015,2,14,7,1,2,9478.0,3275.0,5396.0,3746.0417776634577,1,0,0,9102
79,7,0,0,0,0,0,0,0,500.0,0.0,2012.0,1,14.0,2015.0,2,2015,2,15,7,1,3,9102.0,0.0,5396.0,3746.0417776634577,1,0,0,0
79,1,387,1,1,0,0,0,0,500.0,0.0,2012.0,1,14.0,2015.0,2,2015,2,16,8,1,1,0.0,8908.0,4610.142857142857,3451.9547809210653,0,0,0,3407
79,2,646,1,1,0,0,0,0,500.0,0.0,2012.0,1,14.0,2015.0,2,2015,2,17,8,1,5,3407.0,3418.0,4971.714285714285,3438.801812370393,0,0,0,5949
79,3,1146,1,0,0,0,0,0,500.0,0.0,2012.0,1,14.0,2015.0,2,2015,2,18,8,1,6,5949.0,4037.0,6005.857142857143,4129.8973929373215,0,0,0,11276
79,4,328,1,0,0,0,0,0,500.0,0.0,2012.0,1,14.0,2015.0,2,2015,2,19,8,1,4,11276.0,2829.0,5953.0,4179.404503036289,0,0,0,2459
79,5,0,0,0,0,0,0,0,500.0,0.0,2012.0,1,14.0,2015.0,2,2015,2,20,8,1,0,2459.0,9478.0,4599.0,4377.6687860092825,0,0,0,0
79,6,875,1,0,0,0,0,0,500.0,0.0,2012.0,1,14.0,2015.0,2,2015,2,21,8,1,2,0.0,9102.0,4292.285714285715,4074.2916649926474,1,0,0,6955
79,7,0,0,0,0,0,0,0,500.0,0.0,2012.0,1,14.0,2015.0,2,2015,2,22,8,1,3,6955.0,0.0,4292.285714285715,4074.2916649926474,1,0,0,0
79,1,343,1,0,0,1,0,0,500.0,0.0,2012.0,1,14.0,2015.0,2,2015,2,23,9,1,1,0.0,3407.0,4272.571428571428,4079.619625126131,0,0,0,3269
79,2,516,1,0,0,0,0,0,500.0,0.0,2012.0,1,14.0,2015.0,2,2015,2,24,9,1,5,3269.0,5949.0,4052.5714285714284,4015.162464838453,0,0,0,4409
79,3,955,1,1,0,0,0,0,500.0,0.0,2012.0,1,14.0,2015.0,2,2015,2,25,9,1,6,4409.0,11276.0,4193.428571428572,4316.771357436126,0,0,0,12262
79,4,545,1,0,0,0,0,0,500.0,0.0,2012.0,1,14.0,2015.0,2,2015,2,26,9,1,4,12262.0,2459.0,4443.571428571428,4249.7278680382515,0,0,0,4210
79,5,1014,1,0,0,0,0,0,500.0,0.0,2012.0,1,14.0,2015.0,2,2015,2,27,9,1,0,4210.0,0.0,6175.142857142857,4592.935278902859,0,0,0,12121
79,6,776,1,0,0,0,0,0,500.0,0.0,2012.0,1,14.0,2015.0,2,2015,2,28,9,1,2,12121.0,6955.0,6336.714285714285,4644.544962077762,1,0,1,8086
79,7,0,0,0,0,0,0,0,500.0,0.0,2012.0,1,14.0,2015.0,2,2015,3,1,9,1,3,8086.0,0.0,6336.714285714285,4644.544962077762,1,1,0,0
79,1,386,1,1,0,0,0,0,500.0,0.0,2012.0,1,14.0,2015.0,2,2015,3,2,10,1,1,0.0,3269.0,6438.0,4573.686295903267,0,0,0,3978
79,2,667,1,1,0,0,0,0,500.0,0.0,2012.0,1,14.0,2015.0,2,2015,3,3,10,1,5,3978.0,4409.0,6811.0,4486.268271068953,0,0,0,7020
79,3,714,1,0,0,0,0,0,500.0,0.0,2012.0,1,14.0,2015.0,2,2015,3,4,10,1,6,7020.0,12262.0,6059.571428571428,3810.7344811354014,0,0,0,7002
79,4,932,1,0,0,0,0,0,500.0,0.0,2012.0,1,14.0,2015.0,2,2015,3,5,10,1,4,7002.0,4210.0,6840.428571428572,3926.8235618263147,0,0,0,9676
79,5,500,1,1,0,0,0,0,500.0,0.0,2012.0,1,14.0,2015.0,2,2015,3,6,10,1,0,9676.0,12121.0,5994.714285714285,3163.2648068246276,0,0,0,6201
79,6,1116,1,0,0,0,0,0,500.0,0.0,2012.0,1,14.0,2015.0,2,2015,3,7,10,1,2,6201.0,8086.0,6118.285714285715,3273.5486715126012,1,0,0,8951
79,7,0,0,0,0,0,0,0,500.0,0.0,2012.0,1,14.0,2015.0,2,2015,3,8,10,1,3,8951.0,0.0,6118.285714285715,3273.5486715126012,1,0,0,0
79,1,793,1,0,0,0,0,0,500.0,0.0,2012.0,1,14.0,2015.0,2,2015,3,9,11,1,1,0.0,3978.0,6346.571428571428,3152.913354192854,0,0,0,5576
79,2,750,1,0,0,0,0,0,500.0,0.0,2012.0,1,14.0,2015.0,2,2015,3,10,11,1,5,5576.0,7020.0,6550.571428571428,3248.4960549533744,0,0,0,8448
79,3,1026,1,1,0,0,0,0,500.0,0.0,2012.0,1,14.0,2015.0,2,2015,3,11,11,1,6,8448.0,7002.0,7340.857142857143,3969.5114908752316,0,0,0,12534
79,4,427,1,1,0,0,0,0,500.0,0.0,2012.0,1,14.0,2015.0,2,2015,3,12,11,1,4,12534.0,9676.0,6513.571428571428,4005.0254621389076,0,0,0,3885
79,5,329,1,1,0,0,0,0,500.0,0.0,2012.0,1,14.0,2015.0,2,2015,3,13,11,1,0,3885.0,6201.0,6286.142857142857,4070.4012672205295,0,0,0,4609
79,6,800,1,0,0,0,0,0,500.0,0.0,2012.0,1,14.0,2015.0,2,2015,3,14,11,1,2,4609.0,8951.0,5706.0,3913.6681429744835,1,0,0,4890
79,7,0,0,0,0,0,0,0,500.0,0.0,2012.0,1,14.0,2015.0,2,2015,3,15,11,1,3,4890.0,0.0,5706.0,3913.6681429744835,1,0,0,0
79,1,480,1,1,0,1,0,0,500.0,0.0,2012.0,1,14.0,2015.0,2,2015,3,16,12,1,1,0.0,5576.0,5536.571428571428,3945.7741892283902,0,0,0,4390
79,2,426,1,1,0,0,0,0,500.0,0.0,2012.0,1,14.0,2015.0,2,2015,3,17,12,1,5,4390.0,8448.0,5157.142857142857,3741.5653777784614,0,0,0,5792
79,3,778,1,0,0,0,0,0,500.0,0.0,2012.0,1,14.0,2015.0,2,2015,3,18,12,1,6,5792.0,12534.0,4639.428571428572,2638.9893177213917,0,0,0,8910
79,4,1081,1,0,0,0,0,0,500.0,0.0,2012.0,1,14.0,2015.0,2,2015,3,19,12,1,4,8910.0,3885.0,5169.285714285715,2827.857770721253,0,0,0,7594
79,5,994,1,1,0,0,0,0,500.0,0.0,2012.0,1,14.0,2015.0,2,2015,3,20,12,1,0,7594.0,4609.0,5487.142857142857,2878.9696900437284,0,0,0,6834
79,6,925,1,0,0,0,0,0,500.0,0.0,2012.0,1,14.0,2015.0,2,2015,3,21,12,1,2,6834.0,4890.0,6045.285714285715,3113.109630486627,1,0,0,8797
79,7,0,0,0,0,0,0,0,500.0,0.0,2012.0,1,14.0,2015.0,2,2015,3,22,12,1,3,8797.0,0.0,6045.285714285715,3113.109630486627,1,0,0,0
79,1,474,1,1,0,0,0,0,500.0,0.0,2012.0,1,14.0,2015.0,2,2015,3,23,13,1,1,0.0,4390.0,6204.142857142857,3042.1277876168338,0,0,0,5502
79,2,550,1,1,0,1,0,0,500.0,0.0,2012.0,1,14.0,2015.0,2,2015,3,24,13,1,5,5502.0,5792.0,6303.714285714285,3037.793317211567,0,0,0,6489
79,3,485,1,1,0,0,0,0,500.0,0.0,2012.0,1,14.0,2015.0,2,2015,3,25,13,1,6,6489.0,8910.0,5920.857142857143,2815.3087710214822,0,0,0,6230
79,4,658,1,0,0,1,0,0,500.0,0.0,2012.0,1,14.0,2015.0,2,2015,3,26,13,1,4,6230.0,7594.0,5620.428571428572,2717.515707231078,0,0,0,5491
79,5,608,1,0,0,0,0,0,500.0,0.0,2012.0,1,14.0,2015.0,2,2015,3,27,13,1,0,5491.0,6834.0,5135.0,2767.635452873084,0,0,0,3436
79,6,779,1,0,0,0,0,0,500.0,0.0,2012.0,1,14.0,2015.0,2,2015,3,28,13,1,2,3436.0,8797.0,4849.714285714285,2406.626318748973,1,0,0,6800
79,7,0,0,0,0,0,0,0,500.0,0.0,2012.0,1,14.0,2015.0,2,2015,3,29,13,1,3,6800.0,0.0,4849.714285714285,2406.626318748973,1,0,0,0
79,1,629,1,1,0,0,0,0,500.0,0.0,2012.0,1,14.0,2015.0,2,2015,3,30,14,1,1,0.0,5502.0,5238.142857142857,2727.485253768352,0,0,0,8221
79,2,902,1,1,0,0,0,0,500.0,0.0,2012.0,1,14.0,2015.0,2,2015,3,31,14,1,5,8221.0,6489.0,5761.428571428572,3298.9798350976566,0,0,1,10152
79,3,829,1,1,0,1,0,0,500.0,0.0,2012.0,1,14.0,2015.0,2,2015,4,1,14,2,6,10152.0,6230.0,6241.714285714285,3608.7533726706674,0,1,0,9592
79,4,960,1,0,0,0,0,0,500.0,0.0,2012.0,1,14.0,2015.0,2,2015,4,2,14,2,4,9592.0,5491.0,6492.0,3608.7649318476465,0,0,0,7243
79,5,350,1,0,0,1,0,0,500.0,0.0,2012.0,1,14.0,2015.0,2,2015,4,3,14,2,0,7243.0,3436.0,6436.285714285715,3666.3596256725714,0,0,0,3046
79,6,433,1,0,0,0,0,0,500.0,0.0,2012.0,1,14.0,2015.0,2,2015,4,4,14,2,2,3046.0,6800.0,5985.0,3805.891923496165,1,0,0,3641
79,7,0,0,0,0,0,0,0,500.0,0.0,2012.0,1,14.0,2015.0,2,2015,4,5,14,2,3,3641.0,0.0,5985.0,3805.891923496165,1,0,0,0
79,1,656,1,0,0,0,0,0,500.0,0.0,2012.0,1,14.0,2015.0,2,2015,4,6,15,2,1,0.0,8221.0,5839.285714285715,3724.674738116324,0,0,0,7201
79,2,430,1,1,0,0,0,0,500.0,0.0,2012.0,1,14.0,2015.0,2,2015,4,7,15,2,5,7201.0,10152.0,5096.714285714285,3203.2158692104867,0,0,0,4954
79,3,621,1,0,0,0,0,0,500.0,0.0,2012.0,1,14.0,2015.0,2,2015,4,8,15,2,6,4954.0,9592.0,4375.0,2517.2666393001186,0,0,0,4540
79,4,584,1,0,0,0,0,0,500.0,0.0,2012.0,1,14.0,2015.0,2,2015,4,9,15,2,4,4540.0,7243.0,3813.285714285714,2187.761391185491,0,0,0,3311
79,5,829,1,0,0,0,0,0,500.0,0.0,2012.0,1,14.0,2015.0,2,2015,4,10,15,2,0,3311.0,3046.0,4479.857142857143,2589.041742200601,0,0,0,7712
81,4,906,1,0,0,0,0,0,1500.0,1.0,2010.0,1,22.0,2009.0,1,2015,1,8,2,1,4,2300.0,5689.0,5146.142857142857,3815.980539283511,0,0,0,7737
81,5,899,1,0,0,0,0,0,1500.0,1.0,2010.0,1,22.0,2009.0,1,2015,1,9,2,1,0,7737.0,8505.0,4971.571428571428,3661.5378307091523,0,0,0,7283
81,6,1023,1,0,0,0,0,0,1500.0,1.0,2010.0,1,22.0,2009.0,1,2015,1,10,2,1,2,7283.0,3389.0,5496.428571428572,3660.1997148217138,1,0,0,7063
81,7,0,0,0,0,0,0,0,1500.0,1.0,2010.0,1,22.0,2009.0,1,2015,1,11,2,1,3,7063.0,0.0,5496.428571428572,3660.1997148217138,1,0,0,0
81,1,488,1,0,0,0,0,0,1500.0,1.0,2010.0,1,22.0,2009.0,1,2015,1,12,3,1,1,0.0,3547.0,5407.142857142857,3722.7673142691146,0,0,0,2922
81,2,840,1,0,0,0,0,0,1500.0,1.0,2010.0,1,22.0,2009.0,1,2015,1,13,3,1,5,2922.0,10545.0,5152.571428571428,3355.7049362313755,0,0,0,8763
81,3,754,1,1,0,0,0,0,1500.0,1.0,2010.0,1,22.0,2009.0,1,2015,1,14,3,1,6,8763.0,2300.0,6278.571428571428,3555.4509726682522,0,0,0,10182
81,4,508,1,1,0,0,0,0,1500.0,1.0,2010.0,1,22.0,2009.0,1,2015,1,15,3,1,4,10182.0,7737.0,5993.428571428572,3498.576227417036,0,0,0,5741
81,5,563,1,0,0,0,0,0,1500.0,1.0,2010.0,1,22.0,2009.0,1,2015,1,16,3,1,0,5741.0,7283.0,5672.714285714285,3463.3812820366616,0,0,0,5038
81,6,421,1,0,0,0,0,0,1500.0,1.0,2010.0,1,22.0,2009.0,1,2015,1,17,3,1,2,5038.0,7063.0,5196.285714285715,3469.634693272753,1,0,0,3728
81,7,0,0,0,0,0,0,0,1500.0,1.0,2010.0,1,22.0,2009.0,1,2015,1,18,3,1,3,3728.0,0.0,5196.285714285715,3469.634693272753,1,0,0,0
81,1,576,1,0,0,0,0,0,1500.0,1.0,2010.0,1,22.0,2009.0,1,2015,1,19,4,1,1,0.0,2922.0,5320.714285714285,3389.165271581668,0,0,0,3793
81,2,954,1,1,0,1,0,0,1500.0,1.0,2010.0,1,22.0,2009.0,1,2015,1,20,4,1,5,3793.0,8763.0,5862.285714285715,4229.59102492135,0,0,0,12554
81,3,458,1,1,0,1,0,0,1500.0,1.0,2010.0,1,22.0,2009.0,1,2015,1,21,4,1,6,12554.0,10182.0,5067.714285714285,3781.5468049589495,0,0,0,4620
81,4,802,1,1,0,1,0,0,1500.0,1.0,2010.0,1,22.0,2009.0,1,2015,1,22,4,1,4,4620.0,5741.0,5669.857142857143,4217.11925483781,0,0,0,9956
81,5,842,1,1,0,0,0,0,1500.0,1.0,2010.0,1,22.0,2009.0,1,2015,1,23,4,1,0,9956.0,5038.0,6013.571428571428,4254.917384906662,0,0,0,7444
81,6,938,1,0,0,0,0,0,1500.0,1.0,2010.0,1,22.0,2009.0,1,2015,1,24,4,1,2,7444.0,3728.0,6411.571428571428,4134.079819304527,1,0,0,6514
81,7,0,0,0,0,0,0,0,1500.0,1.0,2010.0,1,22.0,2009.0,1,2015,1,25,4,1,3,6514.0,0.0,6411.571428571428,4134.079819304527,1,0,0,0
81,1,953,1,0,0,0,0,0,1500.0,1.0,2010.0,1,22.0,2009.0,1,2015,1,26,5,1,1,0.0,3793.0,6657.857142857143,4001.3006397325116,0,0,0,5517
81,2,1076,1,1,0,0,0,0,1500.0,1.0,2010.0,1,22.0,2009.0,1,2015,1,27,5,1,5,5517.0,12554.0,6531.714285714285,3792.935482107304,0,0,0,11671
81,3,356,1,0,0,0,0,0,1500.0,1.0,2010.0,1,22.0,2009.0,1,2015,1,28,5,1,6,11671.0,4620.0,6242.285714285715,4032.838484007912,0,0,0,2594
81,4,736,1,0,0,0,0,0,1500.0,1.0,2010.0,1,22.0,2009.0,1,2015,1,29,5,1,4,2594.0,9956.0,5927.428571428572,3772.186273994735,0,0,0,7752
81,5,955,1,0,0,0,0,0,1500.0,1.0,2010.0,1,22.0,2009.0,1,2015,1,30,5,1,0,7752.0,7444.0,5878.714285714285,3751.4820055672976,0,0,0,7103
81,6,601,1,0,0,1,0,0,1500.0,1.0,2010.0,1,22.0,2009.0,1,2015,1,31,5,1,2,7103.0,6514.0,5712.714285714285,3744.388054777696,1,0,1,5352
81,7,0,0,0,0,0,0,0,1500.0,1.0,2010.0,1,22.0,2009.0,1,2015,2,1,5,1,3,5352.0,0.0,5712.714285714285,3744.388054777696,1,1,0,0
81,1,936,1,0,0,1,0,0,1500.0,1.0,2010.0,1,22.0,2009.0,1,2015,2,2,6,1,1,0.0,5517.0,6432.714285714285,4161.783500467305,0,0,0,10557
81,2,512,1,0,0,0,0,0,1500.0,1.0,2010.0,1,22.0,2009.0,1,2015,2,3,6,1,5,10557.0,11671.0,5438.142857142857,3476.828028944938,0,0,0,4709
81,3,903,1,0,0,0,0,0,1500.0,1.0,2010.0,1,22.0,2009.0,1,2015,2,4,6,1,6,4709.0,2594.0,6483.571428571428,3577.843897151041,0,0,0,9912
81,4,483,1,0,0,0,0,0,1500.0,1.0,2010.0,1,22.0,2009.0,1,2015,2,5,6,1,4,9912.0,7752.0,6072.142857142857,3573.2603892696943,0,0,0,4872
81,5,622,1,1,0,0,0,0,1500.0,1.0,2010.0,1,22.0,2009.0,1,2015,2,6,6,1,0,4872.0,7103.0,6218.0,3642.5190459351065,0,0,0,8124
81,6,547,1,0,0,0,0,0,1500.0,1.0,2010.0,1,22.0,2009.0,1,2015,2,7,6,1,2,8124.0,5352.0,5952.714285714285,3781.089072136303,1,0,0,3495
81,7,0,0,0,0,0,0,0,1500.0,1.0,2010.0,1,22.0,2009.0,1,2015,2,8,6,1,3,3495.0,0.0,5952.714285714285,3781.089072136303,1,0,0,0
81,1,393,1,0,0,0,0,0,1500.0,1.0,2010.0,1,22.0,2009.0,1,2015,2,9,7,1,1,0.0,10557.0,5012.285714285715,3222.4428991209816,0,0,0,3974
81,2,794,1,0,0,0,0,0,1500.0,1.0,2010.0,1,22.0,2009.0,1,2015,2,10,7,1,5,3974.0,4709.0,5138.571428571428,3225.8962505089366,0,0,0,5593
81,3,335,1,0,0,0,0,0,1500.0,1.0,2010.0,1,22.0,2009.0,1,2015,2,11,7,1,6,5593.0,9912.0,4135.428571428572,2505.488099961287,0,0,0,2890
81,4,716,1,0,0,0,0,0,1500.0,1.0,2010.0,1,22.0,2009.0,1,2015,2,12,7,1,4,2890.0,4872.0,4329.714285714285,2622.1387399274986,0,0,0,6232
81,5,1183,1,1,0,0,0,0,1500.0,1.0,2010.0,1,22.0,2009.0,1,2015,2,13,7,1,0,6232.0,8124.0,4946.428571428572,3872.717945540868,0,0,0,12441
81,6,848,1,0,0,0,0,0,1500.0,1.0,2010.0,1,22.0,2009.0,1,2015,2,14,7,1,2,12441.0,3495.0,5675.0,4030.661236075291,1,0,0,8595
81,7,0,0,0,0,0,0,0,1500.0,1.0,2010.0,1,22.0,2009.0,1,2015,2,15,7,1,3,8595.0,0.0,5675.0,4030.661236075291,1,0,0,0
81,1,334,1,0,0,0,0,0,1500.0,1.0,2010.0,1,22.0,2009.0,1,2015,2,16,8,1,1,0.0,3974.0,5621.142857142857,4059.592731156309,0,0,0,3597
81,2,1012,1,0,0,0,0,0,1500.0,1.0,2010.0,1,22.0,2009.0,1,2015,2,17,8,1,5,3597.0,5593.0,5648.857142857143,4060.0307646031215,0,0,0,5787
81,3,860,1,1,0,0,0,0,1500.0,1.0,2010.0,1,22.0,2009.0,1,2015,2,18,8,1,6,5787.0,2890.0,6780.428571428572,4261.774820312262,0,0,0,10811
81,4,774,1,0,0,0,0,0,1500.0,1.0,2010.0,1,22.0,2009.0,1,2015,2,19,8,1,4,10811.0,6232.0,7005.142857142857,4269.501236622822,0,0,0,7805
81,5,878,1,0,0,1,0,0,1500.0,1.0,2010.0,1,22.0,2009.0,1,2015,2,20,8,1,0,7805.0,12441.0,6518.857142857143,3703.5214966556455,0,0,0,9037
81,6,680,1,0,0,0,0,0,1500.0,1.0,2010.0,1,22.0,2009.0,1,2015,2,21,8,1,2,9037.0,8595.0,5837.285714285715,3696.76744892461,1,0,0,3824
81,7,0,0,0,0,0,0,0,1500.0,1.0,2010.0,1,22.0,2009.0,1,2015,2,22,8,1,3,3824.0,0.0,5837.285714285715,3696.76744892461,1,0,0,0
81,1,511,1,1,0,0,0,0,1500.0,1.0,2010.0,1,22.0,2009.0,1,2015,2,23,9,1,1,0.0,3597.0,6061.285714285715,3584.187342308142,0,0,0,5165
81,2,451,1,1,0,0,0,0,1500.0,1.0,2010.0,1,22.0,2009.0,1,2015,2,24,9,1,5,5165.0,5787.0,5727.285714285715,3720.3562873415635,0,0,0,3449
81,3,448,1,0,0,0,0,0,1500.0,1.0,2010.0,1,22.0,2009.0,1,2015,2,25,9,1,6,3449.0,10811.0,4888.857142857143,2969.233651329999,0,0,0,4942
81,4,1195,1,1,0,0,0,0,1500.0,1.0,2010.0,1,22.0,2009.0,1,2015,2,26,9,1,4,4942.0,7805.0,5154.0,3333.5527594444943,0,0,0,9661
81,5,1182,1,0,0,0,0,0,1500.0,1.0,2010.0,1,22.0,2009.0,1,2015,2,27,9,1,0,9661.0,9037.0,5888.0,4640.490347653647,0,0,0,14175
81,6,615,1,0,0,0,0,0,1500.0,1.0,2010.0,1,22.0,2009.0,1,2015,2,28,9,1,2,14175.0,3824.0,6240.0,4550.41170298542,1,0,1,6288
81,7,0,0,0,0,0,0,0,1500.0,1.0,2010.0,1,22.0,2009.0,1,2015,3,1,9,1,3,6288.0,0.0,6240.0,4550.41170298542,1,1,0,0
81,1,473,1,0,0,0,0,0,1500.0,1.0,2010.0,1,22.0,2009.0,1,2015,3,2,10,1,1,0.0,5165.0,5874.0,4749.946175133637,0,0,0,2603
81,2,660,1,0,0,1,0,0,1500.0,1.0,2010.0,1,22.0,2009.0,1,2015,3,3,10,1,5,2603.0,3449.0,6261.714285714285,4628.22088619683,0,0,0,6163
81,3,738,1,0,0,0,0,0,1500.0,1.0,2010.0,1,22.0,2009.0,1,2015,3,4,10,1,6,6163.0,4942.0,6596.142857142857,4601.468114582976,0,0,0,7283
81,4,702,1,0,0,0,0,0,1500.0,1.0,2010.0,1,22.0,2009.0,1,2015,3,5,10,1,4,7283.0,9661.0,6047.714285714285,4399.651187472545,0,0,0,5822
81,5,780,1,0,0,0,0,0,1500.0,1.0,2010.0,1,22.0,2009.0,1,2015,3,6,10,1,0,5822.0,14175.0,5192.571428571428,2873.877453728259,0,0,0,8189
81,6,1171,1,0,0,1,0,0,1500.0,1.0,2010.0,1,22.0,2009.0,1,2015,3,7,10,1,2,8189.0,6288.0,5381.142857142857,2998.3452896873764,1,0,0,7608
81,7,0,0,0,0,0,0,0,1500.0,1.0,2010.0,1,22.0,2009.0,1,2015,3,8,10,1,3,7608.0,0.0,5381.142857142857,2998.3452896873764,1,0,0,0
81,1,677,1,0,0,0,0,0,1500.0,1.0,2010.0,1,22.0,2009.0,1,2015,3,9,11,1,1,0.0,2603.0,5847.285714285715,2736.677773888486,0,0,0,5866
81,2,978,1,0,0,0,0,0,1500.0,1.0,2010.0,1,22.0,2009.0,1,2015,3,10,11,1,5,5866.0,6163.0,5741.0,2736.820174338582,0,0,0,5419
81,3,337,1,1,0,0,0,0,1500.0,1.0,2010.0,1,22.0,2009.0,1,2015,3,11,11,1,6,5419.0,7283.0,5258.142857142857,2717.5212620187185,0,0,0,3903
81,4,559,1,1,0,0,0,0,1500.0,1.0,2010.0,1,22.0,2009.0,1,2015,3,12,11,1,4,3903.0,5822.0,5393.857142857143,2773.5185492181486,0,0,0,6772
81,5,575,1,1,0,0,0,0,1500.0,1.0,2010.0,1,22.0,2009.0,1,2015,3,13,11,1,0,6772.0,8189.0,4826.714285714285,2499.0111187084726,0,0,0,4219
81,6,441,1,0,0,0,0,0,1500.0,1.0,2010.0,1,22.0,2009.0,1,2015,3,14,11,1,2,4219.0,7608.0,4086.4285714285716,2297.174268323502,1,0,0,2426
81,7,0,0,0,0,1,0,0,1500.0,1.0,2010.0,1,22.0,2009.0,1,2015,3,15,11,1,3,2426.0,0.0,4086.4285714285716,2297.1742683235016,1,0,0,0
81,1,358,1,1,0,0,0,0,1500.0,1.0,2010.0,1,22.0,2009.0,1,2015,3,16,12,1,1,0.0,5866.0,3948.285714285714,2199.313204486475,0,0,0,4899
81,2,1108,1,0,0,0,0,0,1500.0,1.0,2010.0,1,22.0,2009.0,1,2015,3,17,12,1,5,4899.0,5419.0,4782.857142857143,3546.338366473765,0,0,0,11261
81,3,652,1,1,0,0,0,0,1500.0,1.0,2010.0,1,22.0,2009.0,1,2015,3,18,12,1,6,11261.0,3903.0,4953.285714285715,3525.6130301119606,0,0,0,5096
81,4,821,1,1,0,0,0,0,1500.0,1.0,2010.0,1,22.0,2009.0,1,2015,3,19,12,1,4,5096.0,6772.0,4938.285714285715,3516.7978671079804,0,0,0,6667
81,5,1193,1,0,0,0,0,0,1500.0,1.0,2010.0,1,22.0,2009.0,1,2015,3,20,12,1,0,6667.0,4219.0,5925.285714285715,4186.948201028435,0,0,0,11128
81,6,433,1,0,0,0,0,0,1500.0,1.0,2010.0,1,22.0,2009.0,1,2015,3,21,12,1,2,11128.0,2426.0,5950.285714285715,4163.0259713452715,1,0,0,2601
81,7,0,0,0,0,0,0,0,1500.0,1.0,2010.0,1,22.0,2009.0,1,2015,3,22,12,1,3,2601.0,0.0,5950.285714285715,4163.0259713452715,1,0,0,0
81,1,535,1,1,0,0,0,0,1500.0,1.0,2010.0,1,22.0,2009.0,1,2015,3,23,13,1,1,0.0,4899.0,5863.0,4195.0242748602395,0,0,0,4288
81,2,1184,1,0,0,0,0,0,1500.0,1.0,2010.0,1,22.0,2009.0,1,2015,3,24,13,1,5,4288.0,11261.0,5240.571428571428,3531.353086148088,0,0,0,6904
81,3,663,1,0,0,1,0,0,1500.0,1.0,2010.0,1,22.0,2009.0,1,2015,3,25,13,1,6,6904.0,5096.0,5292.428571428572,3531.5415357953284,0,0,0,5459
81,4,839,1,0,0,0,0,0,1500.0,1.0,2010.0,1,22.0,2009.0,1,2015,3,26,13,1,4,5459.0,6667.0,5332.285714285715,3551.1605011266265,0,0,0,6946
81,5,745,1,1,0,1,0,0,1500.0,1.0,2010.0,1,22.0,2009.0,1,2015,3,27,13,1,0,6946.0,11128.0,4581.142857142857,2530.2756390408963,0,0,0,5870
81,6,880,1,0,0,0,0,0,1500.0,1.0,2010.0,1,22.0,2009.0,1,2015,3,28,13,1,2,5870.0,2601.0,5086.857142857143,2419.908016748533,1,0,0,6141
81,7,0,0,0,0,0,0,0,1500.0,1.0,2010.0,1,22.0,2009.0,1,2015,3,29,13,1,3,6141.0,0.0,5086.857142857143,2419.908016748533,1,0,0,0
81,1,996,1,0,0,0,0,0,1500.0,1.0,2010.0,1,22.0,2009.0,1,2015,3,30,14,1,1,0.0,4288.0,5769.857142857143,2801.4756485687717,0,0,0,9069
81,2,590,1,1,0,0,0,0,1500.0,1.0,2010.0,1,22.0,2009.0,1,2015,3,31,14,1,5,9069.0,6904.0,5930.0,2907.1596676710665,0,0,1,8025
81,3,876,1,0,0,0,0,0,1500.0,1.0,2010.0,1,22.0,2009.0,1,2015,4,1,14,2,6,8025.0,5459.0,6079.0,2905.7242355965827,0,1,0,6502
81,4,755,1,1,0,1,0,0,1500.0,1.0,2010.0,1,22.0,2009.0,1,2015,4,2,14,2,4,6502.0,6946.0,6275.571428571428,3018.506189996574,0,0,0,8322
81,5,417,1,0,0,1,0,0,1500.0,1.0,2010.0,1,22.0,2009.0,1,2015,4,3,14,2,0,8322.0,5870.0,5915.428571428572,3218.7132448201974,0,0,0,3349
81,6,465,1,0,0,1,0,0,1500.0,1.0,2010.0,1,22.0,2009.0,1,2015,4,4,14,2,2,3349.0,6141.0,5629.714285714285,3283.468070718609,1,0,0,4141
81,7,0,0,0,0,1,0,0,1500.0,1.0,2010.0,1,22.0,2009.0,1,2015,4,5,14,2,3,4141.0,0.0,5629.714285714285,3283.468070718609,1,0,0,0
81,1,583,1,0,0,0,0,0,1500.0,1.0,2010.0,1,22.0,2009.0,1,2015,4,6,15,2,1,0.0,9069.0,5021.285714285715,2913.7296668408653,0,0,0,4810
81,2,367,1,1,0,0,0,0,1500.0,1.0,2010.0,1,22.0,2009.0,1,2015,4,7,15,2,5,4810.0,8025.0,4500.571428571428,2595.825742555592,0,0,0,4380
81,3,502,1,0,0,0,0,0,1500.0,1.0,2010.0,1,22.0,2009.0,1,2015,4,8,15,2,6,4380.0,6502.0,4215.428571428572,2444.5529827995733,0,0,0,4506
81,4,817,1,0,0,1,0,0,1500.0,1.0,2010.0,1,22.0,2009.0,1,2015,4,9,15,2,4,4506.0,8322.0,3904.285714285714,1916.2822264553242,0,0,0,6144
81,5,898,1,0,0,0,0,0,1500.0,1.0,2010.0,1,22.0,2009.0,1,2015,4,10,15,2,0,6144.0,3349.0,4953.142857142857,3164.471121086505,0,0,0,10691
85,4,0,0,0,0,0,2,1,120.0,0.0,2014.0,1,1.0,2013.0,1,2015,1,8,2,1,4,8557.0,6113.0,4995.142857142857,4394.159093940175,0,0,0,0
85,5,490,1,0,0,0,2,1,120.0,0.0,2014.0,1,1.0,2013.0,1,2015,1,9,2,1,0,0.0,12272.0,3732.0,3004.999112589996,0,0,0,3430
85,6,504,1,0,0,0,2,1,120.0,0.0,2014.0,1,1.0,2013.0,1,2015,1,10,2,1,2,3430.0,4766.0,3757.5714285714284,3016.0060155301885,1,0,0,4945
85,7,0,0,0,0,0,2,1,120.0,0.0,2014.0,1,1.0,2013.0,1,2015,1,11,2,1,3,4945.0,0.0,3757.5714285714284,3016.0060155301885,1,0,0,0
85,1,396,1,0,0,1,2,1,120.0,0.0,2014.0,1,1.0,2013.0,1,2015,1,12,3,1,1,0.0,4505.0,3792.1428571428573,3027.367031408174,0,0,0,4747
85,2,625,1,1,0,1,2,1,120.0,0.0,2014.0,1,1.0,2013.0,1,2015,1,13,3,1,5,4747.0,4866.0,4207.571428571428,3378.4527453230644,0,0,0,7774
85,3,975,1,0,0,0,2,1,120.0,0.0,2014.0,1,1.0,2013.0,1,2015,1,14,3,1,6,7774.0,8557.0,4492.428571428572,3856.535788206079,0,0,0,10551
85,4,373,1,0,0,0,2,1,120.0,0.0,2014.0,1,1.0,2013.0,1,2015,1,15,3,1,4,10551.0,0.0,4848.714285714285,3467.9589441190387,0,0,0,2494
85,5,309,1,0,0,0,2,1,120.0,0.0,2014.0,1,1.0,2013.0,1,2015,1,16,3,1,0,2494.0,3430.0,4687.0,3570.0319326302947,0,0,0,2298
85,6,852,1,0,0,1,2,1,120.0,0.0,2014.0,1,1.0,2013.0,1,2015,1,17,3,1,2,2298.0,4945.0,5193.285714285715,3852.815667979532,1,0,0,8489
85,7,0,0,0,0,1,2,1,120.0,0.0,2014.0,1,1.0,2013.0,1,2015,1,18,3,1,3,8489.0,0.0,5193.285714285715,3852.815667979532,1,0,0,0
85,1,1006,1,0,0,0,2,1,120.0,0.0,2014.0,1,1.0,2013.0,1,2015,1,19,4,1,1,0.0,4747.0,6239.0,4627.081153383848,0,0,0,12067
85,2,963,1,0,0,0,2,1,120.0,0.0,2014.0,1,1.0,2013.0,1,2015,1,20,4,1,5,12067.0,7774.0,6547.428571428572,4814.609601935303,0,0,0,9933
85,3,1108,1,0,0,0,2,1,120.0,0.0,2014.0,1,1.0,2013.0,1,2015,1,21,4,1,6,9933.0,10551.0,5925.285714285715,4480.853330720452,0,0,0,6196
85,4,507,1,0,0,0,2,1,120.0,0.0,2014.0,1,1.0,2013.0,1,2015,1,22,4,1,4,6196.0,2494.0,6071.428571428572,4365.487634355901,0,0,0,3517
85,5,1139,1,1,0,0,2,1,120.0,0.0,2014.0,1,1.0,2013.0,1,2015,1,23,4,1,0,3517.0,2298.0,6985.285714285715,4105.754364883742,0,0,0,8695
85,6,858,1,0,0,0,2,1,120.0,0.0,2014.0,1,1.0,2013.0,1,2015,1,24,4,1,2,8695.0,8489.0,7160.0,4205.2239734248,1,0,0,9712
85,7,0,0,0,0,0,2,1,120.0,0.0,2014.0,1,1.0,2013.0,1,2015,1,25,4,1,3,9712.0,0.0,7160.0,4205.2239734248,1,0,0,0
85,1,542,1,1,0,0,2,1,120.0,0.0,2014.0,1,1.0,2013.0,1,2015,1,26,5,1,1,0.0,12067.0,6054.285714285715,3685.386986205822,0,0,0,4327
85,2,865,1,1,0,1,2,1,120.0,0.0,2014.0,1,1.0,2013.0,1,2015,1,27,5,1,5,4327.0,9933.0,5972.285714285715,3589.8492871932513,0,0,0,9359
85,3,545,1,1,0,1,2,1,120.0,0.0,2014.0,1,1.0,2013.0,1,2015,1,28,5,1,6,9359.0,6196.0,6007.857142857143,3593.6671348624463,0,0,0,6445
85,4,1146,1,0,0,0,2,1,120.0,0.0,2014.0,1,1.0,2013.0,1,2015,1,29,5,1,4,6445.0,3517.0,6993.0,3739.2965024631735,0,0,0,10413
85,5,564,1,1,0,0,2,1,120.0,0.0,2014.0,1,1.0,2013.0,1,2015,1,30,5,1,0,10413.0,8695.0,6404.428571428572,3750.9784437816056,0,0,0,4575
85,6,946,1,0,0,0,2,1,120.0,0.0,2014.0,1,1.0,2013.0,1,2015,1,31,5,1,2,4575.0,9712.0,5956.571428571428,3466.6207300070014,1,0,1,6577
85,7,0,0,0,0,0,2,1,120.0,0.0,2014.0,1,1.0,2013.0,1,2015,2,1,5,1,3,6577.0,0.0,5956.571428571428,3466.6207300070014,1,1,0,0
85,1,1091,1,1,0,0,2,1,120.0,0.0,2014.0,1,1.0,2013.0,1,2015,2,2,6,1,1,0.0,4327.0,6385.142857142857,3416.6653542390036,0,0,0,7327
85,2,1069,1,0,0,1,2,1,120.0,0.0,2014.0,1,1.0,2013.0,1,2015,2,3,6,1,5,7327.0,9359.0,6593.428571428572,3663.6835679018836,0,0,0,10817
85,3,795,1,1,0,0,2,1,120.0,0.0,2014.0,1,1.0,2013.0,1,2015,2,4,6,1,6,10817.0,6445.0,6958.142857142857,3771.9199544604776,0,0,0,8998
85,4,691,1,1,0,1,2,1,120.0,0.0,2014.0,1,1.0,2013.0,1,2015,2,5,6,1,4,8998.0,10413.0,6265.285714285715,3464.445829387709,0,0,0,5563
85,5,961,1,1,0,0,2,1,120.0,0.0,2014.0,1,1.0,2013.0,1,2015,2,6,6,1,0,5563.0,4575.0,6926.285714285715,3529.0009782885995,0,0,0,9202
85,6,996,1,0,0,1,2,1,120.0,0.0,2014.0,1,1.0,2013.0,1,2015,2,7,6,1,2,9202.0,6577.0,7288.857142857143,3616.428967391792,1,0,0,9115
85,7,0,0,0,0,0,2,1,120.0,0.0,2014.0,1,1.0,2013.0,1,2015,2,8,6,1,3,9115.0,0.0,7288.857142857143,3616.428967391792,1,0,0,0
85,1,1115,1,0,0,0,2,1,120.0,0.0,2014.0,1,1.0,2013.0,1,2015,2,9,7,1,1,0.0,7327.0,7181.571428571428,3626.2351852917104,0,0,0,6576
85,2,322,1,1,0,1,2,1,120.0,0.0,2014.0,1,1.0,2013.0,1,2015,2,10,7,1,5,6576.0,10817.0,6121.142857142857,3467.8351762336974,0,0,0,3394
85,3,536,1,1,0,1,2,1,120.0,0.0,2014.0,1,1.0,2013.0,1,2015,2,11,7,1,6,3394.0,8998.0,5664.714285714285,3228.051616392655,0,0,0,5803
85,4,943,1,1,0,0,2,1,120.0,0.0,2014.0,1,1.0,2013.0,1,2015,2,12,7,1,4,5803.0,5563.0,6441.285714285715,3802.295785192839,0,0,0,10999
85,5,769,1,0,0,0,2,1,120.0,0.0,2014.0,1,1.0,2013.0,1,2015,2,13,7,1,0,10999.0,9202.0,5733.714285714285,3661.163099084119,0,0,0,4249
85,6,416,1,0,0,0,2,1,120.0,0.0,2014.0,1,1.0,2013.0,1,2015,2,14,7,1,2,4249.0,9115.0,5064.714285714285,3355.4217675420823,1,0,0,4432
85,7,0,0,0,0,0,2,1,120.0,0.0,2014.0,1,1.0,2013.0,1,2015,2,15,7,1,3,4432.0,0.0,5064.714285714285,3355.4217675420823,1,0,0,0
85,1,303,1,0,0,1,2,1,120.0,0.0,2014.0,1,1.0,2013.0,1,2015,2,16,8,1,1,0.0,6576.0,4381.571428571428,3480.898584041332,0,0,0,1794
85,2,863,1,0,0,1,2,1,120.0,0.0,2014.0,1,1.0,2013.0,1,2015,2,17,8,1,5,1794.0,3394.0,4698.142857142857,3476.8795122720517,0,0,0,5610
85,3,652,1,0,0,0,2,1,120.0,0.0,2014.0,1,1.0,2013.0,1,2015,2,18,8,1,6,5610.0,5803.0,4522.857142857143,3442.6559721902418,0,0,0,4576
85,4,548,1,0,0,0,2,1,120.0,0.0,2014.0,1,1.0,2013.0,1,2015,2,19,8,1,4,4576.0,10999.0,3491.714285714286,1926.9326847164566,0,0,0,3781
85,5,466,1,1,0,1,2,1,120.0,0.0,2014.0,1,1.0,2013.0,1,2015,2,20,8,1,0,3781.0,4249.0,3381.1428571428573,1898.2286856059109,0,0,0,3475
85,6,376,1,0,0,1,2,1,120.0,0.0,2014.0,1,1.0,2013.0,1,2015,2,21,8,1,2,3475.0,4432.0,3295.285714285714,1855.8961639673091,1,0,0,3831
85,7,0,0,0,0,1,2,1,120.0,0.0,2014.0,1,1.0,2013.0,1,2015,2,22,8,1,3,3831.0,0.0,3295.285714285714,1855.8961639673091,1,0,0,0
85,1,682,1,1,0,1,2,1,120.0,0.0,2014.0,1,1.0,2013.0,1,2015,2,23,9,1,1,0.0,1794.0,4071.714285714286,2223.603060671704,0,0,0,7229
85,2,879,1,1,0,1,2,1,120.0,0.0,2014.0,1,1.0,2013.0,1,2015,2,24,9,1,5,7229.0,5610.0,4783.428571428572,3323.3644025867748,0,0,0,10592
85,3,732,1,0,0,0,2,1,120.0,0.0,2014.0,1,1.0,2013.0,1,2015,2,25,9,1,6,10592.0,4576.0,5009.857142857143,3360.6619600197528,0,0,0,6161
85,4,904,1,0,0,0,2,1,120.0,0.0,2014.0,1,1.0,2013.0,1,2015,2,26,9,1,4,6161.0,3781.0,5963.857142857143,3863.8613859096713,0,0,0,10459
85,5,728,1,0,0,1,2,1,120.0,0.0,2014.0,1,1.0,2013.0,1,2015,2,27,9,1,0,10459.0,3475.0,6556.571428571428,3734.5022362265295,0,0,0,7624
85,6,751,1,0,0,0,2,1,120.0,0.0,2014.0,1,1.0,2013.0,1,2015,2,28,9,1,2,7624.0,3831.0,6831.571428571428,3567.4884189086883,1,0,1,5756
85,7,0,0,0,0,1,2,1,120.0,0.0,2014.0,1,1.0,2013.0,1,2015,3,1,9,1,3,5756.0,0.0,6831.571428571428,3567.4884189086883,1,1,0,0
85,1,980,1,1,0,1,2,1,120.0,0.0,2014.0,1,1.0,2013.0,1,2015,3,2,10,1,1,0.0,7229.0,7256.571428571428,3792.817591937988,0,0,0,10204
85,2,842,1,0,0,0,2,1,120.0,0.0,2014.0,1,1.0,2013.0,1,2015,3,3,10,1,5,10204.0,10592.0,7081.0,3637.970404864044,0,0,0,9363
85,3,669,1,0,0,0,2,1,120.0,0.0,2014.0,1,1.0,2013.0,1,2015,3,4,10,1,6,9363.0,6161.0,7236.428571428572,3615.2844451090723,0,0,0,7249
85,4,725,1,0,0,0,2,1,120.0,0.0,2014.0,1,1.0,2013.0,1,2015,3,5,10,1,4,7249.0,10459.0,6559.714285714285,3344.7626081325857,0,0,0,5722
85,5,595,1,0,0,0,2,1,120.0,0.0,2014.0,1,1.0,2013.0,1,2015,3,6,10,1,0,5722.0,7624.0,6161.571428571428,3362.787477532235,0,0,0,4837
85,6,746,1,0,0,0,2,1,120.0,0.0,2014.0,1,1.0,2013.0,1,2015,3,7,10,1,2,4837.0,5756.0,6182.142857142857,3360.33249488655,1,0,0,5900
85,7,0,0,0,0,0,2,1,120.0,0.0,2014.0,1,1.0,2013.0,1,2015,3,8,10,1,3,5900.0,0.0,6182.142857142857,3360.33249488655,1,0,0,0
85,1,580,1,1,0,0,2,1,120.0,0.0,2014.0,1,1.0,2013.0,1,2015,3,9,11,1,1,0.0,10204.0,5556.142857142857,2856.6368004217475,0,0,0,5822
85,2,347,1,0,0,0,2,1,120.0,0.0,2014.0,1,1.0,2013.0,1,2015,3,10,11,1,5,5822.0,9363.0,4535.714285714285,2526.889043487114,0,0,0,2220
85,3,1147,1,1,0,0,2,1,120.0,0.0,2014.0,1,1.0,2013.0,1,2015,3,11,11,1,6,2220.0,7249.0,5406.285714285715,4147.5315837369135,0,0,0,13343
85,4,618,1,0,0,0,2,1,120.0,0.0,2014.0,1,1.0,2013.0,1,2015,3,12,11,1,4,13343.0,5722.0,5131.142857142857,4186.795291093631,0,0,0,3796
85,5,647,1,0,0,0,2,1,120.0,0.0,2014.0,1,1.0,2013.0,1,2015,3,13,11,1,0,3796.0,4837.0,5543.0,4293.479668831175,0,0,0,7720
85,6,952,1,0,0,0,2,1,120.0,0.0,2014.0,1,1.0,2013.0,1,2015,3,14,11,1,2,7720.0,5900.0,5784.0,4363.6323936219305,1,0,0,7587
85,7,0,0,0,0,0,2,1,120.0,0.0,2014.0,1,1.0,2013.0,1,2015,3,15,11,1,3,7587.0,0.0,5784.0,4363.6323936219305,1,0,0,0
85,1,469,1,1,0,0,2,1,120.0,0.0,2014.0,1,1.0,2013.0,1,2015,3,16,12,1,1,0.0,5822.0,5680.714285714285,4371.133175515844,0,0,0,5099
85,2,986,1,0,0,1,2,1,120.0,0.0,2014.0,1,1.0,2013.0,1,2015,3,17,12,1,5,5099.0,2220.0,6169.571428571428,4102.7006900797605,0,0,0,5642
85,3,869,1,0,0,0,2,1,120.0,0.0,2014.0,1,1.0,2013.0,1,2015,3,18,12,1,6,5642.0,13343.0,5367.428571428572,2812.457635659769,0,0,0,7728
85,4,542,1,1,0,1,2,1,120.0,0.0,2014.0,1,1.0,2013.0,1,2015,3,19,12,1,4,7728.0,3796.0,5722.428571428572,2736.864316277713,0,0,0,6281
85,5,318,1,0,0,0,2,1,120.0,0.0,2014.0,1,1.0,2013.0,1,2015,3,20,12,1,0,6281.0,7720.0,4898.0,2899.2312774251013,0,0,0,1949
85,6,1054,1,0,0,1,2,1,120.0,0.0,2014.0,1,1.0,2013.0,1,2015,3,21,12,1,2,1949.0,7587.0,5395.571428571428,3641.498631842977,1,0,0,11070
85,7,0,0,0,0,0,2,1,120.0,0.0,2014.0,1,1.0,2013.0,1,2015,3,22,12,1,3,11070.0,0.0,5395.571428571428,3641.498631842977,1,0,0,0
85,1,426,1,1,0,0,2,1,120.0,0.0,2014.0,1,1.0,2013.0,1,2015,3,23,13,1,1,0.0,5099.0,5230.0,3683.338838608252,0,0,0,3940
85,2,1080,1,1,0,0,2,1,120.0,0.0,2014.0,1,1.0,2013.0,1,2015,3,24,13,1,5,3940.0,5642.0,5699.714285714285,3944.9914539107126,0,0,0,8930
85,3,565,1,1,0,0,2,1,120.0,0.0,2014.0,1,1.0,2013.0,1,2015,3,25,13,1,6,8930.0,7728.0,5504.714285714285,3860.8629309298926,0,0,0,6363
85,4,640,1,1,0,0,2,1,120.0,0.0,2014.0,1,1.0,2013.0,1,2015,3,26,13,1,4,6363.0,6281.0,5790.857142857143,3999.7133409187963,0,0,0,8284
85,5,828,1,0,0,0,2,1,120.0,0.0,2014.0,1,1.0,2013.0,1,2015,3,27,13,1,0,8284.0,1949.0,6173.714285714285,3686.692949617841,0,0,0,4629
85,6,720,1,0,0,0,2,1,120.0,0.0,2014.0,1,1.0,2013.0,1,2015,3,28,13,1,2,4629.0,11070.0,5701.285714285715,3123.5696307422418,1,0,0,7763
85,7,0,0,0,0,0,2,1,120.0,0.0,2014.0,1,1.0,2013.0,1,2015,3,29,13,1,3,7763.0,0.0,5701.285714285715,3123.5696307422418,1,0,0,0
85,1,718,1,1,0,0,2,1,120.0,0.0,2014.0,1,1.0,2013.0,1,2015,3,30,14,1,1,0.0,3940.0,6213.142857142857,3080.11511844235,0,0,0,7523
85,2,897,1,0,0,0,2,1,120.0,0.0,2014.0,1,1.0,2013.0,1,2015,3,31,14,1,5,7523.0,8930.0,5940.142857142857,2877.181631885122,0,0,1,7019
85,3,817,1,1,0,0,2,1,120.0,0.0,2014.0,1,1.0,2013.0,1,2015,4,1,14,2,6,7019.0,6363.0,6136.571428571428,2956.699672334162,0,1,0,7738
85,4,1175,1,1,0,0,2,1,120.0,0.0,2014.0,1,1.0,2013.0,1,2015,4,2,14,2,4,7738.0,8284.0,6228.285714285715,3043.1074969667484,0,0,0,8926
85,5,592,1,0,0,0,2,1,120.0,0.0,2014.0,1,1.0,2013.0,1,2015,4,3,14,2,0,8926.0,4629.0,6149.571428571428,3098.00101447922,0,0,0,4078
85,6,366,1,0,0,0,2,1,120.0,0.0,2014.0,1,1.0,2013.0,1,2015,4,4,14,2,2,4078.0,7763.0,5395.285714285715,3277.2861595272016,1,0,0,2483
85,7,0,0,0,0,0,2,1,120.0,0.0,2014.0,1,1.0,2013.0,1,2015,4,5,14,2,3,2483.0,0.0,5395.285714285715,3277.2861595272016,1,0,0,0
85,1,862,1,0,0,0,2,1,120.0,0.0,2014.0,1,1.0,2013.0,1,2015,4,6,15,2,1,0.0,7523.0,5565.714285714285,3433.6637728178757,0,0,0,8716
85,2,508,1,0,0,0,2,1,120.0,0.0,2014.0,1,1.0,2013.0,1,2015,4,7,15,2,5,8716.0,7019.0,5073.428571428572,3437.6041975549774,0,0,0,3573
85,3,320,1,1,0,1,2,1,120.0,0.0,2014.0,1,1.0,2013.0,1,2015,4,8,15,2,6,3573.0,7738.0,4379.428571428572,3297.536244791596,0,0,0,2880
85,4,627,1,0,0,0,2,1,120.0,0.0,2014.0,1,1.0,2013.0,1,2015,4,9,15,2,4,2880.0,8926.0,3626.8571428571427,2618.1123243392576,0,0,0,3658
85,5,0,0,1,0,0,2,1,120.0,0.0,2014.0,1,1.0,2013.0,1,2015,4,10,15,2,0,3658.0,4078.0,3044.285714285714,2935.4701335155614,0,0,0,0
88,4,615,1,1,0,0,2,1,3000.0,3.0,2012.0,1,31.0,2009.0,0,2015,1,8,2,1,4,3734.0,6181.0,5142.571428571428,3286.186942194193,0,0,0,4482
88,5,1131,1,1,0,0,2,1,3000.0,3.0,2012.0,1,31.0,2009.0,0,2015,1,9,2,1,0,4482.0,4323.0,6184.428571428572,4050.297596356053,0,0,0,11616
88,6,537,1,0,0,1,2,1,3000.0,3.0,2012.0,1,31.0,2009.0,0,2015,1,10,2,1,2,11616.0,9655.0,5261.142857142857,3859.447949667216,1,0,0,3192
88,7,0,0,0,0,0,2,1,3000.0,3.0,2012.0,1,31.0,2009.0,0,2015,1,11,2,1,3,3192.0,0.0,5261.142857142857,3859.447949667216,1,0,0,0
88,1,0,0,1,0,0,2,1,3000.0,3.0,2012.0,1,31.0,2009.0,0,2015,1,12,3,1,1,0.0,4816.0,4573.142857142857,4350.0976015323085,0,0,0,0
88,2,1102,1,0,0,0,2,1,3000.0,3.0,2012.0,1,31.0,2009.0,0,2015,1,13,3,1,5,0.0,8988.0,4612.714285714285,4397.9482608100225,0,0,0,9265
88,3,574,1,1,0,0,2,1,3000.0,3.0,2012.0,1,31.0,2009.0,0,2015,1,14,3,1,6,9265.0,3734.0,5114.857142857143,4480.783503978273,0,0,0,7249
88,4,493,1,0,0,0,2,1,3000.0,3.0,2012.0,1,31.0,2009.0,0,2015,1,15,3,1,4,7249.0,4482.0,5158.571428571428,4475.069379616471,0,0,0,4788
88,5,422,1,0,0,0,2,1,3000.0,3.0,2012.0,1,31.0,2009.0,0,2015,1,16,3,1,0,4788.0,11616.0,4069.0,3452.458737383161,0,0,0,3989
88,6,572,1,0,0,0,2,1,3000.0,3.0,2012.0,1,31.0,2009.0,0,2015,1,17,3,1,2,3989.0,3192.0,4552.428571428572,3544.874838276751,1,0,0,6576
88,7,0,0,0,0,0,2,1,3000.0,3.0,2012.0,1,31.0,2009.0,0,2015,1,18,3,1,3,6576.0,0.0,4552.428571428572,3544.874838276751,1,0,0,0
88,1,986,1,1,0,0,2,1,3000.0,3.0,2012.0,1,31.0,2009.0,0,2015,1,19,4,1,1,0.0,0.0,5740.714285714285,3134.953147671468,0,0,0,8318
88,2,939,1,0,0,0,2,1,3000.0,3.0,2012.0,1,31.0,2009.0,0,2015,1,20,4,1,5,8318.0,9265.0,5185.142857142857,2723.9492425870344,0,0,0,5376
88,3,675,1,1,0,0,2,1,3000.0,3.0,2012.0,1,31.0,2009.0,0,2015,1,21,4,1,6,5376.0,7249.0,4879.428571428572,2569.4182128219127,0,0,0,5109
88,4,447,1,0,0,0,2,1,3000.0,3.0,2012.0,1,31.0,2009.0,0,2015,1,22,4,1,4,5109.0,4788.0,4639.0,2656.6600585446877,0,0,0,3105
88,5,391,1,1,0,0,2,1,3000.0,3.0,2012.0,1,31.0,2009.0,0,2015,1,23,4,1,0,3105.0,3989.0,4737.142857142857,2641.290746874302,0,0,0,4676
88,6,594,1,0,0,0,2,1,3000.0,3.0,2012.0,1,31.0,2009.0,0,2015,1,24,4,1,2,4676.0,6576.0,4273.0,2548.1237541898668,1,0,0,3327
88,7,0,0,0,0,0,2,1,3000.0,3.0,2012.0,1,31.0,2009.0,0,2015,1,25,4,1,3,3327.0,0.0,4273.0,2548.1237541898668,1,0,0,0
88,1,836,1,0,0,1,2,1,3000.0,3.0,2012.0,1,31.0,2009.0,0,2015,1,26,5,1,1,0.0,8318.0,3792.1428571428573,1890.2406750262787,0,0,0,4952
88,2,1129,1,0,0,0,2,1,3000.0,3.0,2012.0,1,31.0,2009.0,0,2015,1,27,5,1,5,4952.0,5376.0,4518.428571428572,3154.291724890753,0,0,0,10460
88,3,907,1,0,0,0,2,1,3000.0,3.0,2012.0,1,31.0,2009.0,0,2015,1,28,5,1,6,10460.0,5109.0,4555.142857142857,3163.792683292813,0,0,0,5366
88,4,683,1,1,0,0,2,1,3000.0,3.0,2012.0,1,31.0,2009.0,0,2015,1,29,5,1,4,5366.0,3105.0,4989.0,3139.93317338655,0,0,0,6142
88,5,745,1,0,0,0,2,1,3000.0,3.0,2012.0,1,31.0,2009.0,0,2015,1,30,5,1,0,6142.0,4676.0,5403.857142857143,3280.3873972734496,0,0,0,7580
88,6,797,1,0,0,1,2,1,3000.0,3.0,2012.0,1,31.0,2009.0,0,2015,1,31,5,1,2,7580.0,3327.0,6268.285714285715,3435.488015517142,1,0,1,9378
88,7,0,0,0,0,0,2,1,3000.0,3.0,2012.0,1,31.0,2009.0,0,2015,2,1,5,1,3,9378.0,0.0,6268.285714285715,3435.488015517142,1,1,0,0
88,1,592,1,1,0,0,2,1,3000.0,3.0,2012.0,1,31.0,2009.0,0,2015,2,2,6,1,1,0.0,4952.0,6119.285714285715,3523.5796530557636,0,0,0,3909
88,2,596,1,0,0,0,2,1,3000.0,3.0,2012.0,1,31.0,2009.0,0,2015,2,3,6,1,5,3909.0,10460.0,5469.857142857143,2964.841784905868,0,0,0,5914
88,3,1058,1,1,0,0,2,1,3000.0,3.0,2012.0,1,31.0,2009.0,0,2015,2,4,6,1,6,5914.0,5366.0,6694.714285714285,4358.369906065254,0,0,0,13940
88,4,867,1,0,0,0,2,1,3000.0,3.0,2012.0,1,31.0,2009.0,0,2015,2,5,6,1,4,13940.0,6142.0,6944.428571428572,4371.480369285401,0,0,0,7890
88,5,342,1,0,0,0,2,1,3000.0,3.0,2012.0,1,31.0,2009.0,0,2015,2,6,6,1,0,7890.0,7580.0,6198.714285714285,4679.377619380799,0,0,0,2360
88,6,718,1,0,0,0,2,1,3000.0,3.0,2012.0,1,31.0,2009.0,0,2015,2,7,6,1,2,2360.0,9378.0,5916.0,4512.072435884277,1,0,0,7399
88,7,0,0,0,0,0,2,1,3000.0,3.0,2012.0,1,31.0,2009.0,0,2015,2,8,6,1,3,7399.0,0.0,5916.0,4512.072435884277,1,0,0,0
88,1,620,1,0,0,1,2,1,3000.0,3.0,2012.0,1,31.0,2009.0,0,2015,2,9,7,1,1,0.0,3909.0,5947.0,4496.704534063437,0,0,0,4126
88,2,536,1,0,0,1,2,1,3000.0,3.0,2012.0,1,31.0,2009.0,0,2015,2,10,7,1,5,4126.0,5914.0,5624.142857142857,4579.832836417047,0,0,0,3654
88,3,1143,1,0,0,1,2,1,3000.0,3.0,2012.0,1,31.0,2009.0,0,2015,2,11,7,1,6,3654.0,13940.0,5232.0,3800.301523125062,0,0,0,11195
88,4,641,1,1,0,0,2,1,3000.0,3.0,2012.0,1,31.0,2009.0,0,2015,2,12,7,1,4,11195.0,7890.0,4932.0,3634.7890814553,0,0,0,5790
88,5,956,1,0,0,0,2,1,3000.0,3.0,2012.0,1,31.0,2009.0,0,2015,2,13,7,1,0,5790.0,2360.0,5775.714285714285,3623.7077105402104,0,0,0,8266
88,6,305,1,0,0,0,2,1,3000.0,3.0,2012.0,1,31.0,2009.0,0,2015,2,14,7,1,2,8266.0,7399.0,4970.285714285715,3823.816013455917,1,0,0,1761
88,7,0,0,0,0,0,2,1,3000.0,3.0,2012.0,1,31.0,2009.0,0,2015,2,15,7,1,3,1761.0,0.0,4970.285714285715,3823.816013455917,1,0,0,0
88,1,499,1,1,0,0,2,1,3000.0,3.0,2012.0,1,31.0,2009.0,0,2015,2,16,8,1,1,0.0,4126.0,5209.714285714285,3814.6004908459163,0,0,0,5802
88,2,494,1,1,0,0,2,1,3000.0,3.0,2012.0,1,31.0,2009.0,0,2015,2,17,8,1,5,5802.0,3654.0,5282.285714285715,3784.7865071575575,0,0,0,4162
88,3,682,1,1,0,0,2,1,3000.0,3.0,2012.0,1,31.0,2009.0,0,2015,2,18,8,1,6,4162.0,11195.0,4438.142857142857,2768.8576723125016,0,0,0,5286
88,4,720,1,0,0,0,2,1,3000.0,3.0,2012.0,1,31.0,2009.0,0,2015,2,19,8,1,4,5286.0,5790.0,4379.142857142857,2739.4952350491753,0,0,0,5377
88,5,375,1,0,0,0,2,1,3000.0,3.0,2012.0,1,31.0,2009.0,0,2015,2,20,8,1,0,5377.0,8266.0,3533.5714285714284,2200.2277804159903,0,0,0,2347
88,6,1187,1,0,0,0,2,1,3000.0,3.0,2012.0,1,31.0,2009.0,0,2015,2,21,8,1,2,2347.0,1761.0,4530.714285714285,2770.7176996995863,1,0,0,8741
88,7,0,0,0,0,0,2,1,3000.0,3.0,2012.0,1,31.0,2009.0,0,2015,2,22,8,1,3,8741.0,0.0,4530.714285714285,2770.7176996995863,1,0,0,0
88,1,572,1,0,0,0,2,1,3000.0,3.0,2012.0,1,31.0,2009.0,0,2015,2,23,9,1,1,0.0,5802.0,4679.0,2875.875866583952,0,0,0,6840
88,2,1025,1,0,0,1,2,1,3000.0,3.0,2012.0,1,31.0,2009.0,0,2015,2,24,9,1,5,6840.0,4162.0,5446.285714285715,3386.1705860891357,0,0,0,9533
88,3,954,1,1,0,0,2,1,3000.0,3.0,2012.0,1,31.0,2009.0,0,2015,2,25,9,1,6,9533.0,5286.0,5682.428571428572,3430.47780234488,0,0,0,6939
88,4,840,1,0,0,0,2,1,3000.0,3.0,2012.0,1,31.0,2009.0,0,2015,2,26,9,1,4,6939.0,5377.0,5927.428571428572,3466.085633542199,0,0,0,7092
88,5,1072,1,0,0,0,2,1,3000.0,3.0,2012.0,1,31.0,2009.0,0,2015,2,27,9,1,0,7092.0,2347.0,7086.714285714285,3425.8274773785565,0,0,0,10462
88,6,925,1,0,0,0,2,1,3000.0,3.0,2012.0,1,31.0,2009.0,0,2015,2,28,9,1,2,10462.0,8741.0,7368.857142857143,3658.2232676793387,1,0,1,10716
88,7,0,0,0,0,1,2,1,3000.0,3.0,2012.0,1,31.0,2009.0,0,2015,3,1,9,1,3,10716.0,0.0,7368.857142857143,3658.2232676793383,1,1,0,0
88,1,959,1,0,0,0,2,1,3000.0,3.0,2012.0,1,31.0,2009.0,0,2015,3,2,10,1,1,0.0,6840.0,7968.857142857143,3893.8666484858595,0,0,0,11040
88,2,1074,1,1,0,0,2,1,3000.0,3.0,2012.0,1,31.0,2009.0,0,2015,3,3,10,1,5,11040.0,9533.0,8317.42857142857,4157.50902412903,0,0,0,11973
88,3,577,1,0,0,1,2,1,3000.0,3.0,2012.0,1,31.0,2009.0,0,2015,3,4,10,1,6,11973.0,6939.0,8241.57142857143,4191.556189020292,0,0,0,6408
88,4,598,1,0,0,0,2,1,3000.0,3.0,2012.0,1,31.0,2009.0,0,2015,3,5,10,1,4,6408.0,7092.0,7817.428571428572,4468.345997388852,0,0,0,4123
88,5,507,1,0,0,0,2,1,3000.0,3.0,2012.0,1,31.0,2009.0,0,2015,3,6,10,1,0,4123.0,10462.0,7175.857142857143,4346.089024574143,0,0,0,5971
88,6,458,1,0,0,0,2,1,3000.0,3.0,2012.0,1,31.0,2009.0,0,2015,3,7,10,1,2,5971.0,10716.0,6060.142857142857,4287.895343427877,1,0,0,2906
88,7,0,0,0,0,0,2,1,3000.0,3.0,2012.0,1,31.0,2009.0,0,2015,3,8,10,1,3,2906.0,0.0,6060.142857142857,4287.895343427877,1,0,0,0
88,1,463,1,0,0,0,2,1,3000.0,3.0,2012.0,1,31.0,2009.0,0,2015,3,9,11,1,1,0.0,11040.0,4893.857142857143,3788.898495542444,0,0,0,2876
88,2,503,1,0,0,0,2,1,3000.0,3.0,2012.0,1,31.0,2009.0,0,2015,3,10,11,1,5,2876.0,11973.0,4036.4285714285716,2310.6347509679945,0,0,0,5971
88,3,1110,1,0,0,0,2,1,3000.0,3.0,2012.0,1,31.0,2009.0,0,2015,3,11,11,1,6,5971.0,6408.0,4154.857142857143,2468.310044583227,0,0,0,7237
88,4,328,1,0,0,0,2,1,3000.0,3.0,2012.0,1,31.0,2009.0,0,2015,3,12,11,1,4,7237.0,4123.0,3906.4285714285716,2557.936333397346,0,0,0,2384
88,5,1064,1,0,0,0,2,1,3000.0,3.0,2012.0,1,31.0,2009.0,0,2015,3,13,11,1,0,2384.0,5971.0,4475.714285714285,3399.1294333640617,0,0,0,9956
88,6,780,1,0,0,1,2,1,3000.0,3.0,2012.0,1,31.0,2009.0,0,2015,3,14,11,1,2,9956.0,2906.0,4862.714285714285,3344.4000814438887,1,0,0,5615
88,7,0,0,0,0,0,2,1,3000.0,3.0,2012.0,1,31.0,2009.0,0,2015,3,15,11,1,3,5615.0,0.0,4862.714285714285,3344.4000814438887,1,0,0,0
88,1,524,1,1,0,0,2,1,3000.0,3.0,2012.0,1,31.0,2009.0,0,2015,3,16,12,1,1,0.0,2876.0,5272.0,3234.239220177339,0,0,0,5741
88,2,726,1,0,0,1,2,1,3000.0,3.0,2012.0,1,31.0,2009.0,0,2015,3,17,12,1,5,5741.0,5971.0,5496.428571428572,3343.4897366445753,0,0,0,7542
88,3,649,1,0,0,0,2,1,3000.0,3.0,2012.0,1,31.0,2009.0,0,2015,3,18,12,1,6,7542.0,7237.0,5298.142857142857,3263.2560134815963,0,0,0,5849
88,4,546,1,0,0,0,2,1,3000.0,3.0,2012.0,1,31.0,2009.0,0,2015,3,19,12,1,4,5849.0,2384.0,5618.428571428572,3031.3502413469614,0,0,0,4626
88,5,340,1,0,0,1,2,1,3000.0,3.0,2012.0,1,31.0,2009.0,0,2015,3,20,12,1,0,4626.0,9956.0,4673.285714285715,2424.120164395436,0,0,0,3340
88,6,332,1,0,0,0,2,1,3000.0,3.0,2012.0,1,31.0,2009.0,0,2015,3,21,12,1,2,3340.0,5615.0,4304.857142857143,2452.9523999031157,1,0,0,3036
88,7,0,0,0,0,0,2,1,3000.0,3.0,2012.0,1,31.0,2009.0,0,2015,3,22,12,1,3,3036.0,0.0,4304.857142857143,2452.9523999031157,1,0,0,0
88,1,0,0,1,0,0,2,1,3000.0,3.0,2012.0,1,31.0,2009.0,0,2015,3,23,13,1,1,0.0,5741.0,3484.714285714286,2824.3790299394796,0,0,0,0
88,2,1072,1,0,0,0,2,1,3000.0,3.0,2012.0,1,31.0,2009.0,0,2015,3,24,13,1,5,0.0,7542.0,3762.285714285714,3338.2940111323146,0,0,0,9485
88,3,1047,1,1,0,0,2,1,3000.0,3.0,2012.0,1,31.0,2009.0,0,2015,3,25,13,1,6,9485.0,5849.0,4013.8571428571427,3579.4029496817557,0,0,0,7610
88,4,617,1,1,0,0,2,1,3000.0,3.0,2012.0,1,31.0,2009.0,0,2015,3,26,13,1,4,7610.0,4626.0,4374.571428571428,3773.3472257021704,0,0,0,7151
88,5,696,1,1,0,0,2,1,3000.0,3.0,2012.0,1,31.0,2009.0,0,2015,3,27,13,1,0,7151.0,3340.0,4860.857142857143,3836.609459256588,0,0,0,6744
88,6,992,1,0,0,0,2,1,3000.0,3.0,2012.0,1,31.0,2009.0,0,2015,3,28,13,1,2,6744.0,3036.0,6120.428571428572,4523.489613751123,1,0,0,11853
88,7,0,0,0,0,0,2,1,3000.0,3.0,2012.0,1,31.0,2009.0,0,2015,3,29,13,1,3,11853.0,0.0,6120.428571428572,4523.489613751123,1,0,0,0
88,1,446,1,1,0,0,2,1,3000.0,3.0,2012.0,1,31.0,2009.0,0,2015,3,30,14,1,1,0.0,0.0,6576.0,3925.399342742087,0,0,0,3189
88,2,565,1,1,0,0,2,1,3000.0,3.0,2012.0,1,31.0,2009.0,0,2015,3,31,14,1,5,3189.0,9485.0,6255.142857142857,3735.175204662268,0,0,1,7239
88,3,1127,1,0,0,0,2,1,3000.0,3.0,2012.0,1,31.0,2009.0,0,2015,4,1,14,2,6,7239.0,7610.0,6326.714285714285,3770.099765005595,0,1,0,8111
88,4,0,0,0,0,1,2,1,3000.0,3.0,2012.0,1,31.0,2009.0,0,2015,4,2,14,2,4,8111.0,7151.0,5305.142857142857,4422.000355366013,0,0,0,0
88,5,506,1,1,0,1,2,1,3000.0,3.0,2012.0,1,31.0,2009.0,0,2015,4,3,14,2,0,0.0,6744.0,4991.571428571428,4380.595007421664,0,0,0,4549
88,6,841,1,0,0,1,2,1,3000.0,3.0,2012.0,1,31.0,2009.0,0,2015,4,4,14,2,2,4549.0,11853.0,3981.4285714285716,3187.4669596793624,1,0,0,4782
88,7,0,0,0,0,0,2,1,3000.0,3.0,2012.0,1,31.0,2009.0,0,2015,4,5,14,2,3,4782.0,0.0,3981.4285714285716,3187.4669596793624,1,0,0,0
88,1,724,1,1,0,0,2,1,3000.0,3.0,2012.0,1,31.0,2009.0,0,2015,4,6,15,2,1,0.0,3189.0,4462.142857142857,3299.8043087720307,0,0,0,6554
88,2,675,1,0,0,0,2,1,3000.0,3.0,2012.0,1,31.0,2009.0,0,2015,4,7,15,2,5,6554.0,7239.0,4002.285714285714,3064.2161974576607,0,0,0,4020
88,3,1147,1,1,0,0,2,1,3000.0,3.0,2012.0,1,31.0,2009.0,0,2015,4,8,15,2,6,4020.0,8111.0,4446.714285714285,3877.212259441297,0,0,0,11222
88,4,1159,1,0,0,0,2,1,3000.0,3.0,2012.0,1,31.0,2009.0,0,2015,4,9,15,2,4,11222.0,0.0,5899.0,3837.7439987576035,0,0,0,10166
88,5,490,1,1,0,1,2,1,3000.0,3.0,2012.0,1,31.0,2009.0,0,2015,4,10,15,2,0,10166.0,4549.0,6021.428571428572,3800.993328817388,0,0,0,5406
89,4,743,1,1,0,0,2,0,1500.0,9.0,0.0,1,31.0,2015.0,0,2015,1,8,2,1,4,4350.0,5459.0,7021.714285714285,3697.386721919763,0,0,0,9877
89,5,1034,1,0,0,1,2,0,1500.0,9.0,0.0,1,31.0,2015.0,0,2015,1,9,2,1,0,9877.0,6805.0,7526.0,3898.178634524933,0,0,0,10335
89,6,479,1,0,0,0,2,0,1500.0,9.0,0.0,1,31.0,2015.0,0,2015,1,10,2,1,2,10335.0,8665.0,7027.285714285715,3951.125397245942,1,0,0,5174
89,7,0,0,0,0,1,2,0,1500.0,9.0,0.0,1,31.0,2015.0,0,2015,1,11,2,1,3,5174.0,0.0,7027.285714285715,3951.125397245942,1,0,0,0
89,1,791,1,0,0,1,2,0,1500.0,9.0,0.0,1,31.0,2015.0,0,2015,1,12,3,1,1,0.0,9588.0,6714.285714285715,3798.2890759869642,0,0,0,7397
89,2,433,1,0,0,0,2,0,1500.0,9.0,0.0,1,31.0,2015.0,0,2015,1,13,3,1,5,7397.0,9867.0,5828.857142857143,3660.7893242018827,0,0,0,3669
89,3,412,1,0,0,0,2,0,1500.0,9.0,0.0,1,31.0,2015.0,0,2015,1,14,3,1,6,3669.0,4350.0,5711.142857142857,3728.88291711121,0,0,0,3526
89,4,1077,1,0,0,0,2,0,1500.0,9.0,0.0,1,31.0,2015.0,0,2015,1,15,3,1,4,3526.0,9877.0,5232.142857142857,3294.6342957689767,0,0,0,6524
89,5,1085,1,1,0,0,2,0,1500.0,9.0,0.0,1,31.0,2015.0,0,2015,1,16,3,1,0,6524.0,10335.0,5803.428571428572,4465.567745059331,0,0,0,14334
89,6,575,1,0,0,0,2,0,1500.0,9.0,0.0,1,31.0,2015.0,0,2015,1,17,3,1,2,14334.0,5174.0,5653.428571428572,4507.670716203024,1,0,0,4124
89,7,0,0,0,0,0,2,0,1500.0,9.0,0.0,1,31.0,2015.0,0,2015,1,18,3,1,3,4124.0,0.0,5653.428571428572,4507.670716203024,1,0,0,0
89,1,1112,1,0,0,1,2,0,1500.0,9.0,0.0,1,31.0,2015.0,0,2015,1,19,4,1,1,0.0,7397.0,6030.857142857143,4780.3521637557005,0,0,0,10039
89,2,927,1,1,0,0,2,0,1500.0,9.0,0.0,1,31.0,2015.0,0,2015,1,20,4,1,5,10039.0,3669.0,6590.857142857143,4686.2358892317625,0,0,0,7589
89,3,589,1,1,0,0,2,0,1500.0,9.0,0.0,1,31.0,2015.0,0,2015,1,21,4,1,6,7589.0,3526.0,7023.142857142857,4491.935456221198,0,0,0,6552
89,4,857,1,1,0,0,2,0,1500.0,9.0,0.0,1,31.0,2015.0,0,2015,1,22,4,1,4,6552.0,6524.0,7139.0,4487.372208022567,0,0,0,7335
89,5,718,1,1,0,1,2,0,1500.0,9.0,0.0,1,31.0,2015.0,0,2015,1,23,4,1,0,7335.0,14334.0,5989.0,3176.0708430386117,0,0,0,6284
89,6,519,1,0,0,0,2,0,1500.0,9.0,0.0,1,31.0,2015.0,0,2015,1,24,4,1,2,6284.0,4124.0,5936.428571428572,3214.894340261841,1,0,0,3756
89,7,0,0,0,0,0,2,0,1500.0,9.0,0.0,1,31.0,2015.0,0,2015,1,25,4,1,3,3756.0,0.0,5936.428571428572,3214.894340261841,1,0,0,0
89,1,765,1,0,0,0,2,0,1500.0,9.0,0.0,1,31.0,2015.0,0,2015,1,26,5,1,1,0.0,10039.0,5448.142857142857,2707.4544889109043,0,0,0,6621
89,2,879,1,0,0,0,2,0,1500.0,9.0,0.0,1,31.0,2015.0,0,2015,1,27,5,1,5,6621.0,7589.0,5314.0,2605.0300702039244,0,0,0,6650
89,3,1092,1,0,0,0,2,0,1500.0,9.0,0.0,1,31.0,2015.0,0,2015,1,28,5,1,6,6650.0,6552.0,6058.0,3579.1202364081964,0,0,0,11760
89,4,809,1,0,0,0,2,0,1500.0,9.0,0.0,1,31.0,2015.0,0,2015,1,29,5,1,4,11760.0,7335.0,6169.142857142857,3636.9959411842174,0,0,0,8113
89,5,859,1,1,0,1,2,0,1500.0,9.0,0.0,1,31.0,2015.0,0,2015,1,30,5,1,0,8113.0,6284.0,6275.714285714285,3651.8218610389395,0,0,0,7030
89,6,1163,1,0,0,0,2,0,1500.0,9.0,0.0,1,31.0,2015.0,0,2015,1,31,5,1,2,7030.0,3756.0,7242.0,3767.047075185903,1,0,1,10520
89,7,0,0,0,0,0,2,0,1500.0,9.0,0.0,1,31.0,2015.0,0,2015,2,1,5,1,3,10520.0,0.0,7242.0,3767.047075185903,1,1,0,0
89,1,1029,1,0,0,1,2,0,1500.0,9.0,0.0,1,31.0,2015.0,0,2015,2,2,6,1,1,0.0,6621.0,7393.428571428572,3759.2203915680375,0,0,0,7681
89,2,664,1,0,0,1,2,0,1500.0,9.0,0.0,1,31.0,2015.0,0,2015,2,3,6,1,5,7681.0,6650.0,7237.285714285715,3817.4936679399875,0,0,0,5557
89,3,1089,1,0,0,0,2,0,1500.0,9.0,0.0,1,31.0,2015.0,0,2015,2,4,6,1,6,5557.0,11760.0,6908.285714285715,3443.691029224588,0,0,0,9457
89,4,853,1,1,0,0,2,0,1500.0,9.0,0.0,1,31.0,2015.0,0,2015,2,5,6,1,4,9457.0,8113.0,7252.571428571428,3695.4733957975686,0,0,0,10523
89,5,606,1,1,0,1,2,0,1500.0,9.0,0.0,1,31.0,2015.0,0,2015,2,6,6,1,0,10523.0,7030.0,7255.285714285715,3695.2896464862624,0,0,0,7049
89,6,597,1,0,0,0,2,0,1500.0,9.0,0.0,1,31.0,2015.0,0,2015,2,7,6,1,2,7049.0,10520.0,6278.571428571428,3590.637448380757,1,0,0,3683
89,7,0,0,0,0,0,2,0,1500.0,9.0,0.0,1,31.0,2015.0,0,2015,2,8,6,1,3,3683.0,0.0,6278.571428571428,3590.637448380757,1,0,0,0
89,1,1016,1,0,0,0,2,0,1500.0,9.0,0.0,1,31.0,2015.0,0,2015,2,9,7,1,1,0.0,7681.0,6698.428571428572,3937.0737804086098,0,0,0,10620
89,2,547,1,0,0,0,2,0,1500.0,9.0,0.0,1,31.0,2015.0,0,2015,2,10,7,1,5,10620.0,5557.0,6622.714285714285,3967.66063376921,0,0,0,5027
89,3,897,1,0,0,1,2,0,1500.0,9.0,0.0,1,31.0,2015.0,0,2015,2,11,7,1,6,5027.0,9457.0,6342.714285714285,3799.920732255945,0,0,0,7497
89,4,1082,1,1,0,1,2,0,1500.0,9.0,0.0,1,31.0,2015.0,0,2015,2,12,7,1,4,7497.0,10523.0,6545.285714285715,4086.8723458689724,0,0,0,11941
89,5,970,1,0,0,0,2,0,1500.0,9.0,0.0,1,31.0,2015.0,0,2015,2,13,7,1,0,11941.0,7049.0,6866.285714285715,4219.134339106608,0,0,0,9296
89,6,868,1,0,0,0,2,0,1500.0,9.0,0.0,1,31.0,2015.0,0,2015,2,14,7,1,2,9296.0,3683.0,7718.714285714285,4068.9040995615214,1,0,0,9650
89,7,0,0,0,0,1,2,0,1500.0,9.0,0.0,1,31.0,2015.0,0,2015,2,15,7,1,3,9650.0,0.0,7718.714285714285,4068.9040995615214,1,0,0,0
89,1,1172,1,1,0,0,2,0,1500.0,9.0,0.0,1,31.0,2015.0,0,2015,2,16,8,1,1,0.0,10620.0,7346.285714285715,3873.7171517069432,0,0,0,8013
89,2,1094,1,0,0,0,2,0,1500.0,9.0,0.0,1,31.0,2015.0,0,2015,2,17,8,1,5,8013.0,5027.0,7509.571428571428,3782.680568818132,0,0,0,6170
89,3,936,1,1,0,0,2,0,1500.0,9.0,0.0,1,31.0,2015.0,0,2015,2,18,8,1,6,6170.0,7497.0,7482.857142857143,3783.4443931674823,0,0,0,7310
89,4,1116,1,1,0,1,2,0,1500.0,9.0,0.0,1,31.0,2015.0,0,2015,2,19,8,1,4,7310.0,11941.0,6879.714285714285,3253.7405507244357,0,0,0,7719
89,5,481,1,0,0,0,2,0,1500.0,9.0,0.0,1,31.0,2015.0,0,2015,2,20,8,1,0,7719.0,9296.0,6184.142857142857,3170.478377604416,0,0,0,4427
89,6,570,1,0,0,0,2,0,1500.0,9.0,0.0,1,31.0,2015.0,0,2015,2,21,8,1,2,4427.0,9650.0,5510.142857142857,2789.485103537413,1,0,0,4932
89,7,0,0,0,0,0,2,0,1500.0,9.0,0.0,1,31.0,2015.0,0,2015,2,22,8,1,3,4932.0,0.0,5510.142857142857,2789.485103537413,1,0,0,0
89,1,750,1,1,0,1,2,0,1500.0,9.0,0.0,1,31.0,2015.0,0,2015,2,23,9,1,1,0.0,8013.0,5577.428571428572,2864.588501986677,0,0,0,8484
89,2,774,1,0,0,1,2,0,1500.0,9.0,0.0,1,31.0,2015.0,0,2015,2,24,9,1,5,8484.0,6170.0,5929.285714285715,3091.762049613223,0,0,0,8633
89,3,322,1,0,0,0,2,0,1500.0,9.0,0.0,1,31.0,2015.0,0,2015,2,25,9,1,6,8633.0,7310.0,5296.857142857143,3212.6748683182677,0,0,0,2883
89,4,642,1,1,0,0,2,0,1500.0,9.0,0.0,1,31.0,2015.0,0,2015,2,26,9,1,4,2883.0,7719.0,5276.142857142857,3194.872946277697,0,0,0,7574
89,5,1135,1,0,0,0,2,0,1500.0,9.0,0.0,1,31.0,2015.0,0,2015,2,27,9,1,0,7574.0,4427.0,5902.714285714285,3422.5587754527396,0,0,0,8813
89,6,882,1,0,0,0,2,0,1500.0,9.0,0.0,1,31.0,2015.0,0,2015,2,28,9,1,2,8813.0,4932.0,6376.428571428572,3494.5360615844656,1,0,1,8248
89,7,0,0,0,0,0,2,0,1500.0,9.0,0.0,1,31.0,2015.0,0,2015,3,1,9,1,3,8248.0,0.0,6376.428571428572,3494.5360615844656,1,1,0,0
89,1,446,1,1,0,0,2,0,1500.0,9.0,0.0,1,31.0,2015.0,0,2015,3,2,10,1,1,0.0,8484.0,5853.285714285715,3399.24833427851,0,0,0,4822
89,2,472,1,1,0,0,2,0,1500.0,9.0,0.0,1,31.0,2015.0,0,2015,3,3,10,1,5,4822.0,8633.0,5375.0,3170.808834771761,0,0,0,5285
89,3,638,1,0,0,0,2,0,1500.0,9.0,0.0,1,31.0,2015.0,0,2015,3,4,10,1,6,5285.0,2883.0,6014.857142857143,3033.0500835831567,0,0,0,7362
89,4,334,1,0,0,0,2,0,1500.0,9.0,0.0,1,31.0,2015.0,0,2015,3,5,10,1,4,7362.0,7574.0,5246.857142857143,3245.639661072036,0,0,0,2198
89,5,1091,1,1,0,1,2,0,1500.0,9.0,0.0,1,31.0,2015.0,0,2015,3,6,10,1,0,2198.0,8813.0,5374.714285714285,3422.3541953011268,0,0,0,9708
89,6,857,1,0,0,0,2,0,1500.0,9.0,0.0,1,31.0,2015.0,0,2015,3,7,10,1,2,9708.0,8248.0,4917.285714285715,3179.6919512370837,1,0,0,5046
89,7,0,0,0,0,0,2,0,1500.0,9.0,0.0,1,31.0,2015.0,0,2015,3,8,10,1,3,5046.0,0.0,4917.285714285715,3179.6919512370837,1,0,0,0
89,1,943,1,0,0,0,2,0,1500.0,9.0,0.0,1,31.0,2015.0,0,2015,3,9,11,1,1,0.0,4822.0,5808.142857142857,3932.907170214394,0,0,0,11058
89,2,642,1,0,0,0,2,0,1500.0,9.0,0.0,1,31.0,2015.0,0,2015,3,10,11,1,5,11058.0,5285.0,5576.428571428572,4015.7745561366205,0,0,0,3663
89,3,593,1,0,0,0,2,0,1500.0,9.0,0.0,1,31.0,2015.0,0,2015,3,11,11,1,6,3663.0,7362.0,5426.428571428572,3957.144840123277,0,0,0,6312
89,4,857,1,1,0,0,2,0,1500.0,9.0,0.0,1,31.0,2015.0,0,2015,3,12,11,1,4,6312.0,2198.0,6025.142857142857,3695.68561201533,0,0,0,6389
89,5,555,1,0,0,0,2,0,1500.0,9.0,0.0,1,31.0,2015.0,0,2015,3,13,11,1,0,6389.0,9708.0,5288.285714285715,3335.677178339539,0,0,0,4550
89,6,989,1,0,0,0,2,0,1500.0,9.0,0.0,1,31.0,2015.0,0,2015,3,14,11,1,2,4550.0,5046.0,5880.857142857143,3640.017601998255,1,0,0,9194
89,7,0,0,0,0,0,2,0,1500.0,9.0,0.0,1,31.0,2015.0,0,2015,3,15,11,1,3,9194.0,0.0,5880.857142857143,3640.017601998255,1,0,0,0
89,1,723,1,0,0,0,2,0,1500.0,9.0,0.0,1,31.0,2015.0,0,2015,3,16,12,1,1,0.0,11058.0,5329.285714285715,2952.3486534331546,0,0,0,7197
89,2,498,1,0,0,1,2,0,1500.0,9.0,0.0,1,31.0,2015.0,0,2015,3,17,12,1,5,7197.0,3663.0,5583.0,2860.1604850077883,0,0,0,5439
89,3,1006,1,1,0,1,2,0,1500.0,9.0,0.0,1,31.0,2015.0,0,2015,3,18,12,1,6,5439.0,6312.0,6265.857142857143,3550.509138540151,0,0,0,11092
89,4,304,1,0,0,0,2,0,1500.0,9.0,0.0,1,31.0,2015.0,0,2015,3,19,12,1,4,11092.0,6389.0,5613.285714285715,3924.226790689077,0,0,0,1821
89,5,1001,1,0,0,0,2,0,1500.0,9.0,0.0,1,31.0,2015.0,0,2015,3,20,12,1,0,1821.0,4550.0,6447.0,4265.755189099969,0,0,0,10386
89,6,1169,1,0,0,0,2,0,1500.0,9.0,0.0,1,31.0,2015.0,0,2015,3,21,12,1,2,10386.0,9194.0,6071.714285714285,4095.984200583366,1,0,0,6567
89,7,0,0,0,0,0,2,0,1500.0,9.0,0.0,1,31.0,2015.0,0,2015,3,22,12,1,3,6567.0,0.0,6071.714285714285,4095.984200583366,1,0,0,0
89,1,492,1,0,0,1,2,0,1500.0,9.0,0.0,1,31.0,2015.0,0,2015,3,23,13,1,1,0.0,7197.0,5689.428571428572,4098.332378628443,0,0,0,4521
89,2,951,1,1,0,0,2,0,1500.0,9.0,0.0,1,31.0,2015.0,0,2015,3,24,13,1,5,4521.0,5439.0,6659.285714285715,4776.397028245092,0,0,0,12228
89,3,693,1,0,0,0,2,0,1500.0,9.0,0.0,1,31.0,2015.0,0,2015,3,25,13,1,6,12228.0,11092.0,5667.142857142857,4409.383986778326,0,0,0,4147
89,4,1137,1,1,0,0,2,0,1500.0,9.0,0.0,1,31.0,2015.0,0,2015,3,26,13,1,4,4147.0,1821.0,6799.0,4272.318808328795,0,0,0,9744
89,5,1090,1,0,0,0,2,0,1500.0,9.0,0.0,1,31.0,2015.0,0,2015,3,27,13,1,0,9744.0,10386.0,7081.0,4601.045750696245,0,0,0,12360
89,6,727,1,0,0,0,2,0,1500.0,9.0,0.0,1,31.0,2015.0,0,2015,3,28,13,1,2,12360.0,6567.0,7376.571428571428,4628.89518341554,1,0,0,8636
89,7,0,0,0,0,0,2,0,1500.0,9.0,0.0,1,31.0,2015.0,0,2015,3,29,13,1,3,8636.0,0.0,7376.571428571428,4628.89518341554,1,0,0,0
89,1,648,1,0,0,0,2,0,1500.0,9.0,0.0,1,31.0,2015.0,0,2015,3,30,14,1,1,0.0,4521.0,7619.142857142857,4496.921555485535,0,0,0,6219
89,2,882,1,0,0,0,2,0,1500.0,9.0,0.0,1,31.0,2015.0,0,2015,3,31,14,1,5,6219.0,12228.0,6958.714285714285,4021.5937020989422,0,0,1,7605
89,3,986,1,1,0,0,2,0,1500.0,9.0,0.0,1,31.0,2015.0,0,2015,4,1,14,2,6,7605.0,4147.0,7724.428571428572,3905.617529368979,0,1,0,9507
89,4,895,1,0,0,0,2,0,1500.0,9.0,0.0,1,31.0,2015.0,0,2015,4,2,14,2,4,9507.0,9744.0,7468.571428571428,3808.727384010865,0,0,0,7953
89,5,645,1,0,0,0,2,0,1500.0,9.0,0.0,1,31.0,2015.0,0,2015,4,3,14,2,0,7953.0,12360.0,6247.285714285715,3317.866016698366,0,0,0,3811
89,6,979,1,0,0,0,2,0,1500.0,9.0,0.0,1,31.0,2015.0,0,2015,4,4,14,2,2,3811.0,8636.0,6170.142857142857,3258.822406359459,1,0,0,8096
89,7,0,0,0,0,0,2,0,1500.0,9.0,0.0,1,31.0,2015.0,0,2015,4,5,14,2,3,8096.0,0.0,6170.142857142857,3258.822406359459,1,0,0,0
89,1,629,1,0,0,0,2,0,1500.0,9.0,0.0,1,31.0,2015.0,0,2015,4,6,15,2,1,0.0,6219.0,6072.714285714285,3267.302083487519,0,0,0,5537
89,2,368,1,0,0,0,2,0,1500.0,9.0,0.0,1,31.0,2015.0,0,2015,4,7,15,2,5,5537.0,7605.0,5306.142857142857,3471.0138014020918,0,0,0,2239
89,3,822,1,1,0,0,2,0,1500.0,9.0,0.0,1,31.0,2015.0,0,2015,4,8,15,2,6,2239.0,9507.0,4713.857142857143,2949.2319016184206,0,0,0,5361
89,4,707,1,1,0,0,2,0,1500.0,9.0,0.0,1,31.0,2015.0,0,2015,4,9,15,2,4,5361.0,7953.0,4264.142857142857,2591.279376972659,0,0,0,4805
89,5,639,1,1,0,1,2,0,1500.0,9.0,0.0,1,31.0,2015.0,0,2015,4,10,15,2,0,4805.0,3811.0,4936.714285714285,3028.211172418776,0,0,0,8519
92,4,887,1,1,0,0,2,1,120.0,3.0,0.0,1,31.0,2009.0,0,2015,1,8,2,1,4,4228.0,5491.0,6042.428571428572,3421.837949462387,0,0,0,6060
92,5,766,1,1,0,0,2,1,120.0,3.0,0.0,1,31.0,2009.0,0,2015,1,9,2,1,0,6060.0,8541.0,5913.142857142857,3327.4979803936485,0,0,0,7636
92,6,686,1,0,0,0,2,1,120.0,3.0,0.0,1,31.0,2009.0,0,2015,1,10,2,1,2,7636.0,8744.0,5308.285714285715,3104.500749679714,1,0,0,4510
92,7,0,0,0,0,1,2,1,120.0,3.0,0.0,1,31.0,2009.0,0,2015,1,11,2,1,3,4510.0,0.0,5308.285714285715,3104.500749679714,1,0,0,0
92,1,645,1,0,0,0,2,1,120.0,3.0,0.0,1,31.0,2009.0,0,2015,1,12,3,1,1,0.0,4771.0,5561.857142857143,3125.7191401111427,0,0,0,6546
92,2,1113,1,0,0,1,2,1,120.0,3.0,0.0,1,31.0,2009.0,0,2015,1,13,3,1,5,6546.0,9953.0,5862.857142857143,3672.6520585071958,0,0,0,12060
92,3,640,1,1,0,0,2,1,120.0,3.0,0.0,1,31.0,2009.0,0,2015,1,14,3,1,6,12060.0,4228.0,6309.0,3630.398187527093,0,0,0,7351
92,4,353,1,1,0,1,2,1,120.0,3.0,0.0,1,31.0,2009.0,0,2015,1,15,3,1,4,7351.0,6060.0,5882.0,3834.603108536788,0,0,0,3071
92,5,445,1,0,0,1,2,1,120.0,3.0,0.0,1,31.0,2009.0,0,2015,1,16,3,1,0,3071.0,7636.0,5488.142857142857,3765.3843287049917,0,0,0,4879
92,6,791,1,0,0,0,2,1,120.0,3.0,0.0,1,31.0,2009.0,0,2015,1,17,3,1,2,4879.0,4510.0,6122.0,3942.571495864089,1,0,0,8947
92,7,0,0,0,0,1,2,1,120.0,3.0,0.0,1,31.0,2009.0,0,2015,1,18,3,1,3,8947.0,0.0,6122.0,3942.571495864089,1,0,0,0
92,1,916,1,0,0,0,2,1,120.0,3.0,0.0,1,31.0,2009.0,0,2015,1,19,4,1,1,0.0,6546.0,6262.142857142857,3977.4361268104785,0,0,0,7527
92,2,733,1,0,0,0,2,1,120.0,3.0,0.0,1,31.0,2009.0,0,2015,1,20,4,1,5,7527.0,12060.0,5474.428571428572,3083.3412535290804,0,0,0,6546
92,3,932,1,1,0,1,2,1,120.0,3.0,0.0,1,31.0,2009.0,0,2015,1,21,4,1,6,6546.0,7351.0,6079.571428571428,3836.6778970502965,0,0,0,11587
92,4,1050,1,1,0,0,2,1,120.0,3.0,0.0,1,31.0,2009.0,0,2015,1,22,4,1,4,11587.0,3071.0,7364.0,4153.517304646749,0,0,0,12062
92,5,543,1,0,0,0,2,1,120.0,3.0,0.0,1,31.0,2009.0,0,2015,1,23,4,1,0,12062.0,4879.0,7577.285714285715,4041.465069100796,0,0,0,6372
92,6,1185,1,0,0,0,2,1,120.0,3.0,0.0,1,31.0,2009.0,0,2015,1,24,4,1,2,6372.0,8947.0,7677.285714285715,4089.3813596633295,1,0,0,9647
92,7,0,0,0,0,0,2,1,120.0,3.0,0.0,1,31.0,2009.0,0,2015,1,25,4,1,3,9647.0,0.0,7677.285714285715,4089.3813596633295,1,0,0,0
92,1,1107,1,0,0,1,2,1,120.0,3.0,0.0,1,31.0,2009.0,0,2015,1,26,5,1,1,0.0,7527.0,7918.857142857143,4128.7802245768835,0,0,0,9218
92,2,1061,1,0,0,0,2,1,120.0,3.0,0.0,1,31.0,2009.0,0,2015,1,27,5,1,5,9218.0,6546.0,8760.714285714286,4394.444360564284,0,0,0,12439
92,3,460,1,0,0,0,2,1,120.0,3.0,0.0,1,31.0,2009.0,0,2015,1,28,5,1,6,12439.0,11587.0,7869.142857142857,4358.419684112251,0,0,0,5346
92,4,351,1,0,0,0,2,1,120.0,3.0,0.0,1,31.0,2009.0,0,2015,1,29,5,1,4,5346.0,12062.0,6631.285714285715,4196.604012543385,0,0,0,3397
92,5,781,1,0,0,1,2,1,120.0,3.0,0.0,1,31.0,2009.0,0,2015,1,30,5,1,0,3397.0,6372.0,6519.142857142857,4215.135087932984,0,0,0,5587
92,6,1022,1,0,0,1,2,1,120.0,3.0,0.0,1,31.0,2009.0,0,2015,1,31,5,1,2,5587.0,9647.0,6147.714285714285,4002.7826035682438,1,0,1,7047
92,7,0,0,0,0,0,2,1,120.0,3.0,0.0,1,31.0,2009.0,0,2015,2,1,5,1,3,7047.0,0.0,6147.714285714285,4002.7826035682438,1,1,0,0
92,1,613,1,0,0,1,2,1,120.0,3.0,0.0,1,31.0,2009.0,0,2015,2,2,6,1,1,0.0,9218.0,5628.285714285715,3766.9250817382294,0,0,0,5582
92,2,933,1,1,0,1,2,1,120.0,3.0,0.0,1,31.0,2009.0,0,2015,2,3,6,1,5,5582.0,12439.0,5304.142857142857,3126.3452266489176,0,0,0,10170
92,3,452,1,0,0,1,2,1,120.0,3.0,0.0,1,31.0,2009.0,0,2015,2,4,6,1,6,10170.0,5346.0,5012.0,3216.043221102602,0,0,0,3301
92,4,311,1,1,0,0,2,1,120.0,3.0,0.0,1,31.0,2009.0,0,2015,2,5,6,1,4,3301.0,3397.0,5188.428571428572,3145.7879170483848,0,0,0,4632
92,5,443,1,0,0,1,2,1,120.0,3.0,0.0,1,31.0,2009.0,0,2015,2,6,6,1,0,4632.0,5587.0,4750.142857142857,3291.3578468757346,0,0,0,2519
92,6,765,1,0,0,0,2,1,120.0,3.0,0.0,1,31.0,2009.0,0,2015,2,7,6,1,2,2519.0,7047.0,4956.428571428572,3498.0661732421454,1,0,0,8491
92,7,0,0,0,0,0,2,1,120.0,3.0,0.0,1,31.0,2009.0,0,2015,2,8,6,1,3,8491.0,0.0,4956.428571428572,3498.0661732421454,1,0,0,0
92,1,715,1,1,0,0,2,1,120.0,3.0,0.0,1,31.0,2009.0,0,2015,2,9,7,1,1,0.0,5582.0,5486.857142857143,3870.4259640066925,0,0,0,9295
92,2,1191,1,0,0,0,2,1,120.0,3.0,0.0,1,31.0,2009.0,0,2015,2,10,7,1,5,9295.0,10170.0,5455.285714285715,3826.5105389586865,0,0,0,9949
92,3,794,1,0,0,0,2,1,120.0,3.0,0.0,1,31.0,2009.0,0,2015,2,11,7,1,6,9949.0,3301.0,5987.571428571428,3734.950684955239,0,0,0,7027
92,4,495,1,0,0,0,2,1,120.0,3.0,0.0,1,31.0,2009.0,0,2015,2,12,7,1,4,7027.0,4632.0,6107.714285714285,3697.4159767007413,0,0,0,5473
92,5,1159,1,0,0,0,2,1,120.0,3.0,0.0,1,31.0,2009.0,0,2015,2,13,7,1,0,5473.0,2519.0,7239.571428571428,3627.780949705703,0,0,0,10442
92,6,582,1,0,0,0,2,1,120.0,3.0,0.0,1,31.0,2009.0,0,2015,2,14,7,1,2,10442.0,8491.0,6646.0,3727.4462213871475,1,0,0,4336
92,7,0,0,0,0,0,2,1,120.0,3.0,0.0,1,31.0,2009.0,0,2015,2,15,7,1,3,4336.0,0.0,6646.0,3727.4462213871475,1,0,0,0
92,1,425,1,0,0,1,2,1,120.0,3.0,0.0,1,31.0,2009.0,0,2015,2,16,8,1,1,0.0,9295.0,5880.0,3642.3208718251776,0,0,0,3933
92,2,953,1,0,0,1,2,1,120.0,3.0,0.0,1,31.0,2009.0,0,2015,2,17,8,1,5,3933.0,9949.0,5305.571428571428,3181.581727021055,0,0,0,5928
92,3,640,1,0,0,0,2,1,120.0,3.0,0.0,1,31.0,2009.0,0,2015,2,18,8,1,6,5928.0,7027.0,4908.571428571428,3103.4027484436515,0,0,0,4248
92,4,862,1,0,0,0,2,1,120.0,3.0,0.0,1,31.0,2009.0,0,2015,2,19,8,1,4,4248.0,5473.0,4839.714285714285,3094.1255476728634,0,0,0,4991
92,5,676,1,1,0,0,2,1,120.0,3.0,0.0,1,31.0,2009.0,0,2015,2,20,8,1,0,4991.0,10442.0,4269.0,2096.005566150368,0,0,0,6447
92,6,1122,1,0,0,0,2,1,120.0,3.0,0.0,1,31.0,2009.0,0,2015,2,21,8,1,2,6447.0,4336.0,5287.571428571428,3437.2794890311548,1,0,0,11466
92,7,0,0,0,0,0,2,1,120.0,3.0,0.0,1,31.0,2009.0,0,2015,2,22,8,1,3,11466.0,0.0,5287.571428571428,3437.2794890311548,1,0,0,0
92,1,306,1,1,0,0,2,1,120.0,3.0,0.0,1,31.0,2009.0,0,2015,2,23,9,1,1,0.0,3933.0,5210.142857142857,3478.7328837078694,0,0,0,3391
92,2,425,1,0,0,1,2,1,120.0,3.0,0.0,1,31.0,2009.0,0,2015,2,24,9,1,5,3391.0,5928.0,4876.857142857143,3510.1117469662513,0,0,0,3595
92,3,393,1,1,0,0,2,1,120.0,3.0,0.0,1,31.0,2009.0,0,2015,2,25,9,1,6,3595.0,4248.0,4898.0,3506.1360498417616,0,0,0,4396
92,4,701,1,0,0,0,2,1,120.0,3.0,0.0,1,31.0,2009.0,0,2015,2,26,9,1,4,4396.0,4991.0,5107.0,3555.8557338564783,0,0,0,6454
92,5,745,1,1,0,0,2,1,120.0,3.0,0.0,1,31.0,2009.0,0,2015,2,27,9,1,0,6454.0,6447.0,4969.142857142857,3513.703005309897,0,0,0,5482
92,6,0,0,0,0,0,2,1,120.0,3.0,0.0,1,31.0,2009.0,0,2015,2,28,9,1,2,5482.0,11466.0,3331.1428571428573,2509.268580587539,1,0,1,0
92,7,0,0,0,0,0,2,1,120.0,3.0,0.0,1,31.0,2009.0,0,2015,3,1,9,1,3,0.0,0.0,3331.1428571428573,2509.268580587539,1,1,0,0
92,1,811,1,0,0,0,2,1,120.0,3.0,0.0,1,31.0,2009.0,0,2015,3,2,10,1,1,0.0,3391.0,4071.714285714286,3199.8412832662857,0,0,0,8575
92,2,1026,1,0,0,0,2,1,120.0,3.0,0.0,1,31.0,2009.0,0,2015,3,3,10,1,5,8575.0,3595.0,4711.142857142857,3519.916023078363,0,0,0,8071
92,3,1145,1,0,0,0,2,1,120.0,3.0,0.0,1,31.0,2009.0,0,2015,3,4,10,1,6,8071.0,4396.0,4984.0,3565.154274361769,0,0,0,6306
92,4,781,1,1,0,0,2,1,120.0,3.0,0.0,1,31.0,2009.0,0,2015,3,5,10,1,4,6306.0,6454.0,5216.571428571428,3726.482427935797,0,0,0,8082
92,5,399,1,1,0,0,2,1,120.0,3.0,0.0,1,31.0,2009.0,0,2015,3,6,10,1,0,8082.0,5482.0,4945.428571428572,3772.7142244076226,0,0,0,3584
92,6,1026,1,0,0,0,2,1,120.0,3.0,0.0,1,31.0,2009.0,0,2015,3,7,10,1,2,3584.0,0.0,6543.0,3696.4989742547823,1,0,0,11183
92,7,0,0,0,0,0,2,1,120.0,3.0,0.0,1,31.0,2009.0,0,2015,3,8,10,1,3,11183.0,0.0,6543.0,3696.4989742547823,1,0,0,0
92,1,884,1,0,0,0,2,1,120.0,3.0,0.0,1,31.0,2009.0,0,2015,3,9,11,1,1,0.0,8575.0,6758.857142857143,3874.7536019972245,0,0,0,10086
92,2,667,1,1,0,1,2,1,120.0,3.0,0.0,1,31.0,2009.0,0,2015,3,10,11,1,5,10086.0,8071.0,6677.571428571428,3848.5188431024053,0,0,0,7502
92,3,678,1,1,0,0,2,1,120.0,3.0,0.0,1,31.0,2009.0,0,2015,3,11,11,1,6,7502.0,6306.0,6761.571428571428,3845.472829927976,0,0,0,6894
92,4,369,1,1,0,0,2,1,120.0,3.0,0.0,1,31.0,2009.0,0,2015,3,12,11,1,4,6894.0,8082.0,6383.857142857143,3823.9508551833055,0,0,0,5438
92,5,752,1,1,0,0,2,1,120.0,3.0,0.0,1,31.0,2009.0,0,2015,3,13,11,1,0,5438.0,3584.0,6718.714285714285,3635.915781674345,0,0,0,5928
92,6,438,1,0,0,0,2,1,120.0,3.0,0.0,1,31.0,2009.0,0,2015,3,14,11,1,2,5928.0,11183.0,5604.714285714285,3209.780195708406,1,0,0,3385
92,7,0,0,0,0,0,2,1,120.0,3.0,0.0,1,31.0,2009.0,0,2015,3,15,11,1,3,3385.0,0.0,5604.714285714285,3209.780195708406,1,0,0,0
92,1,465,1,0,0,0,2,1,120.0,3.0,0.0,1,31.0,2009.0,0,2015,3,16,12,1,1,0.0,10086.0,4529.142857142857,2674.72107135002,0,0,0,2557
92,2,1196,1,0,0,0,2,1,120.0,3.0,0.0,1,31.0,2009.0,0,2015,3,17,12,1,5,2557.0,7502.0,4514.285714285715,2655.676731976596,0,0,0,7398
92,3,942,1,0,0,0,2,1,120.0,3.0,0.0,1,31.0,2009.0,0,2015,3,18,12,1,6,7398.0,6894.0,4821.0,3068.2595500815532,0,0,0,9041
92,4,1097,1,1,0,0,2,1,120.0,3.0,0.0,1,31.0,2009.0,0,2015,3,19,12,1,4,9041.0,5438.0,5651.857142857143,3929.712348614989,0,0,0,11254
92,5,485,1,1,0,0,2,1,120.0,3.0,0.0,1,31.0,2009.0,0,2015,3,20,12,1,0,11254.0,5928.0,5734.857142857143,3942.631330662785,0,0,0,6509
92,6,677,1,0,0,0,2,1,120.0,3.0,0.0,1,31.0,2009.0,0,2015,3,21,12,1,2,6509.0,3385.0,5836.571428571428,3880.600849402183,1,0,0,4097
92,7,0,0,0,0,0,2,1,120.0,3.0,0.0,1,31.0,2009.0,0,2015,3,22,12,1,3,4097.0,0.0,5836.571428571428,3880.600849402183,1,0,0,0
92,1,854,1,0,0,0,2,1,120.0,3.0,0.0,1,31.0,2009.0,0,2015,3,23,13,1,1,0.0,2557.0,6732.142857142857,3717.551498346343,0,0,0,8826
92,2,705,1,0,0,0,2,1,120.0,3.0,0.0,1,31.0,2009.0,0,2015,3,24,13,1,5,8826.0,7398.0,6644.571428571428,3706.4556680267497,0,0,0,6785
92,3,353,1,0,0,0,2,1,120.0,3.0,0.0,1,31.0,2009.0,0,2015,3,25,13,1,6,6785.0,9041.0,5897.571428571428,3669.727730915144,0,0,0,3812
92,4,1078,1,0,0,0,2,1,120.0,3.0,0.0,1,31.0,2009.0,0,2015,3,26,13,1,4,3812.0,11254.0,6025.714285714285,3896.5905487697705,0,0,0,12151
92,5,1027,1,1,0,0,2,1,120.0,3.0,0.0,1,31.0,2009.0,0,2015,3,27,13,1,0,12151.0,6509.0,6538.285714285715,4195.299024475121,0,0,0,10097
92,6,313,1,0,0,0,2,1,120.0,3.0,0.0,1,31.0,2009.0,0,2015,3,28,13,1,2,10097.0,4097.0,6482.0,4235.957113412111,1,0,0,3703
92,7,0,0,0,0,0,2,1,120.0,3.0,0.0,1,31.0,2009.0,0,2015,3,29,13,1,3,3703.0,0.0,6482.0,4235.957113412111,1,0,0,0
92,1,769,1,0,0,0,2,1,120.0,3.0,0.0,1,31.0,2009.0,0,2015,3,30,14,1,1,0.0,8826.0,6433.285714285715,4206.36536352093,0,0,0,8485
92,2,324,1,1,0,0,2,1,120.0,3.0,0.0,1,31.0,2009.0,0,2015,3,31,14,1,5,8485.0,6785.0,5936.714285714285,4360.283504325749,0,0,1,3309
92,3,993,1,1,0,0,2,1,120.0,3.0,0.0,1,31.0,2009.0,0,2015,4,1,14,2,6,3309.0,3812.0,7074.0,4735.7914157333125,0,1,0,11773
92,4,500,1,0,0,1,2,1,120.0,3.0,0.0,1,31.0,2009.0,0,2015,4,2,14,2,4,11773.0,12151.0,5965.857142857143,4230.384711763672,0,0,0,4394
92,5,733,1,1,0,1,2,1,120.0,3.0,0.0,1,31.0,2009.0,0,2015,4,3,14,2,0,4394.0,10097.0,5694.857142857143,3974.6675931693294,0,0,0,8200
92,6,744,1,0,0,0,2,1,120.0,3.0,0.0,1,31.0,2009.0,0,2015,4,4,14,2,2,8200.0,3703.0,5777.714285714285,3932.0411033069367,1,0,0,4283
92,7,0,0,0,0,0,2,1,120.0,3.0,0.0,1,31.0,2009.0,0,2015,4,5,14,2,3,4283.0,0.0,5777.714285714285,3932.0411033069367,1,0,0,0
92,1,855,1,1,0,1,2,1,120.0,3.0,0.0,1,31.0,2009.0,0,2015,4,6,15,2,1,0.0,8485.0,6050.285714285715,4207.475161910672,0,0,0,10393
92,2,604,1,1,0,0,2,1,120.0,3.0,0.0,1,31.0,2009.0,0,2015,4,7,15,2,5,10393.0,3309.0,6775.571428571428,4092.182011964719,0,0,0,8386
92,3,844,1,0,0,0,2,1,120.0,3.0,0.0,1,31.0,2009.0,0,2015,4,8,15,2,6,8386.0,11773.0,6013.857142857143,3453.3053455383592,0,0,0,6441
92,4,457,1,1,0,0,2,1,120.0,3.0,0.0,1,31.0,2009.0,0,2015,4,9,15,2,4,6441.0,4394.0,6147.0,3397.9657640025343,0,0,0,5326
92,5,530,1,0,0,0,2,1,120.0,3.0,0.0,1,31.0,2009.0,0,2015,4,10,15,2,0,5326.0,8200.0,5587.285714285715,3325.3441783914486,0,0,0,4282
95,4,424,1,1,0,0,0,1,500.0,11.0,2005.0,1,31.0,2009.0,0,2015,1,8,2,1,4,9082.0,11306.0,6147.142857142857,3783.830529528308,0,0,0,3816
95,5,883,1,0,0,0,0,1,500.0,11.0,2005.0,1,31.0,2009.0,0,2015,1,9,2,1,0,3816.0,5534.0,6117.857142857143,3790.155028868495,0,0,0,5329
95,6,930,1,0,0,0,0,1,500.0,11.0,2005.0,1,31.0,2009.0,0,2015,1,10,2,1,2,5329.0,10843.0,6122.571428571428,3797.0261107496067,1,0,0,10876
95,7,0,0,0,0,0,0,1,500.0,11.0,2005.0,1,31.0,2009.0,0,2015,1,11,2,1,3,10876.0,0.0,6122.571428571428,3797.0261107496067,1,0,0,0
95,1,1129,1,1,0,0,0,1,500.0,11.0,2005.0,1,31.0,2009.0,0,2015,1,12,3,1,1,0.0,9177.0,6236.428571428572,3914.027501910824,0,0,0,9974
95,2,1093,1,0,0,0,0,1,500.0,11.0,2005.0,1,31.0,2009.0,0,2015,1,13,3,1,5,9974.0,4578.0,6942.0,4009.252091516987,0,0,0,9517
95,3,1172,1,1,0,0,0,1,500.0,11.0,2005.0,1,31.0,2009.0,0,2015,1,14,3,1,6,9517.0,9082.0,6871.857142857143,3969.6720027634283,0,0,0,8591
95,4,680,1,0,0,0,0,1,500.0,11.0,2005.0,1,31.0,2009.0,0,2015,1,15,3,1,4,8591.0,3816.0,7222.0,3757.640305652826,0,0,0,6267
95,5,1139,1,1,0,0,0,1,500.0,11.0,2005.0,1,31.0,2009.0,0,2015,1,16,3,1,0,6267.0,5329.0,8180.571428571428,4039.537715182389,0,0,0,12039
95,6,765,1,0,0,0,0,1,500.0,11.0,2005.0,1,31.0,2009.0,0,2015,1,17,3,1,2,12039.0,10876.0,7496.571428571428,3910.3648106514247,1,0,0,6088
95,7,0,0,0,0,1,0,1,500.0,11.0,2005.0,1,31.0,2009.0,0,2015,1,18,3,1,3,6088.0,0.0,7496.571428571428,3910.3648106514247,1,0,0,0
95,1,871,1,1,0,0,0,1,500.0,11.0,2005.0,1,31.0,2009.0,0,2015,1,19,4,1,1,0.0,9974.0,7457.428571428572,3882.706051932632,0,0,0,9700
95,2,566,1,1,0,1,0,1,500.0,11.0,2005.0,1,31.0,2009.0,0,2015,1,20,4,1,5,9700.0,9517.0,6895.571428571428,3819.0433731124713,0,0,0,5584
95,3,1142,1,1,0,0,0,1,500.0,11.0,2005.0,1,31.0,2009.0,0,2015,1,21,4,1,6,5584.0,8591.0,7670.857142857143,4675.424915754412,0,0,0,14018
95,4,1144,1,0,0,0,0,1,500.0,11.0,2005.0,1,31.0,2009.0,0,2015,1,22,4,1,4,14018.0,6267.0,8172.857142857143,4688.202371505573,0,0,0,9781
95,5,466,1,0,0,1,0,1,500.0,11.0,2005.0,1,31.0,2009.0,0,2015,1,23,4,1,0,9781.0,12039.0,7176.857142857143,4465.24775081859,0,0,0,5067
95,6,444,1,0,0,0,0,1,500.0,11.0,2005.0,1,31.0,2009.0,0,2015,1,24,4,1,2,5067.0,6088.0,6967.142857142857,4558.4111423671675,1,0,0,4620
95,7,0,0,0,0,0,0,1,500.0,11.0,2005.0,1,31.0,2009.0,0,2015,1,25,4,1,3,4620.0,0.0,6967.142857142857,4558.4111423671675,1,0,0,0
95,1,892,1,0,0,0,0,1,500.0,11.0,2005.0,1,31.0,2009.0,0,2015,1,26,5,1,1,0.0,9700.0,7109.428571428572,4672.0592125650855,0,0,0,10696
95,2,1100,1,0,0,0,0,1,500.0,11.0,2005.0,1,31.0,2009.0,0,2015,1,27,5,1,5,10696.0,5584.0,8142.714285714285,5062.023762432233,0,0,0,12817
95,3,1173,1,1,0,0,0,1,500.0,11.0,2005.0,1,31.0,2009.0,0,2015,1,28,5,1,6,12817.0,14018.0,7664.428571428572,4546.269491100839,0,0,0,10670
95,4,451,1,0,0,0,0,1,500.0,11.0,2005.0,1,31.0,2009.0,0,2015,1,29,5,1,4,10670.0,9781.0,6952.428571428572,4549.817976474182,0,0,0,4797
95,5,683,1,0,0,1,0,1,500.0,11.0,2005.0,1,31.0,2009.0,0,2015,1,30,5,1,0,4797.0,5067.0,6798.285714285715,4641.690378669022,0,0,0,3988
95,6,857,1,0,0,0,0,1,500.0,11.0,2005.0,1,31.0,2009.0,0,2015,1,31,5,1,2,3988.0,4620.0,7383.857142857143,4579.222911825814,1,0,1,8719
95,7,0,0,0,0,0,0,1,500.0,11.0,2005.0,1,31.0,2009.0,0,2015,2,1,5,1,3,8719.0,0.0,7383.857142857143,4579.222911825814,1,1,0,0
95,1,1086,1,0,0,1,0,1,500.0,11.0,2005.0,1,31.0,2009.0,0,2015,2,2,6,1,1,0.0,10696.0,7104.571428571428,4399.644639329516,0,0,0,8741
95,2,682,1,0,0,0,0,1,500.0,11.0,2005.0,1,31.0,2009.0,0,2015,2,3,6,1,5,8741.0,12817.0,5938.142857142857,3651.497748804427,0,0,0,4652
95,3,771,1,1,0,0,0,1,500.0,11.0,2005.0,1,31.0,2009.0,0,2015,2,4,6,1,6,4652.0,10670.0,5225.142857142857,3003.2958245107643,0,0,0,5679
95,4,301,1,1,0,0,0,1,500.0,11.0,2005.0,1,31.0,2009.0,0,2015,2,5,6,1,4,5679.0,4797.0,5137.857142857143,3026.6013628365054,0,0,0,4186
95,5,731,1,0,0,0,0,1,500.0,11.0,2005.0,1,31.0,2009.0,0,2015,2,6,6,1,0,4186.0,3988.0,5374.0,2986.1494715882277,0,0,0,5641
95,6,1038,1,0,0,0,0,1,500.0,11.0,2005.0,1,31.0,2009.0,0,2015,2,7,6,1,2,5641.0,8719.0,4981.285714285715,2632.778995300445,1,0,0,5970
95,7,0,0,0,0,1,0,1,500.0,11.0,2005.0,1,31.0,2009.0,0,2015,2,8,6,1,3,5970.0,0.0,4981.285714285715,2632.778995300445,1,0,0,0
95,1,531,1,1,0,0,0,1,500.0,11.0,2005.0,1,31.0,2009.0,0,2015,2,9,7,1,1,0.0,8741.0,4716.714285714285,2258.4318832828562,0,0,0,6889
95,2,400,1,1,0,1,0,1,500.0,11.0,2005.0,1,31.0,2009.0,0,2015,2,10,7,1,5,6889.0,4652.0,4703.285714285715,2259.1601473619676,0,0,0,4558
95,3,660,1,1,0,0,0,1,500.0,11.0,2005.0,1,31.0,2009.0,0,2015,2,11,7,1,6,4558.0,5679.0,4590.0,2221.6494622989712,0,0,0,4886
95,4,667,1,0,0,1,0,1,500.0,11.0,2005.0,1,31.0,2009.0,0,2015,2,12,7,1,4,4886.0,4186.0,5071.857142857143,2471.194004833249,0,0,0,7559
95,5,322,1,0,0,1,0,1,500.0,11.0,2005.0,1,31.0,2009.0,0,2015,2,13,7,1,0,7559.0,5641.0,4716.0,2553.55862800654,0,0,0,3150
95,6,991,1,0,0,1,0,1,500.0,11.0,2005.0,1,31.0,2009.0,0,2015,2,14,7,1,2,3150.0,5970.0,4764.428571428572,2584.3337540613693,1,0,0,6309
95,7,0,0,0,0,1,0,1,500.0,11.0,2005.0,1,31.0,2009.0,0,2015,2,15,7,1,3,6309.0,0.0,4764.428571428572,2584.3337540613693,1,0,0,0
95,1,455,1,0,0,0,0,1,500.0,11.0,2005.0,1,31.0,2009.0,0,2015,2,16,8,1,1,0.0,6889.0,4326.571428571428,2418.7205885993235,0,0,0,3824
95,2,645,1,0,0,0,0,1,500.0,11.0,2005.0,1,31.0,2009.0,0,2015,2,17,8,1,5,3824.0,4558.0,4341.285714285715,2420.675643581466,0,0,0,4661
95,3,1042,1,0,0,0,0,1,500.0,11.0,2005.0,1,31.0,2009.0,0,2015,2,18,8,1,6,4661.0,4886.0,5098.142857142857,3291.1191322796453,0,0,0,10184
95,4,1034,1,1,0,0,0,1,500.0,11.0,2005.0,1,31.0,2009.0,0,2015,2,19,8,1,4,10184.0,7559.0,5552.428571428572,3858.0568017739547,0,0,0,10739
95,5,0,0,1,0,0,0,1,500.0,11.0,2005.0,1,31.0,2009.0,0,2015,2,20,8,1,0,10739.0,3150.0,5102.428571428572,4338.738559272069,0,0,0,0
95,6,993,1,0,0,0,0,1,500.0,11.0,2005.0,1,31.0,2009.0,0,2015,2,21,8,1,2,0.0,6309.0,5345.571428571428,4463.519868786024,1,0,0,8011
95,7,0,0,0,0,0,0,1,500.0,11.0,2005.0,1,31.0,2009.0,0,2015,2,22,8,1,3,8011.0,0.0,5345.571428571428,4463.519868786025,1,0,0,0
95,1,304,1,0,0,0,0,1,500.0,11.0,2005.0,1,31.0,2009.0,0,2015,2,23,9,1,1,0.0,3824.0,5187.857142857143,4545.004342813158,0,0,0,2720
95,2,1190,1,0,0,0,0,1,500.0,11.0,2005.0,1,31.0,2009.0,0,2015,2,24,9,1,5,2720.0,4661.0,6014.285714285715,4941.861751549568,0,0,0,10446
95,3,1039,1,0,0,1,0,1,500.0,11.0,2005.0,1,31.0,2009.0,0,2015,2,25,9,1,6,10446.0,10184.0,5900.428571428572,4837.870153181833,0,0,0,9387
95,4,956,1,0,0,0,0,1,500.0,11.0,2005.0,1,31.0,2009.0,0,2015,2,26,9,1,4,9387.0,10739.0,5189.0,4349.238247478898,0,0,0,5759
95,5,977,1,0,0,1,0,1,500.0,11.0,2005.0,1,31.0,2009.0,0,2015,2,27,9,1,0,5759.0,0.0,6727.428571428572,4105.6583254959605,0,0,0,10769
95,6,510,1,0,0,0,0,1,500.0,11.0,2005.0,1,31.0,2009.0,0,2015,2,28,9,1,2,10769.0,8011.0,6182.142857142857,4159.886433889409,1,0,1,4194
95,7,0,0,0,0,0,0,1,500.0,11.0,2005.0,1,31.0,2009.0,0,2015,3,1,9,1,3,4194.0,0.0,6182.142857142857,4159.886433889409,1,1,0,0
95,1,1164,1,1,0,0,0,1,500.0,11.0,2005.0,1,31.0,2009.0,0,2015,3,2,10,1,1,0.0,2720.0,7594.571428571428,4456.373819491318,0,0,0,12607
95,2,514,1,1,0,1,0,1,500.0,11.0,2005.0,1,31.0,2009.0,0,2015,3,3,10,1,5,12607.0,10446.0,6684.428571428572,4427.448921487515,0,0,0,4075
95,3,846,1,1,0,0,0,1,500.0,11.0,2005.0,1,31.0,2009.0,0,2015,3,4,10,1,6,4075.0,9387.0,6824.285714285715,4541.053097916303,0,0,0,10366
95,4,396,1,0,0,1,0,1,500.0,11.0,2005.0,1,31.0,2009.0,0,2015,3,5,10,1,4,10366.0,5759.0,6532.142857142857,4684.524003872448,0,0,0,3714
95,5,417,1,1,0,0,0,1,500.0,11.0,2005.0,1,31.0,2009.0,0,2015,3,6,10,1,0,3714.0,10769.0,5697.428571428572,4309.29405885863,0,0,0,4926
95,6,370,1,0,0,1,0,1,500.0,11.0,2005.0,1,31.0,2009.0,0,2015,3,7,10,1,2,4926.0,4194.0,5574.857142857143,4370.945223044683,1,0,0,3336
95,7,0,0,0,0,0,0,1,500.0,11.0,2005.0,1,31.0,2009.0,0,2015,3,8,10,1,3,3336.0,0.0,5574.857142857143,4370.945223044683,1,0,0,0
95,1,1106,1,0,0,1,0,1,500.0,11.0,2005.0,1,31.0,2009.0,0,2015,3,9,11,1,1,0.0,12607.0,5517.857142857143,4265.281953500511,0,0,0,12208
95,2,599,1,0,0,0,0,1,500.0,11.0,2005.0,1,31.0,2009.0,0,2015,3,10,11,1,5,12208.0,4075.0,5562.142857142857,4249.383893718062,0,0,0,4385
95,3,919,1,1,0,0,0,1,500.0,11.0,2005.0,1,31.0,2009.0,0,2015,3,11,11,1,6,4385.0,10366.0,5499.285714285715,4168.975282340002,0,0,0,9926
95,4,695,1,1,0,0,0,1,500.0,11.0,2005.0,1,31.0,2009.0,0,2015,3,12,11,1,4,9926.0,3714.0,5728.428571428572,4097.971118213778,0,0,0,5318
95,5,0,0,0,0,0,0,1,500.0,11.0,2005.0,1,31.0,2009.0,0,2015,3,13,11,1,0,5318.0,4926.0,5024.714285714285,4645.153557357234,0,0,0,0
95,6,588,1,0,0,0,0,1,500.0,11.0,2005.0,1,31.0,2009.0,0,2015,3,14,11,1,2,0.0,3336.0,5512.285714285715,4617.395251087121,1,0,0,6749
95,7,0,0,0,0,0,0,1,500.0,11.0,2005.0,1,31.0,2009.0,0,2015,3,15,11,1,3,6749.0,0.0,5512.285714285715,4617.395251087121,1,0,0,0
95,1,1178,1,0,0,0,0,1,500.0,11.0,2005.0,1,31.0,2009.0,0,2015,3,16,12,1,1,0.0,12208.0,5457.571428571428,4526.198730986184,0,0,0,11825
95,2,538,1,1,0,0,0,1,500.0,11.0,2005.0,1,31.0,2009.0,0,2015,3,17,12,1,5,11825.0,4385.0,5600.285714285715,4502.43048120626,0,0,0,5384
95,3,717,1,0,0,1,0,1,500.0,11.0,2005.0,1,31.0,2009.0,0,2015,3,18,12,1,6,5384.0,9926.0,4768.142857142857,4089.0117562630135,0,0,0,4101
95,4,829,1,0,0,0,0,1,500.0,11.0,2005.0,1,31.0,2009.0,0,2015,3,19,12,1,4,4101.0,5318.0,4708.142857142857,4082.6752433737774,0,0,0,4898
95,5,713,1,0,0,0,0,1,500.0,11.0,2005.0,1,31.0,2009.0,0,2015,3,20,12,1,0,4898.0,0.0,5428.0,3519.5861499140296,0,0,0,5039
95,6,353,1,0,0,0,0,1,500.0,11.0,2005.0,1,31.0,2009.0,0,2015,3,21,12,1,2,5039.0,6749.0,4931.714285714285,3547.0925048686327,1,0,0,3275
95,7,0,0,0,0,0,0,1,500.0,11.0,2005.0,1,31.0,2009.0,0,2015,3,22,12,1,3,3275.0,0.0,4931.714285714285,3547.0925048686327,1,0,0,0
95,1,648,1,0,0,0,0,1,500.0,11.0,2005.0,1,31.0,2009.0,0,2015,3,23,13,1,1,0.0,11825.0,4337.714285714285,2344.701097815077,0,0,0,7667
95,2,1150,1,0,0,0,0,1,500.0,11.0,2005.0,1,31.0,2009.0,0,2015,3,24,13,1,5,7667.0,5384.0,5261.857142857143,3705.6772853092775,0,0,0,11853
95,3,907,1,0,0,0,0,1,500.0,11.0,2005.0,1,31.0,2009.0,0,2015,3,25,13,1,6,11853.0,4101.0,5629.285714285715,3698.895633126447,0,0,0,6673
95,4,999,1,0,0,0,0,1,500.0,11.0,2005.0,1,31.0,2009.0,0,2015,3,26,13,1,4,6673.0,4898.0,6280.0,3941.5094824191406,0,0,0,9453
95,5,312,1,0,0,0,0,1,500.0,11.0,2005.0,1,31.0,2009.0,0,2015,3,27,13,1,0,9453.0,5039.0,6068.0,4057.583804844126,0,0,0,3555
95,6,477,1,0,0,0,0,1,500.0,11.0,2005.0,1,31.0,2009.0,0,2015,3,28,13,1,2,3555.0,3275.0,6009.714285714285,4107.0201977543165,1,0,0,2867
95,7,0,0,0,0,0,0,1,500.0,11.0,2005.0,1,31.0,2009.0,0,2015,3,29,13,1,3,2867.0,0.0,6009.714285714285,4107.0201977543165,1,0,0,0
95,1,645,1,0,0,0,0,1,500.0,11.0,2005.0,1,31.0,2009.0,0,2015,3,30,14,1,1,0.0,7667.0,5445.285714285715,4112.7882154035,0,0,0,3716
95,2,1071,1,0,0,0,0,1,500.0,11.0,2005.0,1,31.0,2009.0,0,2015,3,31,14,1,5,3716.0,11853.0,5316.142857142857,3885.989467671926,0,0,1,10949
95,3,654,1,0,0,0,0,1,500.0,11.0,2005.0,1,31.0,2009.0,0,2015,4,1,14,2,6,10949.0,6673.0,5006.857142857143,3845.948406161624,0,1,0,4508
95,4,999,1,1,0,1,0,1,500.0,11.0,2005.0,1,31.0,2009.0,0,2015,4,2,14,2,4,4508.0,9453.0,5267.142857142857,4238.6142164852035,0,0,0,11275
95,5,0,0,0,0,1,0,1,500.0,11.0,2005.0,1,31.0,2009.0,0,2015,4,3,14,2,0,11275.0,3555.0,4759.285714285715,4669.065420912615,0,0,0,0
95,6,1105,1,0,0,0,0,1,500.0,11.0,2005.0,1,31.0,2009.0,0,2015,4,4,14,2,2,0.0,2867.0,5328.142857142857,4642.592717744809,1,0,0,6849
95,7,0,0,0,0,0,0,1,500.0,11.0,2005.0,1,31.0,2009.0,0,2015,4,5,14,2,3,6849.0,0.0,5328.142857142857,4642.592717744809,1,0,0,0
95,1,566,1,0,0,0,0,1,500.0,11.0,2005.0,1,31.0,2009.0,0,2015,4,6,15,2,1,0.0,3716.0,5326.571428571428,4643.231161491706,0,0,0,3705
95,2,969,1,0,0,0,0,1,500.0,11.0,2005.0,1,31.0,2009.0,0,2015,4,7,15,2,5,3705.0,10949.0,4542.857142857143,3946.83474143401,0,0,0,5463
95,3,1120,1,1,0,0,0,1,500.0,11.0,2005.0,1,31.0,2009.0,0,2015,4,8,15,2,6,5463.0,4508.0,4916.285714285715,4064.8830944356278,0,0,0,7122
95,4,1187,1,0,0,0,0,1,500.0,11.0,2005.0,1,31.0,2009.0,0,2015,4,9,15,2,4,7122.0,11275.0,4687.285714285715,3673.2395200188844,0,0,0,9672
95,5,689,1,0,0,1,0,1,500.0,11.0,2005.0,1,31.0,2009.0,0,2015,4,10,15,2,0,9672.0,0.0,5440.0,3037.4831686776465,0,0,0,5269
96,4,973,1,0,0,0,2,1,500.0,7.0,2005.0,1,10.0,2009.0,0,2015,1,8,2,1,4,8334.0,4198.0,5281.857142857143,3579.490207118486,0,0,0,11152
96,5,306,1,1,0,0,2,1,500.0,7.0,2005.0,1,10.0,2009.0,0,2015,1,9,2,1,0,11152.0,4546.0,5265.714285714285,3583.6143167797195,0,0,0,4433
96,6,418,1,0,0,0,2,1,500.0,7.0,2005.0,1,10.0,2009.0,0,2015,1,10,2,1,2,4433.0,5422.0,4920.0,3681.4195178852774,1,0,0,3002
96,7,0,0,0,0,1,2,1,500.0,7.0,2005.0,1,10.0,2009.0,0,2015,1,11,2,1,3,3002.0,0.0,4920.0,3681.4195178852774,1,0,0,0
96,1,498,1,0,0,0,2,1,500.0,7.0,2005.0,1,10.0,2009.0,0,2015,1,12,3,1,1,0.0,3696.0,4872.285714285715,3702.0343377790596,0,0,0,3362
96,2,0,0,0,0,0,2,1,500.0,7.0,2005.0,1,10.0,2009.0,0,2015,1,13,3,1,5,3362.0,3823.0,4326.142857142857,4138.852756846653,0,0,0,0
96,3,1169,1,0,0,0,2,1,500.0,7.0,2005.0,1,10.0,2009.0,0,2015,1,14,3,1,6,0.0,8334.0,4495.142857142857,4348.615964824189,0,0,0,9517
96,4,734,1,0,0,0,2,1,500.0,7.0,2005.0,1,10.0,2009.0,0,2015,1,15,3,1,4,9517.0,11152.0,3758.1428571428573,3356.347490381543,0,0,0,5993
96,5,861,1,1,0,0,2,1,500.0,7.0,2005.0,1,10.0,2009.0,0,2015,1,16,3,1,0,5993.0,4433.0,4226.857142857143,3679.808257168275,0,0,0,7714
96,6,793,1,0,0,0,2,1,500.0,7.0,2005.0,1,10.0,2009.0,0,2015,1,17,3,1,2,7714.0,3002.0,4993.285714285715,3932.2290419169694,1,0,0,8367
96,7,0,0,0,0,0,2,1,500.0,7.0,2005.0,1,10.0,2009.0,0,2015,1,18,3,1,3,8367.0,0.0,4993.285714285715,3932.2290419169694,1,0,0,0
96,1,545,1,0,0,0,2,1,500.0,7.0,2005.0,1,10.0,2009.0,0,2015,1,19,4,1,1,0.0,3362.0,5282.285714285715,3866.140440382619,0,0,0,5385
96,2,367,1,1,0,0,2,1,500.0,7.0,2005.0,1,10.0,2009.0,0,2015,1,20,4,1,5,5385.0,0.0,6027.428571428572,3106.3761768950267,0,0,0,5216
96,3,477,1,1,0,0,2,1,500.0,7.0,2005.0,1,10.0,2009.0,0,2015,1,21,4,1,6,5216.0,9517.0,5513.714285714285,2704.45125144244,0,0,0,5921
96,4,989,1,0,0,0,2,1,500.0,7.0,2005.0,1,10.0,2009.0,0,2015,1,22,4,1,4,5921.0,5993.0,5911.428571428572,2977.594714818371,0,0,0,8777
96,5,999,1,0,0,0,2,1,500.0,7.0,2005.0,1,10.0,2009.0,0,2015,1,23,4,1,0,8777.0,7714.0,5995.142857142857,3044.2124010747266,0,0,0,8300
96,6,570,1,0,0,0,2,1,500.0,7.0,2005.0,1,10.0,2009.0,0,2015,1,24,4,1,2,8300.0,8367.0,5265.285714285715,2992.7907663965716,1,0,0,3258
96,7,0,0,0,0,0,2,1,500.0,7.0,2005.0,1,10.0,2009.0,0,2015,1,25,4,1,3,3258.0,0.0,5265.285714285715,2992.7907663965716,1,0,0,0
96,1,1127,1,0,0,0,2,1,500.0,7.0,2005.0,1,10.0,2009.0,0,2015,1,26,5,1,1,0.0,5385.0,6040.285714285715,3657.5476626780837,0,0,0,10810
96,2,1019,1,0,0,0,2,1,500.0,7.0,2005.0,1,10.0,2009.0,0,2015,1,27,5,1,5,10810.0,5216.0,6097.0,3645.694721174554,0,0,0,5613
96,3,1168,1,0,0,0,2,1,500.0,7.0,2005.0,1,10.0,2009.0,0,2015,1,28,5,1,6,5613.0,5921.0,7105.142857142857,4471.190386931705,0,0,0,12978
96,4,376,1,1,0,0,2,1,500.0,7.0,2005.0,1,10.0,2009.0,0,2015,1,29,5,1,4,12978.0,8777.0,6656.0,4433.0060154858065,0,0,0,5633
96,5,675,1,1,0,0,2,1,500.0,7.0,2005.0,1,10.0,2009.0,0,2015,1,30,5,1,0,5633.0,8300.0,6161.428571428572,4412.093904151138,0,0,0,4838
96,6,1076,1,0,0,1,2,1,500.0,7.0,2005.0,1,10.0,2009.0,0,2015,1,31,5,1,2,4838.0,3258.0,7435.571428571428,4711.555965819321,1,0,1,12177
96,7,0,0,0,0,1,2,1,500.0,7.0,2005.0,1,10.0,2009.0,0,2015,2,1,5,1,3,12177.0,0.0,7435.571428571428,4711.555965819321,1,1,0,0
96,1,488,1,0,0,0,2,1,500.0,7.0,2005.0,1,10.0,2009.0,0,2015,2,2,6,1,1,0.0,10810.0,6403.285714285715,4640.0627766689295,0,0,0,3584
96,2,900,1,0,0,0,2,1,500.0,7.0,2005.0,1,10.0,2009.0,0,2015,2,3,6,1,5,3584.0,5613.0,7053.571428571428,4826.091201553727,0,0,0,10165
96,3,353,1,1,0,0,2,1,500.0,7.0,2005.0,1,10.0,2009.0,0,2015,2,4,6,1,6,10165.0,12978.0,5858.428571428572,4094.931617546373,0,0,0,4612
96,4,936,1,0,0,0,2,1,500.0,7.0,2005.0,1,10.0,2009.0,0,2015,2,5,6,1,4,4612.0,5633.0,6545.714285714285,4439.986963730326,0,0,0,10444
96,5,513,1,1,0,0,2,1,500.0,7.0,2005.0,1,10.0,2009.0,0,2015,2,6,6,1,0,10444.0,4838.0,6594.0,4420.113384669373,0,0,0,5176
96,6,767,1,0,0,1,2,1,500.0,7.0,2005.0,1,10.0,2009.0,0,2015,2,7,6,1,2,5176.0,12177.0,5461.428571428572,3709.7736614310606,1,0,0,4249
96,7,0,0,0,0,0,2,1,500.0,7.0,2005.0,1,10.0,2009.0,0,2015,2,8,6,1,3,4249.0,0.0,5461.428571428572,3709.7736614310606,1,0,0,0
96,1,1158,1,0,0,1,2,1,500.0,7.0,2005.0,1,10.0,2009.0,0,2015,2,9,7,1,1,0.0,3584.0,6904.714285714285,4692.69459601076,0,0,0,13687
96,2,895,1,0,0,0,2,1,500.0,7.0,2005.0,1,10.0,2009.0,0,2015,2,10,7,1,5,13687.0,10165.0,6459.142857142857,4474.54014130955,0,0,0,7046
96,3,995,1,1,0,1,2,1,500.0,7.0,2005.0,1,10.0,2009.0,0,2015,2,11,7,1,6,7046.0,4612.0,7608.0,4930.420299866265,0,0,0,12654
96,4,565,1,0,0,1,2,1,500.0,7.0,2005.0,1,10.0,2009.0,0,2015,2,12,7,1,4,12654.0,10444.0,7005.571428571428,4781.5285163199605,0,0,0,6227
96,5,782,1,0,0,0,2,1,500.0,7.0,2005.0,1,10.0,2009.0,0,2015,2,13,7,1,0,6227.0,5176.0,7507.857142857143,4741.813346128654,0,0,0,8692
96,6,904,1,0,0,0,2,1,500.0,7.0,2005.0,1,10.0,2009.0,0,2015,2,14,7,1,2,8692.0,4249.0,8054.571428571428,4518.833251225473,1,0,0,8076
96,7,0,0,0,0,0,2,1,500.0,7.0,2005.0,1,10.0,2009.0,0,2015,2,15,7,1,3,8076.0,0.0,8054.571428571428,4518.833251225473,1,0,0,0
96,1,888,1,1,0,0,2,1,500.0,7.0,2005.0,1,10.0,2009.0,0,2015,2,16,8,1,1,0.0,13687.0,7430.857142857143,3865.996569604077,0,0,0,9321
96,2,925,1,1,0,0,2,1,500.0,7.0,2005.0,1,10.0,2009.0,0,2015,2,17,8,1,5,9321.0,7046.0,7699.857142857143,3900.1146747487433,0,0,0,8929
96,3,1056,1,0,0,0,2,1,500.0,7.0,2005.0,1,10.0,2009.0,0,2015,2,18,8,1,6,8929.0,12654.0,7109.857142857143,3290.500135671956,0,0,0,8524
96,4,432,1,1,0,0,2,1,500.0,7.0,2005.0,1,10.0,2009.0,0,2015,2,19,8,1,4,8524.0,6227.0,7129.714285714285,3284.6987032951115,0,0,0,6366
96,5,618,1,0,0,0,2,1,500.0,7.0,2005.0,1,10.0,2009.0,0,2015,2,20,8,1,0,6366.0,8692.0,6882.571428571428,3211.8350859045727,0,0,0,6962
96,6,545,1,0,0,0,2,1,500.0,7.0,2005.0,1,10.0,2009.0,0,2015,2,21,8,1,2,6962.0,8076.0,6558.142857142857,3185.7866338144004,1,0,0,5805
96,7,0,0,0,0,0,2,1,500.0,7.0,2005.0,1,10.0,2009.0,0,2015,2,22,8,1,3,5805.0,0.0,6558.142857142857,3185.7866338144004,1,0,0,0
96,1,434,1,1,0,0,2,1,500.0,7.0,2005.0,1,10.0,2009.0,0,2015,2,23,9,1,1,0.0,9321.0,5816.857142857143,3035.942381346713,0,0,0,4132
96,2,1037,1,1,0,0,2,1,500.0,7.0,2005.0,1,10.0,2009.0,0,2015,2,24,9,1,5,4132.0,8929.0,5566.428571428572,2799.5390011656605,0,0,0,7176
96,3,1052,1,0,0,0,2,1,500.0,7.0,2005.0,1,10.0,2009.0,0,2015,2,25,9,1,6,7176.0,8524.0,6118.285714285715,3711.8201606168786,0,0,0,12387
96,4,1082,1,0,0,0,2,1,500.0,7.0,2005.0,1,10.0,2009.0,0,2015,2,26,9,1,4,12387.0,6366.0,6898.857142857143,4300.444334739201,0,0,0,11830
96,5,444,1,0,0,0,2,1,500.0,7.0,2005.0,1,10.0,2009.0,0,2015,2,27,9,1,0,11830.0,6962.0,6438.428571428572,4462.056284462837,0,0,0,3739
96,6,1105,1,0,0,0,2,1,500.0,7.0,2005.0,1,10.0,2009.0,0,2015,2,28,9,1,2,3739.0,5805.0,7466.0,5077.648766899893,1,0,1,12998
96,7,0,0,0,0,0,2,1,500.0,7.0,2005.0,1,10.0,2009.0,0,2015,3,1,9,1,3,12998.0,0.0,7466.0,5077.648766899893,1,1,0,0
96,1,486,1,0,0,0,2,1,500.0,7.0,2005.0,1,10.0,2009.0,0,2015,3,2,10,1,1,0.0,4132.0,7415.571428571428,5117.872502552303,0,0,0,3779
96,2,679,1,1,0,0,2,1,500.0,7.0,2005.0,1,10.0,2009.0,0,2015,3,3,10,1,5,3779.0,7176.0,7040.428571428572,5233.301916799848,0,0,0,4550
96,3,783,1,0,0,1,2,1,500.0,7.0,2005.0,1,10.0,2009.0,0,2015,3,4,10,1,6,4550.0,12387.0,6435.142857142857,4732.959272610582,0,0,0,8150
96,4,1111,1,1,0,1,2,1,500.0,7.0,2005.0,1,10.0,2009.0,0,2015,3,5,10,1,4,8150.0,11830.0,6066.142857142857,4325.396915450707,0,0,0,9247
96,5,377,1,0,0,1,2,1,500.0,7.0,2005.0,1,10.0,2009.0,0,2015,3,6,10,1,0,9247.0,3739.0,6170.714285714285,4268.22936412301,0,0,0,4471
96,6,520,1,0,0,0,2,1,500.0,7.0,2005.0,1,10.0,2009.0,0,2015,3,7,10,1,2,4471.0,12998.0,4751.142857142857,3116.057949213582,1,0,0,3061
96,7,0,0,0,0,0,2,1,500.0,7.0,2005.0,1,10.0,2009.0,0,2015,3,8,10,1,3,3061.0,0.0,4751.142857142857,3116.057949213582,1,0,0,0
96,1,830,1,1,0,0,2,1,500.0,7.0,2005.0,1,10.0,2009.0,0,2015,3,9,11,1,1,0.0,3779.0,5361.857142857143,3306.859105383408,0,0,0,8054
96,2,1040,1,0,0,0,2,1,500.0,7.0,2005.0,1,10.0,2009.0,0,2015,3,10,11,1,5,8054.0,4550.0,6304.142857142857,3919.9018452239957,0,0,0,11146
96,3,1061,1,1,0,0,2,1,500.0,7.0,2005.0,1,10.0,2009.0,0,2015,3,11,11,1,6,11146.0,8150.0,6450.857142857143,4018.4828575210427,0,0,0,9177
96,4,621,1,0,0,0,2,1,500.0,7.0,2005.0,1,10.0,2009.0,0,2015,3,12,11,1,4,9177.0,9247.0,5901.0,3831.077307146561,0,0,0,5398
96,5,882,1,1,0,0,2,1,500.0,7.0,2005.0,1,10.0,2009.0,0,2015,3,13,11,1,0,5398.0,4471.0,6344.571428571428,3817.6422853703343,0,0,0,7576
96,6,856,1,0,0,0,2,1,500.0,7.0,2005.0,1,10.0,2009.0,0,2015,3,14,11,1,2,7576.0,3061.0,6580.714285714285,3627.049614323178,1,0,0,4714
96,7,0,0,0,0,0,2,1,500.0,7.0,2005.0,1,10.0,2009.0,0,2015,3,15,11,1,3,4714.0,0.0,6580.714285714285,3627.049614323178,1,0,0,0
96,1,729,1,0,0,0,2,1,500.0,7.0,2005.0,1,10.0,2009.0,0,2015,3,16,12,1,1,0.0,8054.0,6077.714285714285,3632.823360890064,0,0,0,4533
96,2,497,1,0,0,0,2,1,500.0,7.0,2005.0,1,10.0,2009.0,0,2015,3,17,12,1,5,4533.0,11146.0,5101.142857142857,2885.1887534192897,0,0,0,4310
96,3,1011,1,0,0,0,2,1,500.0,7.0,2005.0,1,10.0,2009.0,0,2015,3,18,12,1,6,4310.0,9177.0,4733.428571428572,2402.857733140749,0,0,0,6603
96,4,449,1,0,0,0,2,1,500.0,7.0,2005.0,1,10.0,2009.0,0,2015,3,19,12,1,4,6603.0,5398.0,4350.857142857143,2490.985911145188,0,0,0,2720
96,5,1129,1,0,0,0,2,1,500.0,7.0,2005.0,1,10.0,2009.0,0,2015,3,20,12,1,0,2720.0,7576.0,4202.0,2289.0872271133194,0,0,0,6534
96,6,781,1,0,0,0,2,1,500.0,7.0,2005.0,1,10.0,2009.0,0,2015,3,21,12,1,2,6534.0,4714.0,4332.285714285715,2348.2736009166215,1,0,0,5626
96,7,0,0,0,0,1,2,1,500.0,7.0,2005.0,1,10.0,2009.0,0,2015,3,22,12,1,3,5626.0,0.0,4332.285714285715,2348.2736009166215,1,0,0,0
96,1,664,1,0,0,0,2,1,500.0,7.0,2005.0,1,10.0,2009.0,0,2015,3,23,13,1,1,0.0,4533.0,4791.0,2683.682482460747,0,0,0,7744
96,2,575,1,0,0,0,2,1,500.0,7.0,2005.0,1,10.0,2009.0,0,2015,3,24,13,1,5,7744.0,4310.0,4708.285714285715,2709.774204264121,0,0,0,3731
96,3,556,1,0,0,0,2,1,500.0,7.0,2005.0,1,10.0,2009.0,0,2015,3,25,13,1,6,3731.0,6603.0,4619.714285714285,2646.9258089518207,0,0,0,5983
96,4,727,1,0,0,0,2,1,500.0,7.0,2005.0,1,10.0,2009.0,0,2015,3,26,13,1,4,5983.0,2720.0,4871.285714285715,2516.764041004887,0,0,0,4481
96,5,482,1,0,0,0,2,1,500.0,7.0,2005.0,1,10.0,2009.0,0,2015,3,27,13,1,0,4481.0,6534.0,4609.857142857143,2407.957601272045,0,0,0,4704
96,6,440,1,0,0,0,2,1,500.0,7.0,2005.0,1,10.0,2009.0,0,2015,3,28,13,1,2,4704.0,5626.0,4219.428571428572,2437.128423448581,1,0,0,2893
96,7,0,0,0,0,0,2,1,500.0,7.0,2005.0,1,10.0,2009.0,0,2015,3,29,13,1,3,2893.0,0.0,4219.428571428572,2437.128423448581,1,0,0,0
96,1,960,1,1,0,0,2,1,500.0,7.0,2005.0,1,10.0,2009.0,0,2015,3,30,14,1,1,0.0,7744.0,4269.0,2522.790452389314,0,0,0,8091
96,2,1032,1,0,0,1,2,1,500.0,7.0,2005.0,1,10.0,2009.0,0,2015,3,31,14,1,5,8091.0,3731.0,5041.428571428572,3093.7578475128958,0,0,1,9138
96,3,326,1,1,0,0,2,1,500.0,7.0,2005.0,1,10.0,2009.0,0,2015,4,1,14,2,6,9138.0,5983.0,4832.714285714285,3068.8310322925754,0,1,0,4522
96,4,986,1,0,0,0,2,1,500.0,7.0,2005.0,1,10.0,2009.0,0,2015,4,2,14,2,4,4522.0,4481.0,5869.285714285715,4011.0355983746363,0,0,0,11737
96,5,1195,1,0,0,1,2,1,500.0,7.0,2005.0,1,10.0,2009.0,0,2015,4,3,14,2,0,11737.0,4704.0,6663.0,4282.542936153706,0,0,0,10260
96,6,584,1,0,0,1,2,1,500.0,7.0,2005.0,1,10.0,2009.0,0,2015,4,4,14,2,2,10260.0,2893.0,7073.857142857143,3988.436511908371,1,0,0,5769
96,7,0,0,0,0,0,2,1,500.0,7.0,2005.0,1,10.0,2009.0,0,2015,4,5,14,2,3,5769.0,0.0,7073.857142857143,3988.436511908371,1,0,0,0
96,1,987,1,1,0,0,2,1,500.0,7.0,2005.0,1,10.0,2009.0,0,2015,4,6,15,2,1,0.0,8091.0,7214.714285714285,4047.3215717016983,0,0,0,9077
96,2,817,1,1,0,0,2,1,500.0,7.0,2005.0,1,10.0,2009.0,0,2015,4,7,15,2,5,9077.0,9138.0,7343.0,4131.793315256706,0,0,0,10036
96,3,886,1,0,0,0,2,1,500.0,7.0,2005.0,1,10.0,2009.0,0,2015,4,8,15,2,6,10036.0,4522.0,7436.142857142857,4064.4000553001433,0,0,0,5174
96,4,620,1,1,0,0,2,1,500.0,7.0,2005.0,1,10.0,2009.0,0,2015,4,9,15,2,4,5174.0,11737.0,6784.857142857143,3598.984598863566,0,0,0,7178
96,5,746,1,0,0,0,2,1,500.0,7.0,2005.0,1,10.0,2009.0,0,2015,4,10,15,2,0,7178.0,10260.0,6429.571428571428,3309.893092792317,0,0,0,7773
98,4,0,0,1,0,0,1,0,500.0,3.0,2008.0,1,10.0,2009.0,0,2015,1,8,2,1,4,7331.0,7189.0,6078.857142857143,4225.5184466355295,0,0,0,0
98,5,682,1,1,0,0,1,0,500.0,3.0,2008.0,1,10.0,2009.0,0,2015,1,9,2,1,0,0.0,9210.0,5515.0,3995.123277196837,0,0,0,5263
98,6,1165,1,0,0,0,1,0,500.0,3.0,2008.0,1,10.0,2009.0,0,2015,1,10,2,1,2,5263.0,9530.0,5479.714285714285,3954.637434467948,1,0,0,9283
98,7,0,0,0,0,0,1,0,500.0,3.0,2008.0,1,10.0,2009.0,0,2015,1,11,2,1,3,9283.0,0.0,5479.714285714285,3954.637434467948,1,0,0,0
98,1,1076,1,1,0,0,1,0,500.0,3.0,2008.0,1,10.0,2009.0,0,2015,1,12,3,1,1,0.0,8787.0,5327.428571428572,3824.435246200535,0,0,0,7721
98,2,826,1,1,0,0,1,0,500.0,3.0,2008.0,1,10.0,2009.0,0,2015,1,13,3,1,5,7721.0,7694.0,5254.428571428572,3776.307979016138,0,0,0,7183
98,3,863,1,1,0,0,1,0,500.0,3.0,2008.0,1,10.0,2009.0,0,2015,1,14,3,1,6,7183.0,7331.0,5416.714285714285,3902.7153245864474,0,0,0,8467
98,4,587,1,1,0,0,1,0,500.0,3.0,2008.0,1,10.0,2009.0,0,2015,1,15,3,1,4,8467.0,0.0,6058.571428571428,3162.691673092339,0,0,0,4493
98,5,322,1,1,0,0,1,0,500.0,3.0,2008.0,1,10.0,2009.0,0,2015,1,16,3,1,0,4493.0,5263.0,6014.285714285715,3177.8225623994863,0,0,0,4953
98,6,1082,1,0,0,0,1,0,500.0,3.0,2008.0,1,10.0,2009.0,0,2015,1,17,3,1,2,4953.0,9283.0,5641.0,2868.2576011695087,1,0,0,6670
98,7,0,0,0,0,0,1,0,500.0,3.0,2008.0,1,10.0,2009.0,0,2015,1,18,3,1,3,6670.0,0.0,5641.0,2868.2576011695087,1,0,0,0
98,1,389,1,0,0,1,1,0,500.0,3.0,2008.0,1,10.0,2009.0,0,2015,1,19,4,1,1,0.0,7721.0,5142.285714285715,2747.2689295787122,0,0,0,4230
98,2,501,1,0,0,1,1,0,500.0,3.0,2008.0,1,10.0,2009.0,0,2015,1,20,4,1,5,4230.0,7183.0,4602.0,2649.1860385157283,0,0,0,3401
98,3,352,1,0,0,0,1,0,500.0,3.0,2008.0,1,10.0,2009.0,0,2015,1,21,4,1,6,3401.0,8467.0,3842.8571428571427,2050.870175362269,0,0,0,3153
98,4,1185,1,0,0,0,1,0,500.0,3.0,2008.0,1,10.0,2009.0,0,2015,1,22,4,1,4,3153.0,4493.0,4387.0,2665.3655158970832,0,0,0,8302
98,5,882,1,1,0,0,1,0,500.0,3.0,2008.0,1,10.0,2009.0,0,2015,1,23,4,1,0,8302.0,4953.0,4481.857142857143,2700.450544419789,0,0,0,5617
98,6,727,1,0,0,0,1,0,500.0,3.0,2008.0,1,10.0,2009.0,0,2015,1,24,4,1,2,5617.0,6670.0,4348.714285714285,2595.522921897479,1,0,0,5738
98,7,0,0,0,0,0,1,0,500.0,3.0,2008.0,1,10.0,2009.0,0,2015,1,25,4,1,3,5738.0,0.0,4348.714285714285,2595.522921897479,1,0,0,0
98,1,1030,1,0,0,1,1,0,500.0,3.0,2008.0,1,10.0,2009.0,0,2015,1,26,5,1,1,0.0,4230.0,4776.428571428572,2810.4873158192595,0,0,0,7224
98,2,0,0,1,0,0,1,0,500.0,3.0,2008.0,1,10.0,2009.0,0,2015,1,27,5,1,5,7224.0,3401.0,4290.571428571428,3333.2441583309806,0,0,0,0
98,3,792,1,1,0,0,1,0,500.0,3.0,2008.0,1,10.0,2009.0,0,2015,1,28,5,1,6,0.0,3153.0,4785.714285714285,3392.9938949884017,0,0,0,6619
98,4,337,1,0,0,1,1,0,500.0,3.0,2008.0,1,10.0,2009.0,0,2015,1,29,5,1,4,6619.0,8302.0,4173.142857142857,3018.8026560526387,0,0,0,4014
98,5,1009,1,1,0,0,1,0,500.0,3.0,2008.0,1,10.0,2009.0,0,2015,1,30,5,1,0,4014.0,5617.0,5030.142857142857,4140.2349542254815,0,0,0,11616
98,6,693,1,0,0,0,1,0,500.0,3.0,2008.0,1,10.0,2009.0,0,2015,1,31,5,1,2,11616.0,5738.0,5280.571428571428,4241.95371093489,1,0,1,7491
98,7,0,0,0,0,0,1,0,500.0,3.0,2008.0,1,10.0,2009.0,0,2015,2,1,5,1,3,7491.0,0.0,5280.571428571428,4241.95371093489,1,1,0,0
98,1,361,1,1,0,0,1,0,500.0,3.0,2008.0,1,10.0,2009.0,0,2015,2,2,6,1,1,0.0,7224.0,4791.142857142857,4177.506210989654,0,0,0,3798
98,2,660,1,0,0,0,1,0,500.0,3.0,2008.0,1,10.0,2009.0,0,2015,2,3,6,1,5,3798.0,0.0,5797.142857142857,3645.4630445971898,0,0,0,7042
98,3,1153,1,0,0,1,1,0,500.0,3.0,2008.0,1,10.0,2009.0,0,2015,2,4,6,1,6,7042.0,6619.0,6388.142857142857,4107.031629963886,0,0,0,10756
98,4,1152,1,1,0,0,1,0,500.0,3.0,2008.0,1,10.0,2009.0,0,2015,2,5,6,1,4,10756.0,4014.0,7489.571428571428,4388.413831030634,0,0,0,11724
98,5,525,1,1,0,1,1,0,500.0,3.0,2008.0,1,10.0,2009.0,0,2015,2,6,6,1,0,11724.0,11616.0,6620.142857142857,4022.234471392382,0,0,0,5530
98,6,554,1,0,0,0,1,0,500.0,3.0,2008.0,1,10.0,2009.0,0,2015,2,7,6,1,2,5530.0,7491.0,5986.142857142857,4207.585310229271,1,0,0,3053
98,7,0,0,0,0,0,1,0,500.0,3.0,2008.0,1,10.0,2009.0,0,2015,2,8,6,1,3,3053.0,0.0,5986.142857142857,4207.585310229271,1,0,0,0
98,1,495,1,0,0,0,1,0,500.0,3.0,2008.0,1,10.0,2009.0,0,2015,2,9,7,1,1,0.0,3798.0,5968.0,4218.851700008745,0,0,0,3671
98,2,807,1,1,0,0,1,0,500.0,3.0,2008.0,1,10.0,2009.0,0,2015,2,10,7,1,5,3671.0,7042.0,5941.428571428572,4211.53938036687,0,0,0,6856
98,3,1086,1,1,0,0,1,0,500.0,3.0,2008.0,1,10.0,2009.0,0,2015,2,11,7,1,6,6856.0,10756.0,5447.285714285715,3727.613611695188,0,0,0,7297
98,4,557,1,0,0,0,1,0,500.0,3.0,2008.0,1,10.0,2009.0,0,2015,2,12,7,1,4,7297.0,11724.0,4701.0,2619.8946543706675,0,0,0,6500
98,5,1153,1,0,0,0,1,0,500.0,3.0,2008.0,1,10.0,2009.0,0,2015,2,13,7,1,0,6500.0,5530.0,5432.714285714285,3468.0063299771973,0,0,0,10652
98,6,780,1,0,0,0,1,0,500.0,3.0,2008.0,1,10.0,2009.0,0,2015,2,14,7,1,2,10652.0,3053.0,6265.142857142857,3500.7757439635893,1,0,0,8880
98,7,0,0,0,0,0,1,0,500.0,3.0,2008.0,1,10.0,2009.0,0,2015,2,15,7,1,3,8880.0,0.0,6265.142857142857,3500.7757439635893,1,0,0,0
98,1,937,1,0,0,0,1,0,500.0,3.0,2008.0,1,10.0,2009.0,0,2015,2,16,8,1,1,0.0,3671.0,7111.857142857143,3485.5049576099914,0,0,0,9598
98,2,898,1,0,0,0,1,0,500.0,3.0,2008.0,1,10.0,2009.0,0,2015,2,17,8,1,5,9598.0,6856.0,7111.714285714285,3485.5172124227497,0,0,0,6855
98,3,1108,1,0,0,1,1,0,500.0,3.0,2008.0,1,10.0,2009.0,0,2015,2,18,8,1,6,6855.0,7297.0,7712.571428571428,3864.6870445588443,0,0,0,11503
98,4,497,1,1,0,0,1,0,500.0,3.0,2008.0,1,10.0,2009.0,0,2015,2,19,8,1,4,11503.0,6500.0,7295.285714285715,4163.5727332138595,0,0,0,3579
98,5,1141,1,0,0,0,1,0,500.0,3.0,2008.0,1,10.0,2009.0,0,2015,2,20,8,1,0,3579.0,10652.0,7465.714285714285,4344.365612080617,0,0,0,11845
98,6,735,1,0,0,1,1,0,500.0,3.0,2008.0,1,10.0,2009.0,0,2015,2,21,8,1,2,11845.0,8880.0,7257.857142857143,4300.001877076004,1,0,0,7425
98,7,0,0,0,0,0,1,0,500.0,3.0,2008.0,1,10.0,2009.0,0,2015,2,22,8,1,3,7425.0,0.0,7257.857142857143,4300.001877076004,1,0,0,0
98,1,1093,1,0,0,0,1,0,500.0,3.0,2008.0,1,10.0,2009.0,0,2015,2,23,9,1,1,0.0,9598.0,7559.0,4557.3200092452025,0,0,0,11706
98,2,712,1,0,0,0,1,0,500.0,3.0,2008.0,1,10.0,2009.0,0,2015,2,24,9,1,5,11706.0,6855.0,7266.285714285715,4674.373673348683,0,0,0,4806
98,3,739,1,0,0,0,1,0,500.0,3.0,2008.0,1,10.0,2009.0,0,2015,2,25,9,1,6,4806.0,11503.0,6783.0,4325.173214257823,0,0,0,8120
98,4,832,1,0,0,0,1,0,500.0,3.0,2008.0,1,10.0,2009.0,0,2015,2,26,9,1,4,8120.0,3579.0,7436.714285714285,4100.164863119766,0,0,0,8155
98,5,935,1,1,0,0,1,0,500.0,3.0,2008.0,1,10.0,2009.0,0,2015,2,27,9,1,0,8155.0,11845.0,7211.571428571428,3853.616174328684,0,0,0,10269
98,6,922,1,0,0,0,1,0,500.0,3.0,2008.0,1,10.0,2009.0,0,2015,2,28,9,1,2,10269.0,7425.0,6923.857142857143,3909.7995442465453,1,0,1,5411
98,7,0,0,0,0,0,1,0,500.0,3.0,2008.0,1,10.0,2009.0,0,2015,3,1,9,1,3,5411.0,0.0,6923.857142857143,3909.7995442465453,1,1,0,0
98,1,361,1,0,0,1,1,0,500.0,3.0,2008.0,1,10.0,2009.0,0,2015,3,2,10,1,1,0.0,11706.0,5587.857142857143,3587.934105144233,0,0,0,2354
98,2,569,1,0,0,0,1,0,500.0,3.0,2008.0,1,10.0,2009.0,0,2015,3,3,10,1,5,2354.0,4806.0,5495.285714285715,3619.687634510549,0,0,0,4158
98,3,966,1,0,0,0,1,0,500.0,3.0,2008.0,1,10.0,2009.0,0,2015,3,4,10,1,6,4158.0,8120.0,5841.571428571428,4007.780468752535,0,0,0,10544
98,4,310,1,0,0,0,1,0,500.0,3.0,2008.0,1,10.0,2009.0,0,2015,3,5,10,1,4,10544.0,8155.0,5176.428571428572,3945.727852464521,0,0,0,3499
98,5,444,1,0,0,0,1,0,500.0,3.0,2008.0,1,10.0,2009.0,0,2015,3,6,10,1,0,3499.0,10269.0,4426.142857142857,3254.8231610217786,0,0,0,5017
98,6,917,1,0,0,0,1,0,500.0,3.0,2008.0,1,10.0,2009.0,0,2015,3,7,10,1,2,5017.0,5411.0,4949.0,3702.574329661278,1,0,0,9071
98,7,0,0,0,0,0,1,0,500.0,3.0,2008.0,1,10.0,2009.0,0,2015,3,8,10,1,3,9071.0,0.0,4949.0,3702.574329661278,1,0,0,0
98,1,754,1,0,0,0,1,0,500.0,3.0,2008.0,1,10.0,2009.0,0,2015,3,9,11,1,1,0.0,2354.0,5818.571428571428,3706.3301191854125,0,0,0,8441
98,2,406,1,0,0,1,1,0,500.0,3.0,2008.0,1,10.0,2009.0,0,2015,3,10,11,1,5,8441.0,4158.0,5888.857142857143,3674.1161943416832,0,0,0,4650
98,3,759,1,1,0,1,1,0,500.0,3.0,2008.0,1,10.0,2009.0,0,2015,3,11,11,1,6,4650.0,10544.0,5298.428571428572,3086.44390073446,0,0,0,6411
98,4,789,1,0,0,0,1,0,500.0,3.0,2008.0,1,10.0,2009.0,0,2015,3,12,11,1,4,6411.0,3499.0,5439.142857142857,3012.2959919066952,0,0,0,4484
98,5,1099,1,1,0,1,1,0,500.0,3.0,2008.0,1,10.0,2009.0,0,2015,3,13,11,1,0,4484.0,5017.0,5787.571428571428,3095.2451091495627,0,0,0,7456
98,6,894,1,0,0,0,1,0,500.0,3.0,2008.0,1,10.0,2009.0,0,2015,3,14,11,1,2,7456.0,9071.0,5893.428571428572,3235.736281855227,1,0,0,9812
98,7,0,0,0,0,0,1,0,500.0,3.0,2008.0,1,10.0,2009.0,0,2015,3,15,11,1,3,9812.0,0.0,5893.428571428572,3235.736281855227,1,0,0,0
98,1,557,1,0,0,0,1,0,500.0,3.0,2008.0,1,10.0,2009.0,0,2015,3,16,12,1,1,0.0,8441.0,5263.428571428572,3082.7519014209174,0,0,0,4031
98,2,753,1,1,0,0,1,0,500.0,3.0,2008.0,1,10.0,2009.0,0,2015,3,17,12,1,5,4031.0,4650.0,5873.285714285715,3351.7056212365333,0,0,0,8919
98,3,570,1,0,0,0,1,0,500.0,3.0,2008.0,1,10.0,2009.0,0,2015,3,18,12,1,6,8919.0,6411.0,5777.0,3343.354702490699,0,0,0,5737
98,4,850,1,0,0,1,1,0,500.0,3.0,2008.0,1,10.0,2009.0,0,2015,3,19,12,1,4,5737.0,4484.0,6437.857142857143,3498.7626111989675,0,0,0,9110
98,5,617,1,0,0,0,1,0,500.0,3.0,2008.0,1,10.0,2009.0,0,2015,3,20,12,1,0,9110.0,7456.0,5858.0,3635.5787251367105,0,0,0,3397
98,6,1106,1,0,0,0,1,0,500.0,3.0,2008.0,1,10.0,2009.0,0,2015,3,21,12,1,2,3397.0,9812.0,5543.0,3317.501720672751,1,0,0,7607
98,7,0,0,0,0,0,1,0,500.0,3.0,2008.0,1,10.0,2009.0,0,2015,3,22,12,1,3,7607.0,0.0,5543.0,3317.501720672751,1,0,0,0
98,1,941,1,0,0,1,1,0,500.0,3.0,2008.0,1,10.0,2009.0,0,2015,3,23,13,1,1,0.0,4031.0,6283.142857142857,3497.037862180479,0,0,0,9212
98,2,644,1,0,0,0,1,0,500.0,3.0,2008.0,1,10.0,2009.0,0,2015,3,24,13,1,5,9212.0,8919.0,5536.428571428572,3397.0292343528067,0,0,0,3692
98,3,489,1,0,0,0,1,0,500.0,3.0,2008.0,1,10.0,2009.0,0,2015,3,25,13,1,6,3692.0,5737.0,5427.714285714285,3401.7144067017,0,0,0,4976
98,4,875,1,0,0,0,1,0,500.0,3.0,2008.0,1,10.0,2009.0,0,2015,3,26,13,1,4,4976.0,9110.0,5042.714285714285,3049.8058798490592,0,0,0,6415
98,5,770,1,0,0,0,1,0,500.0,3.0,2008.0,1,10.0,2009.0,0,2015,3,27,13,1,0,6415.0,3397.0,5492.714285714285,2998.468926762774,0,0,0,6547
98,6,681,1,0,0,0,1,0,500.0,3.0,2008.0,1,10.0,2009.0,0,2015,3,28,13,1,2,6547.0,7607.0,5392.857142857143,2927.1124809597723,1,0,0,6908
98,7,0,0,0,0,0,1,0,500.0,3.0,2008.0,1,10.0,2009.0,0,2015,3,29,13,1,3,6908.0,0.0,5392.857142857143,2927.1124809597723,1,0,0,0
98,1,813,1,1,0,1,1,0,500.0,3.0,2008.0,1,10.0,2009.0,0,2015,3,30,14,1,1,0.0,9212.0,5333.571428571428,2839.766942147591,0,0,0,8797
98,2,306,1,1,0,0,1,0,500.0,3.0,2008.0,1,10.0,2009.0,0,2015,3,31,14,1,5,8797.0,3692.0,5278.857142857143,2880.0704521806065,0,0,1,3309
98,3,1146,1,0,0,0,1,0,500.0,3.0,2008.0,1,10.0,2009.0,0,2015,4,1,14,2,6,3309.0,4976.0,5823.0,3159.5756571624192,0,1,0,8785
98,4,830,1,0,0,0,1,0,500.0,3.0,2008.0,1,10.0,2009.0,0,2015,4,2,14,2,4,8785.0,6415.0,6306.285714285715,3505.060993966949,0,0,0,9798
98,5,889,1,0,0,1,1,0,500.0,3.0,2008.0,1,10.0,2009.0,0,2015,4,3,14,2,0,9798.0,6547.0,6764.285714285715,3743.132899692704,0,0,0,9753
98,6,1165,1,0,0,0,1,0,500.0,3.0,2008.0,1,10.0,2009.0,0,2015,4,4,14,2,2,9753.0,6908.0,7774.428571428572,4636.00028246846,1,0,0,13979
98,7,0,0,0,0,0,1,0,500.0,3.0,2008.0,1,10.0,2009.0,0,2015,4,5,14,2,3,13979.0,0.0,7774.428571428572,4636.000282468459,1,0,0,0
98,1,722,1,1,0,0,1,0,500.0,3.0,2008.0,1,10.0,2009.0,0,2015,4,6,15,2,1,0.0,8797.0,7452.714285714285,4631.348497442394,0,0,0,6545
98,2,0,0,1,0,0,1,0,500.0,3.0,2008.0,1,10.0,2009.0,0,2015,4,7,15,2,5,6545.0,3309.0,6980.0,5252.058390129849,0,0,0,0
98,3,933,1,1,0,0,1,0,500.0,3.0,2008.0,1,10.0,2009.0,0,2015,4,8,15,2,6,0.0,8785.0,7221.857142857143,5386.297721334864,0,0,0,10478
98,4,739,1,0,0,0,1,0,500.0,3.0,2008.0,1,10.0,2009.0,0,2015,4,9,15,2,4,10478.0,9798.0,6673.0,5274.630982353173,0,0,0,5956
98,5,762,1,1,0,0,1,0,500.0,3.0,2008.0,1,10.0,2009.0,0,2015,4,10,15,2,0,5956.0,9753.0,6273.0,5105.591575256812,0,0,0,6953
