Store,DayOfWeek,Date,Sales,Customers,Open,Promo,StateHoliday,SchoolHoliday,StoreType,Assortment,CompetitionDistance,CompetitionOpenSinceMonth,CompetitionOpenSinceYear,Promo2,Promo2SinceWeek,Promo2SinceYear,PromoInterval,Year,Month,Day,Week,Quarter,DayName
1,4,2015-01-01,3315,346,1,0,0,0,a,c,3000.0,7.0,2012.0,0,0.0,0.0,None,2015,1,1,1,1,Thursday
2,4,2015-01-01,4642,636,1,0,0,0,a,a,7500.0,5.0,2008.0,0,0.0,0.0,None,2015,1,1,1,1,Thursday
3,4,2015-01-01,4760,602,1,0,0,1,d,c,500.0,5.0,2012.0,1,10.0,2011.0,"Jan,Apr,Jul,Oct",2015,1,1,1,1,Thursday
4,4,2015-01-01,8120,685,1,1,0,0,a,a,1500.0,1.0,2010.0,1,40.0,2011.0,"Mar,Jun,Sept,Dec",2015,1,1,1,1,Thursday
5,4,2015-01-01,10880,1049,1,0,0,0,c,a,15000.0,0.0,2008.0,1,31.0,2009.0,"Mar,Jun,Sept,Dec",2015,1,1,1,1,Thursday
6,4,2015-01-01,1941,314,1,0,0,0,a,c,1500.0,1.0,0.0,0,0.0,0.0,None,2015,1,1,1,1,Thursday
7,4,2015-01-01,3222,530,1,0,0,0,a,a,1500.0,5.0,2012.0,1,14.0,2011.0,"Jan,Apr,Jul,Oct",2015,1,1,1,1,Thursday
8,4,2015-01-01,7595,879,1,1,0,0,a,c,500.0,9.0,2014.0,1,40.0,2009.0,"Mar,Jun,Sept,Dec",2015,1,1,1,1,Thursday
9,4,2015-01-01,3038,333,1,0,0,0,d,a,500.0,5.0,2014.0,1,40.0,2013.0,"Jan,Apr,Jul,Oct",2015,1,1,1,1,Thursday
10,4,2015-01-01,9271,817,1,0,0,0,d,c,3000.0,11.0,2012.0,1,1.0,2015.0,"Jan,Apr,Jul,Oct",2015,1,1,1,1,Thursday
11,4,2015-01-01,12031,1040,1,0,0,1,a,c,120.0,11.0,0.0,1,22.0,2015.0,"Mar,Jun,Sept,Dec",2015,1,1,1,1,Thursday
12,4,2015-01-01,8989,815,1,0,0,0,d,c,3000.0,0.0,2008.0,0,0.0,0.0,None,2015,1,1,1,1,Thursday
13,4,2015-01-01,6174,1058,1,0,0,1,a,a,7500.0,5.0,2005.0,0,0.0,0.0,None,2015,1,1,1,1,Thursday
14,4,2015-01-01,6314,621,1,1,0,0,a,c,1500.0,5.0,2014.0,1,1.0,2013.0,"Jan,Apr,Jul,Oct",2015,1,1,1,1,Thursday
15,4,2015-01-01,9262,803,1,1,0,0,d,c,3000.0,11.0,2014.0,1,1.0,2013.0,"Mar,Jun,Sept,Dec",2015,1,1,1,1,Thursday
16,4,2015-01-01,8037,734,1,0,0,0,a,a,500.0,11.0,0.0,0,0.0,0.0,None,2015,1,1,1,1,Thursday
17,4,2015-01-01,5389,524,1,0,0,0,a,c,500.0,7.0,2008.0,0,0.0,0.0,None,2015,1,1,1,1,Thursday
18,4,2015-01-01,10713,1104,1,1,0,0,d,c,1500.0,5.0,2005.0,1,40.0,2009.0,"Jan,Apr,Jul,Oct",2015,1,1,1,1,Thursday
19,4,2015-01-01,8359,989,1,0,0,0,d,c,120.0,9.0,2014.0,1,10.0,2013.0,"Jan,Apr,Jul,Oct",2015,1,1,1,1,Thursday
20,4,2015-01-01,6530,941,1,1,0,0,a,a,500.0,9.0,0.0,1,1.0,2013.0,"Mar,Jun,Sept,Dec",2015,1,1,1,1,Thursday
21,4,2015-01-01,8047,849,1,1,0,0,a,c,1500.0,0.0,2008.0,0,0.0,0.0,None,2015,1,1,1,1,Thursday
22,4,2015-01-01,8278,633,1,1,0,0,a,a,500.0,0.0,2010.0,0,0.0,0.0,None,2015,1,1,1,1,Thursday
23,4,2015-01-01,6063,595,1,0,0,0,d,c,500.0,1.0,2008.0,0,0.0,0.0,None,2015,1,1,1,1,Thursday
24,4,2015-01-01,6086,569,1,0,0,0,a,a,1500.0,1.0,2010.0,0,0.0,0.0,None,2015,1,1,1,1,Thursday
25,4,2015-01-01,9183,709,1,1,0,0,a,c,500.0,1.0,2012.0,0,0.0,0.0,None,2015,1,1,1,1,Thursday
26,4,2015-01-01,6022,594,1,0,0,1,d,a,1500.0,3.0,2008.0,0,0.0,0.0,None,2015,1,1,1,1,Thursday
27,4,2015-01-01,4090,442,1,0,0,0,d,a,15000.0,9.0,2008.0,1,1.0,2009.0,"Mar,Jun,Sept,Dec",2015,1,1,1,1,Thursday
28,4,2015-01-01,6394,915,1,0,0,0,a,a,1500.0,3.0,2010.0,0,0.0,0.0,None,2015,1,1,1,1,Thursday
29,4,2015-01-01,5977,853,1,1,0,0,a,a,1500.0,5.0,0.0,1,10.0,2015.0,"Jan,Apr,Jul,Oct",2015,1,1,1,1,Thursday
30,4,2015-01-01,8617,719,1,0,0,0,c,c,500.0,11.0,2014.0,1,22.0,2015.0,"Feb,May,Aug,Nov",2015,1,1,1,1,Thursday
31,4,2015-01-01,3776,553,1,0,0,0,d,c,500.0,0.0,2014.0,1,31.0,2015.0,"Mar,Jun,Sept,Dec",2015,1,1,1,1,Thursday
32,4,2015-01-01,11244,1105,1,1,0,0,a,a,3000.0,3.0,2010.0,1,1.0,2015.0,"Mar,Jun,Sept,Dec",2015,1,1,1,1,Thursday
33,4,2015-01-01,4108,456,1,0,0,0,d,c,1500.0,9.0,2008.0,0,0.0,0.0,None,2015,1,1,1,1,Thursday
34,4,2015-01-01,5130,394,1,1,0,0,d,c,500.0,9.0,2005.0,0,0.0,0.0,None,2015,1,1,1,1,Thursday
35,4,2015-01-01,3637,310,1,0,0,0,a,c,120.0,5.0,0.0,1,22.0,2015.0,"Mar,Jun,Sept,Dec",2015,1,1,1,1,Thursday
36,4,2015-01-01,5707,601,1,0,0,0,d,a,1500.0,3.0,2008.0,1,40.0,2011.0,"Feb,May,Aug,Nov",2015,1,1,1,1,Thursday
37,4,2015-01-01,9422,922,1,0,0,0,d,a,7500.0,3.0,2008.0,1,40.0,2009.0,"Mar,Jun,Sept,Dec",2015,1,1,1,1,Thursday
38,4,2015-01-01,6706,1187,1,0,0,0,a,a,3000.0,3.0,2010.0,0,0.0,0.0,None,2015,1,1,1,1,Thursday
39,4,2015-01-01,3600,350,1,0,0,0,c,a,7500.0,7.0,2014.0,1,14.0,2015.0,"Jan,Apr,Jul,Oct",2015,1,1,1,1,Thursday
40,4,2015-01-01,11975,912,1,1,0,0,d,a,1500.0,11.0,2008.0,1,22.0,2013.0,"Jan,Apr,Jul,Oct",2015,1,1,1,1,Thursday
41,4,2015-01-01,7453,866,1,1,0,0,a,c,500.0,1.0,0.0,0,0.0,0.0,None,2015,1,1,1,1,Thursday
42,4,2015-01-01,7806,735,1,0,0,0,d,c,120.0,1.0,2014.0,0,0.0,0.0,None,2015,1,1,1,1,Thursday
43,4,2015-01-01,4300,374,1,0,0,0,a,a,500.0,0.0,0.0,1,31.0,2011.0,"Mar,Jun,Sept,Dec",2015,1,1,1,1,Thursday
44,4,2015-01-01,14114,1175,1,1,0,0,a,a,1500.0,5.0,2005.0,0,0.0,0.0,None,2015,1,1,1,1,Thursday
45,4,2015-01-01,8690,1155,1,0,0,0,c,a,120.0,9.0,2014.0,1,22.0,2011.0,"Feb,May,Aug,Nov",2015,1,1,1,1,Thursday
46,4,2015-01-01,8143,768,1,1,0,0,a,c,500.0,1.0,2014.0,0,0.0,0.0,None,2015,1,1,1,1,Thursday
47,4,2015-01-01,6957,775,1,0,0,0,c,a,1500.0,0.0,0.0,1,40.0,2013.0,"Jan,Apr,Jul,Oct",2015,1,1,1,1,Thursday
48,4,2015-01-01,4252,514,1,0,0,0,a,c,500.0,7.0,2010.0,1,22.0,2011.0,"Mar,Jun,Sept,Dec",2015,1,1,1,1,Thursday
49,4,2015-01-01,5791,728,1,0,0,0,d,a,120.0,1.0,2010.0,1,14.0,2009.0,"Mar,Jun,Sept,Dec",2015,1,1,1,1,Thursday
50,4,2015-01-01,4232,474,1,0,0,0,a,c,500.0,1.0,2012.0,0,0.0,0.0,None,2015,1,1,1,1,Thursday
51,4,2015-01-01,6971,1130,1,0,0,0,a,c,120.0,1.0,0.0,0,0.0,0.0,None,2015,1,1,1,1,Thursday
52,4,2015-01-01,9240,757,1,1,0,0,a,a,120.0,7.0,2012.0,1,31.0,2013.0,"Mar,Jun,Sept,Dec",2015,1,1,1,1,Thursday
53,4,2015-01-01,5311,477,1,0,0,0,a,c,1500.0,0.0,0.0,1,14.0,2009.0,"Feb,May,Aug,Nov",2015,1,1,1,1,Thursday
54,4,2015-01-01,6519,742,1,0,0,0,a,a,1500.0,0.0,0.0,0,0.0,0.0,None,2015,1,1,1,1,Thursday
55,4,2015-01-01,9042,908,1,1,0,0,d,c,1500.0,1.0,2005.0,1,22.0,2009.0,"Feb,May,Aug,Nov",2015,1,1,1,1,Thursday
56,4,2015-01-01,4501,419,1,0,0,0,a,a,1500.0,7.0,2010.0,0,0.0,0.0,None,2015,1,1,1,1,Thursday
57,4,2015-01-01,9341,1034,1,1,0,0,a,c,1500.0,0.0,2012.0,1,10.0,2009.0,"Mar,Jun,Sept,Dec",2015,1,1,1,1,Thursday
58,4,2015-01-01,2808,446,1,0,0,0,d,c,1500.0,0.0,0.0,1,14.0,2009.0,"Mar,Jun,Sept,Dec",2015,1,1,1,1,Thursday
59,4,2015-01-01,10650,1114,1,0,0,1,d,c,500.0,7.0,2012.0,0,0.0,0.0,None,2015,1,1,1,1,Thursday
60,4,2015-01-01,7574,695,1,0,0,0,a,a,1500.0,11.0,0.0,1,31.0,2011.0,"Feb,May,Aug,Nov",2015,1,1,1,1,Thursday
61,4,2015-01-01,13601,1166,1,0,0,0,a,c,500.0,5.0,2005.0,1,31.0,2013.0,"Jan,Apr,Jul,Oct",2015,1,1,1,1,Thursday
62,4,2015-01-01,4050,358,1,0,0,0,a,a,15000.0,5.0,2005.0,0,0.0,0.0,None,2015,1,1,1,1,Thursday
63,4,2015-01-01,7396,820,1,0,0,0,c,c,3000.0,5.0,2005.0,0,0.0,0.0,None,2015,1,1,1,1,Thursday
64,4,2015-01-01,9435,793,1,0,0,0,c,c,1500.0,5.0,0.0,1,1.0,2013.0,"Jan,Apr,Jul,Oct",2015,1,1,1,1,Thursday
65,4,2015-01-01,14362,1137,1,1,0,0,a,c,1500.0,0.0,2014.0,0,0.0,0.0,None,2015,1,1,1,1,Thursday
66,4,2015-01-01,9500,976,1,0,0,0,a,a,15000.0,3.0,2010.0,0,0.0,0.0,None,2015,1,1,1,1,Thursday
67,4,2015-01-01,3700,326,1,0,0,0,d,c,1500.0,1.0,2012.0,0,0.0,0.0,None,2015,1,1,1,1,Thursday
68,4,2015-01-01,7436,1120,1,0,0,0,c,c,500.0,7.0,0.0,0,0.0,0.0,None,2015,1,1,1,1,Thursday
69,4,2015-01-01,4975,857,1,0,0,0,d,c,15000.0,1.0,2012.0,1,31.0,2013.0,"Mar,Jun,Sept,Dec",2015,1,1,1,1,Thursday
70,4,2015-01-01,6496,1093,1,0,0,0,a,a,3000.0,5.0,0.0,0,0.0,0.0,None,2015,1,1,1,1,Thursday
71,4,2015-01-01,10471,1106,1,0,0,0,a,c,120.0,1.0,2008.0,1,31.0,2009.0,"Jan,Apr,Jul,Oct",2015,1,1,1,1,Thursday
72,4,2015-01-01,4442,368,1,1,0,1,a,c,7500.0,9.0,2010.0,0,0.0,0.0,None,2015,1,1,1,1,Thursday
73,4,2015-01-01,8691,790,1,0,0,0,d,c,500.0,5.0,2008.0,1,40.0,2013.0,"Mar,Jun,Sept,Dec",2015,1,1,1,1,Thursday
74,4,2015-01-01,6190,800,1,0,0,0,a,a,500.0,7.0,2012.0,0,0.0,0.0,None,2015,1,1,1,1,Thursday
75,4,2015-01-01,2894,341,1,0,0,0,c,c,3000.0,11.0,0.0,1,14.0,2009.0,"Feb,May,Aug,Nov",2015,1,1,1,1,Thursday
76,4,2015-01-01,5323,777,1,1,0,0,a,a,120.0,0.0,2014.0,0,0.0,0.0,None,2015,1,1,1,1,Thursday
77,4,2015-01-01,3689,316,1,0,0,1,d,c,1500.0,11.0,2012.0,0,0.0,0.0,None,2015,1,1,1,1,Thursday
78,4,2015-01-01,6545,638,1,0,0,1,d,c,500.0,3.0,2010.0,0,0.0,0.0,None,2015,1,1,1,1,Thursday
79,4,2015-01-01,4142,499,1,1,0,0,a,a,500.0,0.0,2012.0,1,14.0,2015.0,"Mar,Jun,Sept,Dec",2015,1,1,1,1,Thursday
80,4,2015-01-01,6095,837,1,1,0,0,a,a,15000.0,9.0,2010.0,0,0.0,0.0,None,2015,1,1,1,1,Thursday
81,4,2015-01-01,5689,385,1,1,0,0,a,a,1500.0,1.0,2010.0,1,22.0,2009.0,"Jan,Apr,Jul,Oct",2015,1,1,1,1,Thursday
82,4,2015-01-01,14679,1139,1,1,0,0,a,a,1500.0,0.0,0.0,0,0.0,0.0,None,2015,1,1,1,1,Thursday
83,4,2015-01-01,7349,701,1,1,0,0,a,c,500.0,7.0,2014.0,0,0.0,0.0,None,2015,1,1,1,1,Thursday
84,4,2015-01-01,4201,487,1,0,0,0,d,a,1500.0,0.0,2005.0,0,0.0,0.0,None,2015,1,1,1,1,Thursday
85,4,2015-01-01,6113,663,1,0,0,0,d,c,120.0,0.0,2014.0,1,1.0,2013.0,"Jan,Apr,Jul,Oct",2015,1,1,1,1,Thursday
86,4,2015-01-01,10059,1021,1,1,0,0,d,a,3000.0,0.0,2012.0,0,0.0,0.0,None,2015,1,1,1,1,Thursday
87,4,2015-01-01,5598,469,1,0,0,0,a,a,1500.0,0.0,0.0,0,0.0,0.0,None,2015,1,1,1,1,Thursday
88,4,2015-01-01,6181,1038,1,0,0,1,d,c,3000.0,3.0,2012.0,1,31.0,2009.0,"Feb,May,Aug,Nov",2015,1,1,1,1,Thursday
89,4,2015-01-01,5459,544,1,1,0,0,d,a,1500.0,9.0,0.0,1,31.0,2015.0,"Feb,May,Aug,Nov",2015,1,1,1,1,Thursday
90,4,2015-01-01,6929,658,1,1,0,0,d,c,1500.0,0.0,0.0,0,0.0,0.0,None,2015,1,1,1,1,Thursday
91,4,2015-01-01,10700,969,1,0,0,0,a,c,1500.0,3.0,2008.0,0,0.0,0.0,None,2015,1,1,1,1,Thursday
92,4,2015-01-01,5491,884,1,0,0,0,d,c,120.0,3.0,0.0,1,31.0,2009.0,"Feb,May,Aug,Nov",2015,1,1,1,1,Thursday
93,4,2015-01-01,2586,360,1,0,0,1,d,a,120.0,5.0,2005.0,0,0.0,0.0,None,2015,1,1,1,1,Thursday
94,4,2015-01-01,4251,310,1,1,0,1,c,a,500.0,11.0,2005.0,0,0.0,0.0,None,2015,1,1,1,1,Thursday
95,4,2015-01-01,11306,959,1,1,0,0,a,c,500.0,11.0,2005.0,1,31.0,2009.0,"Feb,May,Aug,Nov",2015,1,1,1,1,Thursday
96,4,2015-01-01,4198,525,1,0,0,0,d,c,500.0,7.0,2005.0,1,10.0,2009.0,"Feb,May,Aug,Nov",2015,1,1,1,1,Thursday
97,4,2015-01-01,11510,1072,1,1,0,0,c,a,120.0,0.0,2008.0,0,0.0,0.0,None,2015,1,1,1,1,Thursday
98,4,2015-01-01,7189,872,1,1,0,1,c,a,500.0,3.0,2008.0,1,10.0,2009.0,"Feb,May,Aug,Nov",2015,1,1,1,1,Thursday
99,4,2015-01-01,5186,459,1,1,0,0,a,c,500.0,1.0,2012.0,0,0.0,0.0,None,2015,1,1,1,1,Thursday
100,4,2015-01-01,3998,656,1,0,0,0,b,c,500.0,9.0,2005.0,0,0.0,0.0,None,2015,1,1,1,1,Thursday
1,5,2015-01-02,5785,494,1,0,0,0,a,c,3000.0,7.0,2012.0,0,0.0,0.0,None,2015,1,2,1,1,Friday
2,5,2015-01-02,4209,694,1,0,0,1,a,a,7500.0,5.0,2008.0,0,0.0,0.0,None,2015,1,2,1,1,Friday
3,5,2015-01-02,4143,475,1,0,0,0,d,c,500.0,5.0,2012.0,1,10.0,2011.0,"Jan,Apr,Jul,Oct",2015,1,2,1,1,Friday
4,5,2015-01-02,5262,892,1,0,0,1,a,a,1500.0,1.0,2010.0,1,40.0,2011.0,"Mar,Jun,Sept,Dec",2015,1,2,1,1,Friday
5,5,2015-01-02,8499,867,1,0,0,1,c,a,15000.0,0.0,2008.0,1,31.0,2009.0,"Mar,Jun,Sept,Dec",2015,1,2,1,1,Friday
6,5,2015-01-02,4969,446,1,0,0,1,a,c,1500.0,1.0,0.0,0,0.0,0.0,None,2015,1,2,1,1,Friday
7,5,2015-01-02,5860,662,1,1,0,0,a,a,1500.0,5.0,2012.0,1,14.0,2011.0,"Jan,Apr,Jul,Oct",2015,1,2,1,1,Friday
8,5,2015-01-02,4492,306,1,1,0,0,a,c,500.0,9.0,2014.0,1,40.0,2009.0,"Mar,Jun,Sept,Dec",2015,1,2,1,1,Friday
9,5,2015-01-02,7504,693,1,0,0,1,d,a,500.0,5.0,2014.0,1,40.0,2013.0,"Jan,Apr,Jul,Oct",2015,1,2,1,1,Friday
10,5,2015-01-02,10595,1017,1,0,0,1,d,c,3000.0,11.0,2012.0,1,1.0,2015.0,"Jan,Apr,Jul,Oct",2015,1,2,1,1,Friday
11,5,2015-01-02,3765,412,1,0,0,0,a,c,120.0,11.0,0.0,1,22.0,2015.0,"Mar,Jun,Sept,Dec",2015,1,2,1,1,Friday
12,5,2015-01-02,7136,974,1,1,0,0,d,c,3000.0,0.0,2008.0,0,0.0,0.0,None,2015,1,2,1,1,Friday
13,5,2015-01-02,9095,1130,1,0,0,1,a,a,7500.0,5.0,2005.0,0,0.0,0.0,None,2015,1,2,1,1,Friday
14,5,2015-01-02,12223,1163,1,0,0,1,a,c,1500.0,5.0,2014.0,1,1.0,2013.0,"Jan,Apr,Jul,Oct",2015,1,2,1,1,Friday
15,5,2015-01-02,10154,1185,1,1,0,0,d,c,3000.0,11.0,2014.0,1,1.0,2013.0,"Mar,Jun,Sept,Dec",2015,1,2,1,1,Friday
16,5,2015-01-02,12807,986,1,1,0,1,a,a,500.0,11.0,0.0,0,0.0,0.0,None,2015,1,2,1,1,Friday
17,5,2015-01-02,1851,328,1,0,0,0,a,c,500.0,7.0,2008.0,0,0.0,0.0,None,2015,1,2,1,1,Friday
18,5,2015-01-02,6705,837,1,1,0,0,d,c,1500.0,5.0,2005.0,1,40.0,2009.0,"Jan,Apr,Jul,Oct",2015,1,2,1,1,Friday
19,5,2015-01-02,0,0,0,0,0,0,d,c,120.0,9.0,2014.0,1,10.0,2013.0,"Jan,Apr,Jul,Oct",2015,1,2,1,1,Friday
20,5,2015-01-02,14151,1183,1,1,0,0,a,a,500.0,9.0,0.0,1,1.0,2013.0,"Mar,Jun,Sept,Dec",2015,1,2,1,1,Friday
21,5,2015-01-02,14440,1148,1,1,0,0,a,c,1500.0,0.0,2008.0,0,0.0,0.0,None,2015,1,2,1,1,Friday
22,5,2015-01-02,4548,383,1,1,0,0,a,a,500.0,0.0,2010.0,0,0.0,0.0,None,2015,1,2,1,1,Friday
23,5,2015-01-02,8547,826,1,0,0,0,d,c,500.0,1.0,2008.0,0,0.0,0.0,None,2015,1,2,1,1,Friday
24,5,2015-01-02,5920,570,1,1,0,0,a,a,1500.0,1.0,2010.0,0,0.0,0.0,None,2015,1,2,1,1,Friday
25,5,2015-01-02,3951,608,1,0,0,1,a,c,500.0,1.0,2012.0,0,0.0,0.0,None,2015,1,2,1,1,Friday
26,5,2015-01-02,12212,992,1,1,0,0,d,a,1500.0,3.0,2008.0,0,0.0,0.0,None,2015,1,2,1,1,Friday
27,5,2015-01-02,6134,505,1,1,0,0,d,a,15000.0,9.0,2008.0,1,1.0,2009.0,"Mar,Jun,Sept,Dec",2015,1,2,1,1,Friday
28,5,2015-01-02,11000,1130,1,0,0,0,a,a,1500.0,3.0,2010.0,0,0.0,0.0,None,2015,1,2,1,1,Friday
29,5,2015-01-02,7863,1016,1,1,0,0,a,a,1500.0,5.0,0.0,1,10.0,2015.0,"Jan,Apr,Jul,Oct",2015,1,2,1,1,Friday
30,5,2015-01-02,9234,906,1,0,0,0,c,c,500.0,11.0,2014.0,1,22.0,2015.0,"Feb,May,Aug,Nov",2015,1,2,1,1,Friday
31,5,2015-01-02,8243,691,1,1,0,0,d,c,500.0,0.0,2014.0,1,31.0,2015.0,"Mar,Jun,Sept,Dec",2015,1,2,1,1,Friday
32,5,2015-01-02,5456,971,1,0,0,1,a,a,3000.0,3.0,2010.0,1,1.0,2015.0,"Mar,Jun,Sept,Dec",2015,1,2,1,1,Friday
33,5,2015-01-02,4624,541,1,1,0,0,d,c,1500.0,9.0,2008.0,0,0.0,0.0,None,2015,1,2,1,1,Friday
34,5,2015-01-02,6754,888,1,1,0,0,d,c,500.0,9.0,2005.0,0,0.0,0.0,None,2015,1,2,1,1,Friday
35,5,2015-01-02,5999,421,1,1,0,0,a,c,120.0,5.0,0.0,1,22.0,2015.0,"Mar,Jun,Sept,Dec",2015,1,2,1,1,Friday
36,5,2015-01-02,7617,616,1,1,0,1,d,a,1500.0,3.0,2008.0,1,40.0,2011.0,"Feb,May,Aug,Nov",2015,1,2,1,1,Friday
37,5,2015-01-02,9375,852,1,1,0,0,d,a,7500.0,3.0,2008.0,1,40.0,2009.0,"Mar,Jun,Sept,Dec",2015,1,2,1,1,Friday
38,5,2015-01-02,4932,410,1,1,0,0,a,a,3000.0,3.0,2010.0,0,0.0,0.0,None,2015,1,2,1,1,Friday
39,5,2015-01-02,2709,321,1,0,0,0,c,a,7500.0,7.0,2014.0,1,14.0,2015.0,"Jan,Apr,Jul,Oct",2015,1,2,1,1,Friday
40,5,2015-01-02,2210,311,1,0,0,0,d,a,1500.0,11.0,2008.0,1,22.0,2013.0,"Jan,Apr,Jul,Oct",2015,1,2,1,1,Friday
41,5,2015-01-02,9469,1049,1,1,0,0,a,c,500.0,1.0,0.0,0,0.0,0.0,None,2015,1,2,1,1,Friday
42,5,2015-01-02,10121,1111,1,0,0,0,d,c,120.0,1.0,2014.0,0,0.0,0.0,None,2015,1,2,1,1,Friday
43,5,2015-01-02,3482,358,1,0,0,0,a,a,500.0,0.0,0.0,1,31.0,2011.0,"Mar,Jun,Sept,Dec",2015,1,2,1,1,Friday
44,5,2015-01-02,3630,506,1,0,0,0,a,a,1500.0,5.0,2005.0,0,0.0,0.0,None,2015,1,2,1,1,Friday
45,5,2015-01-02,3684,323,1,1,0,0,c,a,120.0,9.0,2014.0,1,22.0,2011.0,"Feb,May,Aug,Nov",2015,1,2,1,1,Friday
46,5,2015-01-02,10694,861,1,1,0,0,a,c,500.0,1.0,2014.0,0,0.0,0.0,None,2015,1,2,1,1,Friday
47,5,2015-01-02,11613,1039,1,0,0,0,c,a,1500.0,0.0,0.0,1,40.0,2013.0,"Jan,Apr,Jul,Oct",2015,1,2,1,1,Friday
48,5,2015-01-02,6310,485,1,1,0,1,a,c,500.0,7.0,2010.0,1,22.0,2011.0,"Mar,Jun,Sept,Dec",2015,1,2,1,1,Friday
49,5,2015-01-02,6583,1036,1,0,0,1,d,a,120.0,1.0,2010.0,1,14.0,2009.0,"Mar,Jun,Sept,Dec",2015,1,2,1,1,Friday
50,5,2015-01-02,10620,825,1,1,0,0,a,c,500.0,1.0,2012.0,0,0.0,0.0,None,2015,1,2,1,1,Friday
51,5,2015-01-02,8939,801,1,0,0,0,a,c,120.0,1.0,0.0,0,0.0,0.0,None,2015,1,2,1,1,Friday
52,5,2015-01-02,6838,1042,1,0,0,0,a,a,120.0,7.0,2012.0,1,31.0,2013.0,"Mar,Jun,Sept,Dec",2015,1,2,1,1,Friday
53,5,2015-01-02,4263,560,1,0,0,1,a,c,1500.0,0.0,0.0,1,14.0,2009.0,"Feb,May,Aug,Nov",2015,1,2,1,1,Friday
54,5,2015-01-02,4122,586,1,0,0,0,a,a,1500.0,0.0,0.0,0,0.0,0.0,None,2015,1,2,1,1,Friday
55,5,2015-01-02,12444,1143,1,0,0,0,d,c,1500.0,1.0,2005.0,1,22.0,2009.0,"Feb,May,Aug,Nov",2015,1,2,1,1,Friday
56,5,2015-01-02,4030,612,1,0,0,1,a,a,1500.0,7.0,2010.0,0,0.0,0.0,None,2015,1,2,1,1,Friday
57,5,2015-01-02,5314,503,1,1,0,0,a,c,1500.0,0.0,2012.0,1,10.0,2009.0,"Mar,Jun,Sept,Dec",2015,1,2,1,1,Friday
58,5,2015-01-02,8279,919,1,0,0,1,d,c,1500.0,0.0,0.0,1,14.0,2009.0,"Mar,Jun,Sept,Dec",2015,1,2,1,1,Friday
59,5,2015-01-02,1861,319,1,0,0,0,d,c,500.0,7.0,2012.0,0,0.0,0.0,None,2015,1,2,1,1,Friday
60,5,2015-01-02,7010,1136,1,0,0,1,a,a,1500.0,11.0,0.0,1,31.0,2011.0,"Feb,May,Aug,Nov",2015,1,2,1,1,Friday
61,5,2015-01-02,5128,515,1,0,0,1,a,c,500.0,5.0,2005.0,1,31.0,2013.0,"Jan,Apr,Jul,Oct",2015,1,2,1,1,Friday
62,5,2015-01-02,4659,522,1,1,0,1,a,a,15000.0,5.0,2005.0,0,0.0,0.0,None,2015,1,2,1,1,Friday
63,5,2015-01-02,5152,683,1,1,0,0,c,c,3000.0,5.0,2005.0,0,0.0,0.0,None,2015,1,2,1,1,Friday
64,5,2015-01-02,3910,640,1,0,0,0,c,c,1500.0,5.0,0.0,1,1.0,2013.0,"Jan,Apr,Jul,Oct",2015,1,2,1,1,Friday
65,5,2015-01-02,4740,474,1,0,0,1,a,c,1500.0,0.0,2014.0,0,0.0,0.0,None,2015,1,2,1,1,Friday
66,5,2015-01-02,4839,444,1,0,0,0,a,a,15000.0,3.0,2010.0,0,0.0,0.0,None,2015,1,2,1,1,Friday
67,5,2015-01-02,12767,1113,1,0,0,1,d,c,1500.0,1.0,2012.0,0,0.0,0.0,None,2015,1,2,1,1,Friday
68,5,2015-01-02,4861,368,1,1,0,0,c,c,500.0,7.0,0.0,0,0.0,0.0,None,2015,1,2,1,1,Friday
69,5,2015-01-02,10428,884,1,1,0,0,d,c,15000.0,1.0,2012.0,1,31.0,2013.0,"Mar,Jun,Sept,Dec",2015,1,2,1,1,Friday
70,5,2015-01-02,6001,788,1,1,0,0,a,a,3000.0,5.0,0.0,0,0.0,0.0,None,2015,1,2,1,1,Friday
71,5,2015-01-02,8553,753,1,0,0,0,a,c,120.0,1.0,2008.0,1,31.0,2009.0,"Jan,Apr,Jul,Oct",2015,1,2,1,1,Friday
72,5,2015-01-02,4777,643,1,0,0,1,a,c,7500.0,9.0,2010.0,0,0.0,0.0,None,2015,1,2,1,1,Friday
73,5,2015-01-02,9253,1010,1,0,0,0,d,c,500.0,5.0,2008.0,1,40.0,2013.0,"Mar,Jun,Sept,Dec",2015,1,2,1,1,Friday
74,5,2015-01-02,6677,796,1,0,0,0,a,a,500.0,7.0,2012.0,0,0.0,0.0,None,2015,1,2,1,1,Friday
75,5,2015-01-02,13183,1141,1,1,0,0,c,c,3000.0,11.0,0.0,1,14.0,2009.0,"Feb,May,Aug,Nov",2015,1,2,1,1,Friday
76,5,2015-01-02,9336,753,1,1,0,0,a,a,120.0,0.0,2014.0,0,0.0,0.0,None,2015,1,2,1,1,Friday
77,5,2015-01-02,4202,592,1,0,0,0,d,c,1500.0,11.0,2012.0,0,0.0,0.0,None,2015,1,2,1,1,Friday
78,5,2015-01-02,9016,797,1,1,0,1,d,c,500.0,3.0,2010.0,0,0.0,0.0,None,2015,1,2,1,1,Friday
79,5,2015-01-02,6643,1114,1,0,0,0,a,a,500.0,0.0,2012.0,1,14.0,2015.0,"Mar,Jun,Sept,Dec",2015,1,2,1,1,Friday
80,5,2015-01-02,10658,1088,1,1,0,0,a,a,15000.0,9.0,2010.0,0,0.0,0.0,None,2015,1,2,1,1,Friday
81,5,2015-01-02,8505,863,1,0,0,0,a,a,1500.0,1.0,2010.0,1,22.0,2009.0,"Jan,Apr,Jul,Oct",2015,1,2,1,1,Friday
82,5,2015-01-02,7308,719,1,0,0,0,a,a,1500.0,0.0,0.0,0,0.0,0.0,None,2015,1,2,1,1,Friday
83,5,2015-01-02,4776,758,1,0,0,0,a,c,500.0,7.0,2014.0,0,0.0,0.0,None,2015,1,2,1,1,Friday
84,5,2015-01-02,6511,611,1,0,0,0,d,a,1500.0,0.0,2005.0,0,0.0,0.0,None,2015,1,2,1,1,Friday
85,5,2015-01-02,12272,1074,1,1,0,0,d,c,120.0,0.0,2014.0,1,1.0,2013.0,"Jan,Apr,Jul,Oct",2015,1,2,1,1,Friday
86,5,2015-01-02,12217,1186,1,1,0,1,d,a,3000.0,0.0,2012.0,0,0.0,0.0,None,2015,1,2,1,1,Friday
87,5,2015-01-02,2050,309,1,0,0,0,a,a,1500.0,0.0,0.0,0,0.0,0.0,None,2015,1,2,1,1,Friday
88,5,2015-01-02,4323,453,1,1,0,0,d,c,3000.0,3.0,2012.0,1,31.0,2009.0,"Feb,May,Aug,Nov",2015,1,2,1,1,Friday
89,5,2015-01-02,6805,501,1,1,0,0,d,a,1500.0,9.0,0.0,1,31.0,2015.0,"Feb,May,Aug,Nov",2015,1,2,1,1,Friday
90,5,2015-01-02,6930,986,1,0,0,0,d,c,1500.0,0.0,0.0,0,0.0,0.0,None,2015,1,2,1,1,Friday
91,5,2015-01-02,5504,731,1,0,0,0,a,c,1500.0,3.0,2008.0,0,0.0,0.0,None,2015,1,2,1,1,Friday
92,5,2015-01-02,8541,889,1,0,0,0,d,c,120.0,3.0,0.0,1,31.0,2009.0,"Feb,May,Aug,Nov",2015,1,2,1,1,Friday
93,5,2015-01-02,9917,896,1,1,0,0,d,a,120.0,5.0,2005.0,0,0.0,0.0,None,2015,1,2,1,1,Friday
94,5,2015-01-02,4697,579,1,1,0,0,c,a,500.0,11.0,2005.0,0,0.0,0.0,None,2015,1,2,1,1,Friday
95,5,2015-01-02,5534,920,1,0,0,1,a,c,500.0,11.0,2005.0,1,31.0,2009.0,"Feb,May,Aug,Nov",2015,1,2,1,1,Friday
96,5,2015-01-02,4546,652,1,0,0,0,d,c,500.0,7.0,2005.0,1,10.0,2009.0,"Feb,May,Aug,Nov",2015,1,2,1,1,Friday
97,5,2015-01-02,4858,816,1,0,0,1,c,a,120.0,0.0,2008.0,0,0.0,0.0,None,2015,1,2,1,1,Friday
98,5,2015-01-02,9210,1111,1,1,0,0,c,a,500.0,3.0,2008.0,1,10.0,2009.0,"Feb,May,Aug,Nov",2015,1,2,1,1,Friday
99,5,2015-01-02,8331,913,1,0,0,0,a,c,500.0,1.0,2012.0,0,0.0,0.0,None,2015,1,2,1,1,Friday
100,5,2015-01-02,8687,741,1,0,0,0,b,c,500.0,9.0,2005.0,0,0.0,0.0,None,2015,1,2,1,1,Friday
1,6,2015-01-03,5479,610,1,0,0,0,a,c,3000.0,7.0,2012.0,0,0.0,0.0,None,2015,1,3,1,1,Saturday
2,6,2015-01-03,2413,311,1,0,0,1,a,a,7500.0,5.0,2008.0,0,0.0,0.0,None,2015,1,3,1,1,Saturday
3,6,2015-01-03,0,0,0,0,0,0,d,c,500.0,5.0,2012.0,1,10.0,2011.0,"Jan,Apr,Jul,Oct",2015,1,3,1,1,Saturday
4,6,2015-01-03,6010,926,1,0,0,0,a,a,1500.0,1.0,2010.0,1,40.0,2011.0,"Mar,Jun,Sept,Dec",2015,1,3,1,1,Saturday
5,6,2015-01-03,6803,620,1,0,0,0,c,a,15000.0,0.0,2008.0,1,31.0,2009.0,"Mar,Jun,Sept,Dec",2015,1,3,1,1,Saturday
6,6,2015-01-03,7858,755,1,0,0,0,a,c,1500.0,1.0,0.0,0,0.0,0.0,None,2015,1,3,1,1,Saturday
7,6,2015-01-03,8075,799,1,0,0,0,a,a,1500.0,5.0,2012.0,1,14.0,2011.0,"Jan,Apr,Jul,Oct",2015,1,3,1,1,Saturday
8,6,2015-01-03,8217,1048,1,0,0,0,a,c,500.0,9.0,2014.0,1,40.0,2009.0,"Mar,Jun,Sept,Dec",2015,1,3,1,1,Saturday
9,6,2015-01-03,5599,748,1,0,0,0,d,a,500.0,5.0,2014.0,1,40.0,2013.0,"Jan,Apr,Jul,Oct",2015,1,3,1,1,Saturday
10,6,2015-01-03,6771,765,1,0,0,1,d,c,3000.0,11.0,2012.0,1,1.0,2015.0,"Jan,Apr,Jul,Oct",2015,1,3,1,1,Saturday
11,6,2015-01-03,6786,615,1,0,0,0,a,c,120.0,11.0,0.0,1,22.0,2015.0,"Mar,Jun,Sept,Dec",2015,1,3,1,1,Saturday
12,6,2015-01-03,10564,977,1,0,0,0,d,c,3000.0,0.0,2008.0,0,0.0,0.0,None,2015,1,3,1,1,Saturday
13,6,2015-01-03,8172,761,1,0,0,0,a,a,7500.0,5.0,2005.0,0,0.0,0.0,None,2015,1,3,1,1,Saturday
14,6,2015-01-03,5667,698,1,0,0,1,a,c,1500.0,5.0,2014.0,1,1.0,2013.0,"Jan,Apr,Jul,Oct",2015,1,3,1,1,Saturday
15,6,2015-01-03,5979,505,1,0,0,0,d,c,3000.0,11.0,2014.0,1,1.0,2013.0,"Mar,Jun,Sept,Dec",2015,1,3,1,1,Saturday
16,6,2015-01-03,6128,552,1,0,0,0,a,a,500.0,11.0,0.0,0,0.0,0.0,None,2015,1,3,1,1,Saturday
17,6,2015-01-03,6649,635,1,0,0,0,a,c,500.0,7.0,2008.0,0,0.0,0.0,None,2015,1,3,1,1,Saturday
18,6,2015-01-03,3185,324,1,0,0,1,d,c,1500.0,5.0,2005.0,1,40.0,2009.0,"Jan,Apr,Jul,Oct",2015,1,3,1,1,Saturday
19,6,2015-01-03,5861,836,1,0,0,0,d,c,120.0,9.0,2014.0,1,10.0,2013.0,"Jan,Apr,Jul,Oct",2015,1,3,1,1,Saturday
20,6,2015-01-03,8492,907,1,0,0,1,a,a,500.0,9.0,0.0,1,1.0,2013.0,"Mar,Jun,Sept,Dec",2015,1,3,1,1,Saturday
21,6,2015-01-03,12435,1127,1,0,0,0,a,c,1500.0,0.0,2008.0,0,0.0,0.0,None,2015,1,3,1,1,Saturday
22,6,2015-01-03,2825,359,1,0,0,0,a,a,500.0,0.0,2010.0,0,0.0,0.0,None,2015,1,3,1,1,Saturday
23,6,2015-01-03,7405,1077,1,0,0,0,d,c,500.0,1.0,2008.0,0,0.0,0.0,None,2015,1,3,1,1,Saturday
24,6,2015-01-03,0,0,0,0,0,0,a,a,1500.0,1.0,2010.0,0,0.0,0.0,None,2015,1,3,1,1,Saturday
25,6,2015-01-03,2524,382,1,0,0,1,a,c,500.0,1.0,2012.0,0,0.0,0.0,None,2015,1,3,1,1,Saturday
26,6,2015-01-03,7866,1182,1,0,0,0,d,a,1500.0,3.0,2008.0,0,0.0,0.0,None,2015,1,3,1,1,Saturday
27,6,2015-01-03,6386,914,1,0,0,0,d,a,15000.0,9.0,2008.0,1,1.0,2009.0,"Mar,Jun,Sept,Dec",2015,1,3,1,1,Saturday
28,6,2015-01-03,10923,1119,1,0,0,0,a,a,1500.0,3.0,2010.0,0,0.0,0.0,None,2015,1,3,1,1,Saturday
29,6,2015-01-03,7537,927,1,0,0,0,a,a,1500.0,5.0,0.0,1,10.0,2015.0,"Jan,Apr,Jul,Oct",2015,1,3,1,1,Saturday
30,6,2015-01-03,3374,391,1,0,0,0,c,c,500.0,11.0,2014.0,1,22.0,2015.0,"Feb,May,Aug,Nov",2015,1,3,1,1,Saturday
31,6,2015-01-03,5756,809,1,0,0,0,d,c,500.0,0.0,2014.0,1,31.0,2015.0,"Mar,Jun,Sept,Dec",2015,1,3,1,1,Saturday
32,6,2015-01-03,8262,890,1,0,0,0,a,a,3000.0,3.0,2010.0,1,1.0,2015.0,"Mar,Jun,Sept,Dec",2015,1,3,1,1,Saturday
33,6,2015-01-03,2767,364,1,0,0,0,d,c,1500.0,9.0,2008.0,0,0.0,0.0,None,2015,1,3,1,1,Saturday
34,6,2015-01-03,3771,637,1,0,0,1,d,c,500.0,9.0,2005.0,0,0.0,0.0,None,2015,1,3,1,1,Saturday
35,6,2015-01-03,9689,999,1,0,0,0,a,c,120.0,5.0,0.0,1,22.0,2015.0,"Mar,Jun,Sept,Dec",2015,1,3,1,1,Saturday
36,6,2015-01-03,6915,1093,1,0,0,0,d,a,1500.0,3.0,2008.0,1,40.0,2011.0,"Feb,May,Aug,Nov",2015,1,3,1,1,Saturday
37,6,2015-01-03,11232,1043,1,0,0,0,d,a,7500.0,3.0,2008.0,1,40.0,2009.0,"Mar,Jun,Sept,Dec",2015,1,3,1,1,Saturday
38,6,2015-01-03,3748,320,1,0,0,0,a,a,3000.0,3.0,2010.0,0,0.0,0.0,None,2015,1,3,1,1,Saturday
39,6,2015-01-03,8046,692,1,0,0,0,c,a,7500.0,7.0,2014.0,1,14.0,2015.0,"Jan,Apr,Jul,Oct",2015,1,3,1,1,Saturday
40,6,2015-01-03,3568,309,1,0,0,0,d,a,1500.0,11.0,2008.0,1,22.0,2013.0,"Jan,Apr,Jul,Oct",2015,1,3,1,1,Saturday
41,6,2015-01-03,10353,1058,1,0,0,1,a,c,500.0,1.0,0.0,0,0.0,0.0,None,2015,1,3,1,1,Saturday
42,6,2015-01-03,10235,1154,1,0,0,0,d,c,120.0,1.0,2014.0,0,0.0,0.0,None,2015,1,3,1,1,Saturday
43,6,2015-01-03,3829,386,1,0,0,1,a,a,500.0,0.0,0.0,1,31.0,2011.0,"Mar,Jun,Sept,Dec",2015,1,3,1,1,Saturday
44,6,2015-01-03,4082,684,1,0,0,0,a,a,1500.0,5.0,2005.0,0,0.0,0.0,None,2015,1,3,1,1,Saturday
45,6,2015-01-03,4601,447,1,0,0,0,c,a,120.0,9.0,2014.0,1,22.0,2011.0,"Feb,May,Aug,Nov",2015,1,3,1,1,Saturday
46,6,2015-01-03,7743,735,1,0,0,1,a,c,500.0,1.0,2014.0,0,0.0,0.0,None,2015,1,3,1,1,Saturday
47,6,2015-01-03,4549,741,1,0,0,0,c,a,1500.0,0.0,0.0,1,40.0,2013.0,"Jan,Apr,Jul,Oct",2015,1,3,1,1,Saturday
48,6,2015-01-03,2462,437,1,0,0,0,a,c,500.0,7.0,2010.0,1,22.0,2011.0,"Mar,Jun,Sept,Dec",2015,1,3,1,1,Saturday
49,6,2015-01-03,9943,947,1,0,0,1,d,a,120.0,1.0,2010.0,1,14.0,2009.0,"Mar,Jun,Sept,Dec",2015,1,3,1,1,Saturday
50,6,2015-01-03,6157,860,1,0,0,0,a,c,500.0,1.0,2012.0,0,0.0,0.0,None,2015,1,3,1,1,Saturday
51,6,2015-01-03,5828,677,1,0,0,0,a,c,120.0,1.0,0.0,0,0.0,0.0,None,2015,1,3,1,1,Saturday
52,6,2015-01-03,8162,951,1,0,0,0,a,a,120.0,7.0,2012.0,1,31.0,2013.0,"Mar,Jun,Sept,Dec",2015,1,3,1,1,Saturday
53,6,2015-01-03,5775,650,1,0,0,0,a,c,1500.0,0.0,0.0,1,14.0,2009.0,"Feb,May,Aug,Nov",2015,1,3,1,1,Saturday
54,6,2015-01-03,6730,1082,1,0,0,0,a,a,1500.0,0.0,0.0,0,0.0,0.0,None,2015,1,3,1,1,Saturday
55,6,2015-01-03,10219,1126,1,0,0,0,d,c,1500.0,1.0,2005.0,1,22.0,2009.0,"Feb,May,Aug,Nov",2015,1,3,1,1,Saturday
56,6,2015-01-03,10131,1024,1,0,0,0,a,a,1500.0,7.0,2010.0,0,0.0,0.0,None,2015,1,3,1,1,Saturday
57,6,2015-01-03,4548,421,1,0,0,0,a,c,1500.0,0.0,2012.0,1,10.0,2009.0,"Mar,Jun,Sept,Dec",2015,1,3,1,1,Saturday
58,6,2015-01-03,7986,829,1,0,0,0,d,c,1500.0,0.0,0.0,1,14.0,2009.0,"Mar,Jun,Sept,Dec",2015,1,3,1,1,Saturday
59,6,2015-01-03,5663,537,1,0,0,0,d,c,500.0,7.0,2012.0,0,0.0,0.0,None,2015,1,3,1,1,Saturday
60,6,2015-01-03,11436,961,1,0,0,0,a,a,1500.0,11.0,0.0,1,31.0,2011.0,"Feb,May,Aug,Nov",2015,1,3,1,1,Saturday
61,6,2015-01-03,6794,1069,1,0,0,0,a,c,500.0,5.0,2005.0,1,31.0,2013.0,"Jan,Apr,Jul,Oct",2015,1,3,1,1,Saturday
62,6,2015-01-03,6696,762,1,0,0,1,a,a,15000.0,5.0,2005.0,0,0.0,0.0,None,2015,1,3,1,1,Saturday
63,6,2015-01-03,6722,720,1,0,0,0,c,c,3000.0,5.0,2005.0,0,0.0,0.0,None,2015,1,3,1,1,Saturday
64,6,2015-01-03,3212,322,1,0,0,0,c,c,1500.0,5.0,0.0,1,1.0,2013.0,"Jan,Apr,Jul,Oct",2015,1,3,1,1,Saturday
65,6,2015-01-03,3453,528,1,0,0,1,a,c,1500.0,0.0,2014.0,0,0.0,0.0,None,2015,1,3,1,1,Saturday
66,6,2015-01-03,12010,1175,1,0,0,1,a,a,15000.0,3.0,2010.0,0,0.0,0.0,None,2015,1,3,1,1,Saturday
67,6,2015-01-03,12102,1131,1,0,0,0,d,c,1500.0,1.0,2012.0,0,0.0,0.0,None,2015,1,3,1,1,Saturday
68,6,2015-01-03,5711,601,1,0,0,0,c,c,500.0,7.0,0.0,0,0.0,0.0,None,2015,1,3,1,1,Saturday
69,6,2015-01-03,6298,692,1,0,0,0,d,c,15000.0,1.0,2012.0,1,31.0,2013.0,"Mar,Jun,Sept,Dec",2015,1,3,1,1,Saturday
70,6,2015-01-03,3218,311,1,0,0,1,a,a,3000.0,5.0,0.0,0,0.0,0.0,None,2015,1,3,1,1,Saturday
71,6,2015-01-03,2432,319,1,0,0,0,a,c,120.0,1.0,2008.0,1,31.0,2009.0,"Jan,Apr,Jul,Oct",2015,1,3,1,1,Saturday
72,6,2015-01-03,6107,510,1,0,0,0,a,c,7500.0,9.0,2010.0,0,0.0,0.0,None,2015,1,3,1,1,Saturday
73,6,2015-01-03,5771,835,1,0,0,0,d,c,500.0,5.0,2008.0,1,40.0,2013.0,"Mar,Jun,Sept,Dec",2015,1,3,1,1,Saturday
74,6,2015-01-03,6459,1170,1,0,0,0,a,a,500.0,7.0,2012.0,0,0.0,0.0,None,2015,1,3,1,1,Saturday
75,6,2015-01-03,2588,319,1,0,0,0,c,c,3000.0,11.0,0.0,1,14.0,2009.0,"Feb,May,Aug,Nov",2015,1,3,1,1,Saturday
76,6,2015-01-03,6343,1027,1,0,0,0,a,a,120.0,0.0,2014.0,0,0.0,0.0,None,2015,1,3,1,1,Saturday
77,6,2015-01-03,9225,1065,1,0,0,0,d,c,1500.0,11.0,2012.0,0,0.0,0.0,None,2015,1,3,1,1,Saturday
78,6,2015-01-03,2726,359,1,0,0,0,d,c,500.0,3.0,2010.0,0,0.0,0.0,None,2015,1,3,1,1,Saturday
79,6,2015-01-03,4222,408,1,0,0,0,a,a,500.0,0.0,2012.0,1,14.0,2015.0,"Mar,Jun,Sept,Dec",2015,1,3,1,1,Saturday
80,6,2015-01-03,8908,1003,1,0,0,0,a,a,15000.0,9.0,2010.0,0,0.0,0.0,None,2015,1,3,1,1,Saturday
81,6,2015-01-03,3389,482,1,0,0,0,a,a,1500.0,1.0,2010.0,1,22.0,2009.0,"Jan,Apr,Jul,Oct",2015,1,3,1,1,Saturday
82,6,2015-01-03,11132,1062,1,0,0,0,a,a,1500.0,0.0,0.0,0,0.0,0.0,None,2015,1,3,1,1,Saturday
83,6,2015-01-03,6750,700,1,0,0,0,a,c,500.0,7.0,2014.0,0,0.0,0.0,None,2015,1,3,1,1,Saturday
84,6,2015-01-03,12049,1009,1,0,0,0,d,a,1500.0,0.0,2005.0,0,0.0,0.0,None,2015,1,3,1,1,Saturday
85,6,2015-01-03,4766,699,1,0,0,0,d,c,120.0,0.0,2014.0,1,1.0,2013.0,"Jan,Apr,Jul,Oct",2015,1,3,1,1,Saturday
86,6,2015-01-03,5193,918,1,0,0,0,d,a,3000.0,0.0,2012.0,0,0.0,0.0,None,2015,1,3,1,1,Saturday
87,6,2015-01-03,12450,1176,1,0,0,0,a,a,1500.0,0.0,0.0,0,0.0,0.0,None,2015,1,3,1,1,Saturday
88,6,2015-01-03,9655,880,1,0,0,0,d,c,3000.0,3.0,2012.0,1,31.0,2009.0,"Feb,May,Aug,Nov",2015,1,3,1,1,Saturday
89,6,2015-01-03,8665,1003,1,0,0,0,d,a,1500.0,9.0,0.0,1,31.0,2015.0,"Feb,May,Aug,Nov",2015,1,3,1,1,Saturday
90,6,2015-01-03,5183,594,1,0,0,0,d,c,1500.0,0.0,0.0,0,0.0,0.0,None,2015,1,3,1,1,Saturday
91,6,2015-01-03,7238,1108,1,0,0,0,a,c,1500.0,3.0,2008.0,0,0.0,0.0,None,2015,1,3,1,1,Saturday
92,6,2015-01-03,8744,895,1,0,0,0,d,c,120.0,3.0,0.0,1,31.0,2009.0,"Feb,May,Aug,Nov",2015,1,3,1,1,Saturday
93,6,2015-01-03,6725,917,1,0,0,0,d,a,120.0,5.0,2005.0,0,0.0,0.0,None,2015,1,3,1,1,Saturday
94,6,2015-01-03,4052,569,1,0,0,0,c,a,500.0,11.0,2005.0,0,0.0,0.0,None,2015,1,3,1,1,Saturday
95,6,2015-01-03,10843,1028,1,0,0,0,a,c,500.0,11.0,2005.0,1,31.0,2009.0,"Feb,May,Aug,Nov",2015,1,3,1,1,Saturday
96,6,2015-01-03,5422,918,1,0,0,1,d,c,500.0,7.0,2005.0,1,10.0,2009.0,"Feb,May,Aug,Nov",2015,1,3,1,1,Saturday
97,6,2015-01-03,8082,989,1,0,0,0,c,a,120.0,0.0,2008.0,0,0.0,0.0,None,2015,1,3,1,1,Saturday
98,6,2015-01-03,9530,971,1,0,0,0,c,a,500.0,3.0,2008.0,1,10.0,2009.0,"Feb,May,Aug,Nov",2015,1,3,1,1,Saturday
99,6,2015-01-03,7888,725,1,0,0,1,a,c,500.0,1.0,2012.0,0,0.0,0.0,None,2015,1,3,1,1,Saturday
100,6,2015-01-03,7274,613,1,0,0,0,b,c,500.0,9.0,2005.0,0,0.0,0.0,None,2015,1,3,1,1,Saturday
1,7,2015-01-04,0,0,0,0,0,0,a,c,3000.0,7.0,2012.0,0,0.0,0.0,None,2015,1,4,1,1,Sunday
2,7,2015-01-04,0,0,0,0,0,0,a,a,7500.0,5.0,2008.0,0,0.0,0.0,None,2015,1,4,1,1,Sunday
3,7,2015-01-04,0,0,0,0,0,0,d,c,500.0,5.0,2012.0,1,10.0,2011.0,"Jan,Apr,Jul,Oct",2015,1,4,1,1,Sunday
4,7,2015-01-04,0,0,0,0,0,0,a,a,1500.0,1.0,2010.0,1,40.0,2011.0,"Mar,Jun,Sept,Dec",2015,1,4,1,1,Sunday
5,7,2015-01-04,0,0,0,0,0,1,c,a,15000.0,0.0,2008.0,1,31.0,2009.0,"Mar,Jun,Sept,Dec",2015,1,4,1,1,Sunday
6,7,2015-01-04,0,0,0,0,0,0,a,c,1500.0,1.0,0.0,0,0.0,0.0,None,2015,1,4,1,1,Sunday
7,7,2015-01-04,0,0,0,0,0,0,a,a,1500.0,5.0,2012.0,1,14.0,2011.0,"Jan,Apr,Jul,Oct",2015,1,4,1,1,Sunday
8,7,2015-01-04,0,0,0,0,0,0,a,c,500.0,9.0,2014.0,1,40.0,2009.0,"Mar,Jun,Sept,Dec",2015,1,4,1,1,Sunday
9,7,2015-01-04,0,0,0,0,0,0,d,a,500.0,5.0,2014.0,1,40.0,2013.0,"Jan,Apr,Jul,Oct",2015,1,4,1,1,Sunday
10,7,2015-01-04,0,0,0,0,0,0,d,c,3000.0,11.0,2012.0,1,1.0,2015.0,"Jan,Apr,Jul,Oct",2015,1,4,1,1,Sunday
11,7,2015-01-04,0,0,0,0,0,0,a,c,120.0,11.0,0.0,1,22.0,2015.0,"Mar,Jun,Sept,Dec",2015,1,4,1,1,Sunday
12,7,2015-01-04,0,0,0,0,0,1,d,c,3000.0,0.0,2008.0,0,0.0,0.0,None,2015,1,4,1,1,Sunday
13,7,2015-01-04,0,0,0,0,0,0,a,a,7500.0,5.0,2005.0,0,0.0,0.0,None,2015,1,4,1,1,Sunday
14,7,2015-01-04,0,0,0,0,0,0,a,c,1500.0,5.0,2014.0,1,1.0,2013.0,"Jan,Apr,Jul,Oct",2015,1,4,1,1,Sunday
15,7,2015-01-04,0,0,0,0,0,0,d,c,3000.0,11.0,2014.0,1,1.0,2013.0,"Mar,Jun,Sept,Dec",2015,1,4,1,1,Sunday
16,7,2015-01-04,0,0,0,0,0,1,a,a,500.0,11.0,0.0,0,0.0,0.0,None,2015,1,4,1,1,Sunday
17,7,2015-01-04,0,0,0,0,0,0,a,c,500.0,7.0,2008.0,0,0.0,0.0,None,2015,1,4,1,1,Sunday
18,7,2015-01-04,0,0,0,0,0,0,d,c,1500.0,5.0,2005.0,1,40.0,2009.0,"Jan,Apr,Jul,Oct",2015,1,4,1,1,Sunday
19,7,2015-01-04,0,0,0,0,0,0,d,c,120.0,9.0,2014.0,1,10.0,2013.0,"Jan,Apr,Jul,Oct",2015,1,4,1,1,Sunday
20,7,2015-01-04,0,0,0,0,0,0,a,a,500.0,9.0,0.0,1,1.0,2013.0,"Mar,Jun,Sept,Dec",2015,1,4,1,1,Sunday
21,7,2015-01-04,0,0,0,0,0,0,a,c,1500.0,0.0,2008.0,0,0.0,0.0,None,2015,1,4,1,1,Sunday
22,7,2015-01-04,0,0,0,0,0,0,a,a,500.0,0.0,2010.0,0,0.0,0.0,None,2015,1,4,1,1,Sunday
23,7,2015-01-04,0,0,0,0,0,0,d,c,500.0,1.0,2008.0,0,0.0,0.0,None,2015,1,4,1,1,Sunday
24,7,2015-01-04,0,0,0,0,0,0,a,a,1500.0,1.0,2010.0,0,0.0,0.0,None,2015,1,4,1,1,Sunday
25,7,2015-01-04,0,0,0,0,0,1,a,c,500.0,1.0,2012.0,0,0.0,0.0,None,2015,1,4,1,1,Sunday
26,7,2015-01-04,0,0,0,0,0,1,d,a,1500.0,3.0,2008.0,0,0.0,0.0,None,2015,1,4,1,1,Sunday
27,7,2015-01-04,0,0,0,0,0,0,d,a,15000.0,9.0,2008.0,1,1.0,2009.0,"Mar,Jun,Sept,Dec",2015,1,4,1,1,Sunday
28,7,2015-01-04,0,0,0,0,0,0,a,a,1500.0,3.0,2010.0,0,0.0,0.0,None,2015,1,4,1,1,Sunday
29,7,2015-01-04,0,0,0,0,0,0,a,a,1500.0,5.0,0.0,1,10.0,2015.0,"Jan,Apr,Jul,Oct",2015,1,4,1,1,Sunday
30,7,2015-01-04,0,0,0,0,0,0,c,c,500.0,11.0,2014.0,1,22.0,2015.0,"Feb,May,Aug,Nov",2015,1,4,1,1,Sunday
31,7,2015-01-04,0,0,0,0,0,0,d,c,500.0,0.0,2014.0,1,31.0,2015.0,"Mar,Jun,Sept,Dec",2015,1,4,1,1,Sunday
32,7,2015-01-04,0,0,0,0,0,0,a,a,3000.0,3.0,2010.0,1,1.0,2015.0,"Mar,Jun,Sept,Dec",2015,1,4,1,1,Sunday
33,7,2015-01-04,0,0,0,0,0,0,d,c,1500.0,9.0,2008.0,0,0.0,0.0,None,2015,1,4,1,1,Sunday
34,7,2015-01-04,0,0,0,0,0,1,d,c,500.0,9.0,2005.0,0,0.0,0.0,None,2015,1,4,1,1,Sunday
35,7,2015-01-04,0,0,0,0,0,0,a,c,120.0,5.0,0.0,1,22.0,2015.0,"Mar,Jun,Sept,Dec",2015,1,4,1,1,Sunday
36,7,2015-01-04,0,0,0,0,0,0,d,a,1500.0,3.0,2008.0,1,40.0,2011.0,"Feb,May,Aug,Nov",2015,1,4,1,1,Sunday
37,7,2015-01-04,0,0,0,0,0,0,d,a,7500.0,3.0,2008.0,1,40.0,2009.0,"Mar,Jun,Sept,Dec",2015,1,4,1,1,Sunday
38,7,2015-01-04,0,0,0,0,0,0,a,a,3000.0,3.0,2010.0,0,0.0,0.0,None,2015,1,4,1,1,Sunday
39,7,2015-01-04,0,0,0,0,0,0,c,a,7500.0,7.0,2014.0,1,14.0,2015.0,"Jan,Apr,Jul,Oct",2015,1,4,1,1,Sunday
40,7,2015-01-04,0,0,0,0,0,0,d,a,1500.0,11.0,2008.0,1,22.0,2013.0,"Jan,Apr,Jul,Oct",2015,1,4,1,1,Sunday
41,7,2015-01-04,0,0,0,0,0,0,a,c,500.0,1.0,0.0,0,0.0,0.0,None,2015,1,4,1,1,Sunday
42,7,2015-01-04,0,0,0,0,0,0,d,c,120.0,1.0,2014.0,0,0.0,0.0,None,2015,1,4,1,1,Sunday
43,7,2015-01-04,0,0,0,0,0,0,a,a,500.0,0.0,0.0,1,31.0,2011.0,"Mar,Jun,Sept,Dec",2015,1,4,1,1,Sunday
44,7,2015-01-04,0,0,0,0,0,0,a,a,1500.0,5.0,2005.0,0,0.0,0.0,None,2015,1,4,1,1,Sunday
45,7,2015-01-04,0,0,0,0,0,1,c,a,120.0,9.0,2014.0,1,22.0,2011.0,"Feb,May,Aug,Nov",2015,1,4,1,1,Sunday
46,7,2015-01-04,0,0,0,0,0,1,a,c,500.0,1.0,2014.0,0,0.0,0.0,None,2015,1,4,1,1,Sunday
47,7,2015-01-04,0,0,0,0,0,1,c,a,1500.0,0.0,0.0,1,40.0,2013.0,"Jan,Apr,Jul,Oct",2015,1,4,1,1,Sunday
48,7,2015-01-04,0,0,0,0,0,0,a,c,500.0,7.0,2010.0,1,22.0,2011.0,"Mar,Jun,Sept,Dec",2015,1,4,1,1,Sunday
49,7,2015-01-04,0,0,0,0,0,0,d,a,120.0,1.0,2010.0,1,14.0,2009.0,"Mar,Jun,Sept,Dec",2015,1,4,1,1,Sunday
50,7,2015-01-04,0,0,0,0,0,1,a,c,500.0,1.0,2012.0,0,0.0,0.0,None,2015,1,4,1,1,Sunday
51,7,2015-01-04,0,0,0,0,0,0,a,c,120.0,1.0,0.0,0,0.0,0.0,None,2015,1,4,1,1,Sunday
52,7,2015-01-04,0,0,0,0,0,0,a,a,120.0,7.0,2012.0,1,31.0,2013.0,"Mar,Jun,Sept,Dec",2015,1,4,1,1,Sunday
53,7,2015-01-04,0,0,0,0,0,0,a,c,1500.0,0.0,0.0,1,14.0,2009.0,"Feb,May,Aug,Nov",2015,1,4,1,1,Sunday
54,7,2015-01-04,0,0,0,0,0,0,a,a,1500.0,0.0,0.0,0,0.0,0.0,None,2015,1,4,1,1,Sunday
55,7,2015-01-04,0,0,0,0,0,1,d,c,1500.0,1.0,2005.0,1,22.0,2009.0,"Feb,May,Aug,Nov",2015,1,4,1,1,Sunday
56,7,2015-01-04,0,0,0,0,0,0,a,a,1500.0,7.0,2010.0,0,0.0,0.0,None,2015,1,4,1,1,Sunday
57,7,2015-01-04,0,0,0,0,0,0,a,c,1500.0,0.0,2012.0,1,10.0,2009.0,"Mar,Jun,Sept,Dec",2015,1,4,1,1,Sunday
58,7,2015-01-04,0,0,0,0,0,0,d,c,1500.0,0.0,0.0,1,14.0,2009.0,"Mar,Jun,Sept,Dec",2015,1,4,1,1,Sunday
59,7,2015-01-04,0,0,0,0,0,0,d,c,500.0,7.0,2012.0,0,0.0,0.0,None,2015,1,4,1,1,Sunday
60,7,2015-01-04,0,0,0,0,0,1,a,a,1500.0,11.0,0.0,1,31.0,2011.0,"Feb,May,Aug,Nov",2015,1,4,1,1,Sunday
61,7,2015-01-04,0,0,0,0,0,0,a,c,500.0,5.0,2005.0,1,31.0,2013.0,"Jan,Apr,Jul,Oct",2015,1,4,1,1,Sunday
62,7,2015-01-04,0,0,0,0,0,0,a,a,15000.0,5.0,2005.0,0,0.0,0.0,None,2015,1,4,1,1,Sunday
63,7,2015-01-04,0,0,0,0,0,1,c,c,3000.0,5.0,2005.0,0,0.0,0.0,None,2015,1,4,1,1,Sunday
64,7,2015-01-04,0,0,0,0,0,0,c,c,1500.0,5.0,0.0,1,1.0,2013.0,"Jan,Apr,Jul,Oct",2015,1,4,1,1,Sunday
65,7,2015-01-04,0,0,0,0,0,0,a,c,1500.0,0.0,2014.0,0,0.0,0.0,None,2015,1,4,1,1,Sunday
66,7,2015-01-04,0,0,0,0,0,0,a,a,15000.0,3.0,2010.0,0,0.0,0.0,None,2015,1,4,1,1,Sunday
67,7,2015-01-04,0,0,0,0,0,0,d,c,1500.0,1.0,2012.0,0,0.0,0.0,None,2015,1,4,1,1,Sunday
68,7,2015-01-04,0,0,0,0,0,0,c,c,500.0,7.0,0.0,0,0.0,0.0,None,2015,1,4,1,1,Sunday
69,7,2015-01-04,0,0,0,0,0,0,d,c,15000.0,1.0,2012.0,1,31.0,2013.0,"Mar,Jun,Sept,Dec",2015,1,4,1,1,Sunday
70,7,2015-01-04,0,0,0,0,0,0,a,a,3000.0,5.0,0.0,0,0.0,0.0,None,2015,1,4,1,1,Sunday
71,7,2015-01-04,0,0,0,0,0,0,a,c,120.0,1.0,2008.0,1,31.0,2009.0,"Jan,Apr,Jul,Oct",2015,1,4,1,1,Sunday
72,7,2015-01-04,0,0,0,0,0,1,a,c,7500.0,9.0,2010.0,0,0.0,0.0,None,2015,1,4,1,1,Sunday
73,7,2015-01-04,0,0,0,0,0,0,d,c,500.0,5.0,2008.0,1,40.0,2013.0,"Mar,Jun,Sept,Dec",2015,1,4,1,1,Sunday
74,7,2015-01-04,0,0,0,0,0,0,a,a,500.0,7.0,2012.0,0,0.0,0.0,None,2015,1,4,1,1,Sunday
75,7,2015-01-04,0,0,0,0,0,0,c,c,3000.0,11.0,0.0,1,14.0,2009.0,"Feb,May,Aug,Nov",2015,1,4,1,1,Sunday
76,7,2015-01-04,0,0,0,0,0,0,a,a,120.0,0.0,2014.0,0,0.0,0.0,None,2015,1,4,1,1,Sunday
77,7,2015-01-04,0,0,0,0,0,0,d,c,1500.0,11.0,2012.0,0,0.0,0.0,None,2015,1,4,1,1,Sunday
78,7,2015-01-04,0,0,0,0,0,1,d,c,500.0,3.0,2010.0,0,0.0,0.0,None,2015,1,4,1,1,Sunday
79,7,2015-01-04,0,0,0,0,0,1,a,a,500.0,0.0,2012.0,1,14.0,2015.0,"Mar,Jun,Sept,Dec",2015,1,4,1,1,Sunday
80,7,2015-01-04,0,0,0,0,0,0,a,a,15000.0,9.0,2010.0,0,0.0,0.0,None,2015,1,4,1,1,Sunday
81,7,2015-01-04,0,0,0,0,0,1,a,a,1500.0,1.0,2010.0,1,22.0,2009.0,"Jan,Apr,Jul,Oct",2015,1,4,1,1,Sunday
82,7,2015-01-04,0,0,0,0,0,0,a,a,1500.0,0.0,0.0,0,0.0,0.0,None,2015,1,4,1,1,Sunday
83,7,2015-01-04,0,0,0,0,0,0,a,c,500.0,7.0,2014.0,0,0.0,0.0,None,2015,1,4,1,1,Sunday
84,7,2015-01-04,0,0,0,0,0,0,d,a,1500.0,0.0,2005.0,0,0.0,0.0,None,2015,1,4,1,1,Sunday
85,7,2015-01-04,0,0,0,0,0,1,d,c,120.0,0.0,2014.0,1,1.0,2013.0,"Jan,Apr,Jul,Oct",2015,1,4,1,1,Sunday
86,7,2015-01-04,0,0,0,0,0,0,d,a,3000.0,0.0,2012.0,0,0.0,0.0,None,2015,1,4,1,1,Sunday
87,7,2015-01-04,0,0,0,0,0,0,a,a,1500.0,0.0,0.0,0,0.0,0.0,None,2015,1,4,1,1,Sunday
88,7,2015-01-04,0,0,0,0,0,0,d,c,3000.0,3.0,2012.0,1,31.0,2009.0,"Feb,May,Aug,Nov",2015,1,4,1,1,Sunday
89,7,2015-01-04,0,0,0,0,0,0,d,a,1500.0,9.0,0.0,1,31.0,2015.0,"Feb,May,Aug,Nov",2015,1,4,1,1,Sunday
90,7,2015-01-04,0,0,0,0,0,0,d,c,1500.0,0.0,0.0,0,0.0,0.0,None,2015,1,4,1,1,Sunday
91,7,2015-01-04,0,0,0,0,0,1,a,c,1500.0,3.0,2008.0,0,0.0,0.0,None,2015,1,4,1,1,Sunday
92,7,2015-01-04,0,0,0,0,0,1,d,c,120.0,3.0,0.0,1,31.0,2009.0,"Feb,May,Aug,Nov",2015,1,4,1,1,Sunday
93,7,2015-01-04,0,0,0,0,0,0,d,a,120.0,5.0,2005.0,0,0.0,0.0,None,2015,1,4,1,1,Sunday
94,7,2015-01-04,0,0,0,0,0,1,c,a,500.0,11.0,2005.0,0,0.0,0.0,None,2015,1,4,1,1,Sunday
95,7,2015-01-04,0,0,0,0,0,0,a,c,500.0,11.0,2005.0,1,31.0,2009.0,"Feb,May,Aug,Nov",2015,1,4,1,1,Sunday
96,7,2015-01-04,0,0,0,0,0,1,d,c,500.0,7.0,2005.0,1,10.0,2009.0,"Feb,May,Aug,Nov",2015,1,4,1,1,Sunday
97,7,2015-01-04,0,0,0,0,0,0,c,a,120.0,0.0,2008.0,0,0.0,0.0,None,2015,1,4,1,1,Sunday
98,7,2015-01-04,0,0,0,0,0,0,c,a,500.0,3.0,2008.0,1,10.0,2009.0,"Feb,May,Aug,Nov",2015,1,4,1,1,Sunday
99,7,2015-01-04,0,0,0,0,0,0,a,c,500.0,1.0,2012.0,0,0.0,0.0,None,2015,1,4,1,1,Sunday
100,7,2015-01-04,0,0,0,0,0,1,b,c,500.0,9.0,2005.0,0,0.0,0.0,None,2015,1,4,1,1,Sunday
1,1,2015-01-05,5103,836,1,0,0,0,a,c,3000.0,7.0,2012.0,0,0.0,0.0,None,2015,1,5,2,1,Monday
2,1,2015-01-05,12140,944,1,1,0,0,a,a,7500.0,5.0,2008.0,0,0.0,0.0,None,2015,1,5,2,1,Monday
3,1,2015-01-05,6199,510,1,1,0,0,d,c,500.0,5.0,2012.0,1,10.0,2011.0,"Jan,Apr,Jul,Oct",2015,1,5,2,1,Monday
4,1,2015-01-05,8805,1024,1,1,0,0,a,a,1500.0,1.0,2010.0,1,40.0,2011.0,"Mar,Jun,Sept,Dec",2015,1,5,2,1,Monday
5,1,2015-01-05,3590,576,1,0,0,0,c,a,15000.0,0.0,2008.0,1,31.0,2009.0,"Mar,Jun,Sept,Dec",2015,1,5,2,1,Monday
6,1,2015-01-05,3504,340,1,0,0,0,a,c,1500.0,1.0,0.0,0,0.0,0.0,None,2015,1,5,2,1,Monday
7,1,2015-01-05,11014,961,1,1,0,0,a,a,1500.0,5.0,2012.0,1,14.0,2011.0,"Jan,Apr,Jul,Oct",2015,1,5,2,1,Monday
8,1,2015-01-05,11971,1023,1,1,0,0,a,c,500.0,9.0,2014.0,1,40.0,2009.0,"Mar,Jun,Sept,Dec",2015,1,5,2,1,Monday
9,1,2015-01-05,8952,753,1,1,0,0,d,a,500.0,5.0,2014.0,1,40.0,2013.0,"Jan,Apr,Jul,Oct",2015,1,5,2,1,Monday
10,1,2015-01-05,0,0,0,0,0,0,d,c,3000.0,11.0,2012.0,1,1.0,2015.0,"Jan,Apr,Jul,Oct",2015,1,5,2,1,Monday
11,1,2015-01-05,3767,442,1,1,0,0,a,c,120.0,11.0,0.0,1,22.0,2015.0,"Mar,Jun,Sept,Dec",2015,1,5,2,1,Monday
12,1,2015-01-05,5322,759,1,0,0,0,d,c,3000.0,0.0,2008.0,0,0.0,0.0,None,2015,1,5,2,1,Monday
13,1,2015-01-05,12303,1036,1,1,0,0,a,a,7500.0,5.0,2005.0,0,0.0,0.0,None,2015,1,5,2,1,Monday
14,1,2015-01-05,5920,849,1,0,0,0,a,c,1500.0,5.0,2014.0,1,1.0,2013.0,"Jan,Apr,Jul,Oct",2015,1,5,2,1,Monday
15,1,2015-01-05,9862,1145,1,0,0,1,d,c,3000.0,11.0,2014.0,1,1.0,2013.0,"Mar,Jun,Sept,Dec",2015,1,5,2,1,Monday
16,1,2015-01-05,7074,1026,1,1,0,1,a,a,500.0,11.0,0.0,0,0.0,0.0,None,2015,1,5,2,1,Monday
17,1,2015-01-05,4100,583,1,1,0,0,a,c,500.0,7.0,2008.0,0,0.0,0.0,None,2015,1,5,2,1,Monday
18,1,2015-01-05,6831,932,1,0,0,0,d,c,1500.0,5.0,2005.0,1,40.0,2009.0,"Jan,Apr,Jul,Oct",2015,1,5,2,1,Monday
19,1,2015-01-05,5974,975,1,0,0,0,d,c,120.0,9.0,2014.0,1,10.0,2013.0,"Jan,Apr,Jul,Oct",2015,1,5,2,1,Monday
20,1,2015-01-05,8948,953,1,0,0,0,a,a,500.0,9.0,0.0,1,1.0,2013.0,"Mar,Jun,Sept,Dec",2015,1,5,2,1,Monday
21,1,2015-01-05,5124,367,1,1,0,0,a,c,1500.0,0.0,2008.0,0,0.0,0.0,None,2015,1,5,2,1,Monday
22,1,2015-01-05,4076,426,1,0,0,1,a,a,500.0,0.0,2010.0,0,0.0,0.0,None,2015,1,5,2,1,Monday
23,1,2015-01-05,3411,334,1,1,0,0,d,c,500.0,1.0,2008.0,0,0.0,0.0,None,2015,1,5,2,1,Monday
24,1,2015-01-05,3985,575,1,0,0,0,a,a,1500.0,1.0,2010.0,0,0.0,0.0,None,2015,1,5,2,1,Monday
25,1,2015-01-05,6943,623,1,0,0,1,a,c,500.0,1.0,2012.0,0,0.0,0.0,None,2015,1,5,2,1,Monday
26,1,2015-01-05,4405,730,1,0,0,0,d,a,1500.0,3.0,2008.0,0,0.0,0.0,None,2015,1,5,2,1,Monday
27,1,2015-01-05,3040,325,1,1,0,0,d,a,15000.0,9.0,2008.0,1,1.0,2009.0,"Mar,Jun,Sept,Dec",2015,1,5,2,1,Monday
28,1,2015-01-05,10670,968,1,1,0,0,a,a,1500.0,3.0,2010.0,0,0.0,0.0,None,2015,1,5,2,1,Monday
29,1,2015-01-05,8551,878,1,0,0,0,a,a,1500.0,5.0,0.0,1,10.0,2015.0,"Jan,Apr,Jul,Oct",2015,1,5,2,1,Monday
30,1,2015-01-05,8495,883,1,0,0,1,c,c,500.0,11.0,2014.0,1,22.0,2015.0,"Feb,May,Aug,Nov",2015,1,5,2,1,Monday
31,1,2015-01-05,3251,561,1,0,0,0,d,c,500.0,0.0,2014.0,1,31.0,2015.0,"Mar,Jun,Sept,Dec",2015,1,5,2,1,Monday
32,1,2015-01-05,7942,920,1,0,0,0,a,a,3000.0,3.0,2010.0,1,1.0,2015.0,"Mar,Jun,Sept,Dec",2015,1,5,2,1,Monday
33,1,2015-01-05,8751,988,1,0,0,0,d,c,1500.0,9.0,2008.0,0,0.0,0.0,None,2015,1,5,2,1,Monday
34,1,2015-01-05,4360,703,1,0,0,1,d,c,500.0,9.0,2005.0,0,0.0,0.0,None,2015,1,5,2,1,Monday
35,1,2015-01-05,6792,917,1,0,0,0,a,c,120.0,5.0,0.0,1,22.0,2015.0,"Mar,Jun,Sept,Dec",2015,1,5,2,1,Monday
36,1,2015-01-05,6484,828,1,1,0,0,d,a,1500.0,3.0,2008.0,1,40.0,2011.0,"Feb,May,Aug,Nov",2015,1,5,2,1,Monday
37,1,2015-01-05,10094,1003,1,0,0,0,d,a,7500.0,3.0,2008.0,1,40.0,2009.0,"Mar,Jun,Sept,Dec",2015,1,5,2,1,Monday
38,1,2015-01-05,4679,467,1,1,0,0,a,a,3000.0,3.0,2010.0,0,0.0,0.0,None,2015,1,5,2,1,Monday
39,1,2015-01-05,6388,744,1,1,0,0,c,a,7500.0,7.0,2014.0,1,14.0,2015.0,"Jan,Apr,Jul,Oct",2015,1,5,2,1,Monday
40,1,2015-01-05,5197,452,1,1,0,0,d,a,1500.0,11.0,2008.0,1,22.0,2013.0,"Jan,Apr,Jul,Oct",2015,1,5,2,1,Monday
41,1,2015-01-05,12928,1151,1,1,0,0,a,c,500.0,1.0,0.0,0,0.0,0.0,None,2015,1,5,2,1,Monday
42,1,2015-01-05,5839,784,1,1,0,0,d,c,120.0,1.0,2014.0,0,0.0,0.0,None,2015,1,5,2,1,Monday
43,1,2015-01-05,9661,1054,1,1,0,0,a,a,500.0,0.0,0.0,1,31.0,2011.0,"Mar,Jun,Sept,Dec",2015,1,5,2,1,Monday
44,1,2015-01-05,11228,1118,1,1,0,0,a,a,1500.0,5.0,2005.0,0,0.0,0.0,None,2015,1,5,2,1,Monday
45,1,2015-01-05,9502,850,1,0,0,0,c,a,120.0,9.0,2014.0,1,22.0,2011.0,"Feb,May,Aug,Nov",2015,1,5,2,1,Monday
46,1,2015-01-05,6948,686,1,1,0,0,a,c,500.0,1.0,2014.0,0,0.0,0.0,None,2015,1,5,2,1,Monday
47,1,2015-01-05,5935,534,1,1,0,0,c,a,1500.0,0.0,0.0,1,40.0,2013.0,"Jan,Apr,Jul,Oct",2015,1,5,2,1,Monday
48,1,2015-01-05,4071,426,1,1,0,1,a,c,500.0,7.0,2010.0,1,22.0,2011.0,"Mar,Jun,Sept,Dec",2015,1,5,2,1,Monday
49,1,2015-01-05,3367,406,1,0,0,0,d,a,120.0,1.0,2010.0,1,14.0,2009.0,"Mar,Jun,Sept,Dec",2015,1,5,2,1,Monday
50,1,2015-01-05,2764,329,1,0,0,1,a,c,500.0,1.0,2012.0,0,0.0,0.0,None,2015,1,5,2,1,Monday
51,1,2015-01-05,2822,340,1,0,0,0,a,c,120.0,1.0,0.0,0,0.0,0.0,None,2015,1,5,2,1,Monday
52,1,2015-01-05,4205,417,1,0,0,0,a,a,120.0,7.0,2012.0,1,31.0,2013.0,"Mar,Jun,Sept,Dec",2015,1,5,2,1,Monday
53,1,2015-01-05,1966,306,1,0,0,0,a,c,1500.0,0.0,0.0,1,14.0,2009.0,"Feb,May,Aug,Nov",2015,1,5,2,1,Monday
54,1,2015-01-05,6345,501,1,1,0,0,a,a,1500.0,0.0,0.0,0,0.0,0.0,None,2015,1,5,2,1,Monday
55,1,2015-01-05,5220,694,1,0,0,0,d,c,1500.0,1.0,2005.0,1,22.0,2009.0,"Feb,May,Aug,Nov",2015,1,5,2,1,Monday
56,1,2015-01-05,8810,739,1,0,0,1,a,a,1500.0,7.0,2010.0,0,0.0,0.0,None,2015,1,5,2,1,Monday
57,1,2015-01-05,8001,675,1,0,0,1,a,c,1500.0,0.0,2012.0,1,10.0,2009.0,"Mar,Jun,Sept,Dec",2015,1,5,2,1,Monday
58,1,2015-01-05,5310,662,1,0,0,0,d,c,1500.0,0.0,0.0,1,14.0,2009.0,"Mar,Jun,Sept,Dec",2015,1,5,2,1,Monday
59,1,2015-01-05,4014,544,1,0,0,0,d,c,500.0,7.0,2012.0,0,0.0,0.0,None,2015,1,5,2,1,Monday
60,1,2015-01-05,3765,334,1,0,0,0,a,a,1500.0,11.0,0.0,1,31.0,2011.0,"Feb,May,Aug,Nov",2015,1,5,2,1,Monday
61,1,2015-01-05,0,0,0,0,0,0,a,c,500.0,5.0,2005.0,1,31.0,2013.0,"Jan,Apr,Jul,Oct",2015,1,5,2,1,Monday
62,1,2015-01-05,7982,1035,1,0,0,0,a,a,15000.0,5.0,2005.0,0,0.0,0.0,None,2015,1,5,2,1,Monday
63,1,2015-01-05,0,0,0,0,0,0,c,c,3000.0,5.0,2005.0,0,0.0,0.0,None,2015,1,5,2,1,Monday
64,1,2015-01-05,8943,1198,1,0,0,1,c,c,1500.0,5.0,0.0,1,1.0,2013.0,"Jan,Apr,Jul,Oct",2015,1,5,2,1,Monday
65,1,2015-01-05,4949,682,1,0,0,0,a,c,1500.0,0.0,2014.0,0,0.0,0.0,None,2015,1,5,2,1,Monday
66,1,2015-01-05,6946,579,1,0,0,0,a,a,15000.0,3.0,2010.0,0,0.0,0.0,None,2015,1,5,2,1,Monday
67,1,2015-01-05,5877,572,1,0,0,0,d,c,1500.0,1.0,2012.0,0,0.0,0.0,None,2015,1,5,2,1,Monday
68,1,2015-01-05,4756,464,1,0,0,0,c,c,500.0,7.0,0.0,0,0.0,0.0,None,2015,1,5,2,1,Monday
69,1,2015-01-05,6093,958,1,0,0,0,d,c,15000.0,1.0,2012.0,1,31.0,2013.0,"Mar,Jun,Sept,Dec",2015,1,5,2,1,Monday
70,1,2015-01-05,3779,439,1,1,0,0,a,a,3000.0,5.0,0.0,0,0.0,0.0,None,2015,1,5,2,1,Monday
71,1,2015-01-05,2722,319,1,0,0,0,a,c,120.0,1.0,2008.0,1,31.0,2009.0,"Jan,Apr,Jul,Oct",2015,1,5,2,1,Monday
72,1,2015-01-05,9305,919,1,1,0,0,a,c,7500.0,9.0,2010.0,0,0.0,0.0,None,2015,1,5,2,1,Monday
73,1,2015-01-05,6043,886,1,0,0,0,d,c,500.0,5.0,2008.0,1,40.0,2013.0,"Mar,Jun,Sept,Dec",2015,1,5,2,1,Monday
74,1,2015-01-05,8573,798,1,1,0,1,a,a,500.0,7.0,2012.0,0,0.0,0.0,None,2015,1,5,2,1,Monday
75,1,2015-01-05,10322,986,1,0,0,0,c,c,3000.0,11.0,0.0,1,14.0,2009.0,"Feb,May,Aug,Nov",2015,1,5,2,1,Monday
76,1,2015-01-05,12586,1139,1,0,0,1,a,a,120.0,0.0,2014.0,0,0.0,0.0,None,2015,1,5,2,1,Monday
77,1,2015-01-05,9825,874,1,0,0,0,d,c,1500.0,11.0,2012.0,0,0.0,0.0,None,2015,1,5,2,1,Monday
78,1,2015-01-05,11176,1019,1,1,0,0,d,c,500.0,3.0,2010.0,0,0.0,0.0,None,2015,1,5,2,1,Monday
79,1,2015-01-05,11435,1109,1,1,0,0,a,a,500.0,0.0,2012.0,1,14.0,2015.0,"Mar,Jun,Sept,Dec",2015,1,5,2,1,Monday
80,1,2015-01-05,10124,995,1,1,0,0,a,a,15000.0,9.0,2010.0,0,0.0,0.0,None,2015,1,5,2,1,Monday
81,1,2015-01-05,3547,412,1,1,0,0,a,a,1500.0,1.0,2010.0,1,22.0,2009.0,"Jan,Apr,Jul,Oct",2015,1,5,2,1,Monday
82,1,2015-01-05,2424,300,1,1,0,1,a,a,1500.0,0.0,0.0,0,0.0,0.0,None,2015,1,5,2,1,Monday
83,1,2015-01-05,5837,426,1,1,0,0,a,c,500.0,7.0,2014.0,0,0.0,0.0,None,2015,1,5,2,1,Monday
84,1,2015-01-05,6808,683,1,0,0,0,d,a,1500.0,0.0,2005.0,0,0.0,0.0,None,2015,1,5,2,1,Monday
85,1,2015-01-05,4505,487,1,0,0,0,d,c,120.0,0.0,2014.0,1,1.0,2013.0,"Jan,Apr,Jul,Oct",2015,1,5,2,1,Monday
86,1,2015-01-05,9369,827,1,1,0,0,d,a,3000.0,0.0,2012.0,0,0.0,0.0,None,2015,1,5,2,1,Monday
87,1,2015-01-05,4111,487,1,1,0,0,a,a,1500.0,0.0,0.0,0,0.0,0.0,None,2015,1,5,2,1,Monday
88,1,2015-01-05,4816,594,1,0,0,0,d,c,3000.0,3.0,2012.0,1,31.0,2009.0,"Feb,May,Aug,Nov",2015,1,5,2,1,Monday
89,1,2015-01-05,9588,1032,1,0,0,1,d,a,1500.0,9.0,0.0,1,31.0,2015.0,"Feb,May,Aug,Nov",2015,1,5,2,1,Monday
90,1,2015-01-05,7022,832,1,1,0,1,d,c,1500.0,0.0,0.0,0,0.0,0.0,None,2015,1,5,2,1,Monday
91,1,2015-01-05,3585,322,1,0,0,1,a,c,1500.0,3.0,2008.0,0,0.0,0.0,None,2015,1,5,2,1,Monday
92,1,2015-01-05,4771,459,1,1,0,0,d,c,120.0,3.0,0.0,1,31.0,2009.0,"Feb,May,Aug,Nov",2015,1,5,2,1,Monday
93,1,2015-01-05,3699,321,1,1,0,1,d,a,120.0,5.0,2005.0,0,0.0,0.0,None,2015,1,5,2,1,Monday
94,1,2015-01-05,6862,930,1,1,0,0,c,a,500.0,11.0,2005.0,0,0.0,0.0,None,2015,1,5,2,1,Monday
95,1,2015-01-05,9177,1015,1,1,0,0,a,c,500.0,11.0,2005.0,1,31.0,2009.0,"Feb,May,Aug,Nov",2015,1,5,2,1,Monday
96,1,2015-01-05,3696,395,1,0,0,0,d,c,500.0,7.0,2005.0,1,10.0,2009.0,"Feb,May,Aug,Nov",2015,1,5,2,1,Monday
97,1,2015-01-05,8577,624,1,1,0,0,c,a,120.0,0.0,2008.0,0,0.0,0.0,None,2015,1,5,2,1,Monday
98,1,2015-01-05,8787,958,1,0,0,0,c,a,500.0,3.0,2008.0,1,10.0,2009.0,"Feb,May,Aug,Nov",2015,1,5,2,1,Monday
99,1,2015-01-05,4325,440,1,1,0,1,a,c,500.0,1.0,2012.0,0,0.0,0.0,None,2015,1,5,2,1,Monday
100,1,2015-01-05,7181,997,1,1,0,0,b,c,500.0,9.0,2005.0,0,0.0,0.0,None,2015,1,5,2,1,Monday
1,2,2015-01-06,4537,474,1,1,0,0,a,c,3000.0,7.0,2012.0,0,0.0,0.0,None,2015,1,6,2,1,Tuesday
2,2,2015-01-06,9600,822,1,0,0,0,a,a,7500.0,5.0,2008.0,0,0.0,0.0,None,2015,1,6,2,1,Tuesday
3,2,2015-01-06,9900,1022,1,0,0,0,d,c,500.0,5.0,2012.0,1,10.0,2011.0,"Jan,Apr,Jul,Oct",2015,1,6,2,1,Tuesday
4,2,2015-01-06,7321,852,1,0,0,0,a,a,1500.0,1.0,2010.0,1,40.0,2011.0,"Mar,Jun,Sept,Dec",2015,1,6,2,1,Tuesday
5,2,2015-01-06,13200,1191,1,0,0,0,c,a,15000.0,0.0,2008.0,1,31.0,2009.0,"Mar,Jun,Sept,Dec",2015,1,6,2,1,Tuesday
6,2,2015-01-06,7208,827,1,1,0,1,a,c,1500.0,1.0,0.0,0,0.0,0.0,None,2015,1,6,2,1,Tuesday
7,2,2015-01-06,10817,920,1,1,0,0,a,a,1500.0,5.0,2012.0,1,14.0,2011.0,"Jan,Apr,Jul,Oct",2015,1,6,2,1,Tuesday
8,2,2015-01-06,5896,573,1,0,0,0,a,c,500.0,9.0,2014.0,1,40.0,2009.0,"Mar,Jun,Sept,Dec",2015,1,6,2,1,Tuesday
9,2,2015-01-06,6828,737,1,0,0,0,d,a,500.0,5.0,2014.0,1,40.0,2013.0,"Jan,Apr,Jul,Oct",2015,1,6,2,1,Tuesday
10,2,2015-01-06,4413,417,1,0,0,0,d,c,3000.0,11.0,2012.0,1,1.0,2015.0,"Jan,Apr,Jul,Oct",2015,1,6,2,1,Tuesday
11,2,2015-01-06,12416,976,1,1,0,0,a,c,120.0,11.0,0.0,1,22.0,2015.0,"Mar,Jun,Sept,Dec",2015,1,6,2,1,Tuesday
12,2,2015-01-06,5575,686,1,0,0,0,d,c,3000.0,0.0,2008.0,0,0.0,0.0,None,2015,1,6,2,1,Tuesday
13,2,2015-01-06,8328,708,1,0,0,0,a,a,7500.0,5.0,2005.0,0,0.0,0.0,None,2015,1,6,2,1,Tuesday
14,2,2015-01-06,12000,1083,1,1,0,0,a,c,1500.0,5.0,2014.0,1,1.0,2013.0,"Jan,Apr,Jul,Oct",2015,1,6,2,1,Tuesday
15,2,2015-01-06,11539,981,1,1,0,0,d,c,3000.0,11.0,2014.0,1,1.0,2013.0,"Mar,Jun,Sept,Dec",2015,1,6,2,1,Tuesday
16,2,2015-01-06,7665,1035,1,0,0,0,a,a,500.0,11.0,0.0,0,0.0,0.0,None,2015,1,6,2,1,Tuesday
17,2,2015-01-06,1713,311,1,0,0,0,a,c,500.0,7.0,2008.0,0,0.0,0.0,None,2015,1,6,2,1,Tuesday
18,2,2015-01-06,3425,606,1,0,0,1,d,c,1500.0,5.0,2005.0,1,40.0,2009.0,"Jan,Apr,Jul,Oct",2015,1,6,2,1,Tuesday
19,2,2015-01-06,3924,344,1,1,0,0,d,c,120.0,9.0,2014.0,1,10.0,2013.0,"Jan,Apr,Jul,Oct",2015,1,6,2,1,Tuesday
20,2,2015-01-06,5117,525,1,1,0,1,a,a,500.0,9.0,0.0,1,1.0,2013.0,"Mar,Jun,Sept,Dec",2015,1,6,2,1,Tuesday
21,2,2015-01-06,5829,403,1,1,0,0,a,c,1500.0,0.0,2008.0,0,0.0,0.0,None,2015,1,6,2,1,Tuesday
22,2,2015-01-06,7316,1099,1,1,0,0,a,a,500.0,0.0,2010.0,0,0.0,0.0,None,2015,1,6,2,1,Tuesday
23,2,2015-01-06,7956,740,1,1,0,0,d,c,500.0,1.0,2008.0,0,0.0,0.0,None,2015,1,6,2,1,Tuesday
24,2,2015-01-06,7273,755,1,0,0,1,a,a,1500.0,1.0,2010.0,0,0.0,0.0,None,2015,1,6,2,1,Tuesday
25,2,2015-01-06,6638,863,1,0,0,0,a,c,500.0,1.0,2012.0,0,0.0,0.0,None,2015,1,6,2,1,Tuesday
26,2,2015-01-06,6783,541,1,1,0,0,d,a,1500.0,3.0,2008.0,0,0.0,0.0,None,2015,1,6,2,1,Tuesday
27,2,2015-01-06,8015,865,1,1,0,0,d,a,15000.0,9.0,2008.0,1,1.0,2009.0,"Mar,Jun,Sept,Dec",2015,1,6,2,1,Tuesday
28,2,2015-01-06,6770,576,1,0,0,0,a,a,1500.0,3.0,2010.0,0,0.0,0.0,None,2015,1,6,2,1,Tuesday
29,2,2015-01-06,7480,1013,1,1,0,0,a,a,1500.0,5.0,0.0,1,10.0,2015.0,"Jan,Apr,Jul,Oct",2015,1,6,2,1,Tuesday
30,2,2015-01-06,8240,727,1,0,0,0,c,c,500.0,11.0,2014.0,1,22.0,2015.0,"Feb,May,Aug,Nov",2015,1,6,2,1,Tuesday
31,2,2015-01-06,7605,822,1,1,0,0,d,c,500.0,0.0,2014.0,1,31.0,2015.0,"Mar,Jun,Sept,Dec",2015,1,6,2,1,Tuesday
32,2,2015-01-06,6995,859,1,0,0,1,a,a,3000.0,3.0,2010.0,1,1.0,2015.0,"Mar,Jun,Sept,Dec",2015,1,6,2,1,Tuesday
33,2,2015-01-06,0,0,0,0,0,0,d,c,1500.0,9.0,2008.0,0,0.0,0.0,None,2015,1,6,2,1,Tuesday
34,2,2015-01-06,6617,1185,1,0,0,0,d,c,500.0,9.0,2005.0,0,0.0,0.0,None,2015,1,6,2,1,Tuesday
35,2,2015-01-06,7865,653,1,1,0,1,a,c,120.0,5.0,0.0,1,22.0,2015.0,"Mar,Jun,Sept,Dec",2015,1,6,2,1,Tuesday
36,2,2015-01-06,5840,440,1,1,0,0,d,a,1500.0,3.0,2008.0,1,40.0,2011.0,"Feb,May,Aug,Nov",2015,1,6,2,1,Tuesday
37,2,2015-01-06,3575,338,1,0,0,0,d,a,7500.0,3.0,2008.0,1,40.0,2009.0,"Mar,Jun,Sept,Dec",2015,1,6,2,1,Tuesday
38,2,2015-01-06,5812,436,1,1,0,0,a,a,3000.0,3.0,2010.0,0,0.0,0.0,None,2015,1,6,2,1,Tuesday
39,2,2015-01-06,3394,470,1,1,0,0,c,a,7500.0,7.0,2014.0,1,14.0,2015.0,"Jan,Apr,Jul,Oct",2015,1,6,2,1,Tuesday
40,2,2015-01-06,7103,902,1,1,0,0,d,a,1500.0,11.0,2008.0,1,22.0,2013.0,"Jan,Apr,Jul,Oct",2015,1,6,2,1,Tuesday
41,2,2015-01-06,3509,309,1,0,0,0,a,c,500.0,1.0,0.0,0,0.0,0.0,None,2015,1,6,2,1,Tuesday
42,2,2015-01-06,9402,971,1,1,0,1,d,c,120.0,1.0,2014.0,0,0.0,0.0,None,2015,1,6,2,1,Tuesday
43,2,2015-01-06,5722,974,1,0,0,0,a,a,500.0,0.0,0.0,1,31.0,2011.0,"Mar,Jun,Sept,Dec",2015,1,6,2,1,Tuesday
44,2,2015-01-06,3324,415,1,0,0,0,a,a,1500.0,5.0,2005.0,0,0.0,0.0,None,2015,1,6,2,1,Tuesday
45,2,2015-01-06,4902,357,1,1,0,0,c,a,120.0,9.0,2014.0,1,22.0,2011.0,"Feb,May,Aug,Nov",2015,1,6,2,1,Tuesday
46,2,2015-01-06,2822,404,1,0,0,0,a,c,500.0,1.0,2014.0,0,0.0,0.0,None,2015,1,6,2,1,Tuesday
47,2,2015-01-06,9324,1032,1,1,0,0,c,a,1500.0,0.0,0.0,1,40.0,2013.0,"Jan,Apr,Jul,Oct",2015,1,6,2,1,Tuesday
48,2,2015-01-06,6366,581,1,0,0,0,a,c,500.0,7.0,2010.0,1,22.0,2011.0,"Mar,Jun,Sept,Dec",2015,1,6,2,1,Tuesday
49,2,2015-01-06,7859,851,1,1,0,1,d,a,120.0,1.0,2010.0,1,14.0,2009.0,"Mar,Jun,Sept,Dec",2015,1,6,2,1,Tuesday
50,2,2015-01-06,6330,927,1,0,0,0,a,c,500.0,1.0,2012.0,0,0.0,0.0,None,2015,1,6,2,1,Tuesday
51,2,2015-01-06,4728,793,1,0,0,1,a,c,120.0,1.0,0.0,0,0.0,0.0,None,2015,1,6,2,1,Tuesday
52,2,2015-01-06,7712,666,1,1,0,0,a,a,120.0,7.0,2012.0,1,31.0,2013.0,"Mar,Jun,Sept,Dec",2015,1,6,2,1,Tuesday
53,2,2015-01-06,9479,835,1,1,0,0,a,c,1500.0,0.0,0.0,1,14.0,2009.0,"Feb,May,Aug,Nov",2015,1,6,2,1,Tuesday
54,2,2015-01-06,7660,927,1,0,0,0,a,a,1500.0,0.0,0.0,0,0.0,0.0,None,2015,1,6,2,1,Tuesday
55,2,2015-01-06,6631,808,1,0,0,0,d,c,1500.0,1.0,2005.0,1,22.0,2009.0,"Feb,May,Aug,Nov",2015,1,6,2,1,Tuesday
56,2,2015-01-06,7650,914,1,1,0,0,a,a,1500.0,7.0,2010.0,0,0.0,0.0,None,2015,1,6,2,1,Tuesday
57,2,2015-01-06,8962,1143,1,1,0,0,a,c,1500.0,0.0,2012.0,1,10.0,2009.0,"Mar,Jun,Sept,Dec",2015,1,6,2,1,Tuesday
58,2,2015-01-06,8402,1125,1,0,0,0,d,c,1500.0,0.0,0.0,1,14.0,2009.0,"Mar,Jun,Sept,Dec",2015,1,6,2,1,Tuesday
59,2,2015-01-06,3828,484,1,0,0,0,d,c,500.0,7.0,2012.0,0,0.0,0.0,None,2015,1,6,2,1,Tuesday
60,2,2015-01-06,0,0,0,0,0,0,a,a,1500.0,11.0,0.0,1,31.0,2011.0,"Feb,May,Aug,Nov",2015,1,6,2,1,Tuesday
61,2,2015-01-06,3431,571,1,0,0,0,a,c,500.0,5.0,2005.0,1,31.0,2013.0,"Jan,Apr,Jul,Oct",2015,1,6,2,1,Tuesday
62,2,2015-01-06,5139,553,1,0,0,0,a,a,15000.0,5.0,2005.0,0,0.0,0.0,None,2015,1,6,2,1,Tuesday
63,2,2015-01-06,6380,859,1,0,0,0,c,c,3000.0,5.0,2005.0,0,0.0,0.0,None,2015,1,6,2,1,Tuesday
64,2,2015-01-06,4315,490,1,0,0,0,c,c,1500.0,5.0,0.0,1,1.0,2013.0,"Jan,Apr,Jul,Oct",2015,1,6,2,1,Tuesday
65,2,2015-01-06,10974,1082,1,0,0,0,a,c,1500.0,0.0,2014.0,0,0.0,0.0,None,2015,1,6,2,1,Tuesday
66,2,2015-01-06,8969,808,1,0,0,0,a,a,15000.0,3.0,2010.0,0,0.0,0.0,None,2015,1,6,2,1,Tuesday
67,2,2015-01-06,6767,881,1,0,0,0,d,c,1500.0,1.0,2012.0,0,0.0,0.0,None,2015,1,6,2,1,Tuesday
68,2,2015-01-06,10791,1179,1,0,0,0,c,c,500.0,7.0,0.0,0,0.0,0.0,None,2015,1,6,2,1,Tuesday
69,2,2015-01-06,4233,399,1,0,0,0,d,c,15000.0,1.0,2012.0,1,31.0,2013.0,"Mar,Jun,Sept,Dec",2015,1,6,2,1,Tuesday
70,2,2015-01-06,4002,718,1,0,0,0,a,a,3000.0,5.0,0.0,0,0.0,0.0,None,2015,1,6,2,1,Tuesday
71,2,2015-01-06,11703,1027,1,1,0,0,a,c,120.0,1.0,2008.0,1,31.0,2009.0,"Jan,Apr,Jul,Oct",2015,1,6,2,1,Tuesday
72,2,2015-01-06,3693,492,1,0,0,0,a,c,7500.0,9.0,2010.0,0,0.0,0.0,None,2015,1,6,2,1,Tuesday
73,2,2015-01-06,9142,782,1,0,0,1,d,c,500.0,5.0,2008.0,1,40.0,2013.0,"Mar,Jun,Sept,Dec",2015,1,6,2,1,Tuesday
74,2,2015-01-06,8194,751,1,1,0,0,a,a,500.0,7.0,2012.0,0,0.0,0.0,None,2015,1,6,2,1,Tuesday
75,2,2015-01-06,7036,818,1,1,0,0,c,c,3000.0,11.0,0.0,1,14.0,2009.0,"Feb,May,Aug,Nov",2015,1,6,2,1,Tuesday
76,2,2015-01-06,4957,509,1,1,0,1,a,a,120.0,0.0,2014.0,0,0.0,0.0,None,2015,1,6,2,1,Tuesday
77,2,2015-01-06,4248,630,1,0,0,0,d,c,1500.0,11.0,2012.0,0,0.0,0.0,None,2015,1,6,2,1,Tuesday
78,2,2015-01-06,10803,1145,1,0,0,0,d,c,500.0,3.0,2010.0,0,0.0,0.0,None,2015,1,6,2,1,Tuesday
79,2,2015-01-06,3149,318,1,0,0,0,a,a,500.0,0.0,2012.0,1,14.0,2015.0,"Mar,Jun,Sept,Dec",2015,1,6,2,1,Tuesday
80,2,2015-01-06,4664,440,1,0,0,1,a,a,15000.0,9.0,2010.0,0,0.0,0.0,None,2015,1,6,2,1,Tuesday
81,2,2015-01-06,10545,1121,1,0,0,0,a,a,1500.0,1.0,2010.0,1,22.0,2009.0,"Jan,Apr,Jul,Oct",2015,1,6,2,1,Tuesday
82,2,2015-01-06,4838,868,1,0,0,0,a,a,1500.0,0.0,0.0,0,0.0,0.0,None,2015,1,6,2,1,Tuesday
83,2,2015-01-06,7402,624,1,0,0,1,a,c,500.0,7.0,2014.0,0,0.0,0.0,None,2015,1,6,2,1,Tuesday
84,2,2015-01-06,10226,1030,1,1,0,0,d,a,1500.0,0.0,2005.0,0,0.0,0.0,None,2015,1,6,2,1,Tuesday
85,2,2015-01-06,4866,507,1,0,0,0,d,c,120.0,0.0,2014.0,1,1.0,2013.0,"Jan,Apr,Jul,Oct",2015,1,6,2,1,Tuesday
86,2,2015-01-06,4925,594,1,1,0,0,d,a,3000.0,0.0,2012.0,0,0.0,0.0,None,2015,1,6,2,1,Tuesday
87,2,2015-01-06,3450,407,1,0,0,0,a,a,1500.0,0.0,0.0,0,0.0,0.0,None,2015,1,6,2,1,Tuesday
88,2,2015-01-06,8988,1134,1,0,0,0,d,c,3000.0,3.0,2012.0,1,31.0,2009.0,"Feb,May,Aug,Nov",2015,1,6,2,1,Tuesday
89,2,2015-01-06,9867,1044,1,1,0,0,d,a,1500.0,9.0,0.0,1,31.0,2015.0,"Feb,May,Aug,Nov",2015,1,6,2,1,Tuesday
90,2,2015-01-06,5133,453,1,1,0,1,d,c,1500.0,0.0,0.0,0,0.0,0.0,None,2015,1,6,2,1,Tuesday
91,2,2015-01-06,13885,1190,1,1,0,1,a,c,1500.0,3.0,2008.0,0,0.0,0.0,None,2015,1,6,2,1,Tuesday
92,2,2015-01-06,9953,1180,1,1,0,0,d,c,120.0,3.0,0.0,1,31.0,2009.0,"Feb,May,Aug,Nov",2015,1,6,2,1,Tuesday
93,2,2015-01-06,7346,719,1,0,0,1,d,a,120.0,5.0,2005.0,0,0.0,0.0,None,2015,1,6,2,1,Tuesday
94,2,2015-01-06,9646,956,1,1,0,1,c,a,500.0,11.0,2005.0,0,0.0,0.0,None,2015,1,6,2,1,Tuesday
95,2,2015-01-06,4578,426,1,0,0,0,a,c,500.0,11.0,2005.0,1,31.0,2009.0,"Feb,May,Aug,Nov",2015,1,6,2,1,Tuesday
96,2,2015-01-06,3823,547,1,0,0,0,d,c,500.0,7.0,2005.0,1,10.0,2009.0,"Feb,May,Aug,Nov",2015,1,6,2,1,Tuesday
97,2,2015-01-06,9546,979,1,0,0,0,c,a,120.0,0.0,2008.0,0,0.0,0.0,None,2015,1,6,2,1,Tuesday
98,2,2015-01-06,7694,874,1,1,0,0,c,a,500.0,3.0,2008.0,1,10.0,2009.0,"Feb,May,Aug,Nov",2015,1,6,2,1,Tuesday
99,2,2015-01-06,2973,360,1,0,0,0,a,c,500.0,1.0,2012.0,0,0.0,0.0,None,2015,1,6,2,1,Tuesday
100,2,2015-01-06,5458,603,1,1,0,0,b,c,500.0,9.0,2005.0,0,0.0,0.0,None,2015,1,6,2,1,Tuesday
1,3,2015-01-07,10311,888,1,1,0,1,a,c,3000.0,7.0,2012.0,0,0.0,0.0,None,2015,1,7,2,1,Wednesday
2,3,2015-01-07,8750,1049,1,1,0,0,a,a,7500.0,5.0,2008.0,0,0.0,0.0,None,2015,1,7,2,1,Wednesday
3,3,2015-01-07,10319,1156,1,1,0,0,d,c,500.0,5.0,2012.0,1,10.0,2011.0,"Jan,Apr,Jul,Oct",2015,1,7,2,1,Wednesday
4,3,2015-01-07,10474,867,1,1,0,0,a,a,1500.0,1.0,2010.0,1,40.0,2011.0,"Mar,Jun,Sept,Dec",2015,1,7,2,1,Wednesday
5,3,2015-01-07,8200,979,1,0,0,0,c,a,15000.0,0.0,2008.0,1,31.0,2009.0,"Mar,Jun,Sept,Dec",2015,1,7,2,1,Wednesday
6,3,2015-01-07,3316,362,1,1,0,0,a,c,1500.0,1.0,0.0,0,0.0,0.0,None,2015,1,7,2,1,Wednesday
7,3,2015-01-07,2545,434,1,0,0,0,a,a,1500.0,5.0,2012.0,1,14.0,2011.0,"Jan,Apr,Jul,Oct",2015,1,7,2,1,Wednesday
8,3,2015-01-07,2465,302,1,0,0,0,a,c,500.0,9.0,2014.0,1,40.0,2009.0,"Mar,Jun,Sept,Dec",2015,1,7,2,1,Wednesday
9,3,2015-01-07,11377,944,1,1,0,0,d,a,500.0,5.0,2014.0,1,40.0,2013.0,"Jan,Apr,Jul,Oct",2015,1,7,2,1,Wednesday
10,3,2015-01-07,8981,895,1,1,0,1,d,c,3000.0,11.0,2012.0,1,1.0,2015.0,"Jan,Apr,Jul,Oct",2015,1,7,2,1,Wednesday
11,3,2015-01-07,5558,611,1,0,0,0,a,c,120.0,11.0,0.0,1,22.0,2015.0,"Mar,Jun,Sept,Dec",2015,1,7,2,1,Wednesday
12,3,2015-01-07,4919,452,1,0,0,1,d,c,3000.0,0.0,2008.0,0,0.0,0.0,None,2015,1,7,2,1,Wednesday
13,3,2015-01-07,5488,476,1,1,0,0,a,a,7500.0,5.0,2005.0,0,0.0,0.0,None,2015,1,7,2,1,Wednesday
14,3,2015-01-07,2774,305,1,0,0,1,a,c,1500.0,5.0,2014.0,1,1.0,2013.0,"Jan,Apr,Jul,Oct",2015,1,7,2,1,Wednesday
15,3,2015-01-07,4225,386,1,0,0,0,d,c,3000.0,11.0,2014.0,1,1.0,2013.0,"Mar,Jun,Sept,Dec",2015,1,7,2,1,Wednesday
16,3,2015-01-07,4946,756,1,0,0,0,a,a,500.0,11.0,0.0,0,0.0,0.0,None,2015,1,7,2,1,Wednesday
17,3,2015-01-07,6681,923,1,1,0,0,a,c,500.0,7.0,2008.0,0,0.0,0.0,None,2015,1,7,2,1,Wednesday
18,3,2015-01-07,9291,919,1,1,0,0,d,c,1500.0,5.0,2005.0,1,40.0,2009.0,"Jan,Apr,Jul,Oct",2015,1,7,2,1,Wednesday
19,3,2015-01-07,8072,715,1,0,0,0,d,c,120.0,9.0,2014.0,1,10.0,2013.0,"Jan,Apr,Jul,Oct",2015,1,7,2,1,Wednesday
20,3,2015-01-07,9674,973,1,1,0,0,a,a,500.0,9.0,0.0,1,1.0,2013.0,"Mar,Jun,Sept,Dec",2015,1,7,2,1,Wednesday
21,3,2015-01-07,2991,426,1,0,0,0,a,c,1500.0,0.0,2008.0,0,0.0,0.0,None,2015,1,7,2,1,Wednesday
22,3,2015-01-07,3576,436,1,0,0,1,a,a,500.0,0.0,2010.0,0,0.0,0.0,None,2015,1,7,2,1,Wednesday
23,3,2015-01-07,5957,748,1,1,0,0,d,c,500.0,1.0,2008.0,0,0.0,0.0,None,2015,1,7,2,1,Wednesday
24,3,2015-01-07,4294,538,1,1,0,0,a,a,1500.0,1.0,2010.0,0,0.0,0.0,None,2015,1,7,2,1,Wednesday
25,3,2015-01-07,12118,1155,1,1,0,0,a,c,500.0,1.0,2012.0,0,0.0,0.0,None,2015,1,7,2,1,Wednesday
26,3,2015-01-07,6714,613,1,1,0,0,d,a,1500.0,3.0,2008.0,0,0.0,0.0,None,2015,1,7,2,1,Wednesday
27,3,2015-01-07,5426,550,1,1,0,1,d,a,15000.0,9.0,2008.0,1,1.0,2009.0,"Mar,Jun,Sept,Dec",2015,1,7,2,1,Wednesday
28,3,2015-01-07,2465,443,1,0,0,0,a,a,1500.0,3.0,2010.0,0,0.0,0.0,None,2015,1,7,2,1,Wednesday
29,3,2015-01-07,10848,897,1,1,0,0,a,a,1500.0,5.0,0.0,1,10.0,2015.0,"Jan,Apr,Jul,Oct",2015,1,7,2,1,Wednesday
30,3,2015-01-07,4764,712,1,0,0,0,c,c,500.0,11.0,2014.0,1,22.0,2015.0,"Feb,May,Aug,Nov",2015,1,7,2,1,Wednesday
31,3,2015-01-07,8166,841,1,0,0,0,d,c,500.0,0.0,2014.0,1,31.0,2015.0,"Mar,Jun,Sept,Dec",2015,1,7,2,1,Wednesday
32,3,2015-01-07,7176,833,1,0,0,0,a,a,3000.0,3.0,2010.0,1,1.0,2015.0,"Mar,Jun,Sept,Dec",2015,1,7,2,1,Wednesday
33,3,2015-01-07,13935,1124,1,1,0,0,d,c,1500.0,9.0,2008.0,0,0.0,0.0,None,2015,1,7,2,1,Wednesday
34,3,2015-01-07,5981,520,1,1,0,0,d,c,500.0,9.0,2005.0,0,0.0,0.0,None,2015,1,7,2,1,Wednesday
35,3,2015-01-07,2015,339,1,0,0,0,a,c,120.0,5.0,0.0,1,22.0,2015.0,"Mar,Jun,Sept,Dec",2015,1,7,2,1,Wednesday
36,3,2015-01-07,7863,778,1,0,0,0,d,a,1500.0,3.0,2008.0,1,40.0,2011.0,"Feb,May,Aug,Nov",2015,1,7,2,1,Wednesday
37,3,2015-01-07,7197,647,1,1,0,1,d,a,7500.0,3.0,2008.0,1,40.0,2009.0,"Mar,Jun,Sept,Dec",2015,1,7,2,1,Wednesday
38,3,2015-01-07,3597,435,1,0,0,0,a,a,3000.0,3.0,2010.0,0,0.0,0.0,None,2015,1,7,2,1,Wednesday
39,3,2015-01-07,7247,613,1,1,0,1,c,a,7500.0,7.0,2014.0,1,14.0,2015.0,"Jan,Apr,Jul,Oct",2015,1,7,2,1,Wednesday
40,3,2015-01-07,10043,882,1,1,0,0,d,a,1500.0,11.0,2008.0,1,22.0,2013.0,"Jan,Apr,Jul,Oct",2015,1,7,2,1,Wednesday
41,3,2015-01-07,10968,1026,1,1,0,1,a,c,500.0,1.0,0.0,0,0.0,0.0,None,2015,1,7,2,1,Wednesday
42,3,2015-01-07,9362,769,1,1,0,0,d,c,120.0,1.0,2014.0,0,0.0,0.0,None,2015,1,7,2,1,Wednesday
43,3,2015-01-07,8961,819,1,1,0,0,a,a,500.0,0.0,0.0,1,31.0,2011.0,"Mar,Jun,Sept,Dec",2015,1,7,2,1,Wednesday
44,3,2015-01-07,10361,1015,1,0,0,0,a,a,1500.0,5.0,2005.0,0,0.0,0.0,None,2015,1,7,2,1,Wednesday
45,3,2015-01-07,5827,695,1,0,0,0,c,a,120.0,9.0,2014.0,1,22.0,2011.0,"Feb,May,Aug,Nov",2015,1,7,2,1,Wednesday
46,3,2015-01-07,10601,1105,1,1,0,0,a,c,500.0,1.0,2014.0,0,0.0,0.0,None,2015,1,7,2,1,Wednesday
47,3,2015-01-07,12110,984,1,1,0,0,c,a,1500.0,0.0,0.0,1,40.0,2013.0,"Jan,Apr,Jul,Oct",2015,1,7,2,1,Wednesday
48,3,2015-01-07,6436,1089,1,0,0,0,a,c,500.0,7.0,2010.0,1,22.0,2011.0,"Mar,Jun,Sept,Dec",2015,1,7,2,1,Wednesday
49,3,2015-01-07,13435,1137,1,1,0,0,d,a,120.0,1.0,2010.0,1,14.0,2009.0,"Mar,Jun,Sept,Dec",2015,1,7,2,1,Wednesday
50,3,2015-01-07,7014,976,1,0,0,0,a,c,500.0,1.0,2012.0,0,0.0,0.0,None,2015,1,7,2,1,Wednesday
51,3,2015-01-07,7673,1127,1,1,0,1,a,c,120.0,1.0,0.0,0,0.0,0.0,None,2015,1,7,2,1,Wednesday
52,3,2015-01-07,6114,803,1,0,0,0,a,a,120.0,7.0,2012.0,1,31.0,2013.0,"Mar,Jun,Sept,Dec",2015,1,7,2,1,Wednesday
53,3,2015-01-07,4688,563,1,1,0,0,a,c,1500.0,0.0,0.0,1,14.0,2009.0,"Feb,May,Aug,Nov",2015,1,7,2,1,Wednesday
54,3,2015-01-07,8547,951,1,1,0,1,a,a,1500.0,0.0,0.0,0,0.0,0.0,None,2015,1,7,2,1,Wednesday
55,3,2015-01-07,9340,1158,1,1,0,0,d,c,1500.0,1.0,2005.0,1,22.0,2009.0,"Feb,May,Aug,Nov",2015,1,7,2,1,Wednesday
56,3,2015-01-07,5944,758,1,0,0,1,a,a,1500.0,7.0,2010.0,0,0.0,0.0,None,2015,1,7,2,1,Wednesday
57,3,2015-01-07,5606,800,1,0,0,0,a,c,1500.0,0.0,2012.0,1,10.0,2009.0,"Mar,Jun,Sept,Dec",2015,1,7,2,1,Wednesday
58,3,2015-01-07,4474,655,1,1,0,0,d,c,1500.0,0.0,0.0,1,14.0,2009.0,"Mar,Jun,Sept,Dec",2015,1,7,2,1,Wednesday
59,3,2015-01-07,11207,1008,1,0,0,1,d,c,500.0,7.0,2012.0,0,0.0,0.0,None,2015,1,7,2,1,Wednesday
60,3,2015-01-07,2663,318,1,0,0,0,a,a,1500.0,11.0,0.0,1,31.0,2011.0,"Feb,May,Aug,Nov",2015,1,7,2,1,Wednesday
61,3,2015-01-07,13309,1154,1,0,0,0,a,c,500.0,5.0,2005.0,1,31.0,2013.0,"Jan,Apr,Jul,Oct",2015,1,7,2,1,Wednesday
62,3,2015-01-07,8284,862,1,1,0,0,a,a,15000.0,5.0,2005.0,0,0.0,0.0,None,2015,1,7,2,1,Wednesday
63,3,2015-01-07,3236,313,1,1,0,0,c,c,3000.0,5.0,2005.0,0,0.0,0.0,None,2015,1,7,2,1,Wednesday
64,3,2015-01-07,13794,1187,1,0,0,1,c,c,1500.0,5.0,0.0,1,1.0,2013.0,"Jan,Apr,Jul,Oct",2015,1,7,2,1,Wednesday
65,3,2015-01-07,11231,1156,1,0,0,0,a,c,1500.0,0.0,2014.0,0,0.0,0.0,None,2015,1,7,2,1,Wednesday
66,3,2015-01-07,4750,492,1,1,0,1,a,a,15000.0,3.0,2010.0,0,0.0,0.0,None,2015,1,7,2,1,Wednesday
67,3,2015-01-07,4813,729,1,0,0,0,d,c,1500.0,1.0,2012.0,0,0.0,0.0,None,2015,1,7,2,1,Wednesday
68,3,2015-01-07,5539,506,1,0,0,0,c,c,500.0,7.0,0.0,0,0.0,0.0,None,2015,1,7,2,1,Wednesday
69,3,2015-01-07,4627,389,1,1,0,0,d,c,15000.0,1.0,2012.0,1,31.0,2013.0,"Mar,Jun,Sept,Dec",2015,1,7,2,1,Wednesday
70,3,2015-01-07,8314,737,1,1,0,0,a,a,3000.0,5.0,0.0,0,0.0,0.0,None,2015,1,7,2,1,Wednesday
71,3,2015-01-07,2706,328,1,0,0,0,a,c,120.0,1.0,2008.0,1,31.0,2009.0,"Jan,Apr,Jul,Oct",2015,1,7,2,1,Wednesday
72,3,2015-01-07,12063,1129,1,1,0,0,a,c,7500.0,9.0,2010.0,0,0.0,0.0,None,2015,1,7,2,1,Wednesday
73,3,2015-01-07,5891,480,1,1,0,0,d,c,500.0,5.0,2008.0,1,40.0,2013.0,"Mar,Jun,Sept,Dec",2015,1,7,2,1,Wednesday
74,3,2015-01-07,6048,533,1,1,0,0,a,a,500.0,7.0,2012.0,0,0.0,0.0,None,2015,1,7,2,1,Wednesday
75,3,2015-01-07,6540,1033,1,0,0,1,c,c,3000.0,11.0,0.0,1,14.0,2009.0,"Feb,May,Aug,Nov",2015,1,7,2,1,Wednesday
76,3,2015-01-07,5524,363,1,1,0,1,a,a,120.0,0.0,2014.0,0,0.0,0.0,None,2015,1,7,2,1,Wednesday
77,3,2015-01-07,4371,663,1,0,0,0,d,c,1500.0,11.0,2012.0,0,0.0,0.0,None,2015,1,7,2,1,Wednesday
78,3,2015-01-07,7206,863,1,0,0,0,d,c,500.0,3.0,2010.0,0,0.0,0.0,None,2015,1,7,2,1,Wednesday
79,3,2015-01-07,4724,595,1,1,0,1,a,a,500.0,0.0,2012.0,1,14.0,2015.0,"Mar,Jun,Sept,Dec",2015,1,7,2,1,Wednesday
80,3,2015-01-07,6540,1161,1,0,0,0,a,a,15000.0,9.0,2010.0,0,0.0,0.0,None,2015,1,7,2,1,Wednesday
81,3,2015-01-07,2300,335,1,0,0,0,a,a,1500.0,1.0,2010.0,1,22.0,2009.0,"Jan,Apr,Jul,Oct",2015,1,7,2,1,Wednesday
82,3,2015-01-07,8485,1155,1,1,0,0,a,a,1500.0,0.0,0.0,0,0.0,0.0,None,2015,1,7,2,1,Wednesday
83,3,2015-01-07,7397,601,1,1,0,0,a,c,500.0,7.0,2014.0,0,0.0,0.0,None,2015,1,7,2,1,Wednesday
84,3,2015-01-07,4937,654,1,1,0,0,d,a,1500.0,0.0,2005.0,0,0.0,0.0,None,2015,1,7,2,1,Wednesday
85,3,2015-01-07,8557,789,1,0,0,0,d,c,120.0,0.0,2014.0,1,1.0,2013.0,"Jan,Apr,Jul,Oct",2015,1,7,2,1,Wednesday
86,3,2015-01-07,3582,388,1,0,0,0,d,a,3000.0,0.0,2012.0,0,0.0,0.0,None,2015,1,7,2,1,Wednesday
87,3,2015-01-07,0,0,0,1,0,0,a,a,1500.0,0.0,0.0,0,0.0,0.0,None,2015,1,7,2,1,Wednesday
88,3,2015-01-07,3734,331,1,0,0,0,d,c,3000.0,3.0,2012.0,1,31.0,2009.0,"Feb,May,Aug,Nov",2015,1,7,2,1,Wednesday
89,3,2015-01-07,4350,500,1,0,0,0,d,a,1500.0,9.0,0.0,1,31.0,2015.0,"Feb,May,Aug,Nov",2015,1,7,2,1,Wednesday
90,3,2015-01-07,3764,347,1,1,0,0,d,c,1500.0,0.0,0.0,0,0.0,0.0,None,2015,1,7,2,1,Wednesday
91,3,2015-01-07,5333,787,1,0,0,0,a,c,1500.0,3.0,2008.0,0,0.0,0.0,None,2015,1,7,2,1,Wednesday
92,3,2015-01-07,4228,487,1,0,0,0,d,c,120.0,3.0,0.0,1,31.0,2009.0,"Feb,May,Aug,Nov",2015,1,7,2,1,Wednesday
93,3,2015-01-07,12197,1144,1,1,0,1,d,a,120.0,5.0,2005.0,0,0.0,0.0,None,2015,1,7,2,1,Wednesday
94,3,2015-01-07,5927,750,1,1,0,0,c,a,500.0,11.0,2005.0,0,0.0,0.0,None,2015,1,7,2,1,Wednesday
95,3,2015-01-07,9082,721,1,1,0,0,a,c,500.0,11.0,2005.0,1,31.0,2009.0,"Feb,May,Aug,Nov",2015,1,7,2,1,Wednesday
96,3,2015-01-07,8334,686,1,1,0,0,d,c,500.0,7.0,2005.0,1,10.0,2009.0,"Feb,May,Aug,Nov",2015,1,7,2,1,Wednesday
97,3,2015-01-07,12563,1001,1,1,0,0,c,a,120.0,0.0,2008.0,0,0.0,0.0,None,2015,1,7,2,1,Wednesday
98,3,2015-01-07,7331,786,1,0,0,1,c,a,500.0,3.0,2008.0,1,10.0,2009.0,"Feb,May,Aug,Nov",2015,1,7,2,1,Wednesday
99,3,2015-01-07,5405,575,1,1,0,0,a,c,500.0,1.0,2012.0,0,0.0,0.0,None,2015,1,7,2,1,Wednesday
100,3,2015-01-07,4238,572,1,0,0,0,b,c,500.0,9.0,2005.0,0,0.0,0.0,None,2015,1,7,2,1,Wednesday
1,4,2015-01-08,12372,1075,1,0,0,0,a,c,3000.0,7.0,2012.0,0,0.0,0.0,None,2015,1,8,2,1,Thursday
2,4,2015-01-08,7771,772,1,0,0,0,a,a,7500.0,5.0,2008.0,0,0.0,0.0,None,2015,1,8,2,1,Thursday
3,4,2015-01-08,13546,1170,1,0,0,0,d,c,500.0,5.0,2012.0,1,10.0,2011.0,"Jan,Apr,Jul,Oct",2015,1,8,2,1,Thursday
4,4,2015-01-08,7246,905,1,1,0,0,a,a,1500.0,1.0,2010.0,1,40.0,2011.0,"Mar,Jun,Sept,Dec",2015,1,8,2,1,Thursday
5,4,2015-01-08,4221,479,1,0,0,0,c,a,15000.0,0.0,2008.0,1,31.0,2009.0,"Mar,Jun,Sept,Dec",2015,1,8,2,1,Thursday
6,4,2015-01-08,10576,1124,1,1,0,0,a,c,1500.0,1.0,0.0,0,0.0,0.0,None,2015,1,8,2,1,Thursday
7,4,2015-01-08,0,0,0,1,0,0,a,a,1500.0,5.0,2012.0,1,14.0,2011.0,"Jan,Apr,Jul,Oct",2015,1,8,2,1,Thursday
8,4,2015-01-08,3336,536,1,0,0,0,a,c,500.0,9.0,2014.0,1,40.0,2009.0,"Mar,Jun,Sept,Dec",2015,1,8,2,1,Thursday
9,4,2015-01-08,5549,406,1,1,0,0,d,a,500.0,5.0,2014.0,1,40.0,2013.0,"Jan,Apr,Jul,Oct",2015,1,8,2,1,Thursday
10,4,2015-01-08,5491,780,1,0,0,0,d,c,3000.0,11.0,2012.0,1,1.0,2015.0,"Jan,Apr,Jul,Oct",2015,1,8,2,1,Thursday
11,4,2015-01-08,5233,641,1,1,0,1,a,c,120.0,11.0,0.0,1,22.0,2015.0,"Mar,Jun,Sept,Dec",2015,1,8,2,1,Thursday
12,4,2015-01-08,4324,526,1,0,0,0,d,c,3000.0,0.0,2008.0,0,0.0,0.0,None,2015,1,8,2,1,Thursday
13,4,2015-01-08,11859,1150,1,1,0,0,a,a,7500.0,5.0,2005.0,0,0.0,0.0,None,2015,1,8,2,1,Thursday
14,4,2015-01-08,9896,849,1,0,0,0,a,c,1500.0,5.0,2014.0,1,1.0,2013.0,"Jan,Apr,Jul,Oct",2015,1,8,2,1,Thursday
15,4,2015-01-08,11467,975,1,0,0,1,d,c,3000.0,11.0,2014.0,1,1.0,2013.0,"Mar,Jun,Sept,Dec",2015,1,8,2,1,Thursday
16,4,2015-01-08,11923,999,1,0,0,0,a,a,500.0,11.0,0.0,0,0.0,0.0,None,2015,1,8,2,1,Thursday
17,4,2015-01-08,7880,1095,1,0,0,0,a,c,500.0,7.0,2008.0,0,0.0,0.0,None,2015,1,8,2,1,Thursday
18,4,2015-01-08,0,0,0,0,0,1,d,c,1500.0,5.0,2005.0,1,40.0,2009.0,"Jan,Apr,Jul,Oct",2015,1,8,2,1,Thursday
19,4,2015-01-08,3078,436,1,0,0,0,d,c,120.0,9.0,2014.0,1,10.0,2013.0,"Jan,Apr,Jul,Oct",2015,1,8,2,1,Thursday
20,4,2015-01-08,9560,836,1,0,0,1,a,a,500.0,9.0,0.0,1,1.0,2013.0,"Mar,Jun,Sept,Dec",2015,1,8,2,1,Thursday
21,4,2015-01-08,5640,581,1,0,0,0,a,c,1500.0,0.0,2008.0,0,0.0,0.0,None,2015,1,8,2,1,Thursday
22,4,2015-01-08,4181,582,1,1,0,1,a,a,500.0,0.0,2010.0,0,0.0,0.0,None,2015,1,8,2,1,Thursday
23,4,2015-01-08,8852,986,1,1,0,0,d,c,500.0,1.0,2008.0,0,0.0,0.0,None,2015,1,8,2,1,Thursday
24,4,2015-01-08,10489,987,1,1,0,0,a,a,1500.0,1.0,2010.0,0,0.0,0.0,None,2015,1,8,2,1,Thursday
25,4,2015-01-08,4648,448,1,1,0,1,a,c,500.0,1.0,2012.0,0,0.0,0.0,None,2015,1,8,2,1,Thursday
26,4,2015-01-08,8720,1183,1,0,0,0,d,a,1500.0,3.0,2008.0,0,0.0,0.0,None,2015,1,8,2,1,Thursday
27,4,2015-01-08,2128,324,1,0,0,0,d,a,15000.0,9.0,2008.0,1,1.0,2009.0,"Mar,Jun,Sept,Dec",2015,1,8,2,1,Thursday
28,4,2015-01-08,6805,663,1,0,0,0,a,a,1500.0,3.0,2010.0,0,0.0,0.0,None,2015,1,8,2,1,Thursday
29,4,2015-01-08,11441,1171,1,0,0,1,a,a,1500.0,5.0,0.0,1,10.0,2015.0,"Jan,Apr,Jul,Oct",2015,1,8,2,1,Thursday
30,4,2015-01-08,10992,1011,1,0,0,1,c,c,500.0,11.0,2014.0,1,22.0,2015.0,"Feb,May,Aug,Nov",2015,1,8,2,1,Thursday
31,4,2015-01-08,5318,848,1,0,0,0,d,c,500.0,0.0,2014.0,1,31.0,2015.0,"Mar,Jun,Sept,Dec",2015,1,8,2,1,Thursday
32,4,2015-01-08,8376,813,1,0,0,1,a,a,3000.0,3.0,2010.0,1,1.0,2015.0,"Mar,Jun,Sept,Dec",2015,1,8,2,1,Thursday
33,4,2015-01-08,11046,901,1,1,0,0,d,c,1500.0,9.0,2008.0,0,0.0,0.0,None,2015,1,8,2,1,Thursday
34,4,2015-01-08,13786,1189,1,1,0,1,d,c,500.0,9.0,2005.0,0,0.0,0.0,None,2015,1,8,2,1,Thursday
35,4,2015-01-08,3413,546,1,0,0,0,a,c,120.0,5.0,0.0,1,22.0,2015.0,"Mar,Jun,Sept,Dec",2015,1,8,2,1,Thursday
36,4,2015-01-08,3785,410,1,0,0,0,d,a,1500.0,3.0,2008.0,1,40.0,2011.0,"Feb,May,Aug,Nov",2015,1,8,2,1,Thursday
37,4,2015-01-08,3046,508,1,0,0,1,d,a,7500.0,3.0,2008.0,1,40.0,2009.0,"Mar,Jun,Sept,Dec",2015,1,8,2,1,Thursday
38,4,2015-01-08,7553,828,1,0,0,1,a,a,3000.0,3.0,2010.0,0,0.0,0.0,None,2015,1,8,2,1,Thursday
39,4,2015-01-08,9846,1073,1,0,0,0,c,a,7500.0,7.0,2014.0,1,14.0,2015.0,"Jan,Apr,Jul,Oct",2015,1,8,2,1,Thursday
40,4,2015-01-08,12488,1094,1,1,0,1,d,a,1500.0,11.0,2008.0,1,22.0,2013.0,"Jan,Apr,Jul,Oct",2015,1,8,2,1,Thursday
41,4,2015-01-08,9358,869,1,1,0,0,a,c,500.0,1.0,0.0,0,0.0,0.0,None,2015,1,8,2,1,Thursday
42,4,2015-01-08,5458,689,1,1,0,0,d,c,120.0,1.0,2014.0,0,0.0,0.0,None,2015,1,8,2,1,Thursday
43,4,2015-01-08,4524,761,1,0,0,1,a,a,500.0,0.0,0.0,1,31.0,2011.0,"Mar,Jun,Sept,Dec",2015,1,8,2,1,Thursday
44,4,2015-01-08,10291,1050,1,0,0,0,a,a,1500.0,5.0,2005.0,0,0.0,0.0,None,2015,1,8,2,1,Thursday
45,4,2015-01-08,4596,421,1,0,0,0,c,a,120.0,9.0,2014.0,1,22.0,2011.0,"Feb,May,Aug,Nov",2015,1,8,2,1,Thursday
46,4,2015-01-08,2159,349,1,0,0,1,a,c,500.0,1.0,2014.0,0,0.0,0.0,None,2015,1,8,2,1,Thursday
47,4,2015-01-08,8147,1179,1,0,0,0,c,a,1500.0,0.0,0.0,1,40.0,2013.0,"Jan,Apr,Jul,Oct",2015,1,8,2,1,Thursday
48,4,2015-01-08,5650,687,1,0,0,1,a,c,500.0,7.0,2010.0,1,22.0,2011.0,"Mar,Jun,Sept,Dec",2015,1,8,2,1,Thursday
49,4,2015-01-08,4483,435,1,1,0,0,d,a,120.0,1.0,2010.0,1,14.0,2009.0,"Mar,Jun,Sept,Dec",2015,1,8,2,1,Thursday
50,4,2015-01-08,10207,882,1,0,0,1,a,c,500.0,1.0,2012.0,0,0.0,0.0,None,2015,1,8,2,1,Thursday
51,4,2015-01-08,11398,1097,1,0,0,0,a,c,120.0,1.0,0.0,0,0.0,0.0,None,2015,1,8,2,1,Thursday
52,4,2015-01-08,10542,909,1,1,0,0,a,a,120.0,7.0,2012.0,1,31.0,2013.0,"Mar,Jun,Sept,Dec",2015,1,8,2,1,Thursday
53,4,2015-01-08,4916,793,1,0,0,1,a,c,1500.0,0.0,0.0,1,14.0,2009.0,"Feb,May,Aug,Nov",2015,1,8,2,1,Thursday
54,4,2015-01-08,6549,723,1,0,0,1,a,a,1500.0,0.0,0.0,0,0.0,0.0,None,2015,1,8,2,1,Thursday
55,4,2015-01-08,10872,1190,1,0,0,0,d,c,1500.0,1.0,2005.0,1,22.0,2009.0,"Feb,May,Aug,Nov",2015,1,8,2,1,Thursday
56,4,2015-01-08,6750,751,1,1,0,1,a,a,1500.0,7.0,2010.0,0,0.0,0.0,None,2015,1,8,2,1,Thursday
57,4,2015-01-08,5947,833,1,1,0,1,a,c,1500.0,0.0,2012.0,1,10.0,2009.0,"Mar,Jun,Sept,Dec",2015,1,8,2,1,Thursday
58,4,2015-01-08,9755,814,1,0,0,1,d,c,1500.0,0.0,0.0,1,14.0,2009.0,"Mar,Jun,Sept,Dec",2015,1,8,2,1,Thursday
59,4,2015-01-08,4824,532,1,1,0,0,d,c,500.0,7.0,2012.0,0,0.0,0.0,None,2015,1,8,2,1,Thursday
60,4,2015-01-08,6360,555,1,0,0,0,a,a,1500.0,11.0,0.0,1,31.0,2011.0,"Feb,May,Aug,Nov",2015,1,8,2,1,Thursday
61,4,2015-01-08,3460,324,1,0,0,0,a,c,500.0,5.0,2005.0,1,31.0,2013.0,"Jan,Apr,Jul,Oct",2015,1,8,2,1,Thursday
62,4,2015-01-08,3175,324,1,0,0,0,a,a,15000.0,5.0,2005.0,0,0.0,0.0,None,2015,1,8,2,1,Thursday
63,4,2015-01-08,9790,896,1,0,0,0,c,c,3000.0,5.0,2005.0,0,0.0,0.0,None,2015,1,8,2,1,Thursday
64,4,2015-01-08,6417,557,1,0,0,0,c,c,1500.0,5.0,0.0,1,1.0,2013.0,"Jan,Apr,Jul,Oct",2015,1,8,2,1,Thursday
65,4,2015-01-08,8488,1054,1,0,0,0,a,c,1500.0,0.0,2014.0,0,0.0,0.0,None,2015,1,8,2,1,Thursday
66,4,2015-01-08,5191,730,1,0,0,0,a,a,15000.0,3.0,2010.0,0,0.0,0.0,None,2015,1,8,2,1,Thursday
67,4,2015-01-08,5554,941,1,0,0,1,d,c,1500.0,1.0,2012.0,0,0.0,0.0,None,2015,1,8,2,1,Thursday
68,4,2015-01-08,10408,1178,1,0,0,1,c,c,500.0,7.0,0.0,0,0.0,0.0,None,2015,1,8,2,1,Thursday
69,4,2015-01-08,2193,316,1,0,0,1,d,c,15000.0,1.0,2012.0,1,31.0,2013.0,"Mar,Jun,Sept,Dec",2015,1,8,2,1,Thursday
70,4,2015-01-08,8013,1019,1,1,0,1,a,a,3000.0,5.0,0.0,0,0.0,0.0,None,2015,1,8,2,1,Thursday
71,4,2015-01-08,5922,699,1,1,0,0,a,c,120.0,1.0,2008.0,1,31.0,2009.0,"Jan,Apr,Jul,Oct",2015,1,8,2,1,Thursday
72,4,2015-01-08,4272,494,1,0,0,0,a,c,7500.0,9.0,2010.0,0,0.0,0.0,None,2015,1,8,2,1,Thursday
73,4,2015-01-08,2695,363,1,0,0,0,d,c,500.0,5.0,2008.0,1,40.0,2013.0,"Mar,Jun,Sept,Dec",2015,1,8,2,1,Thursday
74,4,2015-01-08,3773,463,1,0,0,0,a,a,500.0,7.0,2012.0,0,0.0,0.0,None,2015,1,8,2,1,Thursday
75,4,2015-01-08,2646,344,1,0,0,0,c,c,3000.0,11.0,0.0,1,14.0,2009.0,"Feb,May,Aug,Nov",2015,1,8,2,1,Thursday
76,4,2015-01-08,7273,833,1,1,0,0,a,a,120.0,0.0,2014.0,0,0.0,0.0,None,2015,1,8,2,1,Thursday
77,4,2015-01-08,9856,881,1,0,0,0,d,c,1500.0,11.0,2012.0,0,0.0,0.0,None,2015,1,8,2,1,Thursday
78,4,2015-01-08,8011,1149,1,1,0,1,d,c,500.0,3.0,2010.0,0,0.0,0.0,None,2015,1,8,2,1,Thursday
79,4,2015-01-08,3610,599,1,0,0,0,a,a,500.0,0.0,2012.0,1,14.0,2015.0,"Mar,Jun,Sept,Dec",2015,1,8,2,1,Thursday
80,4,2015-01-08,8410,789,1,0,0,0,a,a,15000.0,9.0,2010.0,0,0.0,0.0,None,2015,1,8,2,1,Thursday
81,4,2015-01-08,7737,906,1,0,0,0,a,a,1500.0,1.0,2010.0,1,22.0,2009.0,"Jan,Apr,Jul,Oct",2015,1,8,2,1,Thursday
82,4,2015-01-08,9490,1084,1,0,0,0,a,a,1500.0,0.0,0.0,0,0.0,0.0,None,2015,1,8,2,1,Thursday
83,4,2015-01-08,3553,428,1,1,0,0,a,c,500.0,7.0,2014.0,0,0.0,0.0,None,2015,1,8,2,1,Thursday
84,4,2015-01-08,7756,906,1,0,0,1,d,a,1500.0,0.0,2005.0,0,0.0,0.0,None,2015,1,8,2,1,Thursday
85,4,2015-01-08,0,0,0,0,0,0,d,c,120.0,0.0,2014.0,1,1.0,2013.0,"Jan,Apr,Jul,Oct",2015,1,8,2,1,Thursday
86,4,2015-01-08,2399,407,1,0,0,1,d,a,3000.0,0.0,2012.0,0,0.0,0.0,None,2015,1,8,2,1,Thursday
87,4,2015-01-08,3311,311,1,1,0,1,a,a,1500.0,0.0,0.0,0,0.0,0.0,None,2015,1,8,2,1,Thursday
88,4,2015-01-08,4482,615,1,1,0,0,d,c,3000.0,3.0,2012.0,1,31.0,2009.0,"Feb,May,Aug,Nov",2015,1,8,2,1,Thursday
89,4,2015-01-08,9877,743,1,1,0,0,d,a,1500.0,9.0,0.0,1,31.0,2015.0,"Feb,May,Aug,Nov",2015,1,8,2,1,Thursday
90,4,2015-01-08,7739,720,1,1,0,0,d,c,1500.0,0.0,0.0,0,0.0,0.0,None,2015,1,8,2,1,Thursday
91,4,2015-01-08,10865,852,1,1,0,0,a,c,1500.0,3.0,2008.0,0,0.0,0.0,None,2015,1,8,2,1,Thursday
92,4,2015-01-08,6060,887,1,1,0,0,d,c,120.0,3.0,0.0,1,31.0,2009.0,"Feb,May,Aug,Nov",2015,1,8,2,1,Thursday
93,4,2015-01-08,3788,359,1,0,0,0,d,a,120.0,5.0,2005.0,0,0.0,0.0,None,2015,1,8,2,1,Thursday
94,4,2015-01-08,10413,970,1,0,0,0,c,a,500.0,11.0,2005.0,0,0.0,0.0,None,2015,1,8,2,1,Thursday
95,4,2015-01-08,3816,424,1,1,0,0,a,c,500.0,11.0,2005.0,1,31.0,2009.0,"Feb,May,Aug,Nov",2015,1,8,2,1,Thursday
96,4,2015-01-08,11152,973,1,0,0,0,d,c,500.0,7.0,2005.0,1,10.0,2009.0,"Feb,May,Aug,Nov",2015,1,8,2,1,Thursday
97,4,2015-01-08,4208,321,1,1,0,1,c,a,120.0,0.0,2008.0,0,0.0,0.0,None,2015,1,8,2,1,Thursday
98,4,2015-01-08,0,0,0,1,0,0,c,a,500.0,3.0,2008.0,1,10.0,2009.0,"Feb,May,Aug,Nov",2015,1,8,2,1,Thursday
99,4,2015-01-08,5919,962,1,1,0,0,a,c,500.0,1.0,2012.0,0,0.0,0.0,None,2015,1,8,2,1,Thursday
100,4,2015-01-08,11352,1054,1,1,0,0,b,c,500.0,9.0,2005.0,0,0.0,0.0,None,2015,1,8,2,1,Thursday
1,5,2015-01-09,9397,898,1,1,0,1,a,c,3000.0,7.0,2012.0,0,0.0,0.0,None,2015,1,9,2,1,Friday
2,5,2015-01-09,8093,609,1,1,0,1,a,a,7500.0,5.0,2008.0,0,0.0,0.0,None,2015,1,9,2,1,Friday
3,5,2015-01-09,12622,1067,1,1,0,0,d,c,500.0,5.0,2012.0,1,10.0,2011.0,"Jan,Apr,Jul,Oct",2015,1,9,2,1,Friday
4,5,2015-01-09,5544,775,1,0,0,0,a,a,1500.0,1.0,2010.0,1,40.0,2011.0,"Mar,Jun,Sept,Dec",2015,1,9,2,1,Friday
5,5,2015-01-09,10088,1023,1,1,0,1,c,a,15000.0,0.0,2008.0,1,31.0,2009.0,"Mar,Jun,Sept,Dec",2015,1,9,2,1,Friday
6,5,2015-01-09,10218,1136,1,1,0,0,a,c,1500.0,1.0,0.0,0,0.0,0.0,None,2015,1,9,2,1,Friday
7,5,2015-01-09,6031,907,1,0,0,0,a,a,1500.0,5.0,2012.0,1,14.0,2011.0,"Jan,Apr,Jul,Oct",2015,1,9,2,1,Friday
8,5,2015-01-09,10277,910,1,0,0,1,a,c,500.0,9.0,2014.0,1,40.0,2009.0,"Mar,Jun,Sept,Dec",2015,1,9,2,1,Friday
9,5,2015-01-09,9963,1148,1,0,0,0,d,a,500.0,5.0,2014.0,1,40.0,2013.0,"Jan,Apr,Jul,Oct",2015,1,9,2,1,Friday
10,5,2015-01-09,4429,430,1,0,0,0,d,c,3000.0,11.0,2012.0,1,1.0,2015.0,"Jan,Apr,Jul,Oct",2015,1,9,2,1,Friday
11,5,2015-01-09,4732,372,1,1,0,0,a,c,120.0,11.0,0.0,1,22.0,2015.0,"Mar,Jun,Sept,Dec",2015,1,9,2,1,Friday
12,5,2015-01-09,10344,952,1,1,0,0,d,c,3000.0,0.0,2008.0,0,0.0,0.0,None,2015,1,9,2,1,Friday
13,5,2015-01-09,8084,1153,1,0,0,0,a,a,7500.0,5.0,2005.0,0,0.0,0.0,None,2015,1,9,2,1,Friday
14,5,2015-01-09,2993,325,1,1,0,0,a,c,1500.0,5.0,2014.0,1,1.0,2013.0,"Jan,Apr,Jul,Oct",2015,1,9,2,1,Friday
15,5,2015-01-09,10064,850,1,0,0,0,d,c,3000.0,11.0,2014.0,1,1.0,2013.0,"Mar,Jun,Sept,Dec",2015,1,9,2,1,Friday
16,5,2015-01-09,8208,710,1,0,0,0,a,a,500.0,11.0,0.0,0,0.0,0.0,None,2015,1,9,2,1,Friday
17,5,2015-01-09,10862,1041,1,1,0,0,a,c,500.0,7.0,2008.0,0,0.0,0.0,None,2015,1,9,2,1,Friday
18,5,2015-01-09,14162,1185,1,1,0,0,d,c,1500.0,5.0,2005.0,1,40.0,2009.0,"Jan,Apr,Jul,Oct",2015,1,9,2,1,Friday
19,5,2015-01-09,10140,965,1,0,0,0,d,c,120.0,9.0,2014.0,1,10.0,2013.0,"Jan,Apr,Jul,Oct",2015,1,9,2,1,Friday
20,5,2015-01-09,11112,899,1,1,0,0,a,a,500.0,9.0,0.0,1,1.0,2013.0,"Mar,Jun,Sept,Dec",2015,1,9,2,1,Friday
21,5,2015-01-09,9881,929,1,1,0,0,a,c,1500.0,0.0,2008.0,0,0.0,0.0,None,2015,1,9,2,1,Friday
22,5,2015-01-09,6690,737,1,0,0,0,a,a,500.0,0.0,2010.0,0,0.0,0.0,None,2015,1,9,2,1,Friday
23,5,2015-01-09,9041,837,1,0,0,1,d,c,500.0,1.0,2008.0,0,0.0,0.0,None,2015,1,9,2,1,Friday
24,5,2015-01-09,9593,1097,1,0,0,0,a,a,1500.0,1.0,2010.0,0,0.0,0.0,None,2015,1,9,2,1,Friday
25,5,2015-01-09,3189,378,1,0,0,0,a,c,500.0,1.0,2012.0,0,0.0,0.0,None,2015,1,9,2,1,Friday
26,5,2015-01-09,7414,875,1,0,0,0,d,a,1500.0,3.0,2008.0,0,0.0,0.0,None,2015,1,9,2,1,Friday
27,5,2015-01-09,4349,577,1,1,0,1,d,a,15000.0,9.0,2008.0,1,1.0,2009.0,"Mar,Jun,Sept,Dec",2015,1,9,2,1,Friday
28,5,2015-01-09,4906,605,1,0,0,0,a,a,1500.0,3.0,2010.0,0,0.0,0.0,None,2015,1,9,2,1,Friday
29,5,2015-01-09,8372,815,1,0,0,0,a,a,1500.0,5.0,0.0,1,10.0,2015.0,"Jan,Apr,Jul,Oct",2015,1,9,2,1,Friday
30,5,2015-01-09,5326,477,1,0,0,0,c,c,500.0,11.0,2014.0,1,22.0,2015.0,"Feb,May,Aug,Nov",2015,1,9,2,1,Friday
31,5,2015-01-09,6346,1055,1,0,0,0,d,c,500.0,0.0,2014.0,1,31.0,2015.0,"Mar,Jun,Sept,Dec",2015,1,9,2,1,Friday
32,5,2015-01-09,4579,712,1,0,0,0,a,a,3000.0,3.0,2010.0,1,1.0,2015.0,"Mar,Jun,Sept,Dec",2015,1,9,2,1,Friday
33,5,2015-01-09,9866,850,1,0,0,0,d,c,1500.0,9.0,2008.0,0,0.0,0.0,None,2015,1,9,2,1,Friday
34,5,2015-01-09,4961,577,1,0,0,0,d,c,500.0,9.0,2005.0,0,0.0,0.0,None,2015,1,9,2,1,Friday
35,5,2015-01-09,6435,554,1,0,0,0,a,c,120.0,5.0,0.0,1,22.0,2015.0,"Mar,Jun,Sept,Dec",2015,1,9,2,1,Friday
36,5,2015-01-09,8234,689,1,1,0,0,d,a,1500.0,3.0,2008.0,1,40.0,2011.0,"Feb,May,Aug,Nov",2015,1,9,2,1,Friday
37,5,2015-01-09,12336,1065,1,0,0,0,d,a,7500.0,3.0,2008.0,1,40.0,2009.0,"Mar,Jun,Sept,Dec",2015,1,9,2,1,Friday
38,5,2015-01-09,6552,1161,1,0,0,0,a,a,3000.0,3.0,2010.0,0,0.0,0.0,None,2015,1,9,2,1,Friday
39,5,2015-01-09,6651,1046,1,0,0,0,c,a,7500.0,7.0,2014.0,1,14.0,2015.0,"Jan,Apr,Jul,Oct",2015,1,9,2,1,Friday
40,5,2015-01-09,5384,573,1,0,0,0,d,a,1500.0,11.0,2008.0,1,22.0,2013.0,"Jan,Apr,Jul,Oct",2015,1,9,2,1,Friday
41,5,2015-01-09,4731,663,1,1,0,1,a,c,500.0,1.0,0.0,0,0.0,0.0,None,2015,1,9,2,1,Friday
42,5,2015-01-09,4247,397,1,0,0,0,d,c,120.0,1.0,2014.0,0,0.0,0.0,None,2015,1,9,2,1,Friday
43,5,2015-01-09,8597,802,1,1,0,0,a,a,500.0,0.0,0.0,1,31.0,2011.0,"Mar,Jun,Sept,Dec",2015,1,9,2,1,Friday
44,5,2015-01-09,4756,523,1,1,0,0,a,a,1500.0,5.0,2005.0,0,0.0,0.0,None,2015,1,9,2,1,Friday
45,5,2015-01-09,7090,752,1,0,0,1,c,a,120.0,9.0,2014.0,1,22.0,2011.0,"Feb,May,Aug,Nov",2015,1,9,2,1,Friday
46,5,2015-01-09,8582,1189,1,1,0,0,a,c,500.0,1.0,2014.0,0,0.0,0.0,None,2015,1,9,2,1,Friday
47,5,2015-01-09,2628,328,1,0,0,0,c,a,1500.0,0.0,0.0,1,40.0,2013.0,"Jan,Apr,Jul,Oct",2015,1,9,2,1,Friday
48,5,2015-01-09,3544,366,1,1,0,1,a,c,500.0,7.0,2010.0,1,22.0,2011.0,"Mar,Jun,Sept,Dec",2015,1,9,2,1,Friday
49,5,2015-01-09,7786,856,1,0,0,0,d,a,120.0,1.0,2010.0,1,14.0,2009.0,"Mar,Jun,Sept,Dec",2015,1,9,2,1,Friday
50,5,2015-01-09,4768,632,1,1,0,0,a,c,500.0,1.0,2012.0,0,0.0,0.0,None,2015,1,9,2,1,Friday
51,5,2015-01-09,6300,707,1,0,0,0,a,c,120.0,1.0,0.0,0,0.0,0.0,None,2015,1,9,2,1,Friday
52,5,2015-01-09,4520,668,1,1,0,1,a,a,120.0,7.0,2012.0,1,31.0,2013.0,"Mar,Jun,Sept,Dec",2015,1,9,2,1,Friday
53,5,2015-01-09,0,0,0,1,0,0,a,c,1500.0,0.0,0.0,1,14.0,2009.0,"Feb,May,Aug,Nov",2015,1,9,2,1,Friday
54,5,2015-01-09,4307,433,1,0,0,0,a,a,1500.0,0.0,0.0,0,0.0,0.0,None,2015,1,9,2,1,Friday
55,5,2015-01-09,7511,1095,1,1,0,0,d,c,1500.0,1.0,2005.0,1,22.0,2009.0,"Feb,May,Aug,Nov",2015,1,9,2,1,Friday
56,5,2015-01-09,8430,971,1,0,0,0,a,a,1500.0,7.0,2010.0,0,0.0,0.0,None,2015,1,9,2,1,Friday
57,5,2015-01-09,3364,548,1,0,0,0,a,c,1500.0,0.0,2012.0,1,10.0,2009.0,"Mar,Jun,Sept,Dec",2015,1,9,2,1,Friday
58,5,2015-01-09,6331,786,1,0,0,1,d,c,1500.0,0.0,0.0,1,14.0,2009.0,"Mar,Jun,Sept,Dec",2015,1,9,2,1,Friday
59,5,2015-01-09,11379,1149,1,0,0,0,d,c,500.0,7.0,2012.0,0,0.0,0.0,None,2015,1,9,2,1,Friday
60,5,2015-01-09,4894,413,1,1,0,0,a,a,1500.0,11.0,0.0,1,31.0,2011.0,"Feb,May,Aug,Nov",2015,1,9,2,1,Friday
61,5,2015-01-09,13382,1049,1,1,0,0,a,c,500.0,5.0,2005.0,1,31.0,2013.0,"Jan,Apr,Jul,Oct",2015,1,9,2,1,Friday
62,5,2015-01-09,11243,1186,1,0,0,0,a,a,15000.0,5.0,2005.0,0,0.0,0.0,None,2015,1,9,2,1,Friday
63,5,2015-01-09,11885,1159,1,0,0,0,c,c,3000.0,5.0,2005.0,0,0.0,0.0,None,2015,1,9,2,1,Friday
64,5,2015-01-09,6689,476,1,1,0,1,c,c,1500.0,5.0,0.0,1,1.0,2013.0,"Jan,Apr,Jul,Oct",2015,1,9,2,1,Friday
65,5,2015-01-09,10891,1144,1,0,0,0,a,c,1500.0,0.0,2014.0,0,0.0,0.0,None,2015,1,9,2,1,Friday
66,5,2015-01-09,6997,984,1,1,0,0,a,a,15000.0,3.0,2010.0,0,0.0,0.0,None,2015,1,9,2,1,Friday
67,5,2015-01-09,4586,384,1,0,0,0,d,c,1500.0,1.0,2012.0,0,0.0,0.0,None,2015,1,9,2,1,Friday
68,5,2015-01-09,9649,1174,1,0,0,0,c,c,500.0,7.0,0.0,0,0.0,0.0,None,2015,1,9,2,1,Friday
69,5,2015-01-09,4156,612,1,0,0,0,d,c,15000.0,1.0,2012.0,1,31.0,2013.0,"Mar,Jun,Sept,Dec",2015,1,9,2,1,Friday
70,5,2015-01-09,7004,979,1,0,0,0,a,a,3000.0,5.0,0.0,0,0.0,0.0,None,2015,1,9,2,1,Friday
71,5,2015-01-09,9803,948,1,0,0,0,a,c,120.0,1.0,2008.0,1,31.0,2009.0,"Jan,Apr,Jul,Oct",2015,1,9,2,1,Friday
72,5,2015-01-09,8585,888,1,1,0,0,a,c,7500.0,9.0,2010.0,0,0.0,0.0,None,2015,1,9,2,1,Friday
73,5,2015-01-09,6331,836,1,0,0,0,d,c,500.0,5.0,2008.0,1,40.0,2013.0,"Mar,Jun,Sept,Dec",2015,1,9,2,1,Friday
74,5,2015-01-09,3478,374,1,0,0,0,a,a,500.0,7.0,2012.0,0,0.0,0.0,None,2015,1,9,2,1,Friday
75,5,2015-01-09,7940,830,1,0,0,0,c,c,3000.0,11.0,0.0,1,14.0,2009.0,"Feb,May,Aug,Nov",2015,1,9,2,1,Friday
76,5,2015-01-09,2032,300,1,0,0,0,a,a,120.0,0.0,2014.0,0,0.0,0.0,None,2015,1,9,2,1,Friday
77,5,2015-01-09,9929,1037,1,0,0,0,d,c,1500.0,11.0,2012.0,0,0.0,0.0,None,2015,1,9,2,1,Friday
78,5,2015-01-09,8150,940,1,1,0,1,d,c,500.0,3.0,2010.0,0,0.0,0.0,None,2015,1,9,2,1,Friday
79,5,2015-01-09,7042,845,1,0,0,0,a,a,500.0,0.0,2012.0,1,14.0,2015.0,"Mar,Jun,Sept,Dec",2015,1,9,2,1,Friday
80,5,2015-01-09,2308,347,1,0,0,0,a,a,15000.0,9.0,2010.0,0,0.0,0.0,None,2015,1,9,2,1,Friday
81,5,2015-01-09,7283,899,1,0,0,0,a,a,1500.0,1.0,2010.0,1,22.0,2009.0,"Jan,Apr,Jul,Oct",2015,1,9,2,1,Friday
82,5,2015-01-09,9835,920,1,0,0,1,a,a,1500.0,0.0,0.0,0,0.0,0.0,None,2015,1,9,2,1,Friday
83,5,2015-01-09,3120,368,1,0,0,0,a,c,500.0,7.0,2014.0,0,0.0,0.0,None,2015,1,9,2,1,Friday
84,5,2015-01-09,13659,1071,1,1,0,1,d,a,1500.0,0.0,2005.0,0,0.0,0.0,None,2015,1,9,2,1,Friday
85,5,2015-01-09,3430,490,1,0,0,0,d,c,120.0,0.0,2014.0,1,1.0,2013.0,"Jan,Apr,Jul,Oct",2015,1,9,2,1,Friday
86,5,2015-01-09,6617,597,1,0,0,1,d,a,3000.0,0.0,2012.0,0,0.0,0.0,None,2015,1,9,2,1,Friday
87,5,2015-01-09,3883,372,1,0,0,1,a,a,1500.0,0.0,0.0,0,0.0,0.0,None,2015,1,9,2,1,Friday
88,5,2015-01-09,11616,1131,1,1,0,0,d,c,3000.0,3.0,2012.0,1,31.0,2009.0,"Feb,May,Aug,Nov",2015,1,9,2,1,Friday
89,5,2015-01-09,10335,1034,1,0,0,1,d,a,1500.0,9.0,0.0,1,31.0,2015.0,"Feb,May,Aug,Nov",2015,1,9,2,1,Friday
90,5,2015-01-09,9871,964,1,0,0,0,d,c,1500.0,0.0,0.0,0,0.0,0.0,None,2015,1,9,2,1,Friday
91,5,2015-01-09,4679,398,1,1,0,0,a,c,1500.0,3.0,2008.0,0,0.0,0.0,None,2015,1,9,2,1,Friday
92,5,2015-01-09,7636,766,1,1,0,0,d,c,120.0,3.0,0.0,1,31.0,2009.0,"Feb,May,Aug,Nov",2015,1,9,2,1,Friday
93,5,2015-01-09,4969,516,1,1,0,0,d,a,120.0,5.0,2005.0,0,0.0,0.0,None,2015,1,9,2,1,Friday
94,5,2015-01-09,4634,818,1,0,0,1,c,a,500.0,11.0,2005.0,0,0.0,0.0,None,2015,1,9,2,1,Friday
95,5,2015-01-09,5329,883,1,0,0,0,a,c,500.0,11.0,2005.0,1,31.0,2009.0,"Feb,May,Aug,Nov",2015,1,9,2,1,Friday
96,5,2015-01-09,4433,306,1,1,0,0,d,c,500.0,7.0,2005.0,1,10.0,2009.0,"Feb,May,Aug,Nov",2015,1,9,2,1,Friday
97,5,2015-01-09,5722,433,1,1,0,0,c,a,120.0,0.0,2008.0,0,0.0,0.0,None,2015,1,9,2,1,Friday
98,5,2015-01-09,5263,682,1,1,0,0,c,a,500.0,3.0,2008.0,1,10.0,2009.0,"Feb,May,Aug,Nov",2015,1,9,2,1,Friday
99,5,2015-01-09,5448,901,1,0,0,0,a,c,500.0,1.0,2012.0,0,0.0,0.0,None,2015,1,9,2,1,Friday
100,5,2015-01-09,9248,1087,1,1,0,1,b,c,500.0,9.0,2005.0,0,0.0,0.0,None,2015,1,9,2,1,Friday
1,6,2015-01-10,11225,1196,1,0,0,0,a,c,3000.0,7.0,2012.0,0,0.0,0.0,None,2015,1,10,2,1,Saturday
2,6,2015-01-10,6542,678,1,0,0,0,a,a,7500.0,5.0,2008.0,0,0.0,0.0,None,2015,1,10,2,1,Saturday
3,6,2015-01-10,7122,1030,1,0,0,0,d,c,500.0,5.0,2012.0,1,10.0,2011.0,"Jan,Apr,Jul,Oct",2015,1,10,2,1,Saturday
4,6,2015-01-10,11303,1142,1,0,0,0,a,a,1500.0,1.0,2010.0,1,40.0,2011.0,"Mar,Jun,Sept,Dec",2015,1,10,2,1,Saturday
5,6,2015-01-10,9409,998,1,0,0,0,c,a,15000.0,0.0,2008.0,1,31.0,2009.0,"Mar,Jun,Sept,Dec",2015,1,10,2,1,Saturday
6,6,2015-01-10,3053,302,1,0,0,1,a,c,1500.0,1.0,0.0,0,0.0,0.0,None,2015,1,10,2,1,Saturday
7,6,2015-01-10,6690,667,1,0,0,0,a,a,1500.0,5.0,2012.0,1,14.0,2011.0,"Jan,Apr,Jul,Oct",2015,1,10,2,1,Saturday
8,6,2015-01-10,5776,927,1,0,0,0,a,c,500.0,9.0,2014.0,1,40.0,2009.0,"Mar,Jun,Sept,Dec",2015,1,10,2,1,Saturday
9,6,2015-01-10,4441,378,1,0,0,0,d,a,500.0,5.0,2014.0,1,40.0,2013.0,"Jan,Apr,Jul,Oct",2015,1,10,2,1,Saturday
10,6,2015-01-10,6334,890,1,0,0,0,d,c,3000.0,11.0,2012.0,1,1.0,2015.0,"Jan,Apr,Jul,Oct",2015,1,10,2,1,Saturday
11,6,2015-01-10,6339,787,1,0,0,0,a,c,120.0,11.0,0.0,1,22.0,2015.0,"Mar,Jun,Sept,Dec",2015,1,10,2,1,Saturday
12,6,2015-01-10,0,0,0,0,0,1,d,c,3000.0,0.0,2008.0,0,0.0,0.0,None,2015,1,10,2,1,Saturday
13,6,2015-01-10,2956,378,1,0,0,0,a,a,7500.0,5.0,2005.0,0,0.0,0.0,None,2015,1,10,2,1,Saturday
14,6,2015-01-10,4435,776,1,0,0,0,a,c,1500.0,5.0,2014.0,1,1.0,2013.0,"Jan,Apr,Jul,Oct",2015,1,10,2,1,Saturday
15,6,2015-01-10,5582,691,1,0,0,0,d,c,3000.0,11.0,2014.0,1,1.0,2013.0,"Mar,Jun,Sept,Dec",2015,1,10,2,1,Saturday
16,6,2015-01-10,7755,867,1,0,0,0,a,a,500.0,11.0,0.0,0,0.0,0.0,None,2015,1,10,2,1,Saturday
17,6,2015-01-10,6677,590,1,0,0,0,a,c,500.0,7.0,2008.0,0,0.0,0.0,None,2015,1,10,2,1,Saturday
18,6,2015-01-10,4175,572,1,0,0,0,d,c,1500.0,5.0,2005.0,1,40.0,2009.0,"Jan,Apr,Jul,Oct",2015,1,10,2,1,Saturday
19,6,2015-01-10,8084,781,1,0,0,0,d,c,120.0,9.0,2014.0,1,10.0,2013.0,"Jan,Apr,Jul,Oct",2015,1,10,2,1,Saturday
20,6,2015-01-10,0,0,0,0,0,0,a,a,500.0,9.0,0.0,1,1.0,2013.0,"Mar,Jun,Sept,Dec",2015,1,10,2,1,Saturday
21,6,2015-01-10,8436,916,1,0,0,0,a,c,1500.0,0.0,2008.0,0,0.0,0.0,None,2015,1,10,2,1,Saturday
22,6,2015-01-10,5132,564,1,0,0,0,a,a,500.0,0.0,2010.0,0,0.0,0.0,None,2015,1,10,2,1,Saturday
23,6,2015-01-10,7670,738,1,0,0,0,d,c,500.0,1.0,2008.0,0,0.0,0.0,None,2015,1,10,2,1,Saturday
24,6,2015-01-10,9908,1194,1,0,0,0,a,a,1500.0,1.0,2010.0,0,0.0,0.0,None,2015,1,10,2,1,Saturday
25,6,2015-01-10,4618,582,1,0,0,0,a,c,500.0,1.0,2012.0,0,0.0,0.0,None,2015,1,10,2,1,Saturday
26,6,2015-01-10,4229,738,1,0,0,0,d,a,1500.0,3.0,2008.0,0,0.0,0.0,None,2015,1,10,2,1,Saturday
27,6,2015-01-10,7953,1181,1,0,0,0,d,a,15000.0,9.0,2008.0,1,1.0,2009.0,"Mar,Jun,Sept,Dec",2015,1,10,2,1,Saturday
28,6,2015-01-10,7664,993,1,0,0,0,a,a,1500.0,3.0,2010.0,0,0.0,0.0,None,2015,1,10,2,1,Saturday
29,6,2015-01-10,3978,378,1,0,0,1,a,a,1500.0,5.0,0.0,1,10.0,2015.0,"Jan,Apr,Jul,Oct",2015,1,10,2,1,Saturday
30,6,2015-01-10,6463,1125,1,0,0,0,c,c,500.0,11.0,2014.0,1,22.0,2015.0,"Feb,May,Aug,Nov",2015,1,10,2,1,Saturday
31,6,2015-01-10,4353,595,1,0,0,1,d,c,500.0,0.0,2014.0,1,31.0,2015.0,"Mar,Jun,Sept,Dec",2015,1,10,2,1,Saturday
32,6,2015-01-10,3899,351,1,0,0,1,a,a,3000.0,3.0,2010.0,1,1.0,2015.0,"Mar,Jun,Sept,Dec",2015,1,10,2,1,Saturday
33,6,2015-01-10,8090,1062,1,0,0,0,d,c,1500.0,9.0,2008.0,0,0.0,0.0,None,2015,1,10,2,1,Saturday
34,6,2015-01-10,4857,427,1,0,0,1,d,c,500.0,9.0,2005.0,0,0.0,0.0,None,2015,1,10,2,1,Saturday
35,6,2015-01-10,3450,540,1,0,0,0,a,c,120.0,5.0,0.0,1,22.0,2015.0,"Mar,Jun,Sept,Dec",2015,1,10,2,1,Saturday
36,6,2015-01-10,6666,1130,1,0,0,0,d,a,1500.0,3.0,2008.0,1,40.0,2011.0,"Feb,May,Aug,Nov",2015,1,10,2,1,Saturday
37,6,2015-01-10,9874,833,1,0,0,0,d,a,7500.0,3.0,2008.0,1,40.0,2009.0,"Mar,Jun,Sept,Dec",2015,1,10,2,1,Saturday
38,6,2015-01-10,9962,909,1,0,0,0,a,a,3000.0,3.0,2010.0,0,0.0,0.0,None,2015,1,10,2,1,Saturday
39,6,2015-01-10,4315,572,1,0,0,0,c,a,7500.0,7.0,2014.0,1,14.0,2015.0,"Jan,Apr,Jul,Oct",2015,1,10,2,1,Saturday
40,6,2015-01-10,5866,577,1,0,0,0,d,a,1500.0,11.0,2008.0,1,22.0,2013.0,"Jan,Apr,Jul,Oct",2015,1,10,2,1,Saturday
41,6,2015-01-10,11511,1102,1,0,0,0,a,c,500.0,1.0,0.0,0,0.0,0.0,None,2015,1,10,2,1,Saturday
42,6,2015-01-10,7260,620,1,0,0,0,d,c,120.0,1.0,2014.0,0,0.0,0.0,None,2015,1,10,2,1,Saturday
43,6,2015-01-10,13150,1190,1,0,0,0,a,a,500.0,0.0,0.0,1,31.0,2011.0,"Mar,Jun,Sept,Dec",2015,1,10,2,1,Saturday
44,6,2015-01-10,10545,911,1,0,0,0,a,a,1500.0,5.0,2005.0,0,0.0,0.0,None,2015,1,10,2,1,Saturday
45,6,2015-01-10,4688,690,1,0,0,1,c,a,120.0,9.0,2014.0,1,22.0,2011.0,"Feb,May,Aug,Nov",2015,1,10,2,1,Saturday
46,6,2015-01-10,7813,751,1,0,0,1,a,c,500.0,1.0,2014.0,0,0.0,0.0,None,2015,1,10,2,1,Saturday
47,6,2015-01-10,2089,309,1,0,0,0,c,a,1500.0,0.0,0.0,1,40.0,2013.0,"Jan,Apr,Jul,Oct",2015,1,10,2,1,Saturday
48,6,2015-01-10,8981,1099,1,0,0,0,a,c,500.0,7.0,2010.0,1,22.0,2011.0,"Mar,Jun,Sept,Dec",2015,1,10,2,1,Saturday
49,6,2015-01-10,5295,497,1,0,0,0,d,a,120.0,1.0,2010.0,1,14.0,2009.0,"Mar,Jun,Sept,Dec",2015,1,10,2,1,Saturday
50,6,2015-01-10,4866,709,1,0,0,0,a,c,500.0,1.0,2012.0,0,0.0,0.0,None,2015,1,10,2,1,Saturday
51,6,2015-01-10,5644,847,1,0,0,0,a,c,120.0,1.0,0.0,0,0.0,0.0,None,2015,1,10,2,1,Saturday
52,6,2015-01-10,4488,429,1,0,0,0,a,a,120.0,7.0,2012.0,1,31.0,2013.0,"Mar,Jun,Sept,Dec",2015,1,10,2,1,Saturday
53,6,2015-01-10,10739,1019,1,0,0,0,a,c,1500.0,0.0,0.0,1,14.0,2009.0,"Feb,May,Aug,Nov",2015,1,10,2,1,Saturday
54,6,2015-01-10,4591,712,1,0,0,0,a,a,1500.0,0.0,0.0,0,0.0,0.0,None,2015,1,10,2,1,Saturday
55,6,2015-01-10,5863,613,1,0,0,0,d,c,1500.0,1.0,2005.0,1,22.0,2009.0,"Feb,May,Aug,Nov",2015,1,10,2,1,Saturday
56,6,2015-01-10,6574,872,1,0,0,1,a,a,1500.0,7.0,2010.0,0,0.0,0.0,None,2015,1,10,2,1,Saturday
57,6,2015-01-10,3647,389,1,0,0,0,a,c,1500.0,0.0,2012.0,1,10.0,2009.0,"Mar,Jun,Sept,Dec",2015,1,10,2,1,Saturday
58,6,2015-01-10,2684,396,1,0,0,0,d,c,1500.0,0.0,0.0,1,14.0,2009.0,"Mar,Jun,Sept,Dec",2015,1,10,2,1,Saturday
59,6,2015-01-10,9547,1015,1,0,0,0,d,c,500.0,7.0,2012.0,0,0.0,0.0,None,2015,1,10,2,1,Saturday
60,6,2015-01-10,3979,583,1,0,0,0,a,a,1500.0,11.0,0.0,1,31.0,2011.0,"Feb,May,Aug,Nov",2015,1,10,2,1,Saturday
61,6,2015-01-10,5828,938,1,0,0,0,a,c,500.0,5.0,2005.0,1,31.0,2013.0,"Jan,Apr,Jul,Oct",2015,1,10,2,1,Saturday
62,6,2015-01-10,4208,743,1,0,0,0,a,a,15000.0,5.0,2005.0,0,0.0,0.0,None,2015,1,10,2,1,Saturday
63,6,2015-01-10,7911,836,1,0,0,1,c,c,3000.0,5.0,2005.0,0,0.0,0.0,None,2015,1,10,2,1,Saturday
64,6,2015-01-10,4151,643,1,0,0,0,c,c,1500.0,5.0,0.0,1,1.0,2013.0,"Jan,Apr,Jul,Oct",2015,1,10,2,1,Saturday
65,6,2015-01-10,6226,1124,1,0,0,0,a,c,1500.0,0.0,2014.0,0,0.0,0.0,None,2015,1,10,2,1,Saturday
66,6,2015-01-10,13074,1135,1,0,0,1,a,a,15000.0,3.0,2010.0,0,0.0,0.0,None,2015,1,10,2,1,Saturday
67,6,2015-01-10,7160,1014,1,0,0,0,d,c,1500.0,1.0,2012.0,0,0.0,0.0,None,2015,1,10,2,1,Saturday
68,6,2015-01-10,13168,1176,1,0,0,0,c,c,500.0,7.0,0.0,0,0.0,0.0,None,2015,1,10,2,1,Saturday
69,6,2015-01-10,2593,381,1,0,0,1,d,c,15000.0,1.0,2012.0,1,31.0,2013.0,"Mar,Jun,Sept,Dec",2015,1,10,2,1,Saturday
70,6,2015-01-10,5582,637,1,0,0,0,a,a,3000.0,5.0,0.0,0,0.0,0.0,None,2015,1,10,2,1,Saturday
71,6,2015-01-10,4253,564,1,0,0,1,a,c,120.0,1.0,2008.0,1,31.0,2009.0,"Jan,Apr,Jul,Oct",2015,1,10,2,1,Saturday
72,6,2015-01-10,5034,830,1,0,0,0,a,c,7500.0,9.0,2010.0,0,0.0,0.0,None,2015,1,10,2,1,Saturday
73,6,2015-01-10,3737,391,1,0,0,0,d,c,500.0,5.0,2008.0,1,40.0,2013.0,"Mar,Jun,Sept,Dec",2015,1,10,2,1,Saturday
74,6,2015-01-10,10089,1109,1,0,0,0,a,a,500.0,7.0,2012.0,0,0.0,0.0,None,2015,1,10,2,1,Saturday
75,6,2015-01-10,7836,942,1,0,0,0,c,c,3000.0,11.0,0.0,1,14.0,2009.0,"Feb,May,Aug,Nov",2015,1,10,2,1,Saturday
76,6,2015-01-10,13556,1167,1,0,0,1,a,a,120.0,0.0,2014.0,0,0.0,0.0,None,2015,1,10,2,1,Saturday
77,6,2015-01-10,7771,707,1,0,0,0,d,c,1500.0,11.0,2012.0,0,0.0,0.0,None,2015,1,10,2,1,Saturday
78,6,2015-01-10,4119,417,1,0,0,0,d,c,500.0,3.0,2010.0,0,0.0,0.0,None,2015,1,10,2,1,Saturday
79,6,2015-01-10,4167,433,1,0,0,0,a,a,500.0,0.0,2012.0,1,14.0,2015.0,"Mar,Jun,Sept,Dec",2015,1,10,2,1,Saturday
80,6,2015-01-10,6587,965,1,0,0,0,a,a,15000.0,9.0,2010.0,0,0.0,0.0,None,2015,1,10,2,1,Saturday
81,6,2015-01-10,7063,1023,1,0,0,0,a,a,1500.0,1.0,2010.0,1,22.0,2009.0,"Jan,Apr,Jul,Oct",2015,1,10,2,1,Saturday
82,6,2015-01-10,6728,813,1,0,0,0,a,a,1500.0,0.0,0.0,0,0.0,0.0,None,2015,1,10,2,1,Saturday
83,6,2015-01-10,10280,1080,1,0,0,1,a,c,500.0,7.0,2014.0,0,0.0,0.0,None,2015,1,10,2,1,Saturday
84,6,2015-01-10,6139,1115,1,0,0,0,d,a,1500.0,0.0,2005.0,0,0.0,0.0,None,2015,1,10,2,1,Saturday
85,6,2015-01-10,4945,504,1,0,0,0,d,c,120.0,0.0,2014.0,1,1.0,2013.0,"Jan,Apr,Jul,Oct",2015,1,10,2,1,Saturday
86,6,2015-01-10,5883,575,1,0,0,0,d,a,3000.0,0.0,2012.0,0,0.0,0.0,None,2015,1,10,2,1,Saturday
87,6,2015-01-10,9602,811,1,0,0,0,a,a,1500.0,0.0,0.0,0,0.0,0.0,None,2015,1,10,2,1,Saturday
88,6,2015-01-10,3192,537,1,0,0,1,d,c,3000.0,3.0,2012.0,1,31.0,2009.0,"Feb,May,Aug,Nov",2015,1,10,2,1,Saturday
89,6,2015-01-10,5174,479,1,0,0,0,d,a,1500.0,9.0,0.0,1,31.0,2015.0,"Feb,May,Aug,Nov",2015,1,10,2,1,Saturday
90,6,2015-01-10,8611,779,1,0,0,0,d,c,1500.0,0.0,0.0,0,0.0,0.0,None,2015,1,10,2,1,Saturday
91,6,2015-01-10,6920,656,1,0,0,1,a,c,1500.0,3.0,2008.0,0,0.0,0.0,None,2015,1,10,2,1,Saturday
92,6,2015-01-10,4510,686,1,0,0,0,d,c,120.0,3.0,0.0,1,31.0,2009.0,"Feb,May,Aug,Nov",2015,1,10,2,1,Saturday
93,6,2015-01-10,4649,686,1,0,0,0,d,a,120.0,5.0,2005.0,0,0.0,0.0,None,2015,1,10,2,1,Saturday
94,6,2015-01-10,10856,1188,1,0,0,0,c,a,500.0,11.0,2005.0,0,0.0,0.0,None,2015,1,10,2,1,Saturday
95,6,2015-01-10,10876,930,1,0,0,0,a,c,500.0,11.0,2005.0,1,31.0,2009.0,"Feb,May,Aug,Nov",2015,1,10,2,1,Saturday
96,6,2015-01-10,3002,418,1,0,0,0,d,c,500.0,7.0,2005.0,1,10.0,2009.0,"Feb,May,Aug,Nov",2015,1,10,2,1,Saturday
97,6,2015-01-10,9265,1034,1,0,0,0,c,a,120.0,0.0,2008.0,0,0.0,0.0,None,2015,1,10,2,1,Saturday
98,6,2015-01-10,9283,1165,1,0,0,0,c,a,500.0,3.0,2008.0,1,10.0,2009.0,"Feb,May,Aug,Nov",2015,1,10,2,1,Saturday
99,6,2015-01-10,3656,318,1,0,0,0,a,c,500.0,1.0,2012.0,0,0.0,0.0,None,2015,1,10,2,1,Saturday
100,6,2015-01-10,9204,936,1,0,0,0,b,c,500.0,9.0,2005.0,0,0.0,0.0,None,2015,1,10,2,1,Saturday
1,7,2015-01-11,0,0,0,0,0,0,a,c,3000.0,7.0,2012.0,0,0.0,0.0,None,2015,1,11,2,1,Sunday
2,7,2015-01-11,0,0,0,0,0,0,a,a,7500.0,5.0,2008.0,0,0.0,0.0,None,2015,1,11,2,1,Sunday
3,7,2015-01-11,0,0,0,0,0,0,d,c,500.0,5.0,2012.0,1,10.0,2011.0,"Jan,Apr,Jul,Oct",2015,1,11,2,1,Sunday
4,7,2015-01-11,0,0,0,0,0,0,a,a,1500.0,1.0,2010.0,1,40.0,2011.0,"Mar,Jun,Sept,Dec",2015,1,11,2,1,Sunday
5,7,2015-01-11,0,0,0,0,0,0,c,a,15000.0,0.0,2008.0,1,31.0,2009.0,"Mar,Jun,Sept,Dec",2015,1,11,2,1,Sunday
6,7,2015-01-11,0,0,0,0,0,0,a,c,1500.0,1.0,0.0,0,0.0,0.0,None,2015,1,11,2,1,Sunday
7,7,2015-01-11,0,0,0,0,0,1,a,a,1500.0,5.0,2012.0,1,14.0,2011.0,"Jan,Apr,Jul,Oct",2015,1,11,2,1,Sunday
8,7,2015-01-11,0,0,0,0,0,0,a,c,500.0,9.0,2014.0,1,40.0,2009.0,"Mar,Jun,Sept,Dec",2015,1,11,2,1,Sunday
9,7,2015-01-11,0,0,0,0,0,0,d,a,500.0,5.0,2014.0,1,40.0,2013.0,"Jan,Apr,Jul,Oct",2015,1,11,2,1,Sunday
10,7,2015-01-11,0,0,0,0,0,0,d,c,3000.0,11.0,2012.0,1,1.0,2015.0,"Jan,Apr,Jul,Oct",2015,1,11,2,1,Sunday
11,7,2015-01-11,0,0,0,0,0,0,a,c,120.0,11.0,0.0,1,22.0,2015.0,"Mar,Jun,Sept,Dec",2015,1,11,2,1,Sunday
12,7,2015-01-11,0,0,0,0,0,1,d,c,3000.0,0.0,2008.0,0,0.0,0.0,None,2015,1,11,2,1,Sunday
13,7,2015-01-11,0,0,0,0,0,0,a,a,7500.0,5.0,2005.0,0,0.0,0.0,None,2015,1,11,2,1,Sunday
14,7,2015-01-11,0,0,0,0,0,1,a,c,1500.0,5.0,2014.0,1,1.0,2013.0,"Jan,Apr,Jul,Oct",2015,1,11,2,1,Sunday
15,7,2015-01-11,0,0,0,0,0,0,d,c,3000.0,11.0,2014.0,1,1.0,2013.0,"Mar,Jun,Sept,Dec",2015,1,11,2,1,Sunday
16,7,2015-01-11,0,0,0,0,0,0,a,a,500.0,11.0,0.0,0,0.0,0.0,None,2015,1,11,2,1,Sunday
17,7,2015-01-11,0,0,0,0,0,1,a,c,500.0,7.0,2008.0,0,0.0,0.0,None,2015,1,11,2,1,Sunday
18,7,2015-01-11,0,0,0,0,0,0,d,c,1500.0,5.0,2005.0,1,40.0,2009.0,"Jan,Apr,Jul,Oct",2015,1,11,2,1,Sunday
19,7,2015-01-11,0,0,0,0,0,0,d,c,120.0,9.0,2014.0,1,10.0,2013.0,"Jan,Apr,Jul,Oct",2015,1,11,2,1,Sunday
20,7,2015-01-11,0,0,0,0,0,0,a,a,500.0,9.0,0.0,1,1.0,2013.0,"Mar,Jun,Sept,Dec",2015,1,11,2,1,Sunday
21,7,2015-01-11,0,0,0,0,0,1,a,c,1500.0,0.0,2008.0,0,0.0,0.0,None,2015,1,11,2,1,Sunday
22,7,2015-01-11,0,0,0,0,0,1,a,a,500.0,0.0,2010.0,0,0.0,0.0,None,2015,1,11,2,1,Sunday
23,7,2015-01-11,0,0,0,0,0,0,d,c,500.0,1.0,2008.0,0,0.0,0.0,None,2015,1,11,2,1,Sunday
24,7,2015-01-11,0,0,0,0,0,1,a,a,1500.0,1.0,2010.0,0,0.0,0.0,None,2015,1,11,2,1,Sunday
25,7,2015-01-11,0,0,0,0,0,0,a,c,500.0,1.0,2012.0,0,0.0,0.0,None,2015,1,11,2,1,Sunday
26,7,2015-01-11,0,0,0,0,0,0,d,a,1500.0,3.0,2008.0,0,0.0,0.0,None,2015,1,11,2,1,Sunday
27,7,2015-01-11,0,0,0,0,0,0,d,a,15000.0,9.0,2008.0,1,1.0,2009.0,"Mar,Jun,Sept,Dec",2015,1,11,2,1,Sunday
28,7,2015-01-11,0,0,0,0,0,0,a,a,1500.0,3.0,2010.0,0,0.0,0.0,None,2015,1,11,2,1,Sunday
29,7,2015-01-11,0,0,0,0,0,0,a,a,1500.0,5.0,0.0,1,10.0,2015.0,"Jan,Apr,Jul,Oct",2015,1,11,2,1,Sunday
30,7,2015-01-11,0,0,0,0,0,0,c,c,500.0,11.0,2014.0,1,22.0,2015.0,"Feb,May,Aug,Nov",2015,1,11,2,1,Sunday
31,7,2015-01-11,0,0,0,0,0,0,d,c,500.0,0.0,2014.0,1,31.0,2015.0,"Mar,Jun,Sept,Dec",2015,1,11,2,1,Sunday
32,7,2015-01-11,0,0,0,0,0,0,a,a,3000.0,3.0,2010.0,1,1.0,2015.0,"Mar,Jun,Sept,Dec",2015,1,11,2,1,Sunday
33,7,2015-01-11,0,0,0,0,0,0,d,c,1500.0,9.0,2008.0,0,0.0,0.0,None,2015,1,11,2,1,Sunday
34,7,2015-01-11,0,0,0,0,0,0,d,c,500.0,9.0,2005.0,0,0.0,0.0,None,2015,1,11,2,1,Sunday
35,7,2015-01-11,0,0,0,0,0,0,a,c,120.0,5.0,0.0,1,22.0,2015.0,"Mar,Jun,Sept,Dec",2015,1,11,2,1,Sunday
36,7,2015-01-11,0,0,0,0,0,0,d,a,1500.0,3.0,2008.0,1,40.0,2011.0,"Feb,May,Aug,Nov",2015,1,11,2,1,Sunday
37,7,2015-01-11,0,0,0,0,0,0,d,a,7500.0,3.0,2008.0,1,40.0,2009.0,"Mar,Jun,Sept,Dec",2015,1,11,2,1,Sunday
38,7,2015-01-11,0,0,0,0,0,0,a,a,3000.0,3.0,2010.0,0,0.0,0.0,None,2015,1,11,2,1,Sunday
39,7,2015-01-11,0,0,0,0,0,1,c,a,7500.0,7.0,2014.0,1,14.0,2015.0,"Jan,Apr,Jul,Oct",2015,1,11,2,1,Sunday
40,7,2015-01-11,0,0,0,0,0,0,d,a,1500.0,11.0,2008.0,1,22.0,2013.0,"Jan,Apr,Jul,Oct",2015,1,11,2,1,Sunday
41,7,2015-01-11,0,0,0,0,0,0,a,c,500.0,1.0,0.0,0,0.0,0.0,None,2015,1,11,2,1,Sunday
42,7,2015-01-11,0,0,0,0,0,1,d,c,120.0,1.0,2014.0,0,0.0,0.0,None,2015,1,11,2,1,Sunday
43,7,2015-01-11,0,0,0,0,0,0,a,a,500.0,0.0,0.0,1,31.0,2011.0,"Mar,Jun,Sept,Dec",2015,1,11,2,1,Sunday
44,7,2015-01-11,0,0,0,0,0,1,a,a,1500.0,5.0,2005.0,0,0.0,0.0,None,2015,1,11,2,1,Sunday
45,7,2015-01-11,0,0,0,0,0,0,c,a,120.0,9.0,2014.0,1,22.0,2011.0,"Feb,May,Aug,Nov",2015,1,11,2,1,Sunday
46,7,2015-01-11,0,0,0,0,0,0,a,c,500.0,1.0,2014.0,0,0.0,0.0,None,2015,1,11,2,1,Sunday
47,7,2015-01-11,0,0,0,0,0,0,c,a,1500.0,0.0,0.0,1,40.0,2013.0,"Jan,Apr,Jul,Oct",2015,1,11,2,1,Sunday
48,7,2015-01-11,0,0,0,0,0,0,a,c,500.0,7.0,2010.0,1,22.0,2011.0,"Mar,Jun,Sept,Dec",2015,1,11,2,1,Sunday
49,7,2015-01-11,0,0,0,0,0,0,d,a,120.0,1.0,2010.0,1,14.0,2009.0,"Mar,Jun,Sept,Dec",2015,1,11,2,1,Sunday
50,7,2015-01-11,0,0,0,0,0,0,a,c,500.0,1.0,2012.0,0,0.0,0.0,None,2015,1,11,2,1,Sunday
51,7,2015-01-11,0,0,0,0,0,0,a,c,120.0,1.0,0.0,0,0.0,0.0,None,2015,1,11,2,1,Sunday
52,7,2015-01-11,0,0,0,0,0,1,a,a,120.0,7.0,2012.0,1,31.0,2013.0,"Mar,Jun,Sept,Dec",2015,1,11,2,1,Sunday
53,7,2015-01-11,0,0,0,0,0,0,a,c,1500.0,0.0,0.0,1,14.0,2009.0,"Feb,May,Aug,Nov",2015,1,11,2,1,Sunday
54,7,2015-01-11,0,0,0,0,0,0,a,a,1500.0,0.0,0.0,0,0.0,0.0,None,2015,1,11,2,1,Sunday
55,7,2015-01-11,0,0,0,0,0,0,d,c,1500.0,1.0,2005.0,1,22.0,2009.0,"Feb,May,Aug,Nov",2015,1,11,2,1,Sunday
56,7,2015-01-11,0,0,0,0,0,0,a,a,1500.0,7.0,2010.0,0,0.0,0.0,None,2015,1,11,2,1,Sunday
57,7,2015-01-11,0,0,0,0,0,1,a,c,1500.0,0.0,2012.0,1,10.0,2009.0,"Mar,Jun,Sept,Dec",2015,1,11,2,1,Sunday
58,7,2015-01-11,0,0,0,0,0,0,d,c,1500.0,0.0,0.0,1,14.0,2009.0,"Mar,Jun,Sept,Dec",2015,1,11,2,1,Sunday
59,7,2015-01-11,0,0,0,0,0,0,d,c,500.0,7.0,2012.0,0,0.0,0.0,None,2015,1,11,2,1,Sunday
60,7,2015-01-11,0,0,0,0,0,0,a,a,1500.0,11.0,0.0,1,31.0,2011.0,"Feb,May,Aug,Nov",2015,1,11,2,1,Sunday
61,7,2015-01-11,0,0,0,0,0,0,a,c,500.0,5.0,2005.0,1,31.0,2013.0,"Jan,Apr,Jul,Oct",2015,1,11,2,1,Sunday
62,7,2015-01-11,0,0,0,0,0,1,a,a,15000.0,5.0,2005.0,0,0.0,0.0,None,2015,1,11,2,1,Sunday
63,7,2015-01-11,0,0,0,0,0,0,c,c,3000.0,5.0,2005.0,0,0.0,0.0,None,2015,1,11,2,1,Sunday
64,7,2015-01-11,0,0,0,0,0,0,c,c,1500.0,5.0,0.0,1,1.0,2013.0,"Jan,Apr,Jul,Oct",2015,1,11,2,1,Sunday
65,7,2015-01-11,0,0,0,0,0,1,a,c,1500.0,0.0,2014.0,0,0.0,0.0,None,2015,1,11,2,1,Sunday
66,7,2015-01-11,0,0,0,0,0,1,a,a,15000.0,3.0,2010.0,0,0.0,0.0,None,2015,1,11,2,1,Sunday
67,7,2015-01-11,0,0,0,0,0,0,d,c,1500.0,1.0,2012.0,0,0.0,0.0,None,2015,1,11,2,1,Sunday
68,7,2015-01-11,0,0,0,0,0,0,c,c,500.0,7.0,0.0,0,0.0,0.0,None,2015,1,11,2,1,Sunday
69,7,2015-01-11,0,0,0,0,0,0,d,c,15000.0,1.0,2012.0,1,31.0,2013.0,"Mar,Jun,Sept,Dec",2015,1,11,2,1,Sunday
70,7,2015-01-11,0,0,0,0,0,0,a,a,3000.0,5.0,0.0,0,0.0,0.0,None,2015,1,11,2,1,Sunday
71,7,2015-01-11,0,0,0,0,0,1,a,c,120.0,1.0,2008.0,1,31.0,2009.0,"Jan,Apr,Jul,Oct",2015,1,11,2,1,Sunday
72,7,2015-01-11,0,0,0,0,0,0,a,c,7500.0,9.0,2010.0,0,0.0,0.0,None,2015,1,11,2,1,Sunday
73,7,2015-01-11,0,0,0,0,0,0,d,c,500.0,5.0,2008.0,1,40.0,2013.0,"Mar,Jun,Sept,Dec",2015,1,11,2,1,Sunday
74,7,2015-01-11,0,0,0,0,0,0,a,a,500.0,7.0,2012.0,0,0.0,0.0,None,2015,1,11,2,1,Sunday
75,7,2015-01-11,0,0,0,0,0,0,c,c,3000.0,11.0,0.0,1,14.0,2009.0,"Feb,May,Aug,Nov",2015,1,11,2,1,Sunday
76,7,2015-01-11,0,0,0,0,0,0,a,a,120.0,0.0,2014.0,0,0.0,0.0,None,2015,1,11,2,1,Sunday
77,7,2015-01-11,0,0,0,0,0,0,d,c,1500.0,11.0,2012.0,0,0.0,0.0,None,2015,1,11,2,1,Sunday
78,7,2015-01-11,0,0,0,0,0,0,d,c,500.0,3.0,2010.0,0,0.0,0.0,None,2015,1,11,2,1,Sunday
79,7,2015-01-11,0,0,0,0,0,0,a,a,500.0,0.0,2012.0,1,14.0,2015.0,"Mar,Jun,Sept,Dec",2015,1,11,2,1,Sunday
80,7,2015-01-11,0,0,0,0,0,0,a,a,15000.0,9.0,2010.0,0,0.0,0.0,None,2015,1,11,2,1,Sunday
81,7,2015-01-11,0,0,0,0,0,0,a,a,1500.0,1.0,2010.0,1,22.0,2009.0,"Jan,Apr,Jul,Oct",2015,1,11,2,1,Sunday
82,7,2015-01-11,0,0,0,0,0,0,a,a,1500.0,0.0,0.0,0,0.0,0.0,None,2015,1,11,2,1,Sunday
83,7,2015-01-11,0,0,0,0,0,0,a,c,500.0,7.0,2014.0,0,0.0,0.0,None,2015,1,11,2,1,Sunday
84,7,2015-01-11,0,0,0,0,0,0,d,a,1500.0,0.0,2005.0,0,0.0,0.0,None,2015,1,11,2,1,Sunday
85,7,2015-01-11,0,0,0,0,0,0,d,c,120.0,0.0,2014.0,1,1.0,2013.0,"Jan,Apr,Jul,Oct",2015,1,11,2,1,Sunday
86,7,2015-01-11,0,0,0,0,0,0,d,a,3000.0,0.0,2012.0,0,0.0,0.0,None,2015,1,11,2,1,Sunday
87,7,2015-01-11,0,0,0,0,0,0,a,a,1500.0,0.0,0.0,0,0.0,0.0,None,2015,1,11,2,1,Sunday
88,7,2015-01-11,0,0,0,0,0,0,d,c,3000.0,3.0,2012.0,1,31.0,2009.0,"Feb,May,Aug,Nov",2015,1,11,2,1,Sunday
89,7,2015-01-11,0,0,0,0,0,1,d,a,1500.0,9.0,0.0,1,31.0,2015.0,"Feb,May,Aug,Nov",2015,1,11,2,1,Sunday
90,7,2015-01-11,0,0,0,0,0,0,d,c,1500.0,0.0,0.0,0,0.0,0.0,None,2015,1,11,2,1,Sunday
91,7,2015-01-11,0,0,0,0,0,0,a,c,1500.0,3.0,2008.0,0,0.0,0.0,None,2015,1,11,2,1,Sunday
92,7,2015-01-11,0,0,0,0,0,1,d,c,120.0,3.0,0.0,1,31.0,2009.0,"Feb,May,Aug,Nov",2015,1,11,2,1,Sunday
93,7,2015-01-11,0,0,0,0,0,0,d,a,120.0,5.0,2005.0,0,0.0,0.0,None,2015,1,11,2,1,Sunday
94,7,2015-01-11,0,0,0,0,0,0,c,a,500.0,11.0,2005.0,0,0.0,0.0,None,2015,1,11,2,1,Sunday
95,7,2015-01-11,0,0,0,0,0,0,a,c,500.0,11.0,2005.0,1,31.0,2009.0,"Feb,May,Aug,Nov",2015,1,11,2,1,Sunday
96,7,2015-01-11,0,0,0,0,0,1,d,c,500.0,7.0,2005.0,1,10.0,2009.0,"Feb,May,Aug,Nov",2015,1,11,2,1,Sunday
97,7,2015-01-11,0,0,0,0,0,0,c,a,120.0,0.0,2008.0,0,0.0,0.0,None,2015,1,11,2,1,Sunday
98,7,2015-01-11,0,0,0,0,0,0,c,a,500.0,3.0,2008.0,1,10.0,2009.0,"Feb,May,Aug,Nov",2015,1,11,2,1,Sunday
99,7,2015-01-11,0,0,0,0,0,0,a,c,500.0,1.0,2012.0,0,0.0,0.0,None,2015,1,11,2,1,Sunday
100,7,2015-01-11,0,0,0,0,0,1,b,c,500.0,9.0,2005.0,0,0.0,0.0,None,2015,1,11,2,1,Sunday
1,1,2015-01-12,10689,1119,1,0,0,0,a,c,3000.0,7.0,2012.0,0,0.0,0.0,None,2015,1,12,3,1,Monday
2,1,2015-01-12,12130,1074,1,1,0,0,a,a,7500.0,5.0,2008.0,0,0.0,0.0,None,2015,1,12,3,1,Monday
3,1,2015-01-12,9169,1009,1,1,0,0,d,c,500.0,5.0,2012.0,1,10.0,2011.0,"Jan,Apr,Jul,Oct",2015,1,12,3,1,Monday
4,1,2015-01-12,10580,1152,1,1,0,1,a,a,1500.0,1.0,2010.0,1,40.0,2011.0,"Mar,Jun,Sept,Dec",2015,1,12,3,1,Monday
5,1,2015-01-12,7060,934,1,1,0,0,c,a,15000.0,0.0,2008.0,1,31.0,2009.0,"Mar,Jun,Sept,Dec",2015,1,12,3,1,Monday
6,1,2015-01-12,0,0,0,1,0,1,a,c,1500.0,1.0,0.0,0,0.0,0.0,None,2015,1,12,3,1,Monday
7,1,2015-01-12,6245,555,1,0,0,0,a,a,1500.0,5.0,2012.0,1,14.0,2011.0,"Jan,Apr,Jul,Oct",2015,1,12,3,1,Monday
8,1,2015-01-12,6350,583,1,0,0,0,a,c,500.0,9.0,2014.0,1,40.0,2009.0,"Mar,Jun,Sept,Dec",2015,1,12,3,1,Monday
9,1,2015-01-12,6572,664,1,0,0,0,d,a,500.0,5.0,2014.0,1,40.0,2013.0,"Jan,Apr,Jul,Oct",2015,1,12,3,1,Monday
10,1,2015-01-12,3720,370,1,0,0,0,d,c,3000.0,11.0,2012.0,1,1.0,2015.0,"Jan,Apr,Jul,Oct",2015,1,12,3,1,Monday
11,1,2015-01-12,11098,954,1,1,0,0,a,c,120.0,11.0,0.0,1,22.0,2015.0,"Mar,Jun,Sept,Dec",2015,1,12,3,1,Monday
12,1,2015-01-12,3475,303,1,0,0,0,d,c,3000.0,0.0,2008.0,0,0.0,0.0,None,2015,1,12,3,1,Monday
13,1,2015-01-12,7913,719,1,1,0,0,a,a,7500.0,5.0,2005.0,0,0.0,0.0,None,2015,1,12,3,1,Monday
14,1,2015-01-12,3528,362,1,0,0,1,a,c,1500.0,5.0,2014.0,1,1.0,2013.0,"Jan,Apr,Jul,Oct",2015,1,12,3,1,Monday
15,1,2015-01-12,5151,728,1,0,0,0,d,c,3000.0,11.0,2014.0,1,1.0,2013.0,"Mar,Jun,Sept,Dec",2015,1,12,3,1,Monday
16,1,2015-01-12,8256,1045,1,0,0,0,a,a,500.0,11.0,0.0,0,0.0,0.0,None,2015,1,12,3,1,Monday
17,1,2015-01-12,11079,985,1,0,0,0,a,c,500.0,7.0,2008.0,0,0.0,0.0,None,2015,1,12,3,1,Monday
18,1,2015-01-12,4334,431,1,0,0,0,d,c,1500.0,5.0,2005.0,1,40.0,2009.0,"Jan,Apr,Jul,Oct",2015,1,12,3,1,Monday
19,1,2015-01-12,10220,1043,1,0,0,1,d,c,120.0,9.0,2014.0,1,10.0,2013.0,"Jan,Apr,Jul,Oct",2015,1,12,3,1,Monday
20,1,2015-01-12,10953,1110,1,1,0,0,a,a,500.0,9.0,0.0,1,1.0,2013.0,"Mar,Jun,Sept,Dec",2015,1,12,3,1,Monday
21,1,2015-01-12,8449,760,1,0,0,0,a,c,1500.0,0.0,2008.0,0,0.0,0.0,None,2015,1,12,3,1,Monday
22,1,2015-01-12,10091,1006,1,0,0,0,a,a,500.0,0.0,2010.0,0,0.0,0.0,None,2015,1,12,3,1,Monday
23,1,2015-01-12,9370,887,1,1,0,0,d,c,500.0,1.0,2008.0,0,0.0,0.0,None,2015,1,12,3,1,Monday
24,1,2015-01-12,5679,545,1,1,0,0,a,a,1500.0,1.0,2010.0,0,0.0,0.0,None,2015,1,12,3,1,Monday
25,1,2015-01-12,3796,444,1,0,0,0,a,c,500.0,1.0,2012.0,0,0.0,0.0,None,2015,1,12,3,1,Monday
26,1,2015-01-12,6665,719,1,1,0,0,d,a,1500.0,3.0,2008.0,0,0.0,0.0,None,2015,1,12,3,1,Monday
27,1,2015-01-12,3187,416,1,0,0,0,d,a,15000.0,9.0,2008.0,1,1.0,2009.0,"Mar,Jun,Sept,Dec",2015,1,12,3,1,Monday
28,1,2015-01-12,3972,596,1,0,0,0,a,a,1500.0,3.0,2010.0,0,0.0,0.0,None,2015,1,12,3,1,Monday
29,1,2015-01-12,2487,427,1,0,0,0,a,a,1500.0,5.0,0.0,1,10.0,2015.0,"Jan,Apr,Jul,Oct",2015,1,12,3,1,Monday
30,1,2015-01-12,3169,329,1,1,0,0,c,c,500.0,11.0,2014.0,1,22.0,2015.0,"Feb,May,Aug,Nov",2015,1,12,3,1,Monday
31,1,2015-01-12,10561,1119,1,0,0,0,d,c,500.0,0.0,2014.0,1,31.0,2015.0,"Mar,Jun,Sept,Dec",2015,1,12,3,1,Monday
32,1,2015-01-12,9950,952,1,0,0,0,a,a,3000.0,3.0,2010.0,1,1.0,2015.0,"Mar,Jun,Sept,Dec",2015,1,12,3,1,Monday
33,1,2015-01-12,8140,919,1,1,0,1,d,c,1500.0,9.0,2008.0,0,0.0,0.0,None,2015,1,12,3,1,Monday
34,1,2015-01-12,5829,391,1,1,0,0,d,c,500.0,9.0,2005.0,0,0.0,0.0,None,2015,1,12,3,1,Monday
35,1,2015-01-12,3801,324,1,0,0,0,a,c,120.0,5.0,0.0,1,22.0,2015.0,"Mar,Jun,Sept,Dec",2015,1,12,3,1,Monday
36,1,2015-01-12,2586,318,1,0,0,1,d,a,1500.0,3.0,2008.0,1,40.0,2011.0,"Feb,May,Aug,Nov",2015,1,12,3,1,Monday
37,1,2015-01-12,6673,851,1,1,0,0,d,a,7500.0,3.0,2008.0,1,40.0,2009.0,"Mar,Jun,Sept,Dec",2015,1,12,3,1,Monday
38,1,2015-01-12,5962,983,1,0,0,0,a,a,3000.0,3.0,2010.0,0,0.0,0.0,None,2015,1,12,3,1,Monday
39,1,2015-01-12,7287,672,1,1,0,0,c,a,7500.0,7.0,2014.0,1,14.0,2015.0,"Jan,Apr,Jul,Oct",2015,1,12,3,1,Monday
40,1,2015-01-12,6095,803,1,1,0,1,d,a,1500.0,11.0,2008.0,1,22.0,2013.0,"Jan,Apr,Jul,Oct",2015,1,12,3,1,Monday
41,1,2015-01-12,5249,582,1,1,0,0,a,c,500.0,1.0,0.0,0,0.0,0.0,None,2015,1,12,3,1,Monday
42,1,2015-01-12,6899,765,1,1,0,0,d,c,120.0,1.0,2014.0,0,0.0,0.0,None,2015,1,12,3,1,Monday
43,1,2015-01-12,9351,687,1,1,0,0,a,a,500.0,0.0,0.0,1,31.0,2011.0,"Mar,Jun,Sept,Dec",2015,1,12,3,1,Monday
44,1,2015-01-12,4985,495,1,1,0,0,a,a,1500.0,5.0,2005.0,0,0.0,0.0,None,2015,1,12,3,1,Monday
45,1,2015-01-12,4026,509,1,0,0,0,c,a,120.0,9.0,2014.0,1,22.0,2011.0,"Feb,May,Aug,Nov",2015,1,12,3,1,Monday
46,1,2015-01-12,4876,587,1,0,0,1,a,c,500.0,1.0,2014.0,0,0.0,0.0,None,2015,1,12,3,1,Monday
47,1,2015-01-12,8449,1094,1,0,0,0,c,a,1500.0,0.0,0.0,1,40.0,2013.0,"Jan,Apr,Jul,Oct",2015,1,12,3,1,Monday
48,1,2015-01-12,5907,821,1,0,0,0,a,c,500.0,7.0,2010.0,1,22.0,2011.0,"Mar,Jun,Sept,Dec",2015,1,12,3,1,Monday
49,1,2015-01-12,13894,1179,1,0,0,0,d,a,120.0,1.0,2010.0,1,14.0,2009.0,"Mar,Jun,Sept,Dec",2015,1,12,3,1,Monday
50,1,2015-01-12,5566,381,1,1,0,1,a,c,500.0,1.0,2012.0,0,0.0,0.0,None,2015,1,12,3,1,Monday
51,1,2015-01-12,7850,807,1,1,0,0,a,c,120.0,1.0,0.0,0,0.0,0.0,None,2015,1,12,3,1,Monday
52,1,2015-01-12,6493,478,1,1,0,0,a,a,120.0,7.0,2012.0,1,31.0,2013.0,"Mar,Jun,Sept,Dec",2015,1,12,3,1,Monday
53,1,2015-01-12,8678,708,1,1,0,1,a,c,1500.0,0.0,0.0,1,14.0,2009.0,"Feb,May,Aug,Nov",2015,1,12,3,1,Monday
54,1,2015-01-12,5728,703,1,1,0,0,a,a,1500.0,0.0,0.0,0,0.0,0.0,None,2015,1,12,3,1,Monday
55,1,2015-01-12,5788,996,1,0,0,0,d,c,1500.0,1.0,2005.0,1,22.0,2009.0,"Feb,May,Aug,Nov",2015,1,12,3,1,Monday
56,1,2015-01-12,9561,1170,1,0,0,0,a,a,1500.0,7.0,2010.0,0,0.0,0.0,None,2015,1,12,3,1,Monday
57,1,2015-01-12,7193,626,1,1,0,0,a,c,1500.0,0.0,2012.0,1,10.0,2009.0,"Mar,Jun,Sept,Dec",2015,1,12,3,1,Monday
58,1,2015-01-12,5756,973,1,0,0,0,d,c,1500.0,0.0,0.0,1,14.0,2009.0,"Mar,Jun,Sept,Dec",2015,1,12,3,1,Monday
59,1,2015-01-12,0,0,0,0,0,0,d,c,500.0,7.0,2012.0,0,0.0,0.0,None,2015,1,12,3,1,Monday
60,1,2015-01-12,5656,715,1,1,0,0,a,a,1500.0,11.0,0.0,1,31.0,2011.0,"Feb,May,Aug,Nov",2015,1,12,3,1,Monday
61,1,2015-01-12,3042,392,1,0,0,0,a,c,500.0,5.0,2005.0,1,31.0,2013.0,"Jan,Apr,Jul,Oct",2015,1,12,3,1,Monday
62,1,2015-01-12,7484,899,1,1,0,0,a,a,15000.0,5.0,2005.0,0,0.0,0.0,None,2015,1,12,3,1,Monday
63,1,2015-01-12,9044,1016,1,1,0,0,c,c,3000.0,5.0,2005.0,0,0.0,0.0,None,2015,1,12,3,1,Monday
64,1,2015-01-12,5072,623,1,1,0,0,c,c,1500.0,5.0,0.0,1,1.0,2013.0,"Jan,Apr,Jul,Oct",2015,1,12,3,1,Monday
65,1,2015-01-12,8148,772,1,0,0,0,a,c,1500.0,0.0,2014.0,0,0.0,0.0,None,2015,1,12,3,1,Monday
66,1,2015-01-12,5416,719,1,0,0,0,a,a,15000.0,3.0,2010.0,0,0.0,0.0,None,2015,1,12,3,1,Monday
67,1,2015-01-12,3458,365,1,1,0,0,d,c,1500.0,1.0,2012.0,0,0.0,0.0,None,2015,1,12,3,1,Monday
68,1,2015-01-12,8403,1134,1,0,0,0,c,c,500.0,7.0,0.0,0,0.0,0.0,None,2015,1,12,3,1,Monday
69,1,2015-01-12,0,0,0,1,0,1,d,c,15000.0,1.0,2012.0,1,31.0,2013.0,"Mar,Jun,Sept,Dec",2015,1,12,3,1,Monday
70,1,2015-01-12,9433,824,1,0,0,0,a,a,3000.0,5.0,0.0,0,0.0,0.0,None,2015,1,12,3,1,Monday
71,1,2015-01-12,7261,846,1,0,0,0,a,c,120.0,1.0,2008.0,1,31.0,2009.0,"Jan,Apr,Jul,Oct",2015,1,12,3,1,Monday
72,1,2015-01-12,12976,1173,1,1,0,0,a,c,7500.0,9.0,2010.0,0,0.0,0.0,None,2015,1,12,3,1,Monday
73,1,2015-01-12,4213,365,1,0,0,0,d,c,500.0,5.0,2008.0,1,40.0,2013.0,"Mar,Jun,Sept,Dec",2015,1,12,3,1,Monday
74,1,2015-01-12,4424,695,1,0,0,0,a,a,500.0,7.0,2012.0,0,0.0,0.0,None,2015,1,12,3,1,Monday
75,1,2015-01-12,11059,1049,1,0,0,0,c,c,3000.0,11.0,0.0,1,14.0,2009.0,"Feb,May,Aug,Nov",2015,1,12,3,1,Monday
76,1,2015-01-12,8472,668,1,1,0,0,a,a,120.0,0.0,2014.0,0,0.0,0.0,None,2015,1,12,3,1,Monday
77,1,2015-01-12,2472,432,1,0,0,1,d,c,1500.0,11.0,2012.0,0,0.0,0.0,None,2015,1,12,3,1,Monday
78,1,2015-01-12,11411,1131,1,1,0,0,d,c,500.0,3.0,2010.0,0,0.0,0.0,None,2015,1,12,3,1,Monday
79,1,2015-01-12,2608,315,1,1,0,0,a,a,500.0,0.0,2012.0,1,14.0,2015.0,"Mar,Jun,Sept,Dec",2015,1,12,3,1,Monday
80,1,2015-01-12,4725,763,1,0,0,0,a,a,15000.0,9.0,2010.0,0,0.0,0.0,None,2015,1,12,3,1,Monday
81,1,2015-01-12,2922,488,1,0,0,0,a,a,1500.0,1.0,2010.0,1,22.0,2009.0,"Jan,Apr,Jul,Oct",2015,1,12,3,1,Monday
82,1,2015-01-12,6169,858,1,0,0,0,a,a,1500.0,0.0,0.0,0,0.0,0.0,None,2015,1,12,3,1,Monday
83,1,2015-01-12,6141,523,1,1,0,1,a,c,500.0,7.0,2014.0,0,0.0,0.0,None,2015,1,12,3,1,Monday
84,1,2015-01-12,5379,478,1,1,0,1,d,a,1500.0,0.0,2005.0,0,0.0,0.0,None,2015,1,12,3,1,Monday
85,1,2015-01-12,4747,396,1,0,0,1,d,c,120.0,0.0,2014.0,1,1.0,2013.0,"Jan,Apr,Jul,Oct",2015,1,12,3,1,Monday
86,1,2015-01-12,2609,345,1,1,0,1,d,a,3000.0,0.0,2012.0,0,0.0,0.0,None,2015,1,12,3,1,Monday
87,1,2015-01-12,9105,910,1,1,0,0,a,a,1500.0,0.0,0.0,0,0.0,0.0,None,2015,1,12,3,1,Monday
88,1,2015-01-12,0,0,0,1,0,0,d,c,3000.0,3.0,2012.0,1,31.0,2009.0,"Feb,May,Aug,Nov",2015,1,12,3,1,Monday
89,1,2015-01-12,7397,791,1,0,0,1,d,a,1500.0,9.0,0.0,1,31.0,2015.0,"Feb,May,Aug,Nov",2015,1,12,3,1,Monday
90,1,2015-01-12,5687,488,1,0,0,0,d,c,1500.0,0.0,0.0,0,0.0,0.0,None,2015,1,12,3,1,Monday
91,1,2015-01-12,13007,1137,1,0,0,0,a,c,1500.0,3.0,2008.0,0,0.0,0.0,None,2015,1,12,3,1,Monday
92,1,2015-01-12,6546,645,1,0,0,0,d,c,120.0,3.0,0.0,1,31.0,2009.0,"Feb,May,Aug,Nov",2015,1,12,3,1,Monday
93,1,2015-01-12,5499,955,1,0,0,0,d,a,120.0,5.0,2005.0,0,0.0,0.0,None,2015,1,12,3,1,Monday
94,1,2015-01-12,4950,507,1,1,0,1,c,a,500.0,11.0,2005.0,0,0.0,0.0,None,2015,1,12,3,1,Monday
95,1,2015-01-12,9974,1129,1,1,0,0,a,c,500.0,11.0,2005.0,1,31.0,2009.0,"Feb,May,Aug,Nov",2015,1,12,3,1,Monday
96,1,2015-01-12,3362,498,1,0,0,0,d,c,500.0,7.0,2005.0,1,10.0,2009.0,"Feb,May,Aug,Nov",2015,1,12,3,1,Monday
97,1,2015-01-12,3738,547,1,1,0,0,c,a,120.0,0.0,2008.0,0,0.0,0.0,None,2015,1,12,3,1,Monday
98,1,2015-01-12,7721,1076,1,1,0,0,c,a,500.0,3.0,2008.0,1,10.0,2009.0,"Feb,May,Aug,Nov",2015,1,12,3,1,Monday
99,1,2015-01-12,5288,664,1,1,0,1,a,c,500.0,1.0,2012.0,0,0.0,0.0,None,2015,1,12,3,1,Monday
100,1,2015-01-12,5312,913,1,0,0,0,b,c,500.0,9.0,2005.0,0,0.0,0.0,None,2015,1,12,3,1,Monday
1,2,2015-01-13,5853,548,1,1,0,0,a,c,3000.0,7.0,2012.0,0,0.0,0.0,None,2015,1,13,3,1,Tuesday
2,2,2015-01-13,5268,519,1,0,0,0,a,a,7500.0,5.0,2008.0,0,0.0,0.0,None,2015,1,13,3,1,Tuesday
3,2,2015-01-13,5825,582,1,0,0,0,d,c,500.0,5.0,2012.0,1,10.0,2011.0,"Jan,Apr,Jul,Oct",2015,1,13,3,1,Tuesday
4,2,2015-01-13,11242,1141,1,1,0,1,a,a,1500.0,1.0,2010.0,1,40.0,2011.0,"Mar,Jun,Sept,Dec",2015,1,13,3,1,Tuesday
5,2,2015-01-13,7918,625,1,1,0,0,c,a,15000.0,0.0,2008.0,1,31.0,2009.0,"Mar,Jun,Sept,Dec",2015,1,13,3,1,Tuesday
6,2,2015-01-13,10675,1104,1,1,0,0,a,c,1500.0,1.0,0.0,0,0.0,0.0,None,2015,1,13,3,1,Tuesday
7,2,2015-01-13,8082,1196,1,1,0,0,a,a,1500.0,5.0,2012.0,1,14.0,2011.0,"Jan,Apr,Jul,Oct",2015,1,13,3,1,Tuesday
8,2,2015-01-13,4356,630,1,0,0,0,a,c,500.0,9.0,2014.0,1,40.0,2009.0,"Mar,Jun,Sept,Dec",2015,1,13,3,1,Tuesday
9,2,2015-01-13,10339,810,1,1,0,0,d,a,500.0,5.0,2014.0,1,40.0,2013.0,"Jan,Apr,Jul,Oct",2015,1,13,3,1,Tuesday
10,2,2015-01-13,5212,542,1,1,0,0,d,c,3000.0,11.0,2012.0,1,1.0,2015.0,"Jan,Apr,Jul,Oct",2015,1,13,3,1,Tuesday
11,2,2015-01-13,7729,1029,1,0,0,1,a,c,120.0,11.0,0.0,1,22.0,2015.0,"Mar,Jun,Sept,Dec",2015,1,13,3,1,Tuesday
12,2,2015-01-13,5792,781,1,0,0,0,d,c,3000.0,0.0,2008.0,0,0.0,0.0,None,2015,1,13,3,1,Tuesday
13,2,2015-01-13,3430,306,1,0,0,1,a,a,7500.0,5.0,2005.0,0,0.0,0.0,None,2015,1,13,3,1,Tuesday
14,2,2015-01-13,6015,754,1,1,0,1,a,c,1500.0,5.0,2014.0,1,1.0,2013.0,"Jan,Apr,Jul,Oct",2015,1,13,3,1,Tuesday
15,2,2015-01-13,3610,300,1,1,0,0,d,c,3000.0,11.0,2014.0,1,1.0,2013.0,"Mar,Jun,Sept,Dec",2015,1,13,3,1,Tuesday
16,2,2015-01-13,9093,1028,1,0,0,0,a,a,500.0,11.0,0.0,0,0.0,0.0,None,2015,1,13,3,1,Tuesday
17,2,2015-01-13,9426,918,1,0,0,0,a,c,500.0,7.0,2008.0,0,0.0,0.0,None,2015,1,13,3,1,Tuesday
18,2,2015-01-13,3154,480,1,0,0,1,d,c,1500.0,5.0,2005.0,1,40.0,2009.0,"Jan,Apr,Jul,Oct",2015,1,13,3,1,Tuesday
19,2,2015-01-13,3999,683,1,0,0,0,d,c,120.0,9.0,2014.0,1,10.0,2013.0,"Jan,Apr,Jul,Oct",2015,1,13,3,1,Tuesday
20,2,2015-01-13,5599,635,1,0,0,0,a,a,500.0,9.0,0.0,1,1.0,2013.0,"Mar,Jun,Sept,Dec",2015,1,13,3,1,Tuesday
21,2,2015-01-13,7258,1055,1,1,0,0,a,c,1500.0,0.0,2008.0,0,0.0,0.0,None,2015,1,13,3,1,Tuesday
22,2,2015-01-13,9958,794,1,1,0,0,a,a,500.0,0.0,2010.0,0,0.0,0.0,None,2015,1,13,3,1,Tuesday
23,2,2015-01-13,9075,955,1,1,0,1,d,c,500.0,1.0,2008.0,0,0.0,0.0,None,2015,1,13,3,1,Tuesday
24,2,2015-01-13,3904,636,1,0,0,0,a,a,1500.0,1.0,2010.0,0,0.0,0.0,None,2015,1,13,3,1,Tuesday
25,2,2015-01-13,9059,948,1,0,0,1,a,c,500.0,1.0,2012.0,0,0.0,0.0,None,2015,1,13,3,1,Tuesday
26,2,2015-01-13,7815,1192,1,0,0,1,d,a,1500.0,3.0,2008.0,0,0.0,0.0,None,2015,1,13,3,1,Tuesday
27,2,2015-01-13,9891,1160,1,1,0,0,d,a,15000.0,9.0,2008.0,1,1.0,2009.0,"Mar,Jun,Sept,Dec",2015,1,13,3,1,Tuesday
28,2,2015-01-13,7878,569,1,1,0,0,a,a,1500.0,3.0,2010.0,0,0.0,0.0,None,2015,1,13,3,1,Tuesday
29,2,2015-01-13,11672,1021,1,0,0,0,a,a,1500.0,5.0,0.0,1,10.0,2015.0,"Jan,Apr,Jul,Oct",2015,1,13,3,1,Tuesday
30,2,2015-01-13,9610,1007,1,1,0,0,c,c,500.0,11.0,2014.0,1,22.0,2015.0,"Feb,May,Aug,Nov",2015,1,13,3,1,Tuesday
31,2,2015-01-13,6213,535,1,1,0,0,d,c,500.0,0.0,2014.0,1,31.0,2015.0,"Mar,Jun,Sept,Dec",2015,1,13,3,1,Tuesday
32,2,2015-01-13,8944,937,1,1,0,0,a,a,3000.0,3.0,2010.0,1,1.0,2015.0,"Mar,Jun,Sept,Dec",2015,1,13,3,1,Tuesday
33,2,2015-01-13,7578,1097,1,1,0,0,d,c,1500.0,9.0,2008.0,0,0.0,0.0,None,2015,1,13,3,1,Tuesday
34,2,2015-01-13,0,0,0,1,0,0,d,c,500.0,9.0,2005.0,0,0.0,0.0,None,2015,1,13,3,1,Tuesday
35,2,2015-01-13,5146,692,1,1,0,1,a,c,120.0,5.0,0.0,1,22.0,2015.0,"Mar,Jun,Sept,Dec",2015,1,13,3,1,Tuesday
36,2,2015-01-13,3039,429,1,0,0,0,d,a,1500.0,3.0,2008.0,1,40.0,2011.0,"Feb,May,Aug,Nov",2015,1,13,3,1,Tuesday
37,2,2015-01-13,12691,1067,1,0,0,0,d,a,7500.0,3.0,2008.0,1,40.0,2009.0,"Mar,Jun,Sept,Dec",2015,1,13,3,1,Tuesday
38,2,2015-01-13,8325,753,1,1,0,0,a,a,3000.0,3.0,2010.0,0,0.0,0.0,None,2015,1,13,3,1,Tuesday
39,2,2015-01-13,0,0,0,0,0,1,c,a,7500.0,7.0,2014.0,1,14.0,2015.0,"Jan,Apr,Jul,Oct",2015,1,13,3,1,Tuesday
40,2,2015-01-13,12947,1109,1,1,0,0,d,a,1500.0,11.0,2008.0,1,22.0,2013.0,"Jan,Apr,Jul,Oct",2015,1,13,3,1,Tuesday
41,2,2015-01-13,10025,896,1,1,0,0,a,c,500.0,1.0,0.0,0,0.0,0.0,None,2015,1,13,3,1,Tuesday
42,2,2015-01-13,8043,925,1,1,0,0,d,c,120.0,1.0,2014.0,0,0.0,0.0,None,2015,1,13,3,1,Tuesday
43,2,2015-01-13,4239,628,1,0,0,0,a,a,500.0,0.0,0.0,1,31.0,2011.0,"Mar,Jun,Sept,Dec",2015,1,13,3,1,Tuesday
44,2,2015-01-13,6259,627,1,0,0,0,a,a,1500.0,5.0,2005.0,0,0.0,0.0,None,2015,1,13,3,1,Tuesday
45,2,2015-01-13,8123,1195,1,0,0,0,c,a,120.0,9.0,2014.0,1,22.0,2011.0,"Feb,May,Aug,Nov",2015,1,13,3,1,Tuesday
46,2,2015-01-13,7659,908,1,1,0,0,a,c,500.0,1.0,2014.0,0,0.0,0.0,None,2015,1,13,3,1,Tuesday
47,2,2015-01-13,3880,405,1,0,0,0,c,a,1500.0,0.0,0.0,1,40.0,2013.0,"Jan,Apr,Jul,Oct",2015,1,13,3,1,Tuesday
48,2,2015-01-13,7003,711,1,0,0,0,a,c,500.0,7.0,2010.0,1,22.0,2011.0,"Mar,Jun,Sept,Dec",2015,1,13,3,1,Tuesday
49,2,2015-01-13,9610,1093,1,1,0,0,d,a,120.0,1.0,2010.0,1,14.0,2009.0,"Mar,Jun,Sept,Dec",2015,1,13,3,1,Tuesday
50,2,2015-01-13,13716,1197,1,0,0,0,a,c,500.0,1.0,2012.0,0,0.0,0.0,None,2015,1,13,3,1,Tuesday
51,2,2015-01-13,6299,724,1,0,0,0,a,c,120.0,1.0,0.0,0,0.0,0.0,None,2015,1,13,3,1,Tuesday
52,2,2015-01-13,3821,449,1,0,0,0,a,a,120.0,7.0,2012.0,1,31.0,2013.0,"Mar,Jun,Sept,Dec",2015,1,13,3,1,Tuesday
53,2,2015-01-13,8748,962,1,1,0,0,a,c,1500.0,0.0,0.0,1,14.0,2009.0,"Feb,May,Aug,Nov",2015,1,13,3,1,Tuesday
54,2,2015-01-13,6992,800,1,1,0,0,a,a,1500.0,0.0,0.0,0,0.0,0.0,None,2015,1,13,3,1,Tuesday
55,2,2015-01-13,4046,350,1,0,0,1,d,c,1500.0,1.0,2005.0,1,22.0,2009.0,"Feb,May,Aug,Nov",2015,1,13,3,1,Tuesday
56,2,2015-01-13,8904,1137,1,0,0,1,a,a,1500.0,7.0,2010.0,0,0.0,0.0,None,2015,1,13,3,1,Tuesday
57,2,2015-01-13,7887,671,1,0,0,1,a,c,1500.0,0.0,2012.0,1,10.0,2009.0,"Mar,Jun,Sept,Dec",2015,1,13,3,1,Tuesday
58,2,2015-01-13,2685,390,1,1,0,0,d,c,1500.0,0.0,0.0,1,14.0,2009.0,"Mar,Jun,Sept,Dec",2015,1,13,3,1,Tuesday
59,2,2015-01-13,3844,472,1,0,0,0,d,c,500.0,7.0,2012.0,0,0.0,0.0,None,2015,1,13,3,1,Tuesday
60,2,2015-01-13,6196,473,1,1,0,0,a,a,1500.0,11.0,0.0,1,31.0,2011.0,"Feb,May,Aug,Nov",2015,1,13,3,1,Tuesday
61,2,2015-01-13,4712,598,1,0,0,0,a,c,500.0,5.0,2005.0,1,31.0,2013.0,"Jan,Apr,Jul,Oct",2015,1,13,3,1,Tuesday
62,2,2015-01-13,6161,514,1,0,0,0,a,a,15000.0,5.0,2005.0,0,0.0,0.0,None,2015,1,13,3,1,Tuesday
63,2,2015-01-13,6534,633,1,0,0,0,c,c,3000.0,5.0,2005.0,0,0.0,0.0,None,2015,1,13,3,1,Tuesday
64,2,2015-01-13,7259,692,1,1,0,0,c,c,1500.0,5.0,0.0,1,1.0,2013.0,"Jan,Apr,Jul,Oct",2015,1,13,3,1,Tuesday
65,2,2015-01-13,4414,497,1,0,0,1,a,c,1500.0,0.0,2014.0,0,0.0,0.0,None,2015,1,13,3,1,Tuesday
66,2,2015-01-13,8955,979,1,1,0,1,a,a,15000.0,3.0,2010.0,0,0.0,0.0,None,2015,1,13,3,1,Tuesday
67,2,2015-01-13,12656,1025,1,1,0,0,d,c,1500.0,1.0,2012.0,0,0.0,0.0,None,2015,1,13,3,1,Tuesday
68,2,2015-01-13,13011,1027,1,1,0,0,c,c,500.0,7.0,0.0,0,0.0,0.0,None,2015,1,13,3,1,Tuesday
69,2,2015-01-13,2893,330,1,0,0,1,d,c,15000.0,1.0,2012.0,1,31.0,2013.0,"Mar,Jun,Sept,Dec",2015,1,13,3,1,Tuesday
70,2,2015-01-13,10993,1170,1,0,0,1,a,a,3000.0,5.0,0.0,0,0.0,0.0,None,2015,1,13,3,1,Tuesday
71,2,2015-01-13,5993,554,1,0,0,0,a,c,120.0,1.0,2008.0,1,31.0,2009.0,"Jan,Apr,Jul,Oct",2015,1,13,3,1,Tuesday
72,2,2015-01-13,5724,753,1,0,0,0,a,c,7500.0,9.0,2010.0,0,0.0,0.0,None,2015,1,13,3,1,Tuesday
73,2,2015-01-13,5602,859,1,0,0,1,d,c,500.0,5.0,2008.0,1,40.0,2013.0,"Mar,Jun,Sept,Dec",2015,1,13,3,1,Tuesday
74,2,2015-01-13,9546,1170,1,1,0,0,a,a,500.0,7.0,2012.0,0,0.0,0.0,None,2015,1,13,3,1,Tuesday
75,2,2015-01-13,4369,368,1,1,0,1,c,c,3000.0,11.0,0.0,1,14.0,2009.0,"Feb,May,Aug,Nov",2015,1,13,3,1,Tuesday
76,2,2015-01-13,1915,315,1,0,0,0,a,a,120.0,0.0,2014.0,0,0.0,0.0,None,2015,1,13,3,1,Tuesday
77,2,2015-01-13,3379,555,1,0,0,1,d,c,1500.0,11.0,2012.0,0,0.0,0.0,None,2015,1,13,3,1,Tuesday
78,2,2015-01-13,4741,770,1,0,0,0,d,c,500.0,3.0,2010.0,0,0.0,0.0,None,2015,1,13,3,1,Tuesday
79,2,2015-01-13,8935,1130,1,1,0,0,a,a,500.0,0.0,2012.0,1,14.0,2015.0,"Mar,Jun,Sept,Dec",2015,1,13,3,1,Tuesday
80,2,2015-01-13,9776,1074,1,1,0,0,a,a,15000.0,9.0,2010.0,0,0.0,0.0,None,2015,1,13,3,1,Tuesday
81,2,2015-01-13,8763,840,1,0,0,0,a,a,1500.0,1.0,2010.0,1,22.0,2009.0,"Jan,Apr,Jul,Oct",2015,1,13,3,1,Tuesday
82,2,2015-01-13,5108,578,1,0,0,0,a,a,1500.0,0.0,0.0,0,0.0,0.0,None,2015,1,13,3,1,Tuesday
83,2,2015-01-13,8634,992,1,0,0,0,a,c,500.0,7.0,2014.0,0,0.0,0.0,None,2015,1,13,3,1,Tuesday
84,2,2015-01-13,6392,787,1,0,0,0,d,a,1500.0,0.0,2005.0,0,0.0,0.0,None,2015,1,13,3,1,Tuesday
85,2,2015-01-13,7774,625,1,1,0,1,d,c,120.0,0.0,2014.0,1,1.0,2013.0,"Jan,Apr,Jul,Oct",2015,1,13,3,1,Tuesday
86,2,2015-01-13,7504,643,1,0,0,1,d,a,3000.0,0.0,2012.0,0,0.0,0.0,None,2015,1,13,3,1,Tuesday
87,2,2015-01-13,6759,1180,1,0,0,0,a,a,1500.0,0.0,0.0,0,0.0,0.0,None,2015,1,13,3,1,Tuesday
88,2,2015-01-13,9265,1102,1,0,0,0,d,c,3000.0,3.0,2012.0,1,31.0,2009.0,"Feb,May,Aug,Nov",2015,1,13,3,1,Tuesday
89,2,2015-01-13,3669,433,1,0,0,0,d,a,1500.0,9.0,0.0,1,31.0,2015.0,"Feb,May,Aug,Nov",2015,1,13,3,1,Tuesday
90,2,2015-01-13,4843,558,1,0,0,0,d,c,1500.0,0.0,0.0,0,0.0,0.0,None,2015,1,13,3,1,Tuesday
91,2,2015-01-13,4878,525,1,0,0,0,a,c,1500.0,3.0,2008.0,0,0.0,0.0,None,2015,1,13,3,1,Tuesday
92,2,2015-01-13,12060,1113,1,0,0,1,d,c,120.0,3.0,0.0,1,31.0,2009.0,"Feb,May,Aug,Nov",2015,1,13,3,1,Tuesday
93,2,2015-01-13,5995,572,1,1,0,0,d,a,120.0,5.0,2005.0,0,0.0,0.0,None,2015,1,13,3,1,Tuesday
94,2,2015-01-13,8231,801,1,0,0,1,c,a,500.0,11.0,2005.0,0,0.0,0.0,None,2015,1,13,3,1,Tuesday
95,2,2015-01-13,9517,1093,1,0,0,0,a,c,500.0,11.0,2005.0,1,31.0,2009.0,"Feb,May,Aug,Nov",2015,1,13,3,1,Tuesday
96,2,2015-01-13,0,0,0,0,0,0,d,c,500.0,7.0,2005.0,1,10.0,2009.0,"Feb,May,Aug,Nov",2015,1,13,3,1,Tuesday
97,2,2015-01-13,11550,1078,1,0,0,0,c,a,120.0,0.0,2008.0,0,0.0,0.0,None,2015,1,13,3,1,Tuesday
98,2,2015-01-13,7183,826,1,1,0,0,c,a,500.0,3.0,2008.0,1,10.0,2009.0,"Feb,May,Aug,Nov",2015,1,13,3,1,Tuesday
99,2,2015-01-13,4494,663,1,1,0,0,a,c,500.0,1.0,2012.0,0,0.0,0.0,None,2015,1,13,3,1,Tuesday
100,2,2015-01-13,5176,358,1,1,0,0,b,c,500.0,9.0,2005.0,0,0.0,0.0,None,2015,1,13,3,1,Tuesday
1,3,2015-01-14,5576,438,1,1,0,0,a,c,3000.0,7.0,2012.0,0,0.0,0.0,None,2015,1,14,3,1,Wednesday
2,3,2015-01-14,5189,782,1,0,0,0,a,a,7500.0,5.0,2008.0,0,0.0,0.0,None,2015,1,14,3,1,Wednesday
3,3,2015-01-14,7052,711,1,0,0,0,d,c,500.0,5.0,2012.0,1,10.0,2011.0,"Jan,Apr,Jul,Oct",2015,1,14,3,1,Wednesday
4,3,2015-01-14,4223,385,1,1,0,0,a,a,1500.0,1.0,2010.0,1,40.0,2011.0,"Mar,Jun,Sept,Dec",2015,1,14,3,1,Wednesday
5,3,2015-01-14,3298,559,1,0,0,0,c,a,15000.0,0.0,2008.0,1,31.0,2009.0,"Mar,Jun,Sept,Dec",2015,1,14,3,1,Wednesday
6,3,2015-01-14,6334,957,1,1,0,0,a,c,1500.0,1.0,0.0,0,0.0,0.0,None,2015,1,14,3,1,Wednesday
7,3,2015-01-14,7292,817,1,0,0,0,a,a,1500.0,5.0,2012.0,1,14.0,2011.0,"Jan,Apr,Jul,Oct",2015,1,14,3,1,Wednesday
8,3,2015-01-14,6531,698,1,0,0,0,a,c,500.0,9.0,2014.0,1,40.0,2009.0,"Mar,Jun,Sept,Dec",2015,1,14,3,1,Wednesday
9,3,2015-01-14,4897,457,1,0,0,0,d,a,500.0,5.0,2014.0,1,40.0,2013.0,"Jan,Apr,Jul,Oct",2015,1,14,3,1,Wednesday
10,3,2015-01-14,3250,528,1,0,0,0,d,c,3000.0,11.0,2012.0,1,1.0,2015.0,"Jan,Apr,Jul,Oct",2015,1,14,3,1,Wednesday
11,3,2015-01-14,7556,1057,1,1,0,0,a,c,120.0,11.0,0.0,1,22.0,2015.0,"Mar,Jun,Sept,Dec",2015,1,14,3,1,Wednesday
12,3,2015-01-14,3740,679,1,0,0,0,d,c,3000.0,0.0,2008.0,0,0.0,0.0,None,2015,1,14,3,1,Wednesday
13,3,2015-01-14,11295,904,1,1,0,0,a,a,7500.0,5.0,2005.0,0,0.0,0.0,None,2015,1,14,3,1,Wednesday
14,3,2015-01-14,10340,917,1,0,0,0,a,c,1500.0,5.0,2014.0,1,1.0,2013.0,"Jan,Apr,Jul,Oct",2015,1,14,3,1,Wednesday
15,3,2015-01-14,4373,604,1,0,0,0,d,c,3000.0,11.0,2014.0,1,1.0,2013.0,"Mar,Jun,Sept,Dec",2015,1,14,3,1,Wednesday
16,3,2015-01-14,8140,1037,1,0,0,0,a,a,500.0,11.0,0.0,0,0.0,0.0,None,2015,1,14,3,1,Wednesday
17,3,2015-01-14,5058,761,1,0,0,0,a,c,500.0,7.0,2008.0,0,0.0,0.0,None,2015,1,14,3,1,Wednesday
18,3,2015-01-14,0,0,0,1,0,0,d,c,1500.0,5.0,2005.0,1,40.0,2009.0,"Jan,Apr,Jul,Oct",2015,1,14,3,1,Wednesday
19,3,2015-01-14,9015,1034,1,1,0,0,d,c,120.0,9.0,2014.0,1,10.0,2013.0,"Jan,Apr,Jul,Oct",2015,1,14,3,1,Wednesday
20,3,2015-01-14,10534,1134,1,1,0,0,a,a,500.0,9.0,0.0,1,1.0,2013.0,"Mar,Jun,Sept,Dec",2015,1,14,3,1,Wednesday
21,3,2015-01-14,3124,357,1,0,0,0,a,c,1500.0,0.0,2008.0,0,0.0,0.0,None,2015,1,14,3,1,Wednesday
22,3,2015-01-14,7209,1183,1,0,0,0,a,a,500.0,0.0,2010.0,0,0.0,0.0,None,2015,1,14,3,1,Wednesday
23,3,2015-01-14,5720,915,1,0,0,0,d,c,500.0,1.0,2008.0,0,0.0,0.0,None,2015,1,14,3,1,Wednesday
24,3,2015-01-14,7910,1017,1,1,0,0,a,a,1500.0,1.0,2010.0,0,0.0,0.0,None,2015,1,14,3,1,Wednesday
25,3,2015-01-14,8397,765,1,0,0,0,a,c,500.0,1.0,2012.0,0,0.0,0.0,None,2015,1,14,3,1,Wednesday
26,3,2015-01-14,6797,520,1,1,0,0,d,a,1500.0,3.0,2008.0,0,0.0,0.0,None,2015,1,14,3,1,Wednesday
27,3,2015-01-14,12185,1037,1,0,0,0,d,a,15000.0,9.0,2008.0,1,1.0,2009.0,"Mar,Jun,Sept,Dec",2015,1,14,3,1,Wednesday
28,3,2015-01-14,4824,535,1,0,0,1,a,a,1500.0,3.0,2010.0,0,0.0,0.0,None,2015,1,14,3,1,Wednesday
29,3,2015-01-14,6231,588,1,1,0,0,a,a,1500.0,5.0,0.0,1,10.0,2015.0,"Jan,Apr,Jul,Oct",2015,1,14,3,1,Wednesday
30,3,2015-01-14,6789,909,1,0,0,1,c,c,500.0,11.0,2014.0,1,22.0,2015.0,"Feb,May,Aug,Nov",2015,1,14,3,1,Wednesday
31,3,2015-01-14,9807,895,1,1,0,0,d,c,500.0,0.0,2014.0,1,31.0,2015.0,"Mar,Jun,Sept,Dec",2015,1,14,3,1,Wednesday
32,3,2015-01-14,3374,601,1,0,0,0,a,a,3000.0,3.0,2010.0,1,1.0,2015.0,"Mar,Jun,Sept,Dec",2015,1,14,3,1,Wednesday
33,3,2015-01-14,3092,337,1,0,0,0,d,c,1500.0,9.0,2008.0,0,0.0,0.0,None,2015,1,14,3,1,Wednesday
34,3,2015-01-14,11533,1047,1,0,0,0,d,c,500.0,9.0,2005.0,0,0.0,0.0,None,2015,1,14,3,1,Wednesday
35,3,2015-01-14,2991,308,1,1,0,0,a,c,120.0,5.0,0.0,1,22.0,2015.0,"Mar,Jun,Sept,Dec",2015,1,14,3,1,Wednesday
36,3,2015-01-14,10718,1077,1,0,0,0,d,a,1500.0,3.0,2008.0,1,40.0,2011.0,"Feb,May,Aug,Nov",2015,1,14,3,1,Wednesday
37,3,2015-01-14,5033,601,1,0,0,0,d,a,7500.0,3.0,2008.0,1,40.0,2009.0,"Mar,Jun,Sept,Dec",2015,1,14,3,1,Wednesday
38,3,2015-01-14,5675,988,1,0,0,0,a,a,3000.0,3.0,2010.0,0,0.0,0.0,None,2015,1,14,3,1,Wednesday
39,3,2015-01-14,10516,1017,1,0,0,0,c,a,7500.0,7.0,2014.0,1,14.0,2015.0,"Jan,Apr,Jul,Oct",2015,1,14,3,1,Wednesday
40,3,2015-01-14,9014,1079,1,1,0,1,d,a,1500.0,11.0,2008.0,1,22.0,2013.0,"Jan,Apr,Jul,Oct",2015,1,14,3,1,Wednesday
41,3,2015-01-14,7207,1119,1,1,0,1,a,c,500.0,1.0,0.0,0,0.0,0.0,None,2015,1,14,3,1,Wednesday
42,3,2015-01-14,3618,491,1,1,0,0,d,c,120.0,1.0,2014.0,0,0.0,0.0,None,2015,1,14,3,1,Wednesday
43,3,2015-01-14,10296,873,1,0,0,0,a,a,500.0,0.0,0.0,1,31.0,2011.0,"Mar,Jun,Sept,Dec",2015,1,14,3,1,Wednesday
44,3,2015-01-14,5154,674,1,1,0,0,a,a,1500.0,5.0,2005.0,0,0.0,0.0,None,2015,1,14,3,1,Wednesday
45,3,2015-01-14,8587,925,1,0,0,0,c,a,120.0,9.0,2014.0,1,22.0,2011.0,"Feb,May,Aug,Nov",2015,1,14,3,1,Wednesday
46,3,2015-01-14,9629,981,1,0,0,0,a,c,500.0,1.0,2014.0,0,0.0,0.0,None,2015,1,14,3,1,Wednesday
47,3,2015-01-14,6132,964,1,1,0,0,c,a,1500.0,0.0,0.0,1,40.0,2013.0,"Jan,Apr,Jul,Oct",2015,1,14,3,1,Wednesday
48,3,2015-01-14,11708,1121,1,1,0,0,a,c,500.0,7.0,2010.0,1,22.0,2011.0,"Mar,Jun,Sept,Dec",2015,1,14,3,1,Wednesday
49,3,2015-01-14,11986,1138,1,1,0,1,d,a,120.0,1.0,2010.0,1,14.0,2009.0,"Mar,Jun,Sept,Dec",2015,1,14,3,1,Wednesday
50,3,2015-01-14,0,0,0,0,0,1,a,c,500.0,1.0,2012.0,0,0.0,0.0,None,2015,1,14,3,1,Wednesday
51,3,2015-01-14,7193,588,1,1,0,0,a,c,120.0,1.0,0.0,0,0.0,0.0,None,2015,1,14,3,1,Wednesday
52,3,2015-01-14,3638,435,1,0,0,1,a,a,120.0,7.0,2012.0,1,31.0,2013.0,"Mar,Jun,Sept,Dec",2015,1,14,3,1,Wednesday
53,3,2015-01-14,4616,413,1,0,0,0,a,c,1500.0,0.0,0.0,1,14.0,2009.0,"Feb,May,Aug,Nov",2015,1,14,3,1,Wednesday
54,3,2015-01-14,7495,849,1,0,0,0,a,a,1500.0,0.0,0.0,0,0.0,0.0,None,2015,1,14,3,1,Wednesday
55,3,2015-01-14,6475,802,1,0,0,0,d,c,1500.0,1.0,2005.0,1,22.0,2009.0,"Feb,May,Aug,Nov",2015,1,14,3,1,Wednesday
56,3,2015-01-14,4924,402,1,1,0,0,a,a,1500.0,7.0,2010.0,0,0.0,0.0,None,2015,1,14,3,1,Wednesday
57,3,2015-01-14,4463,525,1,1,0,0,a,c,1500.0,0.0,2012.0,1,10.0,2009.0,"Mar,Jun,Sept,Dec",2015,1,14,3,1,Wednesday
58,3,2015-01-14,9730,1156,1,1,0,0,d,c,1500.0,0.0,0.0,1,14.0,2009.0,"Mar,Jun,Sept,Dec",2015,1,14,3,1,Wednesday
59,3,2015-01-14,9350,932,1,1,0,0,d,c,500.0,7.0,2012.0,0,0.0,0.0,None,2015,1,14,3,1,Wednesday
60,3,2015-01-14,5349,613,1,1,0,0,a,a,1500.0,11.0,0.0,1,31.0,2011.0,"Feb,May,Aug,Nov",2015,1,14,3,1,Wednesday
61,3,2015-01-14,6746,1087,1,1,0,0,a,c,500.0,5.0,2005.0,1,31.0,2013.0,"Jan,Apr,Jul,Oct",2015,1,14,3,1,Wednesday
62,3,2015-01-14,3273,460,1,1,0,0,a,a,15000.0,5.0,2005.0,0,0.0,0.0,None,2015,1,14,3,1,Wednesday
63,3,2015-01-14,5395,617,1,0,0,0,c,c,3000.0,5.0,2005.0,0,0.0,0.0,None,2015,1,14,3,1,Wednesday
64,3,2015-01-14,4507,511,1,1,0,0,c,c,1500.0,5.0,0.0,1,1.0,2013.0,"Jan,Apr,Jul,Oct",2015,1,14,3,1,Wednesday
65,3,2015-01-14,13976,1166,1,1,0,1,a,c,1500.0,0.0,2014.0,0,0.0,0.0,None,2015,1,14,3,1,Wednesday
66,3,2015-01-14,4989,476,1,0,0,0,a,a,15000.0,3.0,2010.0,0,0.0,0.0,None,2015,1,14,3,1,Wednesday
67,3,2015-01-14,7990,788,1,0,0,0,d,c,1500.0,1.0,2012.0,0,0.0,0.0,None,2015,1,14,3,1,Wednesday
68,3,2015-01-14,4467,503,1,1,0,0,c,c,500.0,7.0,0.0,0,0.0,0.0,None,2015,1,14,3,1,Wednesday
69,3,2015-01-14,4073,602,1,0,0,0,d,c,15000.0,1.0,2012.0,1,31.0,2013.0,"Mar,Jun,Sept,Dec",2015,1,14,3,1,Wednesday
70,3,2015-01-14,8228,811,1,0,0,1,a,a,3000.0,5.0,0.0,0,0.0,0.0,None,2015,1,14,3,1,Wednesday
71,3,2015-01-14,4891,348,1,1,0,0,a,c,120.0,1.0,2008.0,1,31.0,2009.0,"Jan,Apr,Jul,Oct",2015,1,14,3,1,Wednesday
72,3,2015-01-14,5635,533,1,0,0,0,a,c,7500.0,9.0,2010.0,0,0.0,0.0,None,2015,1,14,3,1,Wednesday
73,3,2015-01-14,4746,628,1,1,0,1,d,c,500.0,5.0,2008.0,1,40.0,2013.0,"Mar,Jun,Sept,Dec",2015,1,14,3,1,Wednesday
74,3,2015-01-14,8886,894,1,0,0,0,a,a,500.0,7.0,2012.0,0,0.0,0.0,None,2015,1,14,3,1,Wednesday
75,3,2015-01-14,10682,1142,1,1,0,0,c,c,3000.0,11.0,0.0,1,14.0,2009.0,"Feb,May,Aug,Nov",2015,1,14,3,1,Wednesday
76,3,2015-01-14,5355,612,1,1,0,0,a,a,120.0,0.0,2014.0,0,0.0,0.0,None,2015,1,14,3,1,Wednesday
77,3,2015-01-14,4283,722,1,0,0,1,d,c,1500.0,11.0,2012.0,0,0.0,0.0,None,2015,1,14,3,1,Wednesday
78,3,2015-01-14,4961,376,1,1,0,0,d,c,500.0,3.0,2010.0,0,0.0,0.0,None,2015,1,14,3,1,Wednesday
79,3,2015-01-14,11633,882,1,1,0,0,a,a,500.0,0.0,2012.0,1,14.0,2015.0,"Mar,Jun,Sept,Dec",2015,1,14,3,1,Wednesday
80,3,2015-01-14,11198,1086,1,1,0,0,a,a,15000.0,9.0,2010.0,0,0.0,0.0,None,2015,1,14,3,1,Wednesday
81,3,2015-01-14,10182,754,1,1,0,0,a,a,1500.0,1.0,2010.0,1,22.0,2009.0,"Jan,Apr,Jul,Oct",2015,1,14,3,1,Wednesday
82,3,2015-01-14,4057,391,1,0,0,0,a,a,1500.0,0.0,0.0,0,0.0,0.0,None,2015,1,14,3,1,Wednesday
83,3,2015-01-14,4336,765,1,0,0,0,a,c,500.0,7.0,2014.0,0,0.0,0.0,None,2015,1,14,3,1,Wednesday
84,3,2015-01-14,10481,1120,1,0,0,0,d,a,1500.0,0.0,2005.0,0,0.0,0.0,None,2015,1,14,3,1,Wednesday
85,3,2015-01-14,10551,975,1,0,0,0,d,c,120.0,0.0,2014.0,1,1.0,2013.0,"Jan,Apr,Jul,Oct",2015,1,14,3,1,Wednesday
86,3,2015-01-14,5416,978,1,0,0,0,d,a,3000.0,0.0,2012.0,0,0.0,0.0,None,2015,1,14,3,1,Wednesday
87,3,2015-01-14,12881,1049,1,1,0,1,a,a,1500.0,0.0,0.0,0,0.0,0.0,None,2015,1,14,3,1,Wednesday
88,3,2015-01-14,7249,574,1,1,0,0,d,c,3000.0,3.0,2012.0,1,31.0,2009.0,"Feb,May,Aug,Nov",2015,1,14,3,1,Wednesday
89,3,2015-01-14,3526,412,1,0,0,0,d,a,1500.0,9.0,0.0,1,31.0,2015.0,"Feb,May,Aug,Nov",2015,1,14,3,1,Wednesday
90,3,2015-01-14,8542,1145,1,0,0,0,d,c,1500.0,0.0,0.0,0,0.0,0.0,None,2015,1,14,3,1,Wednesday
91,3,2015-01-14,6276,1002,1,0,0,0,a,c,1500.0,3.0,2008.0,0,0.0,0.0,None,2015,1,14,3,1,Wednesday
92,3,2015-01-14,7351,640,1,1,0,0,d,c,120.0,3.0,0.0,1,31.0,2009.0,"Feb,May,Aug,Nov",2015,1,14,3,1,Wednesday
93,3,2015-01-14,3987,629,1,0,0,0,d,a,120.0,5.0,2005.0,0,0.0,0.0,None,2015,1,14,3,1,Wednesday
94,3,2015-01-14,5999,454,1,1,0,0,c,a,500.0,11.0,2005.0,0,0.0,0.0,None,2015,1,14,3,1,Wednesday
95,3,2015-01-14,8591,1172,1,1,0,0,a,c,500.0,11.0,2005.0,1,31.0,2009.0,"Feb,May,Aug,Nov",2015,1,14,3,1,Wednesday
96,3,2015-01-14,9517,1169,1,0,0,0,d,c,500.0,7.0,2005.0,1,10.0,2009.0,"Feb,May,Aug,Nov",2015,1,14,3,1,Wednesday
97,3,2015-01-14,6818,1015,1,1,0,1,c,a,120.0,0.0,2008.0,0,0.0,0.0,None,2015,1,14,3,1,Wednesday
98,3,2015-01-14,8467,863,1,1,0,0,c,a,500.0,3.0,2008.0,1,10.0,2009.0,"Feb,May,Aug,Nov",2015,1,14,3,1,Wednesday
99,3,2015-01-14,4792,427,1,1,0,0,a,c,500.0,1.0,2012.0,0,0.0,0.0,None,2015,1,14,3,1,Wednesday
100,3,2015-01-14,10071,1070,1,0,0,0,b,c,500.0,9.0,2005.0,0,0.0,0.0,None,2015,1,14,3,1,Wednesday
1,4,2015-01-15,9463,927,1,0,0,0,a,c,3000.0,7.0,2012.0,0,0.0,0.0,None,2015,1,15,3,1,Thursday
2,4,2015-01-15,7871,893,1,1,0,0,a,a,7500.0,5.0,2008.0,0,0.0,0.0,None,2015,1,15,3,1,Thursday
3,4,2015-01-15,8630,1138,1,0,0,0,d,c,500.0,5.0,2012.0,1,10.0,2011.0,"Jan,Apr,Jul,Oct",2015,1,15,3,1,Thursday
4,4,2015-01-15,5939,766,1,0,0,0,a,a,1500.0,1.0,2010.0,1,40.0,2011.0,"Mar,Jun,Sept,Dec",2015,1,15,3,1,Thursday
5,4,2015-01-15,7185,695,1,0,0,0,c,a,15000.0,0.0,2008.0,1,31.0,2009.0,"Mar,Jun,Sept,Dec",2015,1,15,3,1,Thursday
6,4,2015-01-15,4196,591,1,0,0,0,a,c,1500.0,1.0,0.0,0,0.0,0.0,None,2015,1,15,3,1,Thursday
7,4,2015-01-15,7260,1016,1,0,0,0,a,a,1500.0,5.0,2012.0,1,14.0,2011.0,"Jan,Apr,Jul,Oct",2015,1,15,3,1,Thursday
8,4,2015-01-15,9851,886,1,0,0,1,a,c,500.0,9.0,2014.0,1,40.0,2009.0,"Mar,Jun,Sept,Dec",2015,1,15,3,1,Thursday
9,4,2015-01-15,2655,341,1,0,0,0,d,a,500.0,5.0,2014.0,1,40.0,2013.0,"Jan,Apr,Jul,Oct",2015,1,15,3,1,Thursday
10,4,2015-01-15,11410,1015,1,1,0,1,d,c,3000.0,11.0,2012.0,1,1.0,2015.0,"Jan,Apr,Jul,Oct",2015,1,15,3,1,Thursday
11,4,2015-01-15,5342,684,1,0,0,0,a,c,120.0,11.0,0.0,1,22.0,2015.0,"Mar,Jun,Sept,Dec",2015,1,15,3,1,Thursday
12,4,2015-01-15,4234,607,1,0,0,0,d,c,3000.0,0.0,2008.0,0,0.0,0.0,None,2015,1,15,3,1,Thursday
13,4,2015-01-15,7516,864,1,1,0,1,a,a,7500.0,5.0,2005.0,0,0.0,0.0,None,2015,1,15,3,1,Thursday
14,4,2015-01-15,3106,449,1,0,0,0,a,c,1500.0,5.0,2014.0,1,1.0,2013.0,"Jan,Apr,Jul,Oct",2015,1,15,3,1,Thursday
15,4,2015-01-15,6637,937,1,0,0,0,d,c,3000.0,11.0,2014.0,1,1.0,2013.0,"Mar,Jun,Sept,Dec",2015,1,15,3,1,Thursday
16,4,2015-01-15,5901,510,1,1,0,0,a,a,500.0,11.0,0.0,0,0.0,0.0,None,2015,1,15,3,1,Thursday
17,4,2015-01-15,7990,680,1,0,0,0,a,c,500.0,7.0,2008.0,0,0.0,0.0,None,2015,1,15,3,1,Thursday
18,4,2015-01-15,3877,501,1,0,0,0,d,c,1500.0,5.0,2005.0,1,40.0,2009.0,"Jan,Apr,Jul,Oct",2015,1,15,3,1,Thursday
19,4,2015-01-15,8703,1064,1,1,0,0,d,c,120.0,9.0,2014.0,1,10.0,2013.0,"Jan,Apr,Jul,Oct",2015,1,15,3,1,Thursday
20,4,2015-01-15,10528,846,1,1,0,0,a,a,500.0,9.0,0.0,1,1.0,2013.0,"Mar,Jun,Sept,Dec",2015,1,15,3,1,Thursday
21,4,2015-01-15,11961,922,1,1,0,0,a,c,1500.0,0.0,2008.0,0,0.0,0.0,None,2015,1,15,3,1,Thursday
22,4,2015-01-15,3115,514,1,0,0,0,a,a,500.0,0.0,2010.0,0,0.0,0.0,None,2015,1,15,3,1,Thursday
23,4,2015-01-15,5529,461,1,0,0,0,d,c,500.0,1.0,2008.0,0,0.0,0.0,None,2015,1,15,3,1,Thursday
24,4,2015-01-15,8118,1104,1,0,0,0,a,a,1500.0,1.0,2010.0,0,0.0,0.0,None,2015,1,15,3,1,Thursday
25,4,2015-01-15,11857,1056,1,0,0,0,a,c,500.0,1.0,2012.0,0,0.0,0.0,None,2015,1,15,3,1,Thursday
26,4,2015-01-15,3331,507,1,0,0,1,d,a,1500.0,3.0,2008.0,0,0.0,0.0,None,2015,1,15,3,1,Thursday
27,4,2015-01-15,11190,938,1,0,0,0,d,a,15000.0,9.0,2008.0,1,1.0,2009.0,"Mar,Jun,Sept,Dec",2015,1,15,3,1,Thursday
28,4,2015-01-15,8172,1082,1,0,0,0,a,a,1500.0,3.0,2010.0,0,0.0,0.0,None,2015,1,15,3,1,Thursday
29,4,2015-01-15,5363,409,1,1,0,1,a,a,1500.0,5.0,0.0,1,10.0,2015.0,"Jan,Apr,Jul,Oct",2015,1,15,3,1,Thursday
30,4,2015-01-15,4777,632,1,0,0,0,c,c,500.0,11.0,2014.0,1,22.0,2015.0,"Feb,May,Aug,Nov",2015,1,15,3,1,Thursday
31,4,2015-01-15,5646,920,1,0,0,1,d,c,500.0,0.0,2014.0,1,31.0,2015.0,"Mar,Jun,Sept,Dec",2015,1,15,3,1,Thursday
32,4,2015-01-15,3574,398,1,0,0,0,a,a,3000.0,3.0,2010.0,1,1.0,2015.0,"Mar,Jun,Sept,Dec",2015,1,15,3,1,Thursday
33,4,2015-01-15,8885,1016,1,1,0,0,d,c,1500.0,9.0,2008.0,0,0.0,0.0,None,2015,1,15,3,1,Thursday
34,4,2015-01-15,7388,859,1,0,0,0,d,c,500.0,9.0,2005.0,0,0.0,0.0,None,2015,1,15,3,1,Thursday
35,4,2015-01-15,6937,686,1,0,0,1,a,c,120.0,5.0,0.0,1,22.0,2015.0,"Mar,Jun,Sept,Dec",2015,1,15,3,1,Thursday
36,4,2015-01-15,4609,577,1,1,0,0,d,a,1500.0,3.0,2008.0,1,40.0,2011.0,"Feb,May,Aug,Nov",2015,1,15,3,1,Thursday
37,4,2015-01-15,2439,300,1,0,0,0,d,a,7500.0,3.0,2008.0,1,40.0,2009.0,"Mar,Jun,Sept,Dec",2015,1,15,3,1,Thursday
38,4,2015-01-15,7155,629,1,0,0,0,a,a,3000.0,3.0,2010.0,0,0.0,0.0,None,2015,1,15,3,1,Thursday
39,4,2015-01-15,7051,598,1,0,0,0,c,a,7500.0,7.0,2014.0,1,14.0,2015.0,"Jan,Apr,Jul,Oct",2015,1,15,3,1,Thursday
40,4,2015-01-15,4995,500,1,1,0,0,d,a,1500.0,11.0,2008.0,1,22.0,2013.0,"Jan,Apr,Jul,Oct",2015,1,15,3,1,Thursday
41,4,2015-01-15,12661,1145,1,0,0,0,a,c,500.0,1.0,0.0,0,0.0,0.0,None,2015,1,15,3,1,Thursday
42,4,2015-01-15,7495,1052,1,1,0,0,d,c,120.0,1.0,2014.0,0,0.0,0.0,None,2015,1,15,3,1,Thursday
43,4,2015-01-15,3376,427,1,0,0,1,a,a,500.0,0.0,0.0,1,31.0,2011.0,"Mar,Jun,Sept,Dec",2015,1,15,3,1,Thursday
44,4,2015-01-15,7214,980,1,1,0,0,a,a,1500.0,5.0,2005.0,0,0.0,0.0,None,2015,1,15,3,1,Thursday
45,4,2015-01-15,6977,967,1,0,0,0,c,a,120.0,9.0,2014.0,1,22.0,2011.0,"Feb,May,Aug,Nov",2015,1,15,3,1,Thursday
46,4,2015-01-15,6161,755,1,1,0,0,a,c,500.0,1.0,2014.0,0,0.0,0.0,None,2015,1,15,3,1,Thursday
47,4,2015-01-15,2590,455,1,0,0,0,c,a,1500.0,0.0,0.0,1,40.0,2013.0,"Jan,Apr,Jul,Oct",2015,1,15,3,1,Thursday
48,4,2015-01-15,2417,437,1,0,0,0,a,c,500.0,7.0,2010.0,1,22.0,2011.0,"Mar,Jun,Sept,Dec",2015,1,15,3,1,Thursday
49,4,2015-01-15,7329,749,1,0,0,0,d,a,120.0,1.0,2010.0,1,14.0,2009.0,"Mar,Jun,Sept,Dec",2015,1,15,3,1,Thursday
50,4,2015-01-15,6726,717,1,1,0,0,a,c,500.0,1.0,2012.0,0,0.0,0.0,None,2015,1,15,3,1,Thursday
51,4,2015-01-15,6153,713,1,0,0,0,a,c,120.0,1.0,0.0,0,0.0,0.0,None,2015,1,15,3,1,Thursday
52,4,2015-01-15,3124,535,1,0,0,0,a,a,120.0,7.0,2012.0,1,31.0,2013.0,"Mar,Jun,Sept,Dec",2015,1,15,3,1,Thursday
53,4,2015-01-15,10701,1161,1,1,0,0,a,c,1500.0,0.0,0.0,1,14.0,2009.0,"Feb,May,Aug,Nov",2015,1,15,3,1,Thursday
54,4,2015-01-15,3855,409,1,1,0,0,a,a,1500.0,0.0,0.0,0,0.0,0.0,None,2015,1,15,3,1,Thursday
55,4,2015-01-15,4548,393,1,0,0,0,d,c,1500.0,1.0,2005.0,1,22.0,2009.0,"Feb,May,Aug,Nov",2015,1,15,3,1,Thursday
56,4,2015-01-15,6041,950,1,1,0,1,a,a,1500.0,7.0,2010.0,0,0.0,0.0,None,2015,1,15,3,1,Thursday
57,4,2015-01-15,5376,709,1,0,0,0,a,c,1500.0,0.0,2012.0,1,10.0,2009.0,"Mar,Jun,Sept,Dec",2015,1,15,3,1,Thursday
58,4,2015-01-15,10134,1180,1,0,0,0,d,c,1500.0,0.0,0.0,1,14.0,2009.0,"Mar,Jun,Sept,Dec",2015,1,15,3,1,Thursday
59,4,2015-01-15,10950,1016,1,0,0,0,d,c,500.0,7.0,2012.0,0,0.0,0.0,None,2015,1,15,3,1,Thursday
60,4,2015-01-15,8829,844,1,0,0,0,a,a,1500.0,11.0,0.0,1,31.0,2011.0,"Feb,May,Aug,Nov",2015,1,15,3,1,Thursday
61,4,2015-01-15,10648,955,1,1,0,1,a,c,500.0,5.0,2005.0,1,31.0,2013.0,"Jan,Apr,Jul,Oct",2015,1,15,3,1,Thursday
62,4,2015-01-15,7015,895,1,0,0,0,a,a,15000.0,5.0,2005.0,0,0.0,0.0,None,2015,1,15,3,1,Thursday
63,4,2015-01-15,7700,860,1,0,0,0,c,c,3000.0,5.0,2005.0,0,0.0,0.0,None,2015,1,15,3,1,Thursday
64,4,2015-01-15,6925,903,1,1,0,1,c,c,1500.0,5.0,0.0,1,1.0,2013.0,"Jan,Apr,Jul,Oct",2015,1,15,3,1,Thursday
65,4,2015-01-15,4929,570,1,1,0,0,a,c,1500.0,0.0,2014.0,0,0.0,0.0,None,2015,1,15,3,1,Thursday
66,4,2015-01-15,7038,886,1,1,0,1,a,a,15000.0,3.0,2010.0,0,0.0,0.0,None,2015,1,15,3,1,Thursday
67,4,2015-01-15,3746,365,1,1,0,0,d,c,1500.0,1.0,2012.0,0,0.0,0.0,None,2015,1,15,3,1,Thursday
68,4,2015-01-15,7752,642,1,1,0,1,c,c,500.0,7.0,0.0,0,0.0,0.0,None,2015,1,15,3,1,Thursday
69,4,2015-01-15,9932,927,1,0,0,0,d,c,15000.0,1.0,2012.0,1,31.0,2013.0,"Mar,Jun,Sept,Dec",2015,1,15,3,1,Thursday
70,4,2015-01-15,8299,1021,1,0,0,1,a,a,3000.0,5.0,0.0,0,0.0,0.0,None,2015,1,15,3,1,Thursday
71,4,2015-01-15,10092,1030,1,0,0,0,a,c,120.0,1.0,2008.0,1,31.0,2009.0,"Jan,Apr,Jul,Oct",2015,1,15,3,1,Thursday
72,4,2015-01-15,5631,648,1,1,0,0,a,c,7500.0,9.0,2010.0,0,0.0,0.0,None,2015,1,15,3,1,Thursday
73,4,2015-01-15,5275,942,1,0,0,0,d,c,500.0,5.0,2008.0,1,40.0,2013.0,"Mar,Jun,Sept,Dec",2015,1,15,3,1,Thursday
74,4,2015-01-15,4405,768,1,0,0,0,a,a,500.0,7.0,2012.0,0,0.0,0.0,None,2015,1,15,3,1,Thursday
75,4,2015-01-15,8753,849,1,0,0,0,c,c,3000.0,11.0,0.0,1,14.0,2009.0,"Feb,May,Aug,Nov",2015,1,15,3,1,Thursday
76,4,2015-01-15,6315,920,1,1,0,0,a,a,120.0,0.0,2014.0,0,0.0,0.0,None,2015,1,15,3,1,Thursday
77,4,2015-01-15,0,0,0,0,0,0,d,c,1500.0,11.0,2012.0,0,0.0,0.0,None,2015,1,15,3,1,Thursday
78,4,2015-01-15,5575,664,1,0,0,0,d,c,500.0,3.0,2010.0,0,0.0,0.0,None,2015,1,15,3,1,Thursday
79,4,2015-01-15,9344,874,1,1,0,0,a,a,500.0,0.0,2012.0,1,14.0,2015.0,"Mar,Jun,Sept,Dec",2015,1,15,3,1,Thursday
80,4,2015-01-15,6995,605,1,0,0,0,a,a,15000.0,9.0,2010.0,0,0.0,0.0,None,2015,1,15,3,1,Thursday
81,4,2015-01-15,5741,508,1,1,0,0,a,a,1500.0,1.0,2010.0,1,22.0,2009.0,"Jan,Apr,Jul,Oct",2015,1,15,3,1,Thursday
82,4,2015-01-15,7124,820,1,0,0,0,a,a,1500.0,0.0,0.0,0,0.0,0.0,None,2015,1,15,3,1,Thursday
83,4,2015-01-15,7366,645,1,0,0,0,a,c,500.0,7.0,2014.0,0,0.0,0.0,None,2015,1,15,3,1,Thursday
84,4,2015-01-15,3302,520,1,0,0,0,d,a,1500.0,0.0,2005.0,0,0.0,0.0,None,2015,1,15,3,1,Thursday
85,4,2015-01-15,2494,373,1,0,0,0,d,c,120.0,0.0,2014.0,1,1.0,2013.0,"Jan,Apr,Jul,Oct",2015,1,15,3,1,Thursday
86,4,2015-01-15,5896,672,1,0,0,1,d,a,3000.0,0.0,2012.0,0,0.0,0.0,None,2015,1,15,3,1,Thursday
87,4,2015-01-15,7356,645,1,1,0,1,a,a,1500.0,0.0,0.0,0,0.0,0.0,None,2015,1,15,3,1,Thursday
88,4,2015-01-15,4788,493,1,0,0,0,d,c,3000.0,3.0,2012.0,1,31.0,2009.0,"Feb,May,Aug,Nov",2015,1,15,3,1,Thursday
89,4,2015-01-15,6524,1077,1,0,0,0,d,a,1500.0,9.0,0.0,1,31.0,2015.0,"Feb,May,Aug,Nov",2015,1,15,3,1,Thursday
90,4,2015-01-15,6412,650,1,1,0,0,d,c,1500.0,0.0,0.0,0,0.0,0.0,None,2015,1,15,3,1,Thursday
91,4,2015-01-15,12360,1042,1,1,0,0,a,c,1500.0,3.0,2008.0,0,0.0,0.0,None,2015,1,15,3,1,Thursday
92,4,2015-01-15,3071,353,1,1,0,1,d,c,120.0,3.0,0.0,1,31.0,2009.0,"Feb,May,Aug,Nov",2015,1,15,3,1,Thursday
93,4,2015-01-15,5185,552,1,1,0,0,d,a,120.0,5.0,2005.0,0,0.0,0.0,None,2015,1,15,3,1,Thursday
94,4,2015-01-15,9073,1024,1,0,0,0,c,a,500.0,11.0,2005.0,0,0.0,0.0,None,2015,1,15,3,1,Thursday
95,4,2015-01-15,6267,680,1,0,0,0,a,c,500.0,11.0,2005.0,1,31.0,2009.0,"Feb,May,Aug,Nov",2015,1,15,3,1,Thursday
96,4,2015-01-15,5993,734,1,0,0,0,d,c,500.0,7.0,2005.0,1,10.0,2009.0,"Feb,May,Aug,Nov",2015,1,15,3,1,Thursday
97,4,2015-01-15,12198,1174,1,0,0,0,c,a,120.0,0.0,2008.0,0,0.0,0.0,None,2015,1,15,3,1,Thursday
98,4,2015-01-15,4493,587,1,1,0,0,c,a,500.0,3.0,2008.0,1,10.0,2009.0,"Feb,May,Aug,Nov",2015,1,15,3,1,Thursday
99,4,2015-01-15,7284,568,1,1,0,0,a,c,500.0,1.0,2012.0,0,0.0,0.0,None,2015,1,15,3,1,Thursday
100,4,2015-01-15,8725,779,1,1,0,0,b,c,500.0,9.0,2005.0,0,0.0,0.0,None,2015,1,15,3,1,Thursday
1,5,2015-01-16,4883,652,1,0,0,0,a,c,3000.0,7.0,2012.0,0,0.0,0.0,None,2015,1,16,3,1,Friday
2,5,2015-01-16,5723,491,1,1,0,1,a,a,7500.0,5.0,2008.0,0,0.0,0.0,None,2015,1,16,3,1,Friday
3,5,2015-01-16,12019,1168,1,0,0,0,d,c,500.0,5.0,2012.0,1,10.0,2011.0,"Jan,Apr,Jul,Oct",2015,1,16,3,1,Friday
4,5,2015-01-16,4331,372,1,1,0,0,a,a,1500.0,1.0,2010.0,1,40.0,2011.0,"Mar,Jun,Sept,Dec",2015,1,16,3,1,Friday
5,5,2015-01-16,13146,1155,1,0,0,0,c,a,15000.0,0.0,2008.0,1,31.0,2009.0,"Mar,Jun,Sept,Dec",2015,1,16,3,1,Friday
6,5,2015-01-16,3139,510,1,0,0,0,a,c,1500.0,1.0,0.0,0,0.0,0.0,None,2015,1,16,3,1,Friday
7,5,2015-01-16,0,0,0,1,0,0,a,a,1500.0,5.0,2012.0,1,14.0,2011.0,"Jan,Apr,Jul,Oct",2015,1,16,3,1,Friday
8,5,2015-01-16,6580,872,1,0,0,0,a,c,500.0,9.0,2014.0,1,40.0,2009.0,"Mar,Jun,Sept,Dec",2015,1,16,3,1,Friday
9,5,2015-01-16,4692,388,1,1,0,0,d,a,500.0,5.0,2014.0,1,40.0,2013.0,"Jan,Apr,Jul,Oct",2015,1,16,3,1,Friday
10,5,2015-01-16,3695,556,1,0,0,0,d,c,3000.0,11.0,2012.0,1,1.0,2015.0,"Jan,Apr,Jul,Oct",2015,1,16,3,1,Friday
11,5,2015-01-16,6589,570,1,0,0,0,a,c,120.0,11.0,0.0,1,22.0,2015.0,"Mar,Jun,Sept,Dec",2015,1,16,3,1,Friday
12,5,2015-01-16,6357,913,1,1,0,1,d,c,3000.0,0.0,2008.0,0,0.0,0.0,None,2015,1,16,3,1,Friday
13,5,2015-01-16,4075,510,1,0,0,0,a,a,7500.0,5.0,2005.0,0,0.0,0.0,None,2015,1,16,3,1,Friday
14,5,2015-01-16,4643,408,1,1,0,1,a,c,1500.0,5.0,2014.0,1,1.0,2013.0,"Jan,Apr,Jul,Oct",2015,1,16,3,1,Friday
15,5,2015-01-16,12569,1084,1,0,0,0,d,c,3000.0,11.0,2014.0,1,1.0,2013.0,"Mar,Jun,Sept,Dec",2015,1,16,3,1,Friday
16,5,2015-01-16,5909,679,1,1,0,0,a,a,500.0,11.0,0.0,0,0.0,0.0,None,2015,1,16,3,1,Friday
17,5,2015-01-16,11545,924,1,1,0,0,a,c,500.0,7.0,2008.0,0,0.0,0.0,None,2015,1,16,3,1,Friday
18,5,2015-01-16,2791,309,1,0,0,0,d,c,1500.0,5.0,2005.0,1,40.0,2009.0,"Jan,Apr,Jul,Oct",2015,1,16,3,1,Friday
19,5,2015-01-16,10596,1081,1,0,0,0,d,c,120.0,9.0,2014.0,1,10.0,2013.0,"Jan,Apr,Jul,Oct",2015,1,16,3,1,Friday
20,5,2015-01-16,7033,655,1,1,0,0,a,a,500.0,9.0,0.0,1,1.0,2013.0,"Mar,Jun,Sept,Dec",2015,1,16,3,1,Friday
21,5,2015-01-16,3318,506,1,0,0,0,a,c,1500.0,0.0,2008.0,0,0.0,0.0,None,2015,1,16,3,1,Friday
22,5,2015-01-16,13389,1177,1,0,0,1,a,a,500.0,0.0,2010.0,0,0.0,0.0,None,2015,1,16,3,1,Friday
23,5,2015-01-16,10477,1029,1,0,0,1,d,c,500.0,1.0,2008.0,0,0.0,0.0,None,2015,1,16,3,1,Friday
24,5,2015-01-16,2734,497,1,0,0,1,a,a,1500.0,1.0,2010.0,0,0.0,0.0,None,2015,1,16,3,1,Friday
25,5,2015-01-16,7331,939,1,0,0,0,a,c,500.0,1.0,2012.0,0,0.0,0.0,None,2015,1,16,3,1,Friday
26,5,2015-01-16,5125,859,1,0,0,0,d,a,1500.0,3.0,2008.0,0,0.0,0.0,None,2015,1,16,3,1,Friday
27,5,2015-01-16,5263,538,1,0,0,0,d,a,15000.0,9.0,2008.0,1,1.0,2009.0,"Mar,Jun,Sept,Dec",2015,1,16,3,1,Friday
28,5,2015-01-16,7407,682,1,0,0,0,a,a,1500.0,3.0,2010.0,0,0.0,0.0,None,2015,1,16,3,1,Friday
29,5,2015-01-16,6759,876,1,0,0,1,a,a,1500.0,5.0,0.0,1,10.0,2015.0,"Jan,Apr,Jul,Oct",2015,1,16,3,1,Friday
30,5,2015-01-16,9049,971,1,0,0,0,c,c,500.0,11.0,2014.0,1,22.0,2015.0,"Feb,May,Aug,Nov",2015,1,16,3,1,Friday
31,5,2015-01-16,3223,301,1,0,0,0,d,c,500.0,0.0,2014.0,1,31.0,2015.0,"Mar,Jun,Sept,Dec",2015,1,16,3,1,Friday
32,5,2015-01-16,6821,1143,1,0,0,1,a,a,3000.0,3.0,2010.0,1,1.0,2015.0,"Mar,Jun,Sept,Dec",2015,1,16,3,1,Friday
33,5,2015-01-16,3093,477,1,0,0,0,d,c,1500.0,9.0,2008.0,0,0.0,0.0,None,2015,1,16,3,1,Friday
34,5,2015-01-16,5208,529,1,0,0,0,d,c,500.0,9.0,2005.0,0,0.0,0.0,None,2015,1,16,3,1,Friday
35,5,2015-01-16,5014,387,1,1,0,0,a,c,120.0,5.0,0.0,1,22.0,2015.0,"Mar,Jun,Sept,Dec",2015,1,16,3,1,Friday
36,5,2015-01-16,9762,905,1,0,0,0,d,a,1500.0,3.0,2008.0,1,40.0,2011.0,"Feb,May,Aug,Nov",2015,1,16,3,1,Friday
37,5,2015-01-16,10948,1113,1,1,0,0,d,a,7500.0,3.0,2008.0,1,40.0,2009.0,"Mar,Jun,Sept,Dec",2015,1,16,3,1,Friday
38,5,2015-01-16,10822,857,1,1,0,0,a,a,3000.0,3.0,2010.0,0,0.0,0.0,None,2015,1,16,3,1,Friday
39,5,2015-01-16,6234,970,1,0,0,0,c,a,7500.0,7.0,2014.0,1,14.0,2015.0,"Jan,Apr,Jul,Oct",2015,1,16,3,1,Friday
40,5,2015-01-16,6253,792,1,1,0,0,d,a,1500.0,11.0,2008.0,1,22.0,2013.0,"Jan,Apr,Jul,Oct",2015,1,16,3,1,Friday
41,5,2015-01-16,3775,414,1,0,0,0,a,c,500.0,1.0,0.0,0,0.0,0.0,None,2015,1,16,3,1,Friday
42,5,2015-01-16,12406,1188,1,0,0,0,d,c,120.0,1.0,2014.0,0,0.0,0.0,None,2015,1,16,3,1,Friday
43,5,2015-01-16,4596,362,1,1,0,0,a,a,500.0,0.0,0.0,1,31.0,2011.0,"Mar,Jun,Sept,Dec",2015,1,16,3,1,Friday
44,5,2015-01-16,7759,979,1,0,0,0,a,a,1500.0,5.0,2005.0,0,0.0,0.0,None,2015,1,16,3,1,Friday
45,5,2015-01-16,6700,678,1,0,0,0,c,a,120.0,9.0,2014.0,1,22.0,2011.0,"Feb,May,Aug,Nov",2015,1,16,3,1,Friday
46,5,2015-01-16,3823,636,1,0,0,0,a,c,500.0,1.0,2014.0,0,0.0,0.0,None,2015,1,16,3,1,Friday
47,5,2015-01-16,5740,865,1,0,0,0,c,a,1500.0,0.0,0.0,1,40.0,2013.0,"Jan,Apr,Jul,Oct",2015,1,16,3,1,Friday
48,5,2015-01-16,5149,842,1,0,0,0,a,c,500.0,7.0,2010.0,1,22.0,2011.0,"Mar,Jun,Sept,Dec",2015,1,16,3,1,Friday
49,5,2015-01-16,6215,1098,1,0,0,0,d,a,120.0,1.0,2010.0,1,14.0,2009.0,"Mar,Jun,Sept,Dec",2015,1,16,3,1,Friday
50,5,2015-01-16,5002,763,1,0,0,0,a,c,500.0,1.0,2012.0,0,0.0,0.0,None,2015,1,16,3,1,Friday
51,5,2015-01-16,11989,1148,1,1,0,0,a,c,120.0,1.0,0.0,0,0.0,0.0,None,2015,1,16,3,1,Friday
52,5,2015-01-16,3527,358,1,0,0,0,a,a,120.0,7.0,2012.0,1,31.0,2013.0,"Mar,Jun,Sept,Dec",2015,1,16,3,1,Friday
53,5,2015-01-16,4765,610,1,0,0,0,a,c,1500.0,0.0,0.0,1,14.0,2009.0,"Feb,May,Aug,Nov",2015,1,16,3,1,Friday
54,5,2015-01-16,2445,366,1,0,0,0,a,a,1500.0,0.0,0.0,0,0.0,0.0,None,2015,1,16,3,1,Friday
55,5,2015-01-16,4397,367,1,1,0,0,d,c,1500.0,1.0,2005.0,1,22.0,2009.0,"Feb,May,Aug,Nov",2015,1,16,3,1,Friday
56,5,2015-01-16,6904,919,1,0,0,0,a,a,1500.0,7.0,2010.0,0,0.0,0.0,None,2015,1,16,3,1,Friday
57,5,2015-01-16,8620,1131,1,1,0,0,a,c,1500.0,0.0,2012.0,1,10.0,2009.0,"Mar,Jun,Sept,Dec",2015,1,16,3,1,Friday
58,5,2015-01-16,6261,766,1,1,0,0,d,c,1500.0,0.0,0.0,1,14.0,2009.0,"Mar,Jun,Sept,Dec",2015,1,16,3,1,Friday
59,5,2015-01-16,4671,540,1,1,0,0,d,c,500.0,7.0,2012.0,0,0.0,0.0,None,2015,1,16,3,1,Friday
60,5,2015-01-16,4587,532,1,1,0,1,a,a,1500.0,11.0,0.0,1,31.0,2011.0,"Feb,May,Aug,Nov",2015,1,16,3,1,Friday
61,5,2015-01-16,3048,421,1,0,0,1,a,c,500.0,5.0,2005.0,1,31.0,2013.0,"Jan,Apr,Jul,Oct",2015,1,16,3,1,Friday
62,5,2015-01-16,6097,750,1,0,0,0,a,a,15000.0,5.0,2005.0,0,0.0,0.0,None,2015,1,16,3,1,Friday
63,5,2015-01-16,14139,1180,1,1,0,1,c,c,3000.0,5.0,2005.0,0,0.0,0.0,None,2015,1,16,3,1,Friday
64,5,2015-01-16,6762,695,1,0,0,1,c,c,1500.0,5.0,0.0,1,1.0,2013.0,"Jan,Apr,Jul,Oct",2015,1,16,3,1,Friday
65,5,2015-01-16,10825,970,1,0,0,0,a,c,1500.0,0.0,2014.0,0,0.0,0.0,None,2015,1,16,3,1,Friday
66,5,2015-01-16,5282,771,1,1,0,1,a,a,15000.0,3.0,2010.0,0,0.0,0.0,None,2015,1,16,3,1,Friday
67,5,2015-01-16,6116,732,1,0,0,0,d,c,1500.0,1.0,2012.0,0,0.0,0.0,None,2015,1,16,3,1,Friday
68,5,2015-01-16,6426,547,1,0,0,1,c,c,500.0,7.0,0.0,0,0.0,0.0,None,2015,1,16,3,1,Friday
69,5,2015-01-16,6875,792,1,1,0,1,d,c,15000.0,1.0,2012.0,1,31.0,2013.0,"Mar,Jun,Sept,Dec",2015,1,16,3,1,Friday
70,5,2015-01-16,4366,396,1,0,0,0,a,a,3000.0,5.0,0.0,0,0.0,0.0,None,2015,1,16,3,1,Friday
71,5,2015-01-16,2664,420,1,0,0,0,a,c,120.0,1.0,2008.0,1,31.0,2009.0,"Jan,Apr,Jul,Oct",2015,1,16,3,1,Friday
72,5,2015-01-16,8446,811,1,1,0,0,a,c,7500.0,9.0,2010.0,0,0.0,0.0,None,2015,1,16,3,1,Friday
73,5,2015-01-16,3409,547,1,0,0,0,d,c,500.0,5.0,2008.0,1,40.0,2013.0,"Mar,Jun,Sept,Dec",2015,1,16,3,1,Friday
74,5,2015-01-16,12016,1132,1,0,0,0,a,a,500.0,7.0,2012.0,0,0.0,0.0,None,2015,1,16,3,1,Friday
75,5,2015-01-16,9810,827,1,1,0,0,c,c,3000.0,11.0,0.0,1,14.0,2009.0,"Feb,May,Aug,Nov",2015,1,16,3,1,Friday
76,5,2015-01-16,8515,756,1,1,0,0,a,a,120.0,0.0,2014.0,0,0.0,0.0,None,2015,1,16,3,1,Friday
77,5,2015-01-16,4249,502,1,0,0,1,d,c,1500.0,11.0,2012.0,0,0.0,0.0,None,2015,1,16,3,1,Friday
78,5,2015-01-16,13380,1109,1,1,0,0,d,c,500.0,3.0,2010.0,0,0.0,0.0,None,2015,1,16,3,1,Friday
79,5,2015-01-16,8177,789,1,0,0,0,a,a,500.0,0.0,2012.0,1,14.0,2015.0,"Mar,Jun,Sept,Dec",2015,1,16,3,1,Friday
80,5,2015-01-16,6702,649,1,1,0,0,a,a,15000.0,9.0,2010.0,0,0.0,0.0,None,2015,1,16,3,1,Friday
81,5,2015-01-16,5038,563,1,0,0,0,a,a,1500.0,1.0,2010.0,1,22.0,2009.0,"Jan,Apr,Jul,Oct",2015,1,16,3,1,Friday
82,5,2015-01-16,10640,1153,1,0,0,0,a,a,1500.0,0.0,0.0,0,0.0,0.0,None,2015,1,16,3,1,Friday
83,5,2015-01-16,9022,1100,1,1,0,0,a,c,500.0,7.0,2014.0,0,0.0,0.0,None,2015,1,16,3,1,Friday
84,5,2015-01-16,5754,465,1,1,0,0,d,a,1500.0,0.0,2005.0,0,0.0,0.0,None,2015,1,16,3,1,Friday
85,5,2015-01-16,2298,309,1,0,0,0,d,c,120.0,0.0,2014.0,1,1.0,2013.0,"Jan,Apr,Jul,Oct",2015,1,16,3,1,Friday
86,5,2015-01-16,11008,1147,1,0,0,0,d,a,3000.0,0.0,2012.0,0,0.0,0.0,None,2015,1,16,3,1,Friday
87,5,2015-01-16,7625,756,1,0,0,0,a,a,1500.0,0.0,0.0,0,0.0,0.0,None,2015,1,16,3,1,Friday
88,5,2015-01-16,3989,422,1,0,0,0,d,c,3000.0,3.0,2012.0,1,31.0,2009.0,"Feb,May,Aug,Nov",2015,1,16,3,1,Friday
89,5,2015-01-16,14334,1085,1,1,0,0,d,a,1500.0,9.0,0.0,1,31.0,2015.0,"Feb,May,Aug,Nov",2015,1,16,3,1,Friday
90,5,2015-01-16,0,0,0,0,0,0,d,c,1500.0,0.0,0.0,0,0.0,0.0,None,2015,1,16,3,1,Friday
91,5,2015-01-16,0,0,0,0,0,0,a,c,1500.0,3.0,2008.0,0,0.0,0.0,None,2015,1,16,3,1,Friday
92,5,2015-01-16,4879,445,1,0,0,1,d,c,120.0,3.0,0.0,1,31.0,2009.0,"Feb,May,Aug,Nov",2015,1,16,3,1,Friday
93,5,2015-01-16,9843,946,1,1,0,0,d,a,120.0,5.0,2005.0,0,0.0,0.0,None,2015,1,16,3,1,Friday
94,5,2015-01-16,11885,1119,1,1,0,0,c,a,500.0,11.0,2005.0,0,0.0,0.0,None,2015,1,16,3,1,Friday
95,5,2015-01-16,12039,1139,1,1,0,0,a,c,500.0,11.0,2005.0,1,31.0,2009.0,"Feb,May,Aug,Nov",2015,1,16,3,1,Friday
96,5,2015-01-16,7714,861,1,1,0,0,d,c,500.0,7.0,2005.0,1,10.0,2009.0,"Feb,May,Aug,Nov",2015,1,16,3,1,Friday
97,5,2015-01-16,5807,911,1,1,0,0,c,a,120.0,0.0,2008.0,0,0.0,0.0,None,2015,1,16,3,1,Friday
98,5,2015-01-16,4953,322,1,1,0,0,c,a,500.0,3.0,2008.0,1,10.0,2009.0,"Feb,May,Aug,Nov",2015,1,16,3,1,Friday
99,5,2015-01-16,9135,772,1,0,0,0,a,c,500.0,1.0,2012.0,0,0.0,0.0,None,2015,1,16,3,1,Friday
100,5,2015-01-16,10308,1067,1,0,0,0,b,c,500.0,9.0,2005.0,0,0.0,0.0,None,2015,1,16,3,1,Friday
1,6,2015-01-17,5883,557,1,0,0,0,a,c,3000.0,7.0,2012.0,0,0.0,0.0,None,2015,1,17,3,1,Saturday
2,6,2015-01-17,12329,1144,1,0,0,0,a,a,7500.0,5.0,2008.0,0,0.0,0.0,None,2015,1,17,3,1,Saturday
3,6,2015-01-17,3388,394,1,0,0,0,d,c,500.0,5.0,2012.0,1,10.0,2011.0,"Jan,Apr,Jul,Oct",2015,1,17,3,1,Saturday
4,6,2015-01-17,8550,810,1,0,0,0,a,a,1500.0,1.0,2010.0,1,40.0,2011.0,"Mar,Jun,Sept,Dec",2015,1,17,3,1,Saturday
5,6,2015-01-17,5182,507,1,0,0,0,c,a,15000.0,0.0,2008.0,1,31.0,2009.0,"Mar,Jun,Sept,Dec",2015,1,17,3,1,Saturday
6,6,2015-01-17,2494,376,1,0,0,0,a,c,1500.0,1.0,0.0,0,0.0,0.0,None,2015,1,17,3,1,Saturday
7,6,2015-01-17,10483,1187,1,0,0,0,a,a,1500.0,5.0,2012.0,1,14.0,2011.0,"Jan,Apr,Jul,Oct",2015,1,17,3,1,Saturday
8,6,2015-01-17,2720,376,1,0,0,1,a,c,500.0,9.0,2014.0,1,40.0,2009.0,"Mar,Jun,Sept,Dec",2015,1,17,3,1,Saturday
9,6,2015-01-17,4209,462,1,0,0,0,d,a,500.0,5.0,2014.0,1,40.0,2013.0,"Jan,Apr,Jul,Oct",2015,1,17,3,1,Saturday
10,6,2015-01-17,4158,630,1,0,0,0,d,c,3000.0,11.0,2012.0,1,1.0,2015.0,"Jan,Apr,Jul,Oct",2015,1,17,3,1,Saturday
11,6,2015-01-17,6478,629,1,0,0,1,a,c,120.0,11.0,0.0,1,22.0,2015.0,"Mar,Jun,Sept,Dec",2015,1,17,3,1,Saturday
12,6,2015-01-17,2795,442,1,0,0,0,d,c,3000.0,0.0,2008.0,0,0.0,0.0,None,2015,1,17,3,1,Saturday
13,6,2015-01-17,3342,463,1,0,0,0,a,a,7500.0,5.0,2005.0,0,0.0,0.0,None,2015,1,17,3,1,Saturday
14,6,2015-01-17,0,0,0,0,0,0,a,c,1500.0,5.0,2014.0,1,1.0,2013.0,"Jan,Apr,Jul,Oct",2015,1,17,3,1,Saturday
15,6,2015-01-17,8015,751,1,0,0,0,d,c,3000.0,11.0,2014.0,1,1.0,2013.0,"Mar,Jun,Sept,Dec",2015,1,17,3,1,Saturday
16,6,2015-01-17,5726,1022,1,0,0,0,a,a,500.0,11.0,0.0,0,0.0,0.0,None,2015,1,17,3,1,Saturday
17,6,2015-01-17,4499,615,1,0,0,0,a,c,500.0,7.0,2008.0,0,0.0,0.0,None,2015,1,17,3,1,Saturday
18,6,2015-01-17,3266,326,1,0,0,1,d,c,1500.0,5.0,2005.0,1,40.0,2009.0,"Jan,Apr,Jul,Oct",2015,1,17,3,1,Saturday
19,6,2015-01-17,4929,605,1,0,0,1,d,c,120.0,9.0,2014.0,1,10.0,2013.0,"Jan,Apr,Jul,Oct",2015,1,17,3,1,Saturday
20,6,2015-01-17,4799,749,1,0,0,0,a,a,500.0,9.0,0.0,1,1.0,2013.0,"Mar,Jun,Sept,Dec",2015,1,17,3,1,Saturday
21,6,2015-01-17,6624,734,1,0,0,0,a,c,1500.0,0.0,2008.0,0,0.0,0.0,None,2015,1,17,3,1,Saturday
22,6,2015-01-17,4693,436,1,0,0,1,a,a,500.0,0.0,2010.0,0,0.0,0.0,None,2015,1,17,3,1,Saturday
23,6,2015-01-17,6177,901,1,0,0,0,d,c,500.0,1.0,2008.0,0,0.0,0.0,None,2015,1,17,3,1,Saturday
24,6,2015-01-17,7294,1111,1,0,0,0,a,a,1500.0,1.0,2010.0,0,0.0,0.0,None,2015,1,17,3,1,Saturday
25,6,2015-01-17,6887,733,1,0,0,1,a,c,500.0,1.0,2012.0,0,0.0,0.0,None,2015,1,17,3,1,Saturday
26,6,2015-01-17,10874,1109,1,0,0,0,d,a,1500.0,3.0,2008.0,0,0.0,0.0,None,2015,1,17,3,1,Saturday
27,6,2015-01-17,4578,554,1,0,0,1,d,a,15000.0,9.0,2008.0,1,1.0,2009.0,"Mar,Jun,Sept,Dec",2015,1,17,3,1,Saturday
28,6,2015-01-17,7232,644,1,0,0,0,a,a,1500.0,3.0,2010.0,0,0.0,0.0,None,2015,1,17,3,1,Saturday
29,6,2015-01-17,5991,987,1,0,0,0,a,a,1500.0,5.0,0.0,1,10.0,2015.0,"Jan,Apr,Jul,Oct",2015,1,17,3,1,Saturday
30,6,2015-01-17,9656,1010,1,0,0,1,c,c,500.0,11.0,2014.0,1,22.0,2015.0,"Feb,May,Aug,Nov",2015,1,17,3,1,Saturday
31,6,2015-01-17,10987,1080,1,0,0,1,d,c,500.0,0.0,2014.0,1,31.0,2015.0,"Mar,Jun,Sept,Dec",2015,1,17,3,1,Saturday
32,6,2015-01-17,8339,1096,1,0,0,1,a,a,3000.0,3.0,2010.0,1,1.0,2015.0,"Mar,Jun,Sept,Dec",2015,1,17,3,1,Saturday
33,6,2015-01-17,4288,400,1,0,0,0,d,c,1500.0,9.0,2008.0,0,0.0,0.0,None,2015,1,17,3,1,Saturday
34,6,2015-01-17,5751,1009,1,0,0,1,d,c,500.0,9.0,2005.0,0,0.0,0.0,None,2015,1,17,3,1,Saturday
35,6,2015-01-17,7100,818,1,0,0,0,a,c,120.0,5.0,0.0,1,22.0,2015.0,"Mar,Jun,Sept,Dec",2015,1,17,3,1,Saturday
36,6,2015-01-17,7720,832,1,0,0,0,d,a,1500.0,3.0,2008.0,1,40.0,2011.0,"Feb,May,Aug,Nov",2015,1,17,3,1,Saturday
37,6,2015-01-17,5191,533,1,0,0,1,d,a,7500.0,3.0,2008.0,1,40.0,2009.0,"Mar,Jun,Sept,Dec",2015,1,17,3,1,Saturday
38,6,2015-01-17,4946,753,1,0,0,0,a,a,3000.0,3.0,2010.0,0,0.0,0.0,None,2015,1,17,3,1,Saturday
39,6,2015-01-17,2729,323,1,0,0,0,c,a,7500.0,7.0,2014.0,1,14.0,2015.0,"Jan,Apr,Jul,Oct",2015,1,17,3,1,Saturday
40,6,2015-01-17,13945,1168,1,0,0,0,d,a,1500.0,11.0,2008.0,1,22.0,2013.0,"Jan,Apr,Jul,Oct",2015,1,17,3,1,Saturday
41,6,2015-01-17,8226,1166,1,0,0,0,a,c,500.0,1.0,0.0,0,0.0,0.0,None,2015,1,17,3,1,Saturday
42,6,2015-01-17,4447,524,1,0,0,0,d,c,120.0,1.0,2014.0,0,0.0,0.0,None,2015,1,17,3,1,Saturday
43,6,2015-01-17,6354,652,1,0,0,0,a,a,500.0,0.0,0.0,1,31.0,2011.0,"Mar,Jun,Sept,Dec",2015,1,17,3,1,Saturday
44,6,2015-01-17,8479,1037,1,0,0,0,a,a,1500.0,5.0,2005.0,0,0.0,0.0,None,2015,1,17,3,1,Saturday
45,6,2015-01-17,4363,375,1,0,0,1,c,a,120.0,9.0,2014.0,1,22.0,2011.0,"Feb,May,Aug,Nov",2015,1,17,3,1,Saturday
46,6,2015-01-17,4973,731,1,0,0,0,a,c,500.0,1.0,2014.0,0,0.0,0.0,None,2015,1,17,3,1,Saturday
47,6,2015-01-17,9821,1002,1,0,0,0,c,a,1500.0,0.0,0.0,1,40.0,2013.0,"Jan,Apr,Jul,Oct",2015,1,17,3,1,Saturday
48,6,2015-01-17,5993,700,1,0,0,0,a,c,500.0,7.0,2010.0,1,22.0,2011.0,"Mar,Jun,Sept,Dec",2015,1,17,3,1,Saturday
49,6,2015-01-17,6191,974,1,0,0,0,d,a,120.0,1.0,2010.0,1,14.0,2009.0,"Mar,Jun,Sept,Dec",2015,1,17,3,1,Saturday
50,6,2015-01-17,6745,606,1,0,0,0,a,c,500.0,1.0,2012.0,0,0.0,0.0,None,2015,1,17,3,1,Saturday
51,6,2015-01-17,5992,597,1,0,0,0,a,c,120.0,1.0,0.0,0,0.0,0.0,None,2015,1,17,3,1,Saturday
52,6,2015-01-17,8039,976,1,0,0,0,a,a,120.0,7.0,2012.0,1,31.0,2013.0,"Mar,Jun,Sept,Dec",2015,1,17,3,1,Saturday
53,6,2015-01-17,5354,790,1,0,0,0,a,c,1500.0,0.0,0.0,1,14.0,2009.0,"Feb,May,Aug,Nov",2015,1,17,3,1,Saturday
54,6,2015-01-17,9529,995,1,0,0,0,a,a,1500.0,0.0,0.0,0,0.0,0.0,None,2015,1,17,3,1,Saturday
55,6,2015-01-17,9150,1181,1,0,0,0,d,c,1500.0,1.0,2005.0,1,22.0,2009.0,"Feb,May,Aug,Nov",2015,1,17,3,1,Saturday
56,6,2015-01-17,2071,363,1,0,0,0,a,a,1500.0,7.0,2010.0,0,0.0,0.0,None,2015,1,17,3,1,Saturday
57,6,2015-01-17,2290,409,1,0,0,0,a,c,1500.0,0.0,2012.0,1,10.0,2009.0,"Mar,Jun,Sept,Dec",2015,1,17,3,1,Saturday
58,6,2015-01-17,4454,543,1,0,0,0,d,c,1500.0,0.0,0.0,1,14.0,2009.0,"Mar,Jun,Sept,Dec",2015,1,17,3,1,Saturday
59,6,2015-01-17,3584,391,1,0,0,0,d,c,500.0,7.0,2012.0,0,0.0,0.0,None,2015,1,17,3,1,Saturday
60,6,2015-01-17,10687,918,1,0,0,0,a,a,1500.0,11.0,0.0,1,31.0,2011.0,"Feb,May,Aug,Nov",2015,1,17,3,1,Saturday
61,6,2015-01-17,6336,1058,1,0,0,0,a,c,500.0,5.0,2005.0,1,31.0,2013.0,"Jan,Apr,Jul,Oct",2015,1,17,3,1,Saturday
62,6,2015-01-17,8083,680,1,0,0,1,a,a,15000.0,5.0,2005.0,0,0.0,0.0,None,2015,1,17,3,1,Saturday
63,6,2015-01-17,6299,908,1,0,0,1,c,c,3000.0,5.0,2005.0,0,0.0,0.0,None,2015,1,17,3,1,Saturday
64,6,2015-01-17,11996,1004,1,0,0,0,c,c,1500.0,5.0,0.0,1,1.0,2013.0,"Jan,Apr,Jul,Oct",2015,1,17,3,1,Saturday
65,6,2015-01-17,7855,903,1,0,0,1,a,c,1500.0,0.0,2014.0,0,0.0,0.0,None,2015,1,17,3,1,Saturday
66,6,2015-01-17,4807,826,1,0,0,0,a,a,15000.0,3.0,2010.0,0,0.0,0.0,None,2015,1,17,3,1,Saturday
67,6,2015-01-17,5263,837,1,0,0,0,d,c,1500.0,1.0,2012.0,0,0.0,0.0,None,2015,1,17,3,1,Saturday
68,6,2015-01-17,11526,1138,1,0,0,0,c,c,500.0,7.0,0.0,0,0.0,0.0,None,2015,1,17,3,1,Saturday
69,6,2015-01-17,2733,380,1,0,0,0,d,c,15000.0,1.0,2012.0,1,31.0,2013.0,"Mar,Jun,Sept,Dec",2015,1,17,3,1,Saturday
70,6,2015-01-17,6458,979,1,0,0,0,a,a,3000.0,5.0,0.0,0,0.0,0.0,None,2015,1,17,3,1,Saturday
71,6,2015-01-17,6816,1187,1,0,0,0,a,c,120.0,1.0,2008.0,1,31.0,2009.0,"Jan,Apr,Jul,Oct",2015,1,17,3,1,Saturday
72,6,2015-01-17,3932,328,1,0,0,0,a,c,7500.0,9.0,2010.0,0,0.0,0.0,None,2015,1,17,3,1,Saturday
73,6,2015-01-17,5486,565,1,0,0,0,d,c,500.0,5.0,2008.0,1,40.0,2013.0,"Mar,Jun,Sept,Dec",2015,1,17,3,1,Saturday
74,6,2015-01-17,12351,1047,1,0,0,0,a,a,500.0,7.0,2012.0,0,0.0,0.0,None,2015,1,17,3,1,Saturday
75,6,2015-01-17,7499,968,1,0,0,1,c,c,3000.0,11.0,0.0,1,14.0,2009.0,"Feb,May,Aug,Nov",2015,1,17,3,1,Saturday
76,6,2015-01-17,9601,849,1,0,0,0,a,a,120.0,0.0,2014.0,0,0.0,0.0,None,2015,1,17,3,1,Saturday
77,6,2015-01-17,7370,1138,1,0,0,1,d,c,1500.0,11.0,2012.0,0,0.0,0.0,None,2015,1,17,3,1,Saturday
78,6,2015-01-17,5292,835,1,0,0,0,d,c,500.0,3.0,2010.0,0,0.0,0.0,None,2015,1,17,3,1,Saturday
79,6,2015-01-17,2579,354,1,0,0,0,a,a,500.0,0.0,2012.0,1,14.0,2015.0,"Mar,Jun,Sept,Dec",2015,1,17,3,1,Saturday
80,6,2015-01-17,7037,592,1,0,0,1,a,a,15000.0,9.0,2010.0,0,0.0,0.0,None,2015,1,17,3,1,Saturday
81,6,2015-01-17,3728,421,1,0,0,0,a,a,1500.0,1.0,2010.0,1,22.0,2009.0,"Jan,Apr,Jul,Oct",2015,1,17,3,1,Saturday
82,6,2015-01-17,6112,596,1,0,0,0,a,a,1500.0,0.0,0.0,0,0.0,0.0,None,2015,1,17,3,1,Saturday
83,6,2015-01-17,3278,390,1,0,0,0,a,c,500.0,7.0,2014.0,0,0.0,0.0,None,2015,1,17,3,1,Saturday
84,6,2015-01-17,5367,490,1,0,0,0,d,a,1500.0,0.0,2005.0,0,0.0,0.0,None,2015,1,17,3,1,Saturday
85,6,2015-01-17,8489,852,1,0,0,1,d,c,120.0,0.0,2014.0,1,1.0,2013.0,"Jan,Apr,Jul,Oct",2015,1,17,3,1,Saturday
86,6,2015-01-17,3586,493,1,0,0,0,d,a,3000.0,0.0,2012.0,0,0.0,0.0,None,2015,1,17,3,1,Saturday
87,6,2015-01-17,4924,797,1,0,0,0,a,a,1500.0,0.0,0.0,0,0.0,0.0,None,2015,1,17,3,1,Saturday
88,6,2015-01-17,6576,572,1,0,0,0,d,c,3000.0,3.0,2012.0,1,31.0,2009.0,"Feb,May,Aug,Nov",2015,1,17,3,1,Saturday
89,6,2015-01-17,4124,575,1,0,0,0,d,a,1500.0,9.0,0.0,1,31.0,2015.0,"Feb,May,Aug,Nov",2015,1,17,3,1,Saturday
90,6,2015-01-17,7479,889,1,0,0,0,d,c,1500.0,0.0,0.0,0,0.0,0.0,None,2015,1,17,3,1,Saturday
91,6,2015-01-17,4491,427,1,0,0,0,a,c,1500.0,3.0,2008.0,0,0.0,0.0,None,2015,1,17,3,1,Saturday
92,6,2015-01-17,8947,791,1,0,0,0,d,c,120.0,3.0,0.0,1,31.0,2009.0,"Feb,May,Aug,Nov",2015,1,17,3,1,Saturday
93,6,2015-01-17,2772,328,1,0,0,0,d,a,120.0,5.0,2005.0,0,0.0,0.0,None,2015,1,17,3,1,Saturday
94,6,2015-01-17,3797,360,1,0,0,1,c,a,500.0,11.0,2005.0,0,0.0,0.0,None,2015,1,17,3,1,Saturday
95,6,2015-01-17,6088,765,1,0,0,0,a,c,500.0,11.0,2005.0,1,31.0,2009.0,"Feb,May,Aug,Nov",2015,1,17,3,1,Saturday
96,6,2015-01-17,8367,793,1,0,0,0,d,c,500.0,7.0,2005.0,1,10.0,2009.0,"Feb,May,Aug,Nov",2015,1,17,3,1,Saturday
97,6,2015-01-17,1817,311,1,0,0,0,c,a,120.0,0.0,2008.0,0,0.0,0.0,None,2015,1,17,3,1,Saturday
98,6,2015-01-17,6670,1082,1,0,0,0,c,a,500.0,3.0,2008.0,1,10.0,2009.0,"Feb,May,Aug,Nov",2015,1,17,3,1,Saturday
99,6,2015-01-17,2860,334,1,0,0,0,a,c,500.0,1.0,2012.0,0,0.0,0.0,None,2015,1,17,3,1,Saturday
100,6,2015-01-17,3268,324,1,0,0,0,b,c,500.0,9.0,2005.0,0,0.0,0.0,None,2015,1,17,3,1,Saturday
1,7,2015-01-18,0,0,0,0,0,0,a,c,3000.0,7.0,2012.0,0,0.0,0.0,None,2015,1,18,3,1,Sunday
2,7,2015-01-18,0,0,0,0,0,1,a,a,7500.0,5.0,2008.0,0,0.0,0.0,None,2015,1,18,3,1,Sunday
3,7,2015-01-18,0,0,0,0,0,0,d,c,500.0,5.0,2012.0,1,10.0,2011.0,"Jan,Apr,Jul,Oct",2015,1,18,3,1,Sunday
4,7,2015-01-18,0,0,0,0,0,0,a,a,1500.0,1.0,2010.0,1,40.0,2011.0,"Mar,Jun,Sept,Dec",2015,1,18,3,1,Sunday
5,7,2015-01-18,0,0,0,0,0,0,c,a,15000.0,0.0,2008.0,1,31.0,2009.0,"Mar,Jun,Sept,Dec",2015,1,18,3,1,Sunday
6,7,2015-01-18,0,0,0,0,0,0,a,c,1500.0,1.0,0.0,0,0.0,0.0,None,2015,1,18,3,1,Sunday
7,7,2015-01-18,0,0,0,0,0,0,a,a,1500.0,5.0,2012.0,1,14.0,2011.0,"Jan,Apr,Jul,Oct",2015,1,18,3,1,Sunday
8,7,2015-01-18,0,0,0,0,0,0,a,c,500.0,9.0,2014.0,1,40.0,2009.0,"Mar,Jun,Sept,Dec",2015,1,18,3,1,Sunday
9,7,2015-01-18,0,0,0,0,0,0,d,a,500.0,5.0,2014.0,1,40.0,2013.0,"Jan,Apr,Jul,Oct",2015,1,18,3,1,Sunday
10,7,2015-01-18,0,0,0,0,0,1,d,c,3000.0,11.0,2012.0,1,1.0,2015.0,"Jan,Apr,Jul,Oct",2015,1,18,3,1,Sunday
11,7,2015-01-18,0,0,0,0,0,0,a,c,120.0,11.0,0.0,1,22.0,2015.0,"Mar,Jun,Sept,Dec",2015,1,18,3,1,Sunday
12,7,2015-01-18,0,0,0,0,0,1,d,c,3000.0,0.0,2008.0,0,0.0,0.0,None,2015,1,18,3,1,Sunday
13,7,2015-01-18,0,0,0,0,0,0,a,a,7500.0,5.0,2005.0,0,0.0,0.0,None,2015,1,18,3,1,Sunday
14,7,2015-01-18,0,0,0,0,0,0,a,c,1500.0,5.0,2014.0,1,1.0,2013.0,"Jan,Apr,Jul,Oct",2015,1,18,3,1,Sunday
15,7,2015-01-18,0,0,0,0,0,0,d,c,3000.0,11.0,2014.0,1,1.0,2013.0,"Mar,Jun,Sept,Dec",2015,1,18,3,1,Sunday
16,7,2015-01-18,0,0,0,0,0,0,a,a,500.0,11.0,0.0,0,0.0,0.0,None,2015,1,18,3,1,Sunday
17,7,2015-01-18,0,0,0,0,0,0,a,c,500.0,7.0,2008.0,0,0.0,0.0,None,2015,1,18,3,1,Sunday
18,7,2015-01-18,0,0,0,0,0,0,d,c,1500.0,5.0,2005.0,1,40.0,2009.0,"Jan,Apr,Jul,Oct",2015,1,18,3,1,Sunday
19,7,2015-01-18,0,0,0,0,0,0,d,c,120.0,9.0,2014.0,1,10.0,2013.0,"Jan,Apr,Jul,Oct",2015,1,18,3,1,Sunday
20,7,2015-01-18,0,0,0,0,0,0,a,a,500.0,9.0,0.0,1,1.0,2013.0,"Mar,Jun,Sept,Dec",2015,1,18,3,1,Sunday
21,7,2015-01-18,0,0,0,0,0,0,a,c,1500.0,0.0,2008.0,0,0.0,0.0,None,2015,1,18,3,1,Sunday
22,7,2015-01-18,0,0,0,0,0,1,a,a,500.0,0.0,2010.0,0,0.0,0.0,None,2015,1,18,3,1,Sunday
23,7,2015-01-18,0,0,0,0,0,0,d,c,500.0,1.0,2008.0,0,0.0,0.0,None,2015,1,18,3,1,Sunday
24,7,2015-01-18,0,0,0,0,0,0,a,a,1500.0,1.0,2010.0,0,0.0,0.0,None,2015,1,18,3,1,Sunday
25,7,2015-01-18,0,0,0,0,0,0,a,c,500.0,1.0,2012.0,0,0.0,0.0,None,2015,1,18,3,1,Sunday
26,7,2015-01-18,0,0,0,0,0,0,d,a,1500.0,3.0,2008.0,0,0.0,0.0,None,2015,1,18,3,1,Sunday
27,7,2015-01-18,0,0,0,0,0,0,d,a,15000.0,9.0,2008.0,1,1.0,2009.0,"Mar,Jun,Sept,Dec",2015,1,18,3,1,Sunday
28,7,2015-01-18,0,0,0,0,0,0,a,a,1500.0,3.0,2010.0,0,0.0,0.0,None,2015,1,18,3,1,Sunday
29,7,2015-01-18,0,0,0,0,0,0,a,a,1500.0,5.0,0.0,1,10.0,2015.0,"Jan,Apr,Jul,Oct",2015,1,18,3,1,Sunday
30,7,2015-01-18,0,0,0,0,0,0,c,c,500.0,11.0,2014.0,1,22.0,2015.0,"Feb,May,Aug,Nov",2015,1,18,3,1,Sunday
31,7,2015-01-18,0,0,0,0,0,0,d,c,500.0,0.0,2014.0,1,31.0,2015.0,"Mar,Jun,Sept,Dec",2015,1,18,3,1,Sunday
32,7,2015-01-18,0,0,0,0,0,0,a,a,3000.0,3.0,2010.0,1,1.0,2015.0,"Mar,Jun,Sept,Dec",2015,1,18,3,1,Sunday
33,7,2015-01-18,0,0,0,0,0,0,d,c,1500.0,9.0,2008.0,0,0.0,0.0,None,2015,1,18,3,1,Sunday
34,7,2015-01-18,0,0,0,0,0,1,d,c,500.0,9.0,2005.0,0,0.0,0.0,None,2015,1,18,3,1,Sunday
35,7,2015-01-18,0,0,0,0,0,0,a,c,120.0,5.0,0.0,1,22.0,2015.0,"Mar,Jun,Sept,Dec",2015,1,18,3,1,Sunday
36,7,2015-01-18,0,0,0,0,0,0,d,a,1500.0,3.0,2008.0,1,40.0,2011.0,"Feb,May,Aug,Nov",2015,1,18,3,1,Sunday
37,7,2015-01-18,0,0,0,0,0,1,d,a,7500.0,3.0,2008.0,1,40.0,2009.0,"Mar,Jun,Sept,Dec",2015,1,18,3,1,Sunday
38,7,2015-01-18,0,0,0,0,0,1,a,a,3000.0,3.0,2010.0,0,0.0,0.0,None,2015,1,18,3,1,Sunday
39,7,2015-01-18,0,0,0,0,0,0,c,a,7500.0,7.0,2014.0,1,14.0,2015.0,"Jan,Apr,Jul,Oct",2015,1,18,3,1,Sunday
40,7,2015-01-18,0,0,0,0,0,0,d,a,1500.0,11.0,2008.0,1,22.0,2013.0,"Jan,Apr,Jul,Oct",2015,1,18,3,1,Sunday
41,7,2015-01-18,0,0,0,0,0,1,a,c,500.0,1.0,0.0,0,0.0,0.0,None,2015,1,18,3,1,Sunday
42,7,2015-01-18,0,0,0,0,0,0,d,c,120.0,1.0,2014.0,0,0.0,0.0,None,2015,1,18,3,1,Sunday
43,7,2015-01-18,0,0,0,0,0,1,a,a,500.0,0.0,0.0,1,31.0,2011.0,"Mar,Jun,Sept,Dec",2015,1,18,3,1,Sunday
44,7,2015-01-18,0,0,0,0,0,0,a,a,1500.0,5.0,2005.0,0,0.0,0.0,None,2015,1,18,3,1,Sunday
45,7,2015-01-18,0,0,0,0,0,0,c,a,120.0,9.0,2014.0,1,22.0,2011.0,"Feb,May,Aug,Nov",2015,1,18,3,1,Sunday
46,7,2015-01-18,0,0,0,0,0,0,a,c,500.0,1.0,2014.0,0,0.0,0.0,None,2015,1,18,3,1,Sunday
47,7,2015-01-18,0,0,0,0,0,0,c,a,1500.0,0.0,0.0,1,40.0,2013.0,"Jan,Apr,Jul,Oct",2015,1,18,3,1,Sunday
48,7,2015-01-18,0,0,0,0,0,1,a,c,500.0,7.0,2010.0,1,22.0,2011.0,"Mar,Jun,Sept,Dec",2015,1,18,3,1,Sunday
49,7,2015-01-18,0,0,0,0,0,1,d,a,120.0,1.0,2010.0,1,14.0,2009.0,"Mar,Jun,Sept,Dec",2015,1,18,3,1,Sunday
50,7,2015-01-18,0,0,0,0,0,0,a,c,500.0,1.0,2012.0,0,0.0,0.0,None,2015,1,18,3,1,Sunday
51,7,2015-01-18,0,0,0,0,0,0,a,c,120.0,1.0,0.0,0,0.0,0.0,None,2015,1,18,3,1,Sunday
52,7,2015-01-18,0,0,0,0,0,1,a,a,120.0,7.0,2012.0,1,31.0,2013.0,"Mar,Jun,Sept,Dec",2015,1,18,3,1,Sunday
53,7,2015-01-18,0,0,0,0,0,0,a,c,1500.0,0.0,0.0,1,14.0,2009.0,"Feb,May,Aug,Nov",2015,1,18,3,1,Sunday
54,7,2015-01-18,0,0,0,0,0,0,a,a,1500.0,0.0,0.0,0,0.0,0.0,None,2015,1,18,3,1,Sunday
55,7,2015-01-18,0,0,0,0,0,0,d,c,1500.0,1.0,2005.0,1,22.0,2009.0,"Feb,May,Aug,Nov",2015,1,18,3,1,Sunday
56,7,2015-01-18,0,0,0,0,0,0,a,a,1500.0,7.0,2010.0,0,0.0,0.0,None,2015,1,18,3,1,Sunday
57,7,2015-01-18,0,0,0,0,0,0,a,c,1500.0,0.0,2012.0,1,10.0,2009.0,"Mar,Jun,Sept,Dec",2015,1,18,3,1,Sunday
58,7,2015-01-18,0,0,0,0,0,0,d,c,1500.0,0.0,0.0,1,14.0,2009.0,"Mar,Jun,Sept,Dec",2015,1,18,3,1,Sunday
59,7,2015-01-18,0,0,0,0,0,0,d,c,500.0,7.0,2012.0,0,0.0,0.0,None,2015,1,18,3,1,Sunday
60,7,2015-01-18,0,0,0,0,0,1,a,a,1500.0,11.0,0.0,1,31.0,2011.0,"Feb,May,Aug,Nov",2015,1,18,3,1,Sunday
61,7,2015-01-18,0,0,0,0,0,0,a,c,500.0,5.0,2005.0,1,31.0,2013.0,"Jan,Apr,Jul,Oct",2015,1,18,3,1,Sunday
62,7,2015-01-18,0,0,0,0,0,0,a,a,15000.0,5.0,2005.0,0,0.0,0.0,None,2015,1,18,3,1,Sunday
63,7,2015-01-18,0,0,0,0,0,0,c,c,3000.0,5.0,2005.0,0,0.0,0.0,None,2015,1,18,3,1,Sunday
64,7,2015-01-18,0,0,0,0,0,0,c,c,1500.0,5.0,0.0,1,1.0,2013.0,"Jan,Apr,Jul,Oct",2015,1,18,3,1,Sunday
65,7,2015-01-18,0,0,0,0,0,0,a,c,1500.0,0.0,2014.0,0,0.0,0.0,None,2015,1,18,3,1,Sunday
66,7,2015-01-18,0,0,0,0,0,0,a,a,15000.0,3.0,2010.0,0,0.0,0.0,None,2015,1,18,3,1,Sunday
67,7,2015-01-18,0,0,0,0,0,0,d,c,1500.0,1.0,2012.0,0,0.0,0.0,None,2015,1,18,3,1,Sunday
68,7,2015-01-18,0,0,0,0,0,0,c,c,500.0,7.0,0.0,0,0.0,0.0,None,2015,1,18,3,1,Sunday
69,7,2015-01-18,0,0,0,0,0,0,d,c,15000.0,1.0,2012.0,1,31.0,2013.0,"Mar,Jun,Sept,Dec",2015,1,18,3,1,Sunday
70,7,2015-01-18,0,0,0,0,0,0,a,a,3000.0,5.0,0.0,0,0.0,0.0,None,2015,1,18,3,1,Sunday
71,7,2015-01-18,0,0,0,0,0,0,a,c,120.0,1.0,2008.0,1,31.0,2009.0,"Jan,Apr,Jul,Oct",2015,1,18,3,1,Sunday
72,7,2015-01-18,0,0,0,0,0,0,a,c,7500.0,9.0,2010.0,0,0.0,0.0,None,2015,1,18,3,1,Sunday
73,7,2015-01-18,0,0,0,0,0,0,d,c,500.0,5.0,2008.0,1,40.0,2013.0,"Mar,Jun,Sept,Dec",2015,1,18,3,1,Sunday
74,7,2015-01-18,0,0,0,0,0,0,a,a,500.0,7.0,2012.0,0,0.0,0.0,None,2015,1,18,3,1,Sunday
75,7,2015-01-18,0,0,0,0,0,1,c,c,3000.0,11.0,0.0,1,14.0,2009.0,"Feb,May,Aug,Nov",2015,1,18,3,1,Sunday
76,7,2015-01-18,0,0,0,0,0,1,a,a,120.0,0.0,2014.0,0,0.0,0.0,None,2015,1,18,3,1,Sunday
77,7,2015-01-18,0,0,0,0,0,0,d,c,1500.0,11.0,2012.0,0,0.0,0.0,None,2015,1,18,3,1,Sunday
78,7,2015-01-18,0,0,0,0,0,0,d,c,500.0,3.0,2010.0,0,0.0,0.0,None,2015,1,18,3,1,Sunday
79,7,2015-01-18,0,0,0,0,0,0,a,a,500.0,0.0,2012.0,1,14.0,2015.0,"Mar,Jun,Sept,Dec",2015,1,18,3,1,Sunday
80,7,2015-01-18,0,0,0,0,0,1,a,a,15000.0,9.0,2010.0,0,0.0,0.0,None,2015,1,18,3,1,Sunday
81,7,2015-01-18,0,0,0,0,0,0,a,a,1500.0,1.0,2010.0,1,22.0,2009.0,"Jan,Apr,Jul,Oct",2015,1,18,3,1,Sunday
82,7,2015-01-18,0,0,0,0,0,0,a,a,1500.0,0.0,0.0,0,0.0,0.0,None,2015,1,18,3,1,Sunday
83,7,2015-01-18,0,0,0,0,0,0,a,c,500.0,7.0,2014.0,0,0.0,0.0,None,2015,1,18,3,1,Sunday
84,7,2015-01-18,0,0,0,0,0,0,d,a,1500.0,0.0,2005.0,0,0.0,0.0,None,2015,1,18,3,1,Sunday
85,7,2015-01-18,0,0,0,0,0,1,d,c,120.0,0.0,2014.0,1,1.0,2013.0,"Jan,Apr,Jul,Oct",2015,1,18,3,1,Sunday
86,7,2015-01-18,0,0,0,0,0,0,d,a,3000.0,0.0,2012.0,0,0.0,0.0,None,2015,1,18,3,1,Sunday
87,7,2015-01-18,0,0,0,0,0,0,a,a,1500.0,0.0,0.0,0,0.0,0.0,None,2015,1,18,3,1,Sunday
88,7,2015-01-18,0,0,0,0,0,0,d,c,3000.0,3.0,2012.0,1,31.0,2009.0,"Feb,May,Aug,Nov",2015,1,18,3,1,Sunday
89,7,2015-01-18,0,0,0,0,0,0,d,a,1500.0,9.0,0.0,1,31.0,2015.0,"Feb,May,Aug,Nov",2015,1,18,3,1,Sunday
90,7,2015-01-18,0,0,0,0,0,0,d,c,1500.0,0.0,0.0,0,0.0,0.0,None,2015,1,18,3,1,Sunday
91,7,2015-01-18,0,0,0,0,0,0,a,c,1500.0,3.0,2008.0,0,0.0,0.0,None,2015,1,18,3,1,Sunday
92,7,2015-01-18,0,0,0,0,0,1,d,c,120.0,3.0,0.0,1,31.0,2009.0,"Feb,May,Aug,Nov",2015,1,18,3,1,Sunday
93,7,2015-01-18,0,0,0,0,0,0,d,a,120.0,5.0,2005.0,0,0.0,0.0,None,2015,1,18,3,1,Sunday
94,7,2015-01-18,0,0,0,0,0,0,c,a,500.0,11.0,2005.0,0,0.0,0.0,None,2015,1,18,3,1,Sunday
95,7,2015-01-18,0,0,0,0,0,1,a,c,500.0,11.0,2005.0,1,31.0,2009.0,"Feb,May,Aug,Nov",2015,1,18,3,1,Sunday
96,7,2015-01-18,0,0,0,0,0,0,d,c,500.0,7.0,2005.0,1,10.0,2009.0,"Feb,May,Aug,Nov",2015,1,18,3,1,Sunday
97,7,2015-01-18,0,0,0,0,0,0,c,a,120.0,0.0,2008.0,0,0.0,0.0,None,2015,1,18,3,1,Sunday
98,7,2015-01-18,0,0,0,0,0,0,c,a,500.0,3.0,2008.0,1,10.0,2009.0,"Feb,May,Aug,Nov",2015,1,18,3,1,Sunday
99,7,2015-01-18,0,0,0,0,0,1,a,c,500.0,1.0,2012.0,0,0.0,0.0,None,2015,1,18,3,1,Sunday
100,7,2015-01-18,0,0,0,0,0,0,b,c,500.0,9.0,2005.0,0,0.0,0.0,None,2015,1,18,3,1,Sunday
1,1,2015-01-19,13808,1141,1,1,0,0,a,c,3000.0,7.0,2012.0,0,0.0,0.0,None,2015,1,19,4,1,Monday
2,1,2015-01-19,5944,525,1,1,0,1,a,a,7500.0,5.0,2008.0,0,0.0,0.0,None,2015,1,19,4,1,Monday
3,1,2015-01-19,10672,994,1,0,0,0,d,c,500.0,5.0,2012.0,1,10.0,2011.0,"Jan,Apr,Jul,Oct",2015,1,19,4,1,Monday
4,1,2015-01-19,7370,1085,1,0,0,1,a,a,1500.0,1.0,2010.0,1,40.0,2011.0,"Mar,Jun,Sept,Dec",2015,1,19,4,1,Monday
5,1,2015-01-19,3073,307,1,1,0,0,c,a,15000.0,0.0,2008.0,1,31.0,2009.0,"Mar,Jun,Sept,Dec",2015,1,19,4,1,Monday
6,1,2015-01-19,3020,548,1,0,0,0,a,c,1500.0,1.0,0.0,0,0.0,0.0,None,2015,1,19,4,1,Monday
7,1,2015-01-19,0,0,0,0,0,0,a,a,1500.0,5.0,2012.0,1,14.0,2011.0,"Jan,Apr,Jul,Oct",2015,1,19,4,1,Monday
8,1,2015-01-19,3076,309,1,1,0,0,a,c,500.0,9.0,2014.0,1,40.0,2009.0,"Mar,Jun,Sept,Dec",2015,1,19,4,1,Monday
9,1,2015-01-19,8184,1052,1,0,0,0,d,a,500.0,5.0,2014.0,1,40.0,2013.0,"Jan,Apr,Jul,Oct",2015,1,19,4,1,Monday
10,1,2015-01-19,10718,1078,1,0,0,0,d,c,3000.0,11.0,2012.0,1,1.0,2015.0,"Jan,Apr,Jul,Oct",2015,1,19,4,1,Monday
11,1,2015-01-19,12408,1040,1,1,0,0,a,c,120.0,11.0,0.0,1,22.0,2015.0,"Mar,Jun,Sept,Dec",2015,1,19,4,1,Monday
12,1,2015-01-19,6085,565,1,0,0,0,d,c,3000.0,0.0,2008.0,0,0.0,0.0,None,2015,1,19,4,1,Monday
13,1,2015-01-19,5519,700,1,0,0,0,a,a,7500.0,5.0,2005.0,0,0.0,0.0,None,2015,1,19,4,1,Monday
14,1,2015-01-19,6887,597,1,0,0,0,a,c,1500.0,5.0,2014.0,1,1.0,2013.0,"Jan,Apr,Jul,Oct",2015,1,19,4,1,Monday
15,1,2015-01-19,7021,773,1,0,0,1,d,c,3000.0,11.0,2014.0,1,1.0,2013.0,"Mar,Jun,Sept,Dec",2015,1,19,4,1,Monday
16,1,2015-01-19,3914,479,1,1,0,0,a,a,500.0,11.0,0.0,0,0.0,0.0,None,2015,1,19,4,1,Monday
17,1,2015-01-19,10539,1163,1,0,0,0,a,c,500.0,7.0,2008.0,0,0.0,0.0,None,2015,1,19,4,1,Monday
18,1,2015-01-19,5321,526,1,0,0,0,d,c,1500.0,5.0,2005.0,1,40.0,2009.0,"Jan,Apr,Jul,Oct",2015,1,19,4,1,Monday
19,1,2015-01-19,7668,698,1,1,0,0,d,c,120.0,9.0,2014.0,1,10.0,2013.0,"Jan,Apr,Jul,Oct",2015,1,19,4,1,Monday
20,1,2015-01-19,12766,1191,1,0,0,0,a,a,500.0,9.0,0.0,1,1.0,2013.0,"Mar,Jun,Sept,Dec",2015,1,19,4,1,Monday
21,1,2015-01-19,3567,453,1,1,0,0,a,c,1500.0,0.0,2008.0,0,0.0,0.0,None,2015,1,19,4,1,Monday
22,1,2015-01-19,0,0,0,1,0,0,a,a,500.0,0.0,2010.0,0,0.0,0.0,None,2015,1,19,4,1,Monday
23,1,2015-01-19,2719,475,1,0,0,0,d,c,500.0,1.0,2008.0,0,0.0,0.0,None,2015,1,19,4,1,Monday
24,1,2015-01-19,7896,603,1,1,0,0,a,a,1500.0,1.0,2010.0,0,0.0,0.0,None,2015,1,19,4,1,Monday
25,1,2015-01-19,11403,1013,1,0,0,0,a,c,500.0,1.0,2012.0,0,0.0,0.0,None,2015,1,19,4,1,Monday
26,1,2015-01-19,8965,948,1,0,0,0,d,a,1500.0,3.0,2008.0,0,0.0,0.0,None,2015,1,19,4,1,Monday
27,1,2015-01-19,12217,1042,1,1,0,1,d,a,15000.0,9.0,2008.0,1,1.0,2009.0,"Mar,Jun,Sept,Dec",2015,1,19,4,1,Monday
28,1,2015-01-19,9339,824,1,0,0,0,a,a,1500.0,3.0,2010.0,0,0.0,0.0,None,2015,1,19,4,1,Monday
29,1,2015-01-19,4532,368,1,1,0,0,a,a,1500.0,5.0,0.0,1,10.0,2015.0,"Jan,Apr,Jul,Oct",2015,1,19,4,1,Monday
30,1,2015-01-19,9512,1197,1,1,0,0,c,c,500.0,11.0,2014.0,1,22.0,2015.0,"Feb,May,Aug,Nov",2015,1,19,4,1,Monday
31,1,2015-01-19,5414,858,1,0,0,0,d,c,500.0,0.0,2014.0,1,31.0,2015.0,"Mar,Jun,Sept,Dec",2015,1,19,4,1,Monday
32,1,2015-01-19,7610,714,1,0,0,0,a,a,3000.0,3.0,2010.0,1,1.0,2015.0,"Mar,Jun,Sept,Dec",2015,1,19,4,1,Monday
33,1,2015-01-19,5183,445,1,0,0,0,d,c,1500.0,9.0,2008.0,0,0.0,0.0,None,2015,1,19,4,1,Monday
34,1,2015-01-19,5973,791,1,1,0,0,d,c,500.0,9.0,2005.0,0,0.0,0.0,None,2015,1,19,4,1,Monday
35,1,2015-01-19,7605,665,1,1,0,0,a,c,120.0,5.0,0.0,1,22.0,2015.0,"Mar,Jun,Sept,Dec",2015,1,19,4,1,Monday
36,1,2015-01-19,13272,1167,1,0,0,1,d,a,1500.0,3.0,2008.0,1,40.0,2011.0,"Feb,May,Aug,Nov",2015,1,19,4,1,Monday
37,1,2015-01-19,4975,469,1,0,0,0,d,a,7500.0,3.0,2008.0,1,40.0,2009.0,"Mar,Jun,Sept,Dec",2015,1,19,4,1,Monday
38,1,2015-01-19,6785,640,1,0,0,0,a,a,3000.0,3.0,2010.0,0,0.0,0.0,None,2015,1,19,4,1,Monday
39,1,2015-01-19,12134,1029,1,0,0,0,c,a,7500.0,7.0,2014.0,1,14.0,2015.0,"Jan,Apr,Jul,Oct",2015,1,19,4,1,Monday
40,1,2015-01-19,7854,717,1,1,0,1,d,a,1500.0,11.0,2008.0,1,22.0,2013.0,"Jan,Apr,Jul,Oct",2015,1,19,4,1,Monday
41,1,2015-01-19,3914,380,1,1,0,0,a,c,500.0,1.0,0.0,0,0.0,0.0,None,2015,1,19,4,1,Monday
42,1,2015-01-19,6884,870,1,1,0,0,d,c,120.0,1.0,2014.0,0,0.0,0.0,None,2015,1,19,4,1,Monday
43,1,2015-01-19,6380,720,1,0,0,0,a,a,500.0,0.0,0.0,1,31.0,2011.0,"Mar,Jun,Sept,Dec",2015,1,19,4,1,Monday
44,1,2015-01-19,6575,882,1,1,0,1,a,a,1500.0,5.0,2005.0,0,0.0,0.0,None,2015,1,19,4,1,Monday
45,1,2015-01-19,7752,765,1,1,0,0,c,a,120.0,9.0,2014.0,1,22.0,2011.0,"Feb,May,Aug,Nov",2015,1,19,4,1,Monday
46,1,2015-01-19,5958,722,1,0,0,0,a,c,500.0,1.0,2014.0,0,0.0,0.0,None,2015,1,19,4,1,Monday
47,1,2015-01-19,7090,988,1,0,0,0,c,a,1500.0,0.0,0.0,1,40.0,2013.0,"Jan,Apr,Jul,Oct",2015,1,19,4,1,Monday
48,1,2015-01-19,4669,663,1,1,0,0,a,c,500.0,7.0,2010.0,1,22.0,2011.0,"Mar,Jun,Sept,Dec",2015,1,19,4,1,Monday
49,1,2015-01-19,8379,670,1,1,0,0,d,a,120.0,1.0,2010.0,1,14.0,2009.0,"Mar,Jun,Sept,Dec",2015,1,19,4,1,Monday
50,1,2015-01-19,7066,603,1,0,0,0,a,c,500.0,1.0,2012.0,0,0.0,0.0,None,2015,1,19,4,1,Monday
51,1,2015-01-19,3645,313,1,1,0,1,a,c,120.0,1.0,0.0,0,0.0,0.0,None,2015,1,19,4,1,Monday
52,1,2015-01-19,6304,791,1,0,0,0,a,a,120.0,7.0,2012.0,1,31.0,2013.0,"Mar,Jun,Sept,Dec",2015,1,19,4,1,Monday
53,1,2015-01-19,7365,1030,1,1,0,0,a,c,1500.0,0.0,0.0,1,14.0,2009.0,"Feb,May,Aug,Nov",2015,1,19,4,1,Monday
54,1,2015-01-19,3422,430,1,0,0,0,a,a,1500.0,0.0,0.0,0,0.0,0.0,None,2015,1,19,4,1,Monday
55,1,2015-01-19,9892,934,1,0,0,0,d,c,1500.0,1.0,2005.0,1,22.0,2009.0,"Feb,May,Aug,Nov",2015,1,19,4,1,Monday
56,1,2015-01-19,4616,556,1,1,0,0,a,a,1500.0,7.0,2010.0,0,0.0,0.0,None,2015,1,19,4,1,Monday
57,1,2015-01-19,5960,839,1,0,0,1,a,c,1500.0,0.0,2012.0,1,10.0,2009.0,"Mar,Jun,Sept,Dec",2015,1,19,4,1,Monday
58,1,2015-01-19,4927,506,1,1,0,0,d,c,1500.0,0.0,0.0,1,14.0,2009.0,"Mar,Jun,Sept,Dec",2015,1,19,4,1,Monday
59,1,2015-01-19,3422,343,1,0,0,0,d,c,500.0,7.0,2012.0,0,0.0,0.0,None,2015,1,19,4,1,Monday
60,1,2015-01-19,0,0,0,0,0,0,a,a,1500.0,11.0,0.0,1,31.0,2011.0,"Feb,May,Aug,Nov",2015,1,19,4,1,Monday
61,1,2015-01-19,5492,542,1,1,0,0,a,c,500.0,5.0,2005.0,1,31.0,2013.0,"Jan,Apr,Jul,Oct",2015,1,19,4,1,Monday
62,1,2015-01-19,5042,387,1,1,0,0,a,a,15000.0,5.0,2005.0,0,0.0,0.0,None,2015,1,19,4,1,Monday
63,1,2015-01-19,11845,993,1,1,0,0,c,c,3000.0,5.0,2005.0,0,0.0,0.0,None,2015,1,19,4,1,Monday
64,1,2015-01-19,3515,474,1,0,0,0,c,c,1500.0,5.0,0.0,1,1.0,2013.0,"Jan,Apr,Jul,Oct",2015,1,19,4,1,Monday
65,1,2015-01-19,4648,703,1,0,0,0,a,c,1500.0,0.0,2014.0,0,0.0,0.0,None,2015,1,19,4,1,Monday
66,1,2015-01-19,6156,602,1,1,0,0,a,a,15000.0,3.0,2010.0,0,0.0,0.0,None,2015,1,19,4,1,Monday
67,1,2015-01-19,6090,824,1,1,0,1,d,c,1500.0,1.0,2012.0,0,0.0,0.0,None,2015,1,19,4,1,Monday
68,1,2015-01-19,5376,887,1,0,0,0,c,c,500.0,7.0,0.0,0,0.0,0.0,None,2015,1,19,4,1,Monday
69,1,2015-01-19,3345,454,1,0,0,1,d,c,15000.0,1.0,2012.0,1,31.0,2013.0,"Mar,Jun,Sept,Dec",2015,1,19,4,1,Monday
70,1,2015-01-19,0,0,0,0,0,0,a,a,3000.0,5.0,0.0,0,0.0,0.0,None,2015,1,19,4,1,Monday
71,1,2015-01-19,9018,763,1,0,0,0,a,c,120.0,1.0,2008.0,1,31.0,2009.0,"Jan,Apr,Jul,Oct",2015,1,19,4,1,Monday
72,1,2015-01-19,10600,871,1,1,0,0,a,c,7500.0,9.0,2010.0,0,0.0,0.0,None,2015,1,19,4,1,Monday
73,1,2015-01-19,11916,1138,1,1,0,0,d,c,500.0,5.0,2008.0,1,40.0,2013.0,"Mar,Jun,Sept,Dec",2015,1,19,4,1,Monday
74,1,2015-01-19,3372,398,1,0,0,0,a,a,500.0,7.0,2012.0,0,0.0,0.0,None,2015,1,19,4,1,Monday
75,1,2015-01-19,7014,848,1,0,0,0,c,c,3000.0,11.0,0.0,1,14.0,2009.0,"Feb,May,Aug,Nov",2015,1,19,4,1,Monday
76,1,2015-01-19,9240,832,1,1,0,0,a,a,120.0,0.0,2014.0,0,0.0,0.0,None,2015,1,19,4,1,Monday
77,1,2015-01-19,9067,854,1,0,0,0,d,c,1500.0,11.0,2012.0,0,0.0,0.0,None,2015,1,19,4,1,Monday
78,1,2015-01-19,7395,864,1,0,0,0,d,c,500.0,3.0,2010.0,0,0.0,0.0,None,2015,1,19,4,1,Monday
79,1,2015-01-19,4292,387,1,1,0,0,a,a,500.0,0.0,2012.0,1,14.0,2015.0,"Mar,Jun,Sept,Dec",2015,1,19,4,1,Monday
80,1,2015-01-19,5595,695,1,1,0,1,a,a,15000.0,9.0,2010.0,0,0.0,0.0,None,2015,1,19,4,1,Monday
81,1,2015-01-19,3793,576,1,0,0,0,a,a,1500.0,1.0,2010.0,1,22.0,2009.0,"Jan,Apr,Jul,Oct",2015,1,19,4,1,Monday
82,1,2015-01-19,2337,326,1,0,0,0,a,a,1500.0,0.0,0.0,0,0.0,0.0,None,2015,1,19,4,1,Monday
83,1,2015-01-19,5003,419,1,1,0,0,a,c,500.0,7.0,2014.0,0,0.0,0.0,None,2015,1,19,4,1,Monday
84,1,2015-01-19,4870,554,1,1,0,1,d,a,1500.0,0.0,2005.0,0,0.0,0.0,None,2015,1,19,4,1,Monday
85,1,2015-01-19,12067,1006,1,0,0,0,d,c,120.0,0.0,2014.0,1,1.0,2013.0,"Jan,Apr,Jul,Oct",2015,1,19,4,1,Monday
86,1,2015-01-19,3527,511,1,0,0,0,d,a,3000.0,0.0,2012.0,0,0.0,0.0,None,2015,1,19,4,1,Monday
87,1,2015-01-19,10037,860,1,1,0,0,a,a,1500.0,0.0,0.0,0,0.0,0.0,None,2015,1,19,4,1,Monday
88,1,2015-01-19,8318,986,1,1,0,0,d,c,3000.0,3.0,2012.0,1,31.0,2009.0,"Feb,May,Aug,Nov",2015,1,19,4,1,Monday
89,1,2015-01-19,10039,1112,1,0,0,1,d,a,1500.0,9.0,0.0,1,31.0,2015.0,"Feb,May,Aug,Nov",2015,1,19,4,1,Monday
90,1,2015-01-19,6526,794,1,0,0,0,d,c,1500.0,0.0,0.0,0,0.0,0.0,None,2015,1,19,4,1,Monday
91,1,2015-01-19,5104,516,1,1,0,1,a,c,1500.0,3.0,2008.0,0,0.0,0.0,None,2015,1,19,4,1,Monday
92,1,2015-01-19,7527,916,1,0,0,0,d,c,120.0,3.0,0.0,1,31.0,2009.0,"Feb,May,Aug,Nov",2015,1,19,4,1,Monday
93,1,2015-01-19,8886,761,1,0,0,1,d,a,120.0,5.0,2005.0,0,0.0,0.0,None,2015,1,19,4,1,Monday
94,1,2015-01-19,6609,552,1,0,0,0,c,a,500.0,11.0,2005.0,0,0.0,0.0,None,2015,1,19,4,1,Monday
95,1,2015-01-19,9700,871,1,1,0,0,a,c,500.0,11.0,2005.0,1,31.0,2009.0,"Feb,May,Aug,Nov",2015,1,19,4,1,Monday
96,1,2015-01-19,5385,545,1,0,0,0,d,c,500.0,7.0,2005.0,1,10.0,2009.0,"Feb,May,Aug,Nov",2015,1,19,4,1,Monday
97,1,2015-01-19,11855,1102,1,0,0,1,c,a,120.0,0.0,2008.0,0,0.0,0.0,None,2015,1,19,4,1,Monday
98,1,2015-01-19,4230,389,1,0,0,1,c,a,500.0,3.0,2008.0,1,10.0,2009.0,"Feb,May,Aug,Nov",2015,1,19,4,1,Monday
99,1,2015-01-19,2973,397,1,0,0,0,a,c,500.0,1.0,2012.0,0,0.0,0.0,None,2015,1,19,4,1,Monday
100,1,2015-01-19,8478,694,1,1,0,0,b,c,500.0,9.0,2005.0,0,0.0,0.0,None,2015,1,19,4,1,Monday
1,2,2015-01-20,4754,552,1,0,0,0,a,c,3000.0,7.0,2012.0,0,0.0,0.0,None,2015,1,20,4,1,Tuesday
2,2,2015-01-20,3951,334,1,0,0,1,a,a,7500.0,5.0,2008.0,0,0.0,0.0,None,2015,1,20,4,1,Tuesday
3,2,2015-01-20,4585,821,1,0,0,0,d,c,500.0,5.0,2012.0,1,10.0,2011.0,"Jan,Apr,Jul,Oct",2015,1,20,4,1,Tuesday
4,2,2015-01-20,5820,839,1,0,0,1,a,a,1500.0,1.0,2010.0,1,40.0,2011.0,"Mar,Jun,Sept,Dec",2015,1,20,4,1,Tuesday
5,2,2015-01-20,5417,842,1,0,0,0,c,a,15000.0,0.0,2008.0,1,31.0,2009.0,"Mar,Jun,Sept,Dec",2015,1,20,4,1,Tuesday
6,2,2015-01-20,6107,568,1,0,0,1,a,c,1500.0,1.0,0.0,0,0.0,0.0,None,2015,1,20,4,1,Tuesday
7,2,2015-01-20,5784,766,1,0,0,0,a,a,1500.0,5.0,2012.0,1,14.0,2011.0,"Jan,Apr,Jul,Oct",2015,1,20,4,1,Tuesday
8,2,2015-01-20,11000,981,1,1,0,0,a,c,500.0,9.0,2014.0,1,40.0,2009.0,"Mar,Jun,Sept,Dec",2015,1,20,4,1,Tuesday
9,2,2015-01-20,4574,389,1,0,0,0,d,a,500.0,5.0,2014.0,1,40.0,2013.0,"Jan,Apr,Jul,Oct",2015,1,20,4,1,Tuesday
10,2,2015-01-20,5790,532,1,0,0,0,d,c,3000.0,11.0,2012.0,1,1.0,2015.0,"Jan,Apr,Jul,Oct",2015,1,20,4,1,Tuesday
11,2,2015-01-20,10023,902,1,0,0,0,a,c,120.0,11.0,0.0,1,22.0,2015.0,"Mar,Jun,Sept,Dec",2015,1,20,4,1,Tuesday
12,2,2015-01-20,4707,359,1,1,0,1,d,c,3000.0,0.0,2008.0,0,0.0,0.0,None,2015,1,20,4,1,Tuesday
13,2,2015-01-20,6302,844,1,1,0,1,a,a,7500.0,5.0,2005.0,0,0.0,0.0,None,2015,1,20,4,1,Tuesday
14,2,2015-01-20,8295,1197,1,0,0,0,a,c,1500.0,5.0,2014.0,1,1.0,2013.0,"Jan,Apr,Jul,Oct",2015,1,20,4,1,Tuesday
15,2,2015-01-20,7955,1055,1,1,0,0,d,c,3000.0,11.0,2014.0,1,1.0,2013.0,"Mar,Jun,Sept,Dec",2015,1,20,4,1,Tuesday
16,2,2015-01-20,6381,755,1,0,0,1,a,a,500.0,11.0,0.0,0,0.0,0.0,None,2015,1,20,4,1,Tuesday
17,2,2015-01-20,2080,342,1,0,0,0,a,c,500.0,7.0,2008.0,0,0.0,0.0,None,2015,1,20,4,1,Tuesday
18,2,2015-01-20,4832,826,1,0,0,0,d,c,1500.0,5.0,2005.0,1,40.0,2009.0,"Jan,Apr,Jul,Oct",2015,1,20,4,1,Tuesday
19,2,2015-01-20,4607,624,1,1,0,0,d,c,120.0,9.0,2014.0,1,10.0,2013.0,"Jan,Apr,Jul,Oct",2015,1,20,4,1,Tuesday
20,2,2015-01-20,7458,633,1,1,0,0,a,a,500.0,9.0,0.0,1,1.0,2013.0,"Mar,Jun,Sept,Dec",2015,1,20,4,1,Tuesday
21,2,2015-01-20,5815,708,1,0,0,0,a,c,1500.0,0.0,2008.0,0,0.0,0.0,None,2015,1,20,4,1,Tuesday
22,2,2015-01-20,9190,1188,1,1,0,0,a,a,500.0,0.0,2010.0,0,0.0,0.0,None,2015,1,20,4,1,Tuesday
23,2,2015-01-20,8256,857,1,1,0,0,d,c,500.0,1.0,2008.0,0,0.0,0.0,None,2015,1,20,4,1,Tuesday
24,2,2015-01-20,7389,823,1,0,0,0,a,a,1500.0,1.0,2010.0,0,0.0,0.0,None,2015,1,20,4,1,Tuesday
25,2,2015-01-20,6529,531,1,1,0,0,a,c,500.0,1.0,2012.0,0,0.0,0.0,None,2015,1,20,4,1,Tuesday
26,2,2015-01-20,11113,1176,1,1,0,0,d,a,1500.0,3.0,2008.0,0,0.0,0.0,None,2015,1,20,4,1,Tuesday
27,2,2015-01-20,3792,608,1,0,0,0,d,a,15000.0,9.0,2008.0,1,1.0,2009.0,"Mar,Jun,Sept,Dec",2015,1,20,4,1,Tuesday
28,2,2015-01-20,4088,523,1,0,0,0,a,a,1500.0,3.0,2010.0,0,0.0,0.0,None,2015,1,20,4,1,Tuesday
29,2,2015-01-20,5299,812,1,0,0,0,a,a,1500.0,5.0,0.0,1,10.0,2015.0,"Jan,Apr,Jul,Oct",2015,1,20,4,1,Tuesday
30,2,2015-01-20,7825,861,1,0,0,0,c,c,500.0,11.0,2014.0,1,22.0,2015.0,"Feb,May,Aug,Nov",2015,1,20,4,1,Tuesday
31,2,2015-01-20,7206,1107,1,0,0,0,d,c,500.0,0.0,2014.0,1,31.0,2015.0,"Mar,Jun,Sept,Dec",2015,1,20,4,1,Tuesday
32,2,2015-01-20,3593,377,1,0,0,1,a,a,3000.0,3.0,2010.0,1,1.0,2015.0,"Mar,Jun,Sept,Dec",2015,1,20,4,1,Tuesday
33,2,2015-01-20,3895,459,1,0,0,0,d,c,1500.0,9.0,2008.0,0,0.0,0.0,None,2015,1,20,4,1,Tuesday
34,2,2015-01-20,5362,403,1,1,0,0,d,c,500.0,9.0,2005.0,0,0.0,0.0,None,2015,1,20,4,1,Tuesday
35,2,2015-01-20,6261,497,1,1,0,0,a,c,120.0,5.0,0.0,1,22.0,2015.0,"Mar,Jun,Sept,Dec",2015,1,20,4,1,Tuesday
36,2,2015-01-20,6521,617,1,0,0,0,d,a,1500.0,3.0,2008.0,1,40.0,2011.0,"Feb,May,Aug,Nov",2015,1,20,4,1,Tuesday
37,2,2015-01-20,3165,544,1,0,0,0,d,a,7500.0,3.0,2008.0,1,40.0,2009.0,"Mar,Jun,Sept,Dec",2015,1,20,4,1,Tuesday
38,2,2015-01-20,5651,1005,1,0,0,0,a,a,3000.0,3.0,2010.0,0,0.0,0.0,None,2015,1,20,4,1,Tuesday
39,2,2015-01-20,1917,331,1,0,0,1,c,a,7500.0,7.0,2014.0,1,14.0,2015.0,"Jan,Apr,Jul,Oct",2015,1,20,4,1,Tuesday
40,2,2015-01-20,3340,387,1,0,0,0,d,a,1500.0,11.0,2008.0,1,22.0,2013.0,"Jan,Apr,Jul,Oct",2015,1,20,4,1,Tuesday
41,2,2015-01-20,0,0,0,0,0,0,a,c,500.0,1.0,0.0,0,0.0,0.0,None,2015,1,20,4,1,Tuesday
42,2,2015-01-20,12128,1093,1,0,0,0,d,c,120.0,1.0,2014.0,0,0.0,0.0,None,2015,1,20,4,1,Tuesday
43,2,2015-01-20,11331,1139,1,1,0,1,a,a,500.0,0.0,0.0,1,31.0,2011.0,"Mar,Jun,Sept,Dec",2015,1,20,4,1,Tuesday
44,2,2015-01-20,12163,1143,1,1,0,0,a,a,1500.0,5.0,2005.0,0,0.0,0.0,None,2015,1,20,4,1,Tuesday
45,2,2015-01-20,4123,538,1,0,0,0,c,a,120.0,9.0,2014.0,1,22.0,2011.0,"Feb,May,Aug,Nov",2015,1,20,4,1,Tuesday
46,2,2015-01-20,8071,1156,1,1,0,1,a,c,500.0,1.0,2014.0,0,0.0,0.0,None,2015,1,20,4,1,Tuesday
47,2,2015-01-20,6916,689,1,0,0,0,c,a,1500.0,0.0,0.0,1,40.0,2013.0,"Jan,Apr,Jul,Oct",2015,1,20,4,1,Tuesday
48,2,2015-01-20,9189,774,1,0,0,0,a,c,500.0,7.0,2010.0,1,22.0,2011.0,"Mar,Jun,Sept,Dec",2015,1,20,4,1,Tuesday
49,2,2015-01-20,4621,499,1,0,0,0,d,a,120.0,1.0,2010.0,1,14.0,2009.0,"Mar,Jun,Sept,Dec",2015,1,20,4,1,Tuesday
50,2,2015-01-20,9907,937,1,0,0,0,a,c,500.0,1.0,2012.0,0,0.0,0.0,None,2015,1,20,4,1,Tuesday
51,2,2015-01-20,5598,584,1,0,0,1,a,c,120.0,1.0,0.0,0,0.0,0.0,None,2015,1,20,4,1,Tuesday
52,2,2015-01-20,8255,739,1,0,0,0,a,a,120.0,7.0,2012.0,1,31.0,2013.0,"Mar,Jun,Sept,Dec",2015,1,20,4,1,Tuesday
53,2,2015-01-20,10235,872,1,1,0,0,a,c,1500.0,0.0,0.0,1,14.0,2009.0,"Feb,May,Aug,Nov",2015,1,20,4,1,Tuesday
54,2,2015-01-20,10695,1126,1,0,0,1,a,a,1500.0,0.0,0.0,0,0.0,0.0,None,2015,1,20,4,1,Tuesday
55,2,2015-01-20,7548,953,1,1,0,0,d,c,1500.0,1.0,2005.0,1,22.0,2009.0,"Feb,May,Aug,Nov",2015,1,20,4,1,Tuesday
56,2,2015-01-20,2658,402,1,0,0,0,a,a,1500.0,7.0,2010.0,0,0.0,0.0,None,2015,1,20,4,1,Tuesday
57,2,2015-01-20,12156,1075,1,0,0,0,a,c,1500.0,0.0,2012.0,1,10.0,2009.0,"Mar,Jun,Sept,Dec",2015,1,20,4,1,Tuesday
58,2,2015-01-20,13012,1124,1,1,0,1,d,c,1500.0,0.0,0.0,1,14.0,2009.0,"Mar,Jun,Sept,Dec",2015,1,20,4,1,Tuesday
59,2,2015-01-20,4989,432,1,0,0,0,d,c,500.0,7.0,2012.0,0,0.0,0.0,None,2015,1,20,4,1,Tuesday
60,2,2015-01-20,3553,642,1,0,0,0,a,a,1500.0,11.0,0.0,1,31.0,2011.0,"Feb,May,Aug,Nov",2015,1,20,4,1,Tuesday
61,2,2015-01-20,11087,897,1,1,0,0,a,c,500.0,5.0,2005.0,1,31.0,2013.0,"Jan,Apr,Jul,Oct",2015,1,20,4,1,Tuesday
62,2,2015-01-20,6463,678,1,1,0,0,a,a,15000.0,5.0,2005.0,0,0.0,0.0,None,2015,1,20,4,1,Tuesday
63,2,2015-01-20,5661,436,1,1,0,1,c,c,3000.0,5.0,2005.0,0,0.0,0.0,None,2015,1,20,4,1,Tuesday
64,2,2015-01-20,7884,1082,1,0,0,0,c,c,1500.0,5.0,0.0,1,1.0,2013.0,"Jan,Apr,Jul,Oct",2015,1,20,4,1,Tuesday
65,2,2015-01-20,5610,551,1,0,0,0,a,c,1500.0,0.0,2014.0,0,0.0,0.0,None,2015,1,20,4,1,Tuesday
66,2,2015-01-20,6509,675,1,0,0,0,a,a,15000.0,3.0,2010.0,0,0.0,0.0,None,2015,1,20,4,1,Tuesday
67,2,2015-01-20,8534,734,1,0,0,0,d,c,1500.0,1.0,2012.0,0,0.0,0.0,None,2015,1,20,4,1,Tuesday
68,2,2015-01-20,6748,875,1,0,0,0,c,c,500.0,7.0,0.0,0,0.0,0.0,None,2015,1,20,4,1,Tuesday
69,2,2015-01-20,10906,920,1,0,0,1,d,c,15000.0,1.0,2012.0,1,31.0,2013.0,"Mar,Jun,Sept,Dec",2015,1,20,4,1,Tuesday
70,2,2015-01-20,7750,759,1,0,0,0,a,a,3000.0,5.0,0.0,0,0.0,0.0,None,2015,1,20,4,1,Tuesday
71,2,2015-01-20,7443,804,1,0,0,0,a,c,120.0,1.0,2008.0,1,31.0,2009.0,"Jan,Apr,Jul,Oct",2015,1,20,4,1,Tuesday
72,2,2015-01-20,4176,444,1,1,0,1,a,c,7500.0,9.0,2010.0,0,0.0,0.0,None,2015,1,20,4,1,Tuesday
73,2,2015-01-20,8810,817,1,0,0,0,d,c,500.0,5.0,2008.0,1,40.0,2013.0,"Mar,Jun,Sept,Dec",2015,1,20,4,1,Tuesday
74,2,2015-01-20,7800,775,1,1,0,0,a,a,500.0,7.0,2012.0,0,0.0,0.0,None,2015,1,20,4,1,Tuesday
75,2,2015-01-20,7374,1059,1,1,0,0,c,c,3000.0,11.0,0.0,1,14.0,2009.0,"Feb,May,Aug,Nov",2015,1,20,4,1,Tuesday
76,2,2015-01-20,5576,709,1,0,0,0,a,a,120.0,0.0,2014.0,0,0.0,0.0,None,2015,1,20,4,1,Tuesday
77,2,2015-01-20,5994,545,1,0,0,0,d,c,1500.0,11.0,2012.0,0,0.0,0.0,None,2015,1,20,4,1,Tuesday
78,2,2015-01-20,12575,960,1,1,0,0,d,c,500.0,3.0,2010.0,0,0.0,0.0,None,2015,1,20,4,1,Tuesday
79,2,2015-01-20,7931,768,1,1,0,0,a,a,500.0,0.0,2012.0,1,14.0,2015.0,"Mar,Jun,Sept,Dec",2015,1,20,4,1,Tuesday
80,2,2015-01-20,0,0,0,1,0,0,a,a,15000.0,9.0,2010.0,0,0.0,0.0,None,2015,1,20,4,1,Tuesday
81,2,2015-01-20,12554,954,1,1,0,1,a,a,1500.0,1.0,2010.0,1,22.0,2009.0,"Jan,Apr,Jul,Oct",2015,1,20,4,1,Tuesday
82,2,2015-01-20,11013,910,1,1,0,0,a,a,1500.0,0.0,0.0,0,0.0,0.0,None,2015,1,20,4,1,Tuesday
83,2,2015-01-20,6818,659,1,1,0,0,a,c,500.0,7.0,2014.0,0,0.0,0.0,None,2015,1,20,4,1,Tuesday
84,2,2015-01-20,9376,746,1,1,0,0,d,a,1500.0,0.0,2005.0,0,0.0,0.0,None,2015,1,20,4,1,Tuesday
85,2,2015-01-20,9933,963,1,0,0,0,d,c,120.0,0.0,2014.0,1,1.0,2013.0,"Jan,Apr,Jul,Oct",2015,1,20,4,1,Tuesday
86,2,2015-01-20,7327,952,1,0,0,1,d,a,3000.0,0.0,2012.0,0,0.0,0.0,None,2015,1,20,4,1,Tuesday
87,2,2015-01-20,7196,688,1,1,0,0,a,a,1500.0,0.0,0.0,0,0.0,0.0,None,2015,1,20,4,1,Tuesday
88,2,2015-01-20,5376,939,1,0,0,0,d,c,3000.0,3.0,2012.0,1,31.0,2009.0,"Feb,May,Aug,Nov",2015,1,20,4,1,Tuesday
89,2,2015-01-20,7589,927,1,1,0,0,d,a,1500.0,9.0,0.0,1,31.0,2015.0,"Feb,May,Aug,Nov",2015,1,20,4,1,Tuesday
90,2,2015-01-20,9380,881,1,0,0,0,d,c,1500.0,0.0,0.0,0,0.0,0.0,None,2015,1,20,4,1,Tuesday
91,2,2015-01-20,6202,963,1,0,0,0,a,c,1500.0,3.0,2008.0,0,0.0,0.0,None,2015,1,20,4,1,Tuesday
92,2,2015-01-20,6546,733,1,0,0,0,d,c,120.0,3.0,0.0,1,31.0,2009.0,"Feb,May,Aug,Nov",2015,1,20,4,1,Tuesday
93,2,2015-01-20,10878,1155,1,0,0,0,d,a,120.0,5.0,2005.0,0,0.0,0.0,None,2015,1,20,4,1,Tuesday
94,2,2015-01-20,4714,552,1,0,0,0,c,a,500.0,11.0,2005.0,0,0.0,0.0,None,2015,1,20,4,1,Tuesday
95,2,2015-01-20,5584,566,1,1,0,1,a,c,500.0,11.0,2005.0,1,31.0,2009.0,"Feb,May,Aug,Nov",2015,1,20,4,1,Tuesday
96,2,2015-01-20,5216,367,1,1,0,0,d,c,500.0,7.0,2005.0,1,10.0,2009.0,"Feb,May,Aug,Nov",2015,1,20,4,1,Tuesday
97,2,2015-01-20,9619,982,1,0,0,0,c,a,120.0,0.0,2008.0,0,0.0,0.0,None,2015,1,20,4,1,Tuesday
98,2,2015-01-20,3401,501,1,0,0,1,c,a,500.0,3.0,2008.0,1,10.0,2009.0,"Feb,May,Aug,Nov",2015,1,20,4,1,Tuesday
99,2,2015-01-20,7975,906,1,0,0,0,a,c,500.0,1.0,2012.0,0,0.0,0.0,None,2015,1,20,4,1,Tuesday
100,2,2015-01-20,5148,535,1,0,0,0,b,c,500.0,9.0,2005.0,0,0.0,0.0,None,2015,1,20,4,1,Tuesday
1,3,2015-01-21,6737,981,1,0,0,0,a,c,3000.0,7.0,2012.0,0,0.0,0.0,None,2015,1,21,4,1,Wednesday
2,3,2015-01-21,8108,701,1,0,0,1,a,a,7500.0,5.0,2008.0,0,0.0,0.0,None,2015,1,21,4,1,Wednesday
3,3,2015-01-21,7685,764,1,1,0,1,d,c,500.0,5.0,2012.0,1,10.0,2011.0,"Jan,Apr,Jul,Oct",2015,1,21,4,1,Wednesday
4,3,2015-01-21,1843,323,1,0,0,0,a,a,1500.0,1.0,2010.0,1,40.0,2011.0,"Mar,Jun,Sept,Dec",2015,1,21,4,1,Wednesday
5,3,2015-01-21,8422,606,1,1,0,0,c,a,15000.0,0.0,2008.0,1,31.0,2009.0,"Mar,Jun,Sept,Dec",2015,1,21,4,1,Wednesday
6,3,2015-01-21,2784,417,1,0,0,0,a,c,1500.0,1.0,0.0,0,0.0,0.0,None,2015,1,21,4,1,Wednesday
7,3,2015-01-21,7885,880,1,1,0,0,a,a,1500.0,5.0,2012.0,1,14.0,2011.0,"Jan,Apr,Jul,Oct",2015,1,21,4,1,Wednesday
8,3,2015-01-21,11757,991,1,1,0,0,a,c,500.0,9.0,2014.0,1,40.0,2009.0,"Mar,Jun,Sept,Dec",2015,1,21,4,1,Wednesday
9,3,2015-01-21,4773,735,1,0,0,0,d,a,500.0,5.0,2014.0,1,40.0,2013.0,"Jan,Apr,Jul,Oct",2015,1,21,4,1,Wednesday
10,3,2015-01-21,9015,697,1,1,0,0,d,c,3000.0,11.0,2012.0,1,1.0,2015.0,"Jan,Apr,Jul,Oct",2015,1,21,4,1,Wednesday
11,3,2015-01-21,7848,681,1,0,0,0,a,c,120.0,11.0,0.0,1,22.0,2015.0,"Mar,Jun,Sept,Dec",2015,1,21,4,1,Wednesday
12,3,2015-01-21,5291,696,1,1,0,1,d,c,3000.0,0.0,2008.0,0,0.0,0.0,None,2015,1,21,4,1,Wednesday
13,3,2015-01-21,8171,1150,1,0,0,0,a,a,7500.0,5.0,2005.0,0,0.0,0.0,None,2015,1,21,4,1,Wednesday
14,3,2015-01-21,6240,844,1,0,0,0,a,c,1500.0,5.0,2014.0,1,1.0,2013.0,"Jan,Apr,Jul,Oct",2015,1,21,4,1,Wednesday
15,3,2015-01-21,8643,881,1,1,0,0,d,c,3000.0,11.0,2014.0,1,1.0,2013.0,"Mar,Jun,Sept,Dec",2015,1,21,4,1,Wednesday
16,3,2015-01-21,3163,455,1,0,0,0,a,a,500.0,11.0,0.0,0,0.0,0.0,None,2015,1,21,4,1,Wednesday
17,3,2015-01-21,10147,1163,1,0,0,0,a,c,500.0,7.0,2008.0,0,0.0,0.0,None,2015,1,21,4,1,Wednesday
18,3,2015-01-21,8644,858,1,0,0,1,d,c,1500.0,5.0,2005.0,1,40.0,2009.0,"Jan,Apr,Jul,Oct",2015,1,21,4,1,Wednesday
19,3,2015-01-21,5762,848,1,0,0,0,d,c,120.0,9.0,2014.0,1,10.0,2013.0,"Jan,Apr,Jul,Oct",2015,1,21,4,1,Wednesday
20,3,2015-01-21,3065,410,1,0,0,0,a,a,500.0,9.0,0.0,1,1.0,2013.0,"Mar,Jun,Sept,Dec",2015,1,21,4,1,Wednesday
21,3,2015-01-21,9814,838,1,1,0,0,a,c,1500.0,0.0,2008.0,0,0.0,0.0,None,2015,1,21,4,1,Wednesday
22,3,2015-01-21,11831,1077,1,1,0,0,a,a,500.0,0.0,2010.0,0,0.0,0.0,None,2015,1,21,4,1,Wednesday
23,3,2015-01-21,5049,624,1,1,0,0,d,c,500.0,1.0,2008.0,0,0.0,0.0,None,2015,1,21,4,1,Wednesday
24,3,2015-01-21,3880,315,1,1,0,0,a,a,1500.0,1.0,2010.0,0,0.0,0.0,None,2015,1,21,4,1,Wednesday
25,3,2015-01-21,4571,572,1,1,0,0,a,c,500.0,1.0,2012.0,0,0.0,0.0,None,2015,1,21,4,1,Wednesday
26,3,2015-01-21,3746,617,1,0,0,1,d,a,1500.0,3.0,2008.0,0,0.0,0.0,None,2015,1,21,4,1,Wednesday
27,3,2015-01-21,8284,867,1,1,0,0,d,a,15000.0,9.0,2008.0,1,1.0,2009.0,"Mar,Jun,Sept,Dec",2015,1,21,4,1,Wednesday
28,3,2015-01-21,5834,576,1,1,0,0,a,a,1500.0,3.0,2010.0,0,0.0,0.0,None,2015,1,21,4,1,Wednesday
29,3,2015-01-21,5091,603,1,1,0,1,a,a,1500.0,5.0,0.0,1,10.0,2015.0,"Jan,Apr,Jul,Oct",2015,1,21,4,1,Wednesday
30,3,2015-01-21,5224,883,1,0,0,1,c,c,500.0,11.0,2014.0,1,22.0,2015.0,"Feb,May,Aug,Nov",2015,1,21,4,1,Wednesday
31,3,2015-01-21,6691,828,1,0,0,0,d,c,500.0,0.0,2014.0,1,31.0,2015.0,"Mar,Jun,Sept,Dec",2015,1,21,4,1,Wednesday
32,3,2015-01-21,10102,1109,1,0,0,0,a,a,3000.0,3.0,2010.0,1,1.0,2015.0,"Mar,Jun,Sept,Dec",2015,1,21,4,1,Wednesday
33,3,2015-01-21,6560,838,1,1,0,1,d,c,1500.0,9.0,2008.0,0,0.0,0.0,None,2015,1,21,4,1,Wednesday
34,3,2015-01-21,4574,518,1,1,0,0,d,c,500.0,9.0,2005.0,0,0.0,0.0,None,2015,1,21,4,1,Wednesday
35,3,2015-01-21,5071,506,1,0,0,0,a,c,120.0,5.0,0.0,1,22.0,2015.0,"Mar,Jun,Sept,Dec",2015,1,21,4,1,Wednesday
36,3,2015-01-21,7148,1040,1,0,0,0,d,a,1500.0,3.0,2008.0,1,40.0,2011.0,"Feb,May,Aug,Nov",2015,1,21,4,1,Wednesday
37,3,2015-01-21,7173,726,1,0,0,0,d,a,7500.0,3.0,2008.0,1,40.0,2009.0,"Mar,Jun,Sept,Dec",2015,1,21,4,1,Wednesday
38,3,2015-01-21,11833,987,1,0,0,0,a,a,3000.0,3.0,2010.0,0,0.0,0.0,None,2015,1,21,4,1,Wednesday
39,3,2015-01-21,2180,350,1,0,0,0,c,a,7500.0,7.0,2014.0,1,14.0,2015.0,"Jan,Apr,Jul,Oct",2015,1,21,4,1,Wednesday
40,3,2015-01-21,10633,864,1,1,0,0,d,a,1500.0,11.0,2008.0,1,22.0,2013.0,"Jan,Apr,Jul,Oct",2015,1,21,4,1,Wednesday
41,3,2015-01-21,9848,1109,1,0,0,0,a,c,500.0,1.0,0.0,0,0.0,0.0,None,2015,1,21,4,1,Wednesday
42,3,2015-01-21,4531,359,1,1,0,0,d,c,120.0,1.0,2014.0,0,0.0,0.0,None,2015,1,21,4,1,Wednesday
43,3,2015-01-21,9487,987,1,0,0,0,a,a,500.0,0.0,0.0,1,31.0,2011.0,"Mar,Jun,Sept,Dec",2015,1,21,4,1,Wednesday
44,3,2015-01-21,6771,581,1,1,0,0,a,a,1500.0,5.0,2005.0,0,0.0,0.0,None,2015,1,21,4,1,Wednesday
45,3,2015-01-21,3465,348,1,1,0,0,c,a,120.0,9.0,2014.0,1,22.0,2011.0,"Feb,May,Aug,Nov",2015,1,21,4,1,Wednesday
46,3,2015-01-21,9350,818,1,0,0,0,a,c,500.0,1.0,2014.0,0,0.0,0.0,None,2015,1,21,4,1,Wednesday
47,3,2015-01-21,12770,1065,1,0,0,0,c,a,1500.0,0.0,0.0,1,40.0,2013.0,"Jan,Apr,Jul,Oct",2015,1,21,4,1,Wednesday
48,3,2015-01-21,6589,937,1,1,0,0,a,c,500.0,7.0,2010.0,1,22.0,2011.0,"Mar,Jun,Sept,Dec",2015,1,21,4,1,Wednesday
49,3,2015-01-21,7929,1070,1,0,0,0,d,a,120.0,1.0,2010.0,1,14.0,2009.0,"Mar,Jun,Sept,Dec",2015,1,21,4,1,Wednesday
50,3,2015-01-21,4549,649,1,0,0,0,a,c,500.0,1.0,2012.0,0,0.0,0.0,None,2015,1,21,4,1,Wednesday
51,3,2015-01-21,6005,609,1,0,0,0,a,c,120.0,1.0,0.0,0,0.0,0.0,None,2015,1,21,4,1,Wednesday
52,3,2015-01-21,5332,568,1,0,0,1,a,a,120.0,7.0,2012.0,1,31.0,2013.0,"Mar,Jun,Sept,Dec",2015,1,21,4,1,Wednesday
53,3,2015-01-21,6935,611,1,1,0,0,a,c,1500.0,0.0,0.0,1,14.0,2009.0,"Feb,May,Aug,Nov",2015,1,21,4,1,Wednesday
54,3,2015-01-21,5690,615,1,1,0,0,a,a,1500.0,0.0,0.0,0,0.0,0.0,None,2015,1,21,4,1,Wednesday
55,3,2015-01-21,4998,743,1,0,0,0,d,c,1500.0,1.0,2005.0,1,22.0,2009.0,"Feb,May,Aug,Nov",2015,1,21,4,1,Wednesday
56,3,2015-01-21,7351,641,1,1,0,0,a,a,1500.0,7.0,2010.0,0,0.0,0.0,None,2015,1,21,4,1,Wednesday
57,3,2015-01-21,1884,305,1,0,0,0,a,c,1500.0,0.0,2012.0,1,10.0,2009.0,"Mar,Jun,Sept,Dec",2015,1,21,4,1,Wednesday
58,3,2015-01-21,10749,855,1,1,0,0,d,c,1500.0,0.0,0.0,1,14.0,2009.0,"Mar,Jun,Sept,Dec",2015,1,21,4,1,Wednesday
59,3,2015-01-21,10288,1075,1,0,0,0,d,c,500.0,7.0,2012.0,0,0.0,0.0,None,2015,1,21,4,1,Wednesday
60,3,2015-01-21,4503,565,1,0,0,0,a,a,1500.0,11.0,0.0,1,31.0,2011.0,"Feb,May,Aug,Nov",2015,1,21,4,1,Wednesday
61,3,2015-01-21,5810,773,1,1,0,0,a,c,500.0,5.0,2005.0,1,31.0,2013.0,"Jan,Apr,Jul,Oct",2015,1,21,4,1,Wednesday
62,3,2015-01-21,3789,329,1,0,0,0,a,a,15000.0,5.0,2005.0,0,0.0,0.0,None,2015,1,21,4,1,Wednesday
63,3,2015-01-21,7042,883,1,1,0,0,c,c,3000.0,5.0,2005.0,0,0.0,0.0,None,2015,1,21,4,1,Wednesday
64,3,2015-01-21,8793,1019,1,1,0,1,c,c,1500.0,5.0,0.0,1,1.0,2013.0,"Jan,Apr,Jul,Oct",2015,1,21,4,1,Wednesday
65,3,2015-01-21,2950,451,1,0,0,0,a,c,1500.0,0.0,2014.0,0,0.0,0.0,None,2015,1,21,4,1,Wednesday
66,3,2015-01-21,5214,764,1,1,0,0,a,a,15000.0,3.0,2010.0,0,0.0,0.0,None,2015,1,21,4,1,Wednesday
67,3,2015-01-21,4177,538,1,0,0,0,d,c,1500.0,1.0,2012.0,0,0.0,0.0,None,2015,1,21,4,1,Wednesday
68,3,2015-01-21,9679,1169,1,0,0,0,c,c,500.0,7.0,0.0,0,0.0,0.0,None,2015,1,21,4,1,Wednesday
69,3,2015-01-21,8399,865,1,1,0,0,d,c,15000.0,1.0,2012.0,1,31.0,2013.0,"Mar,Jun,Sept,Dec",2015,1,21,4,1,Wednesday
70,3,2015-01-21,4678,377,1,1,0,0,a,a,3000.0,5.0,0.0,0,0.0,0.0,None,2015,1,21,4,1,Wednesday
71,3,2015-01-21,2079,347,1,0,0,1,a,c,120.0,1.0,2008.0,1,31.0,2009.0,"Jan,Apr,Jul,Oct",2015,1,21,4,1,Wednesday
72,3,2015-01-21,3339,328,1,0,0,0,a,c,7500.0,9.0,2010.0,0,0.0,0.0,None,2015,1,21,4,1,Wednesday
73,3,2015-01-21,9956,858,1,0,0,0,d,c,500.0,5.0,2008.0,1,40.0,2013.0,"Mar,Jun,Sept,Dec",2015,1,21,4,1,Wednesday
74,3,2015-01-21,5227,855,1,0,0,0,a,a,500.0,7.0,2012.0,0,0.0,0.0,None,2015,1,21,4,1,Wednesday
75,3,2015-01-21,4299,479,1,1,0,1,c,c,3000.0,11.0,0.0,1,14.0,2009.0,"Feb,May,Aug,Nov",2015,1,21,4,1,Wednesday
76,3,2015-01-21,9364,889,1,0,0,0,a,a,120.0,0.0,2014.0,0,0.0,0.0,None,2015,1,21,4,1,Wednesday
77,3,2015-01-21,5852,754,1,0,0,0,d,c,1500.0,11.0,2012.0,0,0.0,0.0,None,2015,1,21,4,1,Wednesday
78,3,2015-01-21,3853,674,1,0,0,0,d,c,500.0,3.0,2010.0,0,0.0,0.0,None,2015,1,21,4,1,Wednesday
79,3,2015-01-21,7946,774,1,0,0,0,a,a,500.0,0.0,2012.0,1,14.0,2015.0,"Mar,Jun,Sept,Dec",2015,1,21,4,1,Wednesday
80,3,2015-01-21,6734,767,1,0,0,0,a,a,15000.0,9.0,2010.0,0,0.0,0.0,None,2015,1,21,4,1,Wednesday
81,3,2015-01-21,4620,458,1,1,0,1,a,a,1500.0,1.0,2010.0,1,22.0,2009.0,"Jan,Apr,Jul,Oct",2015,1,21,4,1,Wednesday
82,3,2015-01-21,8488,773,1,0,0,0,a,a,1500.0,0.0,0.0,0,0.0,0.0,None,2015,1,21,4,1,Wednesday
83,3,2015-01-21,7313,1069,1,0,0,0,a,c,500.0,7.0,2014.0,0,0.0,0.0,None,2015,1,21,4,1,Wednesday
84,3,2015-01-21,3626,508,1,0,0,0,d,a,1500.0,0.0,2005.0,0,0.0,0.0,None,2015,1,21,4,1,Wednesday
85,3,2015-01-21,6196,1108,1,0,0,0,d,c,120.0,0.0,2014.0,1,1.0,2013.0,"Jan,Apr,Jul,Oct",2015,1,21,4,1,Wednesday
86,3,2015-01-21,3917,367,1,1,0,0,d,a,3000.0,0.0,2012.0,0,0.0,0.0,None,2015,1,21,4,1,Wednesday
87,3,2015-01-21,8766,1085,1,0,0,0,a,a,1500.0,0.0,0.0,0,0.0,0.0,None,2015,1,21,4,1,Wednesday
88,3,2015-01-21,5109,675,1,1,0,0,d,c,3000.0,3.0,2012.0,1,31.0,2009.0,"Feb,May,Aug,Nov",2015,1,21,4,1,Wednesday
89,3,2015-01-21,6552,589,1,1,0,0,d,a,1500.0,9.0,0.0,1,31.0,2015.0,"Feb,May,Aug,Nov",2015,1,21,4,1,Wednesday
90,3,2015-01-21,6563,933,1,1,0,0,d,c,1500.0,0.0,0.0,0,0.0,0.0,None,2015,1,21,4,1,Wednesday
91,3,2015-01-21,10848,918,1,0,0,1,a,c,1500.0,3.0,2008.0,0,0.0,0.0,None,2015,1,21,4,1,Wednesday
92,3,2015-01-21,11587,932,1,1,0,1,d,c,120.0,3.0,0.0,1,31.0,2009.0,"Feb,May,Aug,Nov",2015,1,21,4,1,Wednesday
93,3,2015-01-21,6605,824,1,0,0,0,d,a,120.0,5.0,2005.0,0,0.0,0.0,None,2015,1,21,4,1,Wednesday
94,3,2015-01-21,8111,678,1,0,0,1,c,a,500.0,11.0,2005.0,0,0.0,0.0,None,2015,1,21,4,1,Wednesday
95,3,2015-01-21,14018,1142,1,1,0,0,a,c,500.0,11.0,2005.0,1,31.0,2009.0,"Feb,May,Aug,Nov",2015,1,21,4,1,Wednesday
96,3,2015-01-21,5921,477,1,1,0,0,d,c,500.0,7.0,2005.0,1,10.0,2009.0,"Feb,May,Aug,Nov",2015,1,21,4,1,Wednesday
97,3,2015-01-21,7033,1073,1,0,0,0,c,a,120.0,0.0,2008.0,0,0.0,0.0,None,2015,1,21,4,1,Wednesday
98,3,2015-01-21,3153,352,1,0,0,0,c,a,500.0,3.0,2008.0,1,10.0,2009.0,"Feb,May,Aug,Nov",2015,1,21,4,1,Wednesday
99,3,2015-01-21,4780,416,1,0,0,0,a,c,500.0,1.0,2012.0,0,0.0,0.0,None,2015,1,21,4,1,Wednesday
100,3,2015-01-21,8223,1133,1,0,0,0,b,c,500.0,9.0,2005.0,0,0.0,0.0,None,2015,1,21,4,1,Wednesday
1,4,2015-01-22,8230,796,1,0,0,0,a,c,3000.0,7.0,2012.0,0,0.0,0.0,None,2015,1,22,4,1,Thursday
2,4,2015-01-22,6480,766,1,0,0,0,a,a,7500.0,5.0,2008.0,0,0.0,0.0,None,2015,1,22,4,1,Thursday
3,4,2015-01-22,4330,675,1,0,0,0,d,c,500.0,5.0,2012.0,1,10.0,2011.0,"Jan,Apr,Jul,Oct",2015,1,22,4,1,Thursday
4,4,2015-01-22,11107,1090,1,0,0,0,a,a,1500.0,1.0,2010.0,1,40.0,2011.0,"Mar,Jun,Sept,Dec",2015,1,22,4,1,Thursday
5,4,2015-01-22,5287,523,1,1,0,0,c,a,15000.0,0.0,2008.0,1,31.0,2009.0,"Mar,Jun,Sept,Dec",2015,1,22,4,1,Thursday
6,4,2015-01-22,3980,494,1,0,0,0,a,c,1500.0,1.0,0.0,0,0.0,0.0,None,2015,1,22,4,1,Thursday
7,4,2015-01-22,7759,751,1,0,0,1,a,a,1500.0,5.0,2012.0,1,14.0,2011.0,"Jan,Apr,Jul,Oct",2015,1,22,4,1,Thursday
8,4,2015-01-22,9410,927,1,0,0,0,a,c,500.0,9.0,2014.0,1,40.0,2009.0,"Mar,Jun,Sept,Dec",2015,1,22,4,1,Thursday
9,4,2015-01-22,9636,1143,1,0,0,1,d,a,500.0,5.0,2014.0,1,40.0,2013.0,"Jan,Apr,Jul,Oct",2015,1,22,4,1,Thursday
10,4,2015-01-22,8579,1041,1,0,0,0,d,c,3000.0,11.0,2012.0,1,1.0,2015.0,"Jan,Apr,Jul,Oct",2015,1,22,4,1,Thursday
11,4,2015-01-22,5063,847,1,0,0,0,a,c,120.0,11.0,0.0,1,22.0,2015.0,"Mar,Jun,Sept,Dec",2015,1,22,4,1,Thursday
12,4,2015-01-22,5153,349,1,1,0,0,d,c,3000.0,0.0,2008.0,0,0.0,0.0,None,2015,1,22,4,1,Thursday
13,4,2015-01-22,11027,1124,1,1,0,1,a,a,7500.0,5.0,2005.0,0,0.0,0.0,None,2015,1,22,4,1,Thursday
14,4,2015-01-22,7892,1047,1,0,0,0,a,c,1500.0,5.0,2014.0,1,1.0,2013.0,"Jan,Apr,Jul,Oct",2015,1,22,4,1,Thursday
15,4,2015-01-22,8367,784,1,1,0,0,d,c,3000.0,11.0,2014.0,1,1.0,2013.0,"Mar,Jun,Sept,Dec",2015,1,22,4,1,Thursday
16,4,2015-01-22,4175,471,1,0,0,0,a,a,500.0,11.0,0.0,0,0.0,0.0,None,2015,1,22,4,1,Thursday
17,4,2015-01-22,9209,810,1,1,0,0,a,c,500.0,7.0,2008.0,0,0.0,0.0,None,2015,1,22,4,1,Thursday
18,4,2015-01-22,5558,526,1,0,0,0,d,c,1500.0,5.0,2005.0,1,40.0,2009.0,"Jan,Apr,Jul,Oct",2015,1,22,4,1,Thursday
19,4,2015-01-22,3310,556,1,0,0,0,d,c,120.0,9.0,2014.0,1,10.0,2013.0,"Jan,Apr,Jul,Oct",2015,1,22,4,1,Thursday
20,4,2015-01-22,10190,951,1,1,0,0,a,a,500.0,9.0,0.0,1,1.0,2013.0,"Mar,Jun,Sept,Dec",2015,1,22,4,1,Thursday
21,4,2015-01-22,4507,433,1,0,0,0,a,c,1500.0,0.0,2008.0,0,0.0,0.0,None,2015,1,22,4,1,Thursday
22,4,2015-01-22,8666,1124,1,1,0,0,a,a,500.0,0.0,2010.0,0,0.0,0.0,None,2015,1,22,4,1,Thursday
23,4,2015-01-22,2302,402,1,0,0,0,d,c,500.0,1.0,2008.0,0,0.0,0.0,None,2015,1,22,4,1,Thursday
24,4,2015-01-22,9343,1125,1,0,0,0,a,a,1500.0,1.0,2010.0,0,0.0,0.0,None,2015,1,22,4,1,Thursday
25,4,2015-01-22,3131,326,1,1,0,0,a,c,500.0,1.0,2012.0,0,0.0,0.0,None,2015,1,22,4,1,Thursday
26,4,2015-01-22,6512,1133,1,0,0,0,d,a,1500.0,3.0,2008.0,0,0.0,0.0,None,2015,1,22,4,1,Thursday
27,4,2015-01-22,8086,1060,1,0,0,1,d,a,15000.0,9.0,2008.0,1,1.0,2009.0,"Mar,Jun,Sept,Dec",2015,1,22,4,1,Thursday
28,4,2015-01-22,8761,943,1,1,0,0,a,a,1500.0,3.0,2010.0,0,0.0,0.0,None,2015,1,22,4,1,Thursday
29,4,2015-01-22,5985,533,1,1,0,0,a,a,1500.0,5.0,0.0,1,10.0,2015.0,"Jan,Apr,Jul,Oct",2015,1,22,4,1,Thursday
30,4,2015-01-22,5334,883,1,0,0,1,c,c,500.0,11.0,2014.0,1,22.0,2015.0,"Feb,May,Aug,Nov",2015,1,22,4,1,Thursday
31,4,2015-01-22,9065,878,1,1,0,0,d,c,500.0,0.0,2014.0,1,31.0,2015.0,"Mar,Jun,Sept,Dec",2015,1,22,4,1,Thursday
32,4,2015-01-22,11150,1193,1,1,0,0,a,a,3000.0,3.0,2010.0,1,1.0,2015.0,"Mar,Jun,Sept,Dec",2015,1,22,4,1,Thursday
33,4,2015-01-22,3875,315,1,1,0,0,d,c,1500.0,9.0,2008.0,0,0.0,0.0,None,2015,1,22,4,1,Thursday
34,4,2015-01-22,11616,917,1,1,0,0,d,c,500.0,9.0,2005.0,0,0.0,0.0,None,2015,1,22,4,1,Thursday
35,4,2015-01-22,3248,385,1,1,0,0,a,c,120.0,5.0,0.0,1,22.0,2015.0,"Mar,Jun,Sept,Dec",2015,1,22,4,1,Thursday
36,4,2015-01-22,8754,800,1,1,0,0,d,a,1500.0,3.0,2008.0,1,40.0,2011.0,"Feb,May,Aug,Nov",2015,1,22,4,1,Thursday
37,4,2015-01-22,7074,1054,1,1,0,0,d,a,7500.0,3.0,2008.0,1,40.0,2009.0,"Mar,Jun,Sept,Dec",2015,1,22,4,1,Thursday
38,4,2015-01-22,5141,370,1,1,0,0,a,a,3000.0,3.0,2010.0,0,0.0,0.0,None,2015,1,22,4,1,Thursday
39,4,2015-01-22,7648,1176,1,0,0,0,c,a,7500.0,7.0,2014.0,1,14.0,2015.0,"Jan,Apr,Jul,Oct",2015,1,22,4,1,Thursday
40,4,2015-01-22,6439,543,1,0,0,1,d,a,1500.0,11.0,2008.0,1,22.0,2013.0,"Jan,Apr,Jul,Oct",2015,1,22,4,1,Thursday
41,4,2015-01-22,4659,632,1,0,0,0,a,c,500.0,1.0,0.0,0,0.0,0.0,None,2015,1,22,4,1,Thursday
42,4,2015-01-22,3884,587,1,0,0,0,d,c,120.0,1.0,2014.0,0,0.0,0.0,None,2015,1,22,4,1,Thursday
43,4,2015-01-22,5855,643,1,0,0,0,a,a,500.0,0.0,0.0,1,31.0,2011.0,"Mar,Jun,Sept,Dec",2015,1,22,4,1,Thursday
44,4,2015-01-22,11227,1107,1,0,0,1,a,a,1500.0,5.0,2005.0,0,0.0,0.0,None,2015,1,22,4,1,Thursday
45,4,2015-01-22,3558,386,1,1,0,0,c,a,120.0,9.0,2014.0,1,22.0,2011.0,"Feb,May,Aug,Nov",2015,1,22,4,1,Thursday
46,4,2015-01-22,4616,379,1,1,0,0,a,c,500.0,1.0,2014.0,0,0.0,0.0,None,2015,1,22,4,1,Thursday
47,4,2015-01-22,4391,376,1,1,0,1,c,a,1500.0,0.0,0.0,1,40.0,2013.0,"Jan,Apr,Jul,Oct",2015,1,22,4,1,Thursday
48,4,2015-01-22,3742,484,1,0,0,0,a,c,500.0,7.0,2010.0,1,22.0,2011.0,"Mar,Jun,Sept,Dec",2015,1,22,4,1,Thursday
49,4,2015-01-22,7075,895,1,0,0,0,d,a,120.0,1.0,2010.0,1,14.0,2009.0,"Mar,Jun,Sept,Dec",2015,1,22,4,1,Thursday
50,4,2015-01-22,3547,548,1,0,0,0,a,c,500.0,1.0,2012.0,0,0.0,0.0,None,2015,1,22,4,1,Thursday
51,4,2015-01-22,5004,669,1,0,0,0,a,c,120.0,1.0,0.0,0,0.0,0.0,None,2015,1,22,4,1,Thursday
52,4,2015-01-22,4433,485,1,1,0,0,a,a,120.0,7.0,2012.0,1,31.0,2013.0,"Mar,Jun,Sept,Dec",2015,1,22,4,1,Thursday
53,4,2015-01-22,8461,719,1,1,0,1,a,c,1500.0,0.0,0.0,1,14.0,2009.0,"Feb,May,Aug,Nov",2015,1,22,4,1,Thursday
54,4,2015-01-22,0,0,0,1,0,1,a,a,1500.0,0.0,0.0,0,0.0,0.0,None,2015,1,22,4,1,Thursday
55,4,2015-01-22,5294,379,1,1,0,0,d,c,1500.0,1.0,2005.0,1,22.0,2009.0,"Feb,May,Aug,Nov",2015,1,22,4,1,Thursday
56,4,2015-01-22,5673,579,1,0,0,0,a,a,1500.0,7.0,2010.0,0,0.0,0.0,None,2015,1,22,4,1,Thursday
57,4,2015-01-22,9369,1095,1,0,0,0,a,c,1500.0,0.0,2012.0,1,10.0,2009.0,"Mar,Jun,Sept,Dec",2015,1,22,4,1,Thursday
58,4,2015-01-22,13169,1151,1,1,0,0,d,c,1500.0,0.0,0.0,1,14.0,2009.0,"Mar,Jun,Sept,Dec",2015,1,22,4,1,Thursday
59,4,2015-01-22,5176,596,1,1,0,0,d,c,500.0,7.0,2012.0,0,0.0,0.0,None,2015,1,22,4,1,Thursday
60,4,2015-01-22,10911,1091,1,1,0,1,a,a,1500.0,11.0,0.0,1,31.0,2011.0,"Feb,May,Aug,Nov",2015,1,22,4,1,Thursday
61,4,2015-01-22,8734,1136,1,0,0,0,a,c,500.0,5.0,2005.0,1,31.0,2013.0,"Jan,Apr,Jul,Oct",2015,1,22,4,1,Thursday
62,4,2015-01-22,11568,976,1,1,0,0,a,a,15000.0,5.0,2005.0,0,0.0,0.0,None,2015,1,22,4,1,Thursday
63,4,2015-01-22,6147,770,1,1,0,1,c,c,3000.0,5.0,2005.0,0,0.0,0.0,None,2015,1,22,4,1,Thursday
64,4,2015-01-22,4216,446,1,0,0,1,c,c,1500.0,5.0,0.0,1,1.0,2013.0,"Jan,Apr,Jul,Oct",2015,1,22,4,1,Thursday
65,4,2015-01-22,5927,985,1,0,0,0,a,c,1500.0,0.0,2014.0,0,0.0,0.0,None,2015,1,22,4,1,Thursday
66,4,2015-01-22,13014,1191,1,0,0,1,a,a,15000.0,3.0,2010.0,0,0.0,0.0,None,2015,1,22,4,1,Thursday
67,4,2015-01-22,13032,1171,1,1,0,0,d,c,1500.0,1.0,2012.0,0,0.0,0.0,None,2015,1,22,4,1,Thursday
68,4,2015-01-22,10803,934,1,0,0,0,c,c,500.0,7.0,0.0,0,0.0,0.0,None,2015,1,22,4,1,Thursday
69,4,2015-01-22,9505,859,1,1,0,0,d,c,15000.0,1.0,2012.0,1,31.0,2013.0,"Mar,Jun,Sept,Dec",2015,1,22,4,1,Thursday
70,4,2015-01-22,6029,566,1,1,0,0,a,a,3000.0,5.0,0.0,0,0.0,0.0,None,2015,1,22,4,1,Thursday
71,4,2015-01-22,8531,905,1,0,0,0,a,c,120.0,1.0,2008.0,1,31.0,2009.0,"Jan,Apr,Jul,Oct",2015,1,22,4,1,Thursday
72,4,2015-01-22,4781,589,1,1,0,0,a,c,7500.0,9.0,2010.0,0,0.0,0.0,None,2015,1,22,4,1,Thursday
73,4,2015-01-22,6367,705,1,1,0,0,d,c,500.0,5.0,2008.0,1,40.0,2013.0,"Mar,Jun,Sept,Dec",2015,1,22,4,1,Thursday
74,4,2015-01-22,9067,1093,1,1,0,1,a,a,500.0,7.0,2012.0,0,0.0,0.0,None,2015,1,22,4,1,Thursday
75,4,2015-01-22,13306,1105,1,1,0,1,c,c,3000.0,11.0,0.0,1,14.0,2009.0,"Feb,May,Aug,Nov",2015,1,22,4,1,Thursday
76,4,2015-01-22,8135,854,1,0,0,0,a,a,120.0,0.0,2014.0,0,0.0,0.0,None,2015,1,22,4,1,Thursday
77,4,2015-01-22,10032,932,1,0,0,0,d,c,1500.0,11.0,2012.0,0,0.0,0.0,None,2015,1,22,4,1,Thursday
78,4,2015-01-22,3982,463,1,0,0,0,d,c,500.0,3.0,2010.0,0,0.0,0.0,None,2015,1,22,4,1,Thursday
79,4,2015-01-22,6201,688,1,1,0,1,a,a,500.0,0.0,2012.0,1,14.0,2015.0,"Mar,Jun,Sept,Dec",2015,1,22,4,1,Thursday
80,4,2015-01-22,5826,472,1,1,0,0,a,a,15000.0,9.0,2010.0,0,0.0,0.0,None,2015,1,22,4,1,Thursday
81,4,2015-01-22,9956,802,1,1,0,1,a,a,1500.0,1.0,2010.0,1,22.0,2009.0,"Jan,Apr,Jul,Oct",2015,1,22,4,1,Thursday
82,4,2015-01-22,7675,1054,1,0,0,0,a,a,1500.0,0.0,0.0,0,0.0,0.0,None,2015,1,22,4,1,Thursday
83,4,2015-01-22,5193,557,1,0,0,0,a,c,500.0,7.0,2014.0,0,0.0,0.0,None,2015,1,22,4,1,Thursday
84,4,2015-01-22,10886,993,1,1,0,0,d,a,1500.0,0.0,2005.0,0,0.0,0.0,None,2015,1,22,4,1,Thursday
85,4,2015-01-22,3517,507,1,0,0,0,d,c,120.0,0.0,2014.0,1,1.0,2013.0,"Jan,Apr,Jul,Oct",2015,1,22,4,1,Thursday
86,4,2015-01-22,3826,479,1,0,0,1,d,a,3000.0,0.0,2012.0,0,0.0,0.0,None,2015,1,22,4,1,Thursday
87,4,2015-01-22,12066,1021,1,0,0,0,a,a,1500.0,0.0,0.0,0,0.0,0.0,None,2015,1,22,4,1,Thursday
88,4,2015-01-22,3105,447,1,0,0,0,d,c,3000.0,3.0,2012.0,1,31.0,2009.0,"Feb,May,Aug,Nov",2015,1,22,4,1,Thursday
89,4,2015-01-22,7335,857,1,1,0,0,d,a,1500.0,9.0,0.0,1,31.0,2015.0,"Feb,May,Aug,Nov",2015,1,22,4,1,Thursday
90,4,2015-01-22,4108,621,1,0,0,0,d,c,1500.0,0.0,0.0,0,0.0,0.0,None,2015,1,22,4,1,Thursday
91,4,2015-01-22,5729,775,1,1,0,1,a,c,1500.0,3.0,2008.0,0,0.0,0.0,None,2015,1,22,4,1,Thursday
92,4,2015-01-22,12062,1050,1,1,0,0,d,c,120.0,3.0,0.0,1,31.0,2009.0,"Feb,May,Aug,Nov",2015,1,22,4,1,Thursday
93,4,2015-01-22,13524,1131,1,0,0,0,d,a,120.0,5.0,2005.0,0,0.0,0.0,None,2015,1,22,4,1,Thursday
94,4,2015-01-22,5346,559,1,0,0,0,c,a,500.0,11.0,2005.0,0,0.0,0.0,None,2015,1,22,4,1,Thursday
95,4,2015-01-22,9781,1144,1,0,0,0,a,c,500.0,11.0,2005.0,1,31.0,2009.0,"Feb,May,Aug,Nov",2015,1,22,4,1,Thursday
96,4,2015-01-22,8777,989,1,0,0,0,d,c,500.0,7.0,2005.0,1,10.0,2009.0,"Feb,May,Aug,Nov",2015,1,22,4,1,Thursday
97,4,2015-01-22,2577,352,1,0,0,0,c,a,120.0,0.0,2008.0,0,0.0,0.0,None,2015,1,22,4,1,Thursday
98,4,2015-01-22,8302,1185,1,0,0,0,c,a,500.0,3.0,2008.0,1,10.0,2009.0,"Feb,May,Aug,Nov",2015,1,22,4,1,Thursday
99,4,2015-01-22,6566,765,1,0,0,1,a,c,500.0,1.0,2012.0,0,0.0,0.0,None,2015,1,22,4,1,Thursday
100,4,2015-01-22,2925,378,1,0,0,0,b,c,500.0,9.0,2005.0,0,0.0,0.0,None,2015,1,22,4,1,Thursday
1,5,2015-01-23,6495,756,1,0,0,0,a,c,3000.0,7.0,2012.0,0,0.0,0.0,None,2015,1,23,4,1,Friday
2,5,2015-01-23,5788,677,1,0,0,0,a,a,7500.0,5.0,2008.0,0,0.0,0.0,None,2015,1,23,4,1,Friday
3,5,2015-01-23,5598,663,1,1,0,0,d,c,500.0,5.0,2012.0,1,10.0,2011.0,"Jan,Apr,Jul,Oct",2015,1,23,4,1,Friday
4,5,2015-01-23,1871,335,1,0,0,1,a,a,1500.0,1.0,2010.0,1,40.0,2011.0,"Mar,Jun,Sept,Dec",2015,1,23,4,1,Friday
5,5,2015-01-23,6542,527,1,1,0,0,c,a,15000.0,0.0,2008.0,1,31.0,2009.0,"Mar,Jun,Sept,Dec",2015,1,23,4,1,Friday
6,5,2015-01-23,4217,454,1,1,0,1,a,c,1500.0,1.0,0.0,0,0.0,0.0,None,2015,1,23,4,1,Friday
7,5,2015-01-23,6542,862,1,0,0,0,a,a,1500.0,5.0,2012.0,1,14.0,2011.0,"Jan,Apr,Jul,Oct",2015,1,23,4,1,Friday
8,5,2015-01-23,4538,538,1,1,0,0,a,c,500.0,9.0,2014.0,1,40.0,2009.0,"Mar,Jun,Sept,Dec",2015,1,23,4,1,Friday
9,5,2015-01-23,5750,562,1,1,0,0,d,a,500.0,5.0,2014.0,1,40.0,2013.0,"Jan,Apr,Jul,Oct",2015,1,23,4,1,Friday
10,5,2015-01-23,11509,1151,1,1,0,0,d,c,3000.0,11.0,2012.0,1,1.0,2015.0,"Jan,Apr,Jul,Oct",2015,1,23,4,1,Friday
11,5,2015-01-23,10963,984,1,0,0,0,a,c,120.0,11.0,0.0,1,22.0,2015.0,"Mar,Jun,Sept,Dec",2015,1,23,4,1,Friday
12,5,2015-01-23,8830,1132,1,1,0,0,d,c,3000.0,0.0,2008.0,0,0.0,0.0,None,2015,1,23,4,1,Friday
13,5,2015-01-23,5626,526,1,0,0,0,a,a,7500.0,5.0,2005.0,0,0.0,0.0,None,2015,1,23,4,1,Friday
14,5,2015-01-23,4225,580,1,0,0,0,a,c,1500.0,5.0,2014.0,1,1.0,2013.0,"Jan,Apr,Jul,Oct",2015,1,23,4,1,Friday
15,5,2015-01-23,6929,958,1,0,0,0,d,c,3000.0,11.0,2014.0,1,1.0,2013.0,"Mar,Jun,Sept,Dec",2015,1,23,4,1,Friday
16,5,2015-01-23,4352,596,1,1,0,0,a,a,500.0,11.0,0.0,0,0.0,0.0,None,2015,1,23,4,1,Friday
17,5,2015-01-23,8446,653,1,1,0,0,a,c,500.0,7.0,2008.0,0,0.0,0.0,None,2015,1,23,4,1,Friday
18,5,2015-01-23,7251,1058,1,1,0,0,d,c,1500.0,5.0,2005.0,1,40.0,2009.0,"Jan,Apr,Jul,Oct",2015,1,23,4,1,Friday
19,5,2015-01-23,10307,950,1,0,0,0,d,c,120.0,9.0,2014.0,1,10.0,2013.0,"Jan,Apr,Jul,Oct",2015,1,23,4,1,Friday
20,5,2015-01-23,6580,695,1,1,0,0,a,a,500.0,9.0,0.0,1,1.0,2013.0,"Mar,Jun,Sept,Dec",2015,1,23,4,1,Friday
21,5,2015-01-23,14764,1172,1,1,0,0,a,c,1500.0,0.0,2008.0,0,0.0,0.0,None,2015,1,23,4,1,Friday
22,5,2015-01-23,6646,801,1,0,0,0,a,a,500.0,0.0,2010.0,0,0.0,0.0,None,2015,1,23,4,1,Friday
23,5,2015-01-23,5318,376,1,1,0,1,d,c,500.0,1.0,2008.0,0,0.0,0.0,None,2015,1,23,4,1,Friday
24,5,2015-01-23,3584,609,1,0,0,0,a,a,1500.0,1.0,2010.0,0,0.0,0.0,None,2015,1,23,4,1,Friday
25,5,2015-01-23,8116,749,1,0,0,0,a,c,500.0,1.0,2012.0,0,0.0,0.0,None,2015,1,23,4,1,Friday
26,5,2015-01-23,11062,1074,1,0,0,0,d,a,1500.0,3.0,2008.0,0,0.0,0.0,None,2015,1,23,4,1,Friday
27,5,2015-01-23,11485,1133,1,0,0,1,d,a,15000.0,9.0,2008.0,1,1.0,2009.0,"Mar,Jun,Sept,Dec",2015,1,23,4,1,Friday
28,5,2015-01-23,9502,1157,1,0,0,1,a,a,1500.0,3.0,2010.0,0,0.0,0.0,None,2015,1,23,4,1,Friday
29,5,2015-01-23,9872,739,1,1,0,0,a,a,1500.0,5.0,0.0,1,10.0,2015.0,"Jan,Apr,Jul,Oct",2015,1,23,4,1,Friday
30,5,2015-01-23,2655,322,1,0,0,0,c,c,500.0,11.0,2014.0,1,22.0,2015.0,"Feb,May,Aug,Nov",2015,1,23,4,1,Friday
31,5,2015-01-23,6081,421,1,1,0,0,d,c,500.0,0.0,2014.0,1,31.0,2015.0,"Mar,Jun,Sept,Dec",2015,1,23,4,1,Friday
32,5,2015-01-23,7090,960,1,0,0,0,a,a,3000.0,3.0,2010.0,1,1.0,2015.0,"Mar,Jun,Sept,Dec",2015,1,23,4,1,Friday
33,5,2015-01-23,2646,410,1,0,0,0,d,c,1500.0,9.0,2008.0,0,0.0,0.0,None,2015,1,23,4,1,Friday
34,5,2015-01-23,7864,969,1,0,0,0,d,c,500.0,9.0,2005.0,0,0.0,0.0,None,2015,1,23,4,1,Friday
35,5,2015-01-23,13388,1131,1,0,0,0,a,c,120.0,5.0,0.0,1,22.0,2015.0,"Mar,Jun,Sept,Dec",2015,1,23,4,1,Friday
36,5,2015-01-23,3960,365,1,1,0,0,d,a,1500.0,3.0,2008.0,1,40.0,2011.0,"Feb,May,Aug,Nov",2015,1,23,4,1,Friday
37,5,2015-01-23,6103,807,1,0,0,1,d,a,7500.0,3.0,2008.0,1,40.0,2009.0,"Mar,Jun,Sept,Dec",2015,1,23,4,1,Friday
38,5,2015-01-23,12051,1074,1,0,0,0,a,a,3000.0,3.0,2010.0,0,0.0,0.0,None,2015,1,23,4,1,Friday
39,5,2015-01-23,3945,377,1,1,0,0,c,a,7500.0,7.0,2014.0,1,14.0,2015.0,"Jan,Apr,Jul,Oct",2015,1,23,4,1,Friday
40,5,2015-01-23,4617,391,1,0,0,1,d,a,1500.0,11.0,2008.0,1,22.0,2013.0,"Jan,Apr,Jul,Oct",2015,1,23,4,1,Friday
41,5,2015-01-23,8249,858,1,0,0,1,a,c,500.0,1.0,0.0,0,0.0,0.0,None,2015,1,23,4,1,Friday
42,5,2015-01-23,11592,956,1,1,0,0,d,c,120.0,1.0,2014.0,0,0.0,0.0,None,2015,1,23,4,1,Friday
43,5,2015-01-23,9152,718,1,1,0,1,a,a,500.0,0.0,0.0,1,31.0,2011.0,"Mar,Jun,Sept,Dec",2015,1,23,4,1,Friday
44,5,2015-01-23,4038,304,1,1,0,1,a,a,1500.0,5.0,2005.0,0,0.0,0.0,None,2015,1,23,4,1,Friday
45,5,2015-01-23,6783,885,1,0,0,0,c,a,120.0,9.0,2014.0,1,22.0,2011.0,"Feb,May,Aug,Nov",2015,1,23,4,1,Friday
46,5,2015-01-23,12224,1036,1,0,0,0,a,c,500.0,1.0,2014.0,0,0.0,0.0,None,2015,1,23,4,1,Friday
47,5,2015-01-23,7030,650,1,0,0,1,c,a,1500.0,0.0,0.0,1,40.0,2013.0,"Jan,Apr,Jul,Oct",2015,1,23,4,1,Friday
48,5,2015-01-23,5301,474,1,1,0,0,a,c,500.0,7.0,2010.0,1,22.0,2011.0,"Mar,Jun,Sept,Dec",2015,1,23,4,1,Friday
49,5,2015-01-23,3048,335,1,0,0,1,d,a,120.0,1.0,2010.0,1,14.0,2009.0,"Mar,Jun,Sept,Dec",2015,1,23,4,1,Friday
50,5,2015-01-23,5536,658,1,0,0,0,a,c,500.0,1.0,2012.0,0,0.0,0.0,None,2015,1,23,4,1,Friday
51,5,2015-01-23,7846,1032,1,0,0,0,a,c,120.0,1.0,0.0,0,0.0,0.0,None,2015,1,23,4,1,Friday
52,5,2015-01-23,2548,422,1,0,0,0,a,a,120.0,7.0,2012.0,1,31.0,2013.0,"Mar,Jun,Sept,Dec",2015,1,23,4,1,Friday
53,5,2015-01-23,5894,675,1,1,0,0,a,c,1500.0,0.0,0.0,1,14.0,2009.0,"Feb,May,Aug,Nov",2015,1,23,4,1,Friday
54,5,2015-01-23,9737,933,1,0,0,1,a,a,1500.0,0.0,0.0,0,0.0,0.0,None,2015,1,23,4,1,Friday
55,5,2015-01-23,7643,772,1,0,0,0,d,c,1500.0,1.0,2005.0,1,22.0,2009.0,"Feb,May,Aug,Nov",2015,1,23,4,1,Friday
56,5,2015-01-23,4579,408,1,0,0,0,a,a,1500.0,7.0,2010.0,0,0.0,0.0,None,2015,1,23,4,1,Friday
57,5,2015-01-23,6607,712,1,0,0,0,a,c,1500.0,0.0,2012.0,1,10.0,2009.0,"Mar,Jun,Sept,Dec",2015,1,23,4,1,Friday
58,5,2015-01-23,13012,1139,1,0,0,0,d,c,1500.0,0.0,0.0,1,14.0,2009.0,"Mar,Jun,Sept,Dec",2015,1,23,4,1,Friday
59,5,2015-01-23,13221,1163,1,1,0,0,d,c,500.0,7.0,2012.0,0,0.0,0.0,None,2015,1,23,4,1,Friday
60,5,2015-01-23,4395,484,1,1,0,1,a,a,1500.0,11.0,0.0,1,31.0,2011.0,"Feb,May,Aug,Nov",2015,1,23,4,1,Friday
61,5,2015-01-23,10411,1086,1,1,0,0,a,c,500.0,5.0,2005.0,1,31.0,2013.0,"Jan,Apr,Jul,Oct",2015,1,23,4,1,Friday
62,5,2015-01-23,7306,982,1,1,0,0,a,a,15000.0,5.0,2005.0,0,0.0,0.0,None,2015,1,23,4,1,Friday
63,5,2015-01-23,7650,853,1,0,0,1,c,c,3000.0,5.0,2005.0,0,0.0,0.0,None,2015,1,23,4,1,Friday
64,5,2015-01-23,6639,656,1,0,0,0,c,c,1500.0,5.0,0.0,1,1.0,2013.0,"Jan,Apr,Jul,Oct",2015,1,23,4,1,Friday
65,5,2015-01-23,7404,787,1,0,0,0,a,c,1500.0,0.0,2014.0,0,0.0,0.0,None,2015,1,23,4,1,Friday
66,5,2015-01-23,4168,706,1,0,0,0,a,a,15000.0,3.0,2010.0,0,0.0,0.0,None,2015,1,23,4,1,Friday
67,5,2015-01-23,6049,1019,1,0,0,0,d,c,1500.0,1.0,2012.0,0,0.0,0.0,None,2015,1,23,4,1,Friday
68,5,2015-01-23,11122,1146,1,0,0,0,c,c,500.0,7.0,0.0,0,0.0,0.0,None,2015,1,23,4,1,Friday
69,5,2015-01-23,9927,984,1,0,0,1,d,c,15000.0,1.0,2012.0,1,31.0,2013.0,"Mar,Jun,Sept,Dec",2015,1,23,4,1,Friday
70,5,2015-01-23,4107,384,1,1,0,0,a,a,3000.0,5.0,0.0,0,0.0,0.0,None,2015,1,23,4,1,Friday
71,5,2015-01-23,1875,329,1,0,0,0,a,c,120.0,1.0,2008.0,1,31.0,2009.0,"Jan,Apr,Jul,Oct",2015,1,23,4,1,Friday
72,5,2015-01-23,11223,1096,1,1,0,0,a,c,7500.0,9.0,2010.0,0,0.0,0.0,None,2015,1,23,4,1,Friday
73,5,2015-01-23,10215,1186,1,0,0,1,d,c,500.0,5.0,2008.0,1,40.0,2013.0,"Mar,Jun,Sept,Dec",2015,1,23,4,1,Friday
74,5,2015-01-23,11521,1012,1,0,0,0,a,a,500.0,7.0,2012.0,0,0.0,0.0,None,2015,1,23,4,1,Friday
75,5,2015-01-23,5179,638,1,1,0,0,c,c,3000.0,11.0,0.0,1,14.0,2009.0,"Feb,May,Aug,Nov",2015,1,23,4,1,Friday
76,5,2015-01-23,8030,774,1,0,0,0,a,a,120.0,0.0,2014.0,0,0.0,0.0,None,2015,1,23,4,1,Friday
77,5,2015-01-23,6813,522,1,1,0,0,d,c,1500.0,11.0,2012.0,0,0.0,0.0,None,2015,1,23,4,1,Friday
78,5,2015-01-23,8722,728,1,0,0,1,d,c,500.0,3.0,2010.0,0,0.0,0.0,None,2015,1,23,4,1,Friday
79,5,2015-01-23,8088,843,1,0,0,0,a,a,500.0,0.0,2012.0,1,14.0,2015.0,"Mar,Jun,Sept,Dec",2015,1,23,4,1,Friday
80,5,2015-01-23,6938,611,1,0,0,0,a,a,15000.0,9.0,2010.0,0,0.0,0.0,None,2015,1,23,4,1,Friday
81,5,2015-01-23,7444,842,1,1,0,0,a,a,1500.0,1.0,2010.0,1,22.0,2009.0,"Jan,Apr,Jul,Oct",2015,1,23,4,1,Friday
82,5,2015-01-23,4494,592,1,0,0,0,a,a,1500.0,0.0,0.0,0,0.0,0.0,None,2015,1,23,4,1,Friday
83,5,2015-01-23,8196,777,1,0,0,1,a,c,500.0,7.0,2014.0,0,0.0,0.0,None,2015,1,23,4,1,Friday
84,5,2015-01-23,4366,312,1,1,0,0,d,a,1500.0,0.0,2005.0,0,0.0,0.0,None,2015,1,23,4,1,Friday
85,5,2015-01-23,8695,1139,1,1,0,0,d,c,120.0,0.0,2014.0,1,1.0,2013.0,"Jan,Apr,Jul,Oct",2015,1,23,4,1,Friday
86,5,2015-01-23,2267,331,1,0,0,0,d,a,3000.0,0.0,2012.0,0,0.0,0.0,None,2015,1,23,4,1,Friday
87,5,2015-01-23,10084,1122,1,0,0,0,a,a,1500.0,0.0,0.0,0,0.0,0.0,None,2015,1,23,4,1,Friday
88,5,2015-01-23,4676,391,1,1,0,0,d,c,3000.0,3.0,2012.0,1,31.0,2009.0,"Feb,May,Aug,Nov",2015,1,23,4,1,Friday
89,5,2015-01-23,6284,718,1,1,0,1,d,a,1500.0,9.0,0.0,1,31.0,2015.0,"Feb,May,Aug,Nov",2015,1,23,4,1,Friday
90,5,2015-01-23,5478,562,1,0,0,0,d,c,1500.0,0.0,0.0,0,0.0,0.0,None,2015,1,23,4,1,Friday
91,5,2015-01-23,5565,611,1,0,0,0,a,c,1500.0,3.0,2008.0,0,0.0,0.0,None,2015,1,23,4,1,Friday
92,5,2015-01-23,6372,543,1,0,0,0,d,c,120.0,3.0,0.0,1,31.0,2009.0,"Feb,May,Aug,Nov",2015,1,23,4,1,Friday
93,5,2015-01-23,3872,342,1,1,0,0,d,a,120.0,5.0,2005.0,0,0.0,0.0,None,2015,1,23,4,1,Friday
94,5,2015-01-23,6897,1153,1,0,0,0,c,a,500.0,11.0,2005.0,0,0.0,0.0,None,2015,1,23,4,1,Friday
95,5,2015-01-23,5067,466,1,0,0,1,a,c,500.0,11.0,2005.0,1,31.0,2009.0,"Feb,May,Aug,Nov",2015,1,23,4,1,Friday
96,5,2015-01-23,8300,999,1,0,0,0,d,c,500.0,7.0,2005.0,1,10.0,2009.0,"Feb,May,Aug,Nov",2015,1,23,4,1,Friday
97,5,2015-01-23,4678,677,1,1,0,1,c,a,120.0,0.0,2008.0,0,0.0,0.0,None,2015,1,23,4,1,Friday
98,5,2015-01-23,5617,882,1,1,0,0,c,a,500.0,3.0,2008.0,1,10.0,2009.0,"Feb,May,Aug,Nov",2015,1,23,4,1,Friday
99,5,2015-01-23,6097,884,1,0,0,0,a,c,500.0,1.0,2012.0,0,0.0,0.0,None,2015,1,23,4,1,Friday
100,5,2015-01-23,4374,391,1,0,0,0,b,c,500.0,9.0,2005.0,0,0.0,0.0,None,2015,1,23,4,1,Friday
1,6,2015-01-24,6470,753,1,0,0,1,a,c,3000.0,7.0,2012.0,0,0.0,0.0,None,2015,1,24,4,1,Saturday
2,6,2015-01-24,8790,1052,1,0,0,0,a,a,7500.0,5.0,2008.0,0,0.0,0.0,None,2015,1,24,4,1,Saturday
3,6,2015-01-24,7783,728,1,0,0,0,d,c,500.0,5.0,2012.0,1,10.0,2011.0,"Jan,Apr,Jul,Oct",2015,1,24,4,1,Saturday
4,6,2015-01-24,0,0,0,0,0,0,a,a,1500.0,1.0,2010.0,1,40.0,2011.0,"Mar,Jun,Sept,Dec",2015,1,24,4,1,Saturday
5,6,2015-01-24,6776,603,1,0,0,0,c,a,15000.0,0.0,2008.0,1,31.0,2009.0,"Mar,Jun,Sept,Dec",2015,1,24,4,1,Saturday
6,6,2015-01-24,11475,1122,1,0,0,0,a,c,1500.0,1.0,0.0,0,0.0,0.0,None,2015,1,24,4,1,Saturday
7,6,2015-01-24,4512,686,1,0,0,0,a,a,1500.0,5.0,2012.0,1,14.0,2011.0,"Jan,Apr,Jul,Oct",2015,1,24,4,1,Saturday
8,6,2015-01-24,9169,958,1,0,0,0,a,c,500.0,9.0,2014.0,1,40.0,2009.0,"Mar,Jun,Sept,Dec",2015,1,24,4,1,Saturday
9,6,2015-01-24,5517,730,1,0,0,0,d,a,500.0,5.0,2014.0,1,40.0,2013.0,"Jan,Apr,Jul,Oct",2015,1,24,4,1,Saturday
10,6,2015-01-24,5017,709,1,0,0,0,d,c,3000.0,11.0,2012.0,1,1.0,2015.0,"Jan,Apr,Jul,Oct",2015,1,24,4,1,Saturday
11,6,2015-01-24,8271,1050,1,0,0,0,a,c,120.0,11.0,0.0,1,22.0,2015.0,"Mar,Jun,Sept,Dec",2015,1,24,4,1,Saturday
12,6,2015-01-24,5846,488,1,0,0,0,d,c,3000.0,0.0,2008.0,0,0.0,0.0,None,2015,1,24,4,1,Saturday
13,6,2015-01-24,7581,851,1,0,0,0,a,a,7500.0,5.0,2005.0,0,0.0,0.0,None,2015,1,24,4,1,Saturday
14,6,2015-01-24,6484,688,1,0,0,0,a,c,1500.0,5.0,2014.0,1,1.0,2013.0,"Jan,Apr,Jul,Oct",2015,1,24,4,1,Saturday
15,6,2015-01-24,11388,1080,1,0,0,0,d,c,3000.0,11.0,2014.0,1,1.0,2013.0,"Mar,Jun,Sept,Dec",2015,1,24,4,1,Saturday
16,6,2015-01-24,2051,312,1,0,0,0,a,a,500.0,11.0,0.0,0,0.0,0.0,None,2015,1,24,4,1,Saturday
17,6,2015-01-24,5153,611,1,0,0,0,a,c,500.0,7.0,2008.0,0,0.0,0.0,None,2015,1,24,4,1,Saturday
18,6,2015-01-24,5624,667,1,0,0,1,d,c,1500.0,5.0,2005.0,1,40.0,2009.0,"Jan,Apr,Jul,Oct",2015,1,24,4,1,Saturday
19,6,2015-01-24,4571,501,1,0,0,0,d,c,120.0,9.0,2014.0,1,10.0,2013.0,"Jan,Apr,Jul,Oct",2015,1,24,4,1,Saturday
20,6,2015-01-24,7309,1093,1,0,0,0,a,a,500.0,9.0,0.0,1,1.0,2013.0,"Mar,Jun,Sept,Dec",2015,1,24,4,1,Saturday
21,6,2015-01-24,4236,729,1,0,0,0,a,c,1500.0,0.0,2008.0,0,0.0,0.0,None,2015,1,24,4,1,Saturday
22,6,2015-01-24,10541,988,1,0,0,0,a,a,500.0,0.0,2010.0,0,0.0,0.0,None,2015,1,24,4,1,Saturday
23,6,2015-01-24,9819,1137,1,0,0,0,d,c,500.0,1.0,2008.0,0,0.0,0.0,None,2015,1,24,4,1,Saturday
24,6,2015-01-24,0,0,0,0,0,0,a,a,1500.0,1.0,2010.0,0,0.0,0.0,None,2015,1,24,4,1,Saturday
25,6,2015-01-24,6270,910,1,0,0,0,a,c,500.0,1.0,2012.0,0,0.0,0.0,None,2015,1,24,4,1,Saturday
26,6,2015-01-24,8860,831,1,0,0,1,d,a,1500.0,3.0,2008.0,0,0.0,0.0,None,2015,1,24,4,1,Saturday
27,6,2015-01-24,8159,712,1,0,0,0,d,a,15000.0,9.0,2008.0,1,1.0,2009.0,"Mar,Jun,Sept,Dec",2015,1,24,4,1,Saturday
28,6,2015-01-24,5578,805,1,0,0,0,a,a,1500.0,3.0,2010.0,0,0.0,0.0,None,2015,1,24,4,1,Saturday
29,6,2015-01-24,4839,456,1,0,0,1,a,a,1500.0,5.0,0.0,1,10.0,2015.0,"Jan,Apr,Jul,Oct",2015,1,24,4,1,Saturday
30,6,2015-01-24,6229,940,1,0,0,0,c,c,500.0,11.0,2014.0,1,22.0,2015.0,"Feb,May,Aug,Nov",2015,1,24,4,1,Saturday
31,6,2015-01-24,6435,615,1,0,0,0,d,c,500.0,0.0,2014.0,1,31.0,2015.0,"Mar,Jun,Sept,Dec",2015,1,24,4,1,Saturday
32,6,2015-01-24,2723,459,1,0,0,0,a,a,3000.0,3.0,2010.0,1,1.0,2015.0,"Mar,Jun,Sept,Dec",2015,1,24,4,1,Saturday
33,6,2015-01-24,6225,842,1,0,0,0,d,c,1500.0,9.0,2008.0,0,0.0,0.0,None,2015,1,24,4,1,Saturday
34,6,2015-01-24,5880,607,1,0,0,0,d,c,500.0,9.0,2005.0,0,0.0,0.0,None,2015,1,24,4,1,Saturday
35,6,2015-01-24,6828,738,1,0,0,0,a,c,120.0,5.0,0.0,1,22.0,2015.0,"Mar,Jun,Sept,Dec",2015,1,24,4,1,Saturday
36,6,2015-01-24,4072,491,1,0,0,0,d,a,1500.0,3.0,2008.0,1,40.0,2011.0,"Feb,May,Aug,Nov",2015,1,24,4,1,Saturday
37,6,2015-01-24,5265,831,1,0,0,0,d,a,7500.0,3.0,2008.0,1,40.0,2009.0,"Mar,Jun,Sept,Dec",2015,1,24,4,1,Saturday
38,6,2015-01-24,5387,468,1,0,0,0,a,a,3000.0,3.0,2010.0,0,0.0,0.0,None,2015,1,24,4,1,Saturday
39,6,2015-01-24,2679,426,1,0,0,1,c,a,7500.0,7.0,2014.0,1,14.0,2015.0,"Jan,Apr,Jul,Oct",2015,1,24,4,1,Saturday
40,6,2015-01-24,9743,827,1,0,0,0,d,a,1500.0,11.0,2008.0,1,22.0,2013.0,"Jan,Apr,Jul,Oct",2015,1,24,4,1,Saturday
41,6,2015-01-24,7094,826,1,0,0,0,a,c,500.0,1.0,0.0,0,0.0,0.0,None,2015,1,24,4,1,Saturday
42,6,2015-01-24,3993,540,1,0,0,0,d,c,120.0,1.0,2014.0,0,0.0,0.0,None,2015,1,24,4,1,Saturday
43,6,2015-01-24,4895,434,1,0,0,0,a,a,500.0,0.0,0.0,1,31.0,2011.0,"Mar,Jun,Sept,Dec",2015,1,24,4,1,Saturday
44,6,2015-01-24,3873,488,1,0,0,0,a,a,1500.0,5.0,2005.0,0,0.0,0.0,None,2015,1,24,4,1,Saturday
45,6,2015-01-24,6266,1014,1,0,0,0,c,a,120.0,9.0,2014.0,1,22.0,2011.0,"Feb,May,Aug,Nov",2015,1,24,4,1,Saturday
46,6,2015-01-24,6734,577,1,0,0,1,a,c,500.0,1.0,2014.0,0,0.0,0.0,None,2015,1,24,4,1,Saturday
47,6,2015-01-24,6136,1013,1,0,0,0,c,a,1500.0,0.0,0.0,1,40.0,2013.0,"Jan,Apr,Jul,Oct",2015,1,24,4,1,Saturday
48,6,2015-01-24,4146,377,1,0,0,0,a,c,500.0,7.0,2010.0,1,22.0,2011.0,"Mar,Jun,Sept,Dec",2015,1,24,4,1,Saturday
49,6,2015-01-24,3179,434,1,0,0,0,d,a,120.0,1.0,2010.0,1,14.0,2009.0,"Mar,Jun,Sept,Dec",2015,1,24,4,1,Saturday
50,6,2015-01-24,8311,920,1,0,0,0,a,c,500.0,1.0,2012.0,0,0.0,0.0,None,2015,1,24,4,1,Saturday
51,6,2015-01-24,1909,317,1,0,0,0,a,c,120.0,1.0,0.0,0,0.0,0.0,None,2015,1,24,4,1,Saturday
52,6,2015-01-24,4904,471,1,0,0,0,a,a,120.0,7.0,2012.0,1,31.0,2013.0,"Mar,Jun,Sept,Dec",2015,1,24,4,1,Saturday
53,6,2015-01-24,5341,745,1,0,0,1,a,c,1500.0,0.0,0.0,1,14.0,2009.0,"Feb,May,Aug,Nov",2015,1,24,4,1,Saturday
54,6,2015-01-24,10948,1155,1,0,0,1,a,a,1500.0,0.0,0.0,0,0.0,0.0,None,2015,1,24,4,1,Saturday
55,6,2015-01-24,7274,1149,1,0,0,0,d,c,1500.0,1.0,2005.0,1,22.0,2009.0,"Feb,May,Aug,Nov",2015,1,24,4,1,Saturday
56,6,2015-01-24,11793,1109,1,0,0,0,a,a,1500.0,7.0,2010.0,0,0.0,0.0,None,2015,1,24,4,1,Saturday
57,6,2015-01-24,5113,596,1,0,0,0,a,c,1500.0,0.0,2012.0,1,10.0,2009.0,"Mar,Jun,Sept,Dec",2015,1,24,4,1,Saturday
58,6,2015-01-24,4086,738,1,0,0,0,d,c,1500.0,0.0,0.0,1,14.0,2009.0,"Mar,Jun,Sept,Dec",2015,1,24,4,1,Saturday
59,6,2015-01-24,7290,765,1,0,0,0,d,c,500.0,7.0,2012.0,0,0.0,0.0,None,2015,1,24,4,1,Saturday
60,6,2015-01-24,3378,349,1,0,0,0,a,a,1500.0,11.0,0.0,1,31.0,2011.0,"Feb,May,Aug,Nov",2015,1,24,4,1,Saturday
61,6,2015-01-24,2120,381,1,0,0,0,a,c,500.0,5.0,2005.0,1,31.0,2013.0,"Jan,Apr,Jul,Oct",2015,1,24,4,1,Saturday
62,6,2015-01-24,6865,834,1,0,0,0,a,a,15000.0,5.0,2005.0,0,0.0,0.0,None,2015,1,24,4,1,Saturday
63,6,2015-01-24,6070,767,1,0,0,0,c,c,3000.0,5.0,2005.0,0,0.0,0.0,None,2015,1,24,4,1,Saturday
64,6,2015-01-24,2645,392,1,0,0,0,c,c,1500.0,5.0,0.0,1,1.0,2013.0,"Jan,Apr,Jul,Oct",2015,1,24,4,1,Saturday
65,6,2015-01-24,4770,847,1,0,0,1,a,c,1500.0,0.0,2014.0,0,0.0,0.0,None,2015,1,24,4,1,Saturday
66,6,2015-01-24,6806,898,1,0,0,0,a,a,15000.0,3.0,2010.0,0,0.0,0.0,None,2015,1,24,4,1,Saturday
67,6,2015-01-24,9300,806,1,0,0,1,d,c,1500.0,1.0,2012.0,0,0.0,0.0,None,2015,1,24,4,1,Saturday
68,6,2015-01-24,0,0,0,0,0,0,c,c,500.0,7.0,0.0,0,0.0,0.0,None,2015,1,24,4,1,Saturday
69,6,2015-01-24,3079,511,1,0,0,0,d,c,15000.0,1.0,2012.0,1,31.0,2013.0,"Mar,Jun,Sept,Dec",2015,1,24,4,1,Saturday
70,6,2015-01-24,10146,1008,1,0,0,1,a,a,3000.0,5.0,0.0,0,0.0,0.0,None,2015,1,24,4,1,Saturday
71,6,2015-01-24,10186,1144,1,0,0,0,a,c,120.0,1.0,2008.0,1,31.0,2009.0,"Jan,Apr,Jul,Oct",2015,1,24,4,1,Saturday
72,6,2015-01-24,5111,777,1,0,0,1,a,c,7500.0,9.0,2010.0,0,0.0,0.0,None,2015,1,24,4,1,Saturday
73,6,2015-01-24,5675,839,1,0,0,0,d,c,500.0,5.0,2008.0,1,40.0,2013.0,"Mar,Jun,Sept,Dec",2015,1,24,4,1,Saturday
74,6,2015-01-24,7413,719,1,0,0,0,a,a,500.0,7.0,2012.0,0,0.0,0.0,None,2015,1,24,4,1,Saturday
75,6,2015-01-24,5824,633,1,0,0,0,c,c,3000.0,11.0,0.0,1,14.0,2009.0,"Feb,May,Aug,Nov",2015,1,24,4,1,Saturday
76,6,2015-01-24,8938,1143,1,0,0,0,a,a,120.0,0.0,2014.0,0,0.0,0.0,None,2015,1,24,4,1,Saturday
77,6,2015-01-24,6345,1098,1,0,0,1,d,c,1500.0,11.0,2012.0,0,0.0,0.0,None,2015,1,24,4,1,Saturday
78,6,2015-01-24,11554,1158,1,0,0,0,d,c,500.0,3.0,2010.0,0,0.0,0.0,None,2015,1,24,4,1,Saturday
79,6,2015-01-24,10772,1035,1,0,0,1,a,a,500.0,0.0,2012.0,1,14.0,2015.0,"Mar,Jun,Sept,Dec",2015,1,24,4,1,Saturday
80,6,2015-01-24,8809,945,1,0,0,0,a,a,15000.0,9.0,2010.0,0,0.0,0.0,None,2015,1,24,4,1,Saturday
81,6,2015-01-24,6514,938,1,0,0,0,a,a,1500.0,1.0,2010.0,1,22.0,2009.0,"Jan,Apr,Jul,Oct",2015,1,24,4,1,Saturday
82,6,2015-01-24,8686,878,1,0,0,0,a,a,1500.0,0.0,0.0,0,0.0,0.0,None,2015,1,24,4,1,Saturday
83,6,2015-01-24,7258,648,1,0,0,0,a,c,500.0,7.0,2014.0,0,0.0,0.0,None,2015,1,24,4,1,Saturday
84,6,2015-01-24,4854,546,1,0,0,1,d,a,1500.0,0.0,2005.0,0,0.0,0.0,None,2015,1,24,4,1,Saturday
85,6,2015-01-24,9712,858,1,0,0,0,d,c,120.0,0.0,2014.0,1,1.0,2013.0,"Jan,Apr,Jul,Oct",2015,1,24,4,1,Saturday
86,6,2015-01-24,5559,551,1,0,0,1,d,a,3000.0,0.0,2012.0,0,0.0,0.0,None,2015,1,24,4,1,Saturday
87,6,2015-01-24,2174,356,1,0,0,0,a,a,1500.0,0.0,0.0,0,0.0,0.0,None,2015,1,24,4,1,Saturday
88,6,2015-01-24,3327,594,1,0,0,0,d,c,3000.0,3.0,2012.0,1,31.0,2009.0,"Feb,May,Aug,Nov",2015,1,24,4,1,Saturday
89,6,2015-01-24,3756,519,1,0,0,0,d,a,1500.0,9.0,0.0,1,31.0,2015.0,"Feb,May,Aug,Nov",2015,1,24,4,1,Saturday
90,6,2015-01-24,4293,465,1,0,0,1,d,c,1500.0,0.0,0.0,0,0.0,0.0,None,2015,1,24,4,1,Saturday
91,6,2015-01-24,3189,404,1,0,0,0,a,c,1500.0,3.0,2008.0,0,0.0,0.0,None,2015,1,24,4,1,Saturday
92,6,2015-01-24,9647,1185,1,0,0,0,d,c,120.0,3.0,0.0,1,31.0,2009.0,"Feb,May,Aug,Nov",2015,1,24,4,1,Saturday
93,6,2015-01-24,6350,651,1,0,0,0,d,a,120.0,5.0,2005.0,0,0.0,0.0,None,2015,1,24,4,1,Saturday
94,6,2015-01-24,6398,681,1,0,0,0,c,a,500.0,11.0,2005.0,0,0.0,0.0,None,2015,1,24,4,1,Saturday
95,6,2015-01-24,4620,444,1,0,0,0,a,c,500.0,11.0,2005.0,1,31.0,2009.0,"Feb,May,Aug,Nov",2015,1,24,4,1,Saturday
96,6,2015-01-24,3258,570,1,0,0,0,d,c,500.0,7.0,2005.0,1,10.0,2009.0,"Feb,May,Aug,Nov",2015,1,24,4,1,Saturday
97,6,2015-01-24,7065,802,1,0,0,0,c,a,120.0,0.0,2008.0,0,0.0,0.0,None,2015,1,24,4,1,Saturday
98,6,2015-01-24,5738,727,1,0,0,0,c,a,500.0,3.0,2008.0,1,10.0,2009.0,"Feb,May,Aug,Nov",2015,1,24,4,1,Saturday
99,6,2015-01-24,4802,589,1,0,0,0,a,c,500.0,1.0,2012.0,0,0.0,0.0,None,2015,1,24,4,1,Saturday
100,6,2015-01-24,5486,718,1,0,0,0,b,c,500.0,9.0,2005.0,0,0.0,0.0,None,2015,1,24,4,1,Saturday
1,7,2015-01-25,0,0,0,0,0,0,a,c,3000.0,7.0,2012.0,0,0.0,0.0,None,2015,1,25,4,1,Sunday
2,7,2015-01-25,0,0,0,0,0,0,a,a,7500.0,5.0,2008.0,0,0.0,0.0,None,2015,1,25,4,1,Sunday
3,7,2015-01-25,0,0,0,0,0,0,d,c,500.0,5.0,2012.0,1,10.0,2011.0,"Jan,Apr,Jul,Oct",2015,1,25,4,1,Sunday
4,7,2015-01-25,0,0,0,0,0,0,a,a,1500.0,1.0,2010.0,1,40.0,2011.0,"Mar,Jun,Sept,Dec",2015,1,25,4,1,Sunday
5,7,2015-01-25,0,0,0,0,0,0,c,a,15000.0,0.0,2008.0,1,31.0,2009.0,"Mar,Jun,Sept,Dec",2015,1,25,4,1,Sunday
6,7,2015-01-25,0,0,0,0,0,0,a,c,1500.0,1.0,0.0,0,0.0,0.0,None,2015,1,25,4,1,Sunday
7,7,2015-01-25,0,0,0,0,0,0,a,a,1500.0,5.0,2012.0,1,14.0,2011.0,"Jan,Apr,Jul,Oct",2015,1,25,4,1,Sunday
8,7,2015-01-25,0,0,0,0,0,0,a,c,500.0,9.0,2014.0,1,40.0,2009.0,"Mar,Jun,Sept,Dec",2015,1,25,4,1,Sunday
9,7,2015-01-25,0,0,0,0,0,0,d,a,500.0,5.0,2014.0,1,40.0,2013.0,"Jan,Apr,Jul,Oct",2015,1,25,4,1,Sunday
10,7,2015-01-25,0,0,0,0,0,0,d,c,3000.0,11.0,2012.0,1,1.0,2015.0,"Jan,Apr,Jul,Oct",2015,1,25,4,1,Sunday
11,7,2015-01-25,0,0,0,0,0,0,a,c,120.0,11.0,0.0,1,22.0,2015.0,"Mar,Jun,Sept,Dec",2015,1,25,4,1,Sunday
12,7,2015-01-25,0,0,0,0,0,0,d,c,3000.0,0.0,2008.0,0,0.0,0.0,None,2015,1,25,4,1,Sunday
13,7,2015-01-25,0,0,0,0,0,0,a,a,7500.0,5.0,2005.0,0,0.0,0.0,None,2015,1,25,4,1,Sunday
14,7,2015-01-25,0,0,0,0,0,1,a,c,1500.0,5.0,2014.0,1,1.0,2013.0,"Jan,Apr,Jul,Oct",2015,1,25,4,1,Sunday
15,7,2015-01-25,0,0,0,0,0,0,d,c,3000.0,11.0,2014.0,1,1.0,2013.0,"Mar,Jun,Sept,Dec",2015,1,25,4,1,Sunday
16,7,2015-01-25,0,0,0,0,0,0,a,a,500.0,11.0,0.0,0,0.0,0.0,None,2015,1,25,4,1,Sunday
17,7,2015-01-25,0,0,0,0,0,0,a,c,500.0,7.0,2008.0,0,0.0,0.0,None,2015,1,25,4,1,Sunday
18,7,2015-01-25,0,0,0,0,0,1,d,c,1500.0,5.0,2005.0,1,40.0,2009.0,"Jan,Apr,Jul,Oct",2015,1,25,4,1,Sunday
19,7,2015-01-25,0,0,0,0,0,0,d,c,120.0,9.0,2014.0,1,10.0,2013.0,"Jan,Apr,Jul,Oct",2015,1,25,4,1,Sunday
20,7,2015-01-25,0,0,0,0,0,0,a,a,500.0,9.0,0.0,1,1.0,2013.0,"Mar,Jun,Sept,Dec",2015,1,25,4,1,Sunday
21,7,2015-01-25,0,0,0,0,0,0,a,c,1500.0,0.0,2008.0,0,0.0,0.0,None,2015,1,25,4,1,Sunday
22,7,2015-01-25,0,0,0,0,0,1,a,a,500.0,0.0,2010.0,0,0.0,0.0,None,2015,1,25,4,1,Sunday
23,7,2015-01-25,0,0,0,0,0,0,d,c,500.0,1.0,2008.0,0,0.0,0.0,None,2015,1,25,4,1,Sunday
24,7,2015-01-25,0,0,0,0,0,0,a,a,1500.0,1.0,2010.0,0,0.0,0.0,None,2015,1,25,4,1,Sunday
25,7,2015-01-25,0,0,0,0,0,0,a,c,500.0,1.0,2012.0,0,0.0,0.0,None,2015,1,25,4,1,Sunday
26,7,2015-01-25,0,0,0,0,0,0,d,a,1500.0,3.0,2008.0,0,0.0,0.0,None,2015,1,25,4,1,Sunday
27,7,2015-01-25,0,0,0,0,0,1,d,a,15000.0,9.0,2008.0,1,1.0,2009.0,"Mar,Jun,Sept,Dec",2015,1,25,4,1,Sunday
28,7,2015-01-25,0,0,0,0,0,0,a,a,1500.0,3.0,2010.0,0,0.0,0.0,None,2015,1,25,4,1,Sunday
29,7,2015-01-25,0,0,0,0,0,0,a,a,1500.0,5.0,0.0,1,10.0,2015.0,"Jan,Apr,Jul,Oct",2015,1,25,4,1,Sunday
30,7,2015-01-25,0,0,0,0,0,1,c,c,500.0,11.0,2014.0,1,22.0,2015.0,"Feb,May,Aug,Nov",2015,1,25,4,1,Sunday
31,7,2015-01-25,0,0,0,0,0,1,d,c,500.0,0.0,2014.0,1,31.0,2015.0,"Mar,Jun,Sept,Dec",2015,1,25,4,1,Sunday
32,7,2015-01-25,0,0,0,0,0,0,a,a,3000.0,3.0,2010.0,1,1.0,2015.0,"Mar,Jun,Sept,Dec",2015,1,25,4,1,Sunday
33,7,2015-01-25,0,0,0,0,0,0,d,c,1500.0,9.0,2008.0,0,0.0,0.0,None,2015,1,25,4,1,Sunday
34,7,2015-01-25,0,0,0,0,0,1,d,c,500.0,9.0,2005.0,0,0.0,0.0,None,2015,1,25,4,1,Sunday
35,7,2015-01-25,0,0,0,0,0,0,a,c,120.0,5.0,0.0,1,22.0,2015.0,"Mar,Jun,Sept,Dec",2015,1,25,4,1,Sunday
36,7,2015-01-25,0,0,0,0,0,1,d,a,1500.0,3.0,2008.0,1,40.0,2011.0,"Feb,May,Aug,Nov",2015,1,25,4,1,Sunday
37,7,2015-01-25,0,0,0,0,0,1,d,a,7500.0,3.0,2008.0,1,40.0,2009.0,"Mar,Jun,Sept,Dec",2015,1,25,4,1,Sunday
38,7,2015-01-25,0,0,0,0,0,0,a,a,3000.0,3.0,2010.0,0,0.0,0.0,None,2015,1,25,4,1,Sunday
39,7,2015-01-25,0,0,0,0,0,1,c,a,7500.0,7.0,2014.0,1,14.0,2015.0,"Jan,Apr,Jul,Oct",2015,1,25,4,1,Sunday
40,7,2015-01-25,0,0,0,0,0,0,d,a,1500.0,11.0,2008.0,1,22.0,2013.0,"Jan,Apr,Jul,Oct",2015,1,25,4,1,Sunday
41,7,2015-01-25,0,0,0,0,0,0,a,c,500.0,1.0,0.0,0,0.0,0.0,None,2015,1,25,4,1,Sunday
42,7,2015-01-25,0,0,0,0,0,0,d,c,120.0,1.0,2014.0,0,0.0,0.0,None,2015,1,25,4,1,Sunday
43,7,2015-01-25,0,0,0,0,0,1,a,a,500.0,0.0,0.0,1,31.0,2011.0,"Mar,Jun,Sept,Dec",2015,1,25,4,1,Sunday
44,7,2015-01-25,0,0,0,0,0,0,a,a,1500.0,5.0,2005.0,0,0.0,0.0,None,2015,1,25,4,1,Sunday
45,7,2015-01-25,0,0,0,0,0,0,c,a,120.0,9.0,2014.0,1,22.0,2011.0,"Feb,May,Aug,Nov",2015,1,25,4,1,Sunday
46,7,2015-01-25,0,0,0,0,0,1,a,c,500.0,1.0,2014.0,0,0.0,0.0,None,2015,1,25,4,1,Sunday
47,7,2015-01-25,0,0,0,0,0,0,c,a,1500.0,0.0,0.0,1,40.0,2013.0,"Jan,Apr,Jul,Oct",2015,1,25,4,1,Sunday
48,7,2015-01-25,0,0,0,0,0,0,a,c,500.0,7.0,2010.0,1,22.0,2011.0,"Mar,Jun,Sept,Dec",2015,1,25,4,1,Sunday
49,7,2015-01-25,0,0,0,0,0,1,d,a,120.0,1.0,2010.0,1,14.0,2009.0,"Mar,Jun,Sept,Dec",2015,1,25,4,1,Sunday
50,7,2015-01-25,0,0,0,0,0,0,a,c,500.0,1.0,2012.0,0,0.0,0.0,None,2015,1,25,4,1,Sunday
51,7,2015-01-25,0,0,0,0,0,1,a,c,120.0,1.0,0.0,0,0.0,0.0,None,2015,1,25,4,1,Sunday
52,7,2015-01-25,0,0,0,0,0,1,a,a,120.0,7.0,2012.0,1,31.0,2013.0,"Mar,Jun,Sept,Dec",2015,1,25,4,1,Sunday
53,7,2015-01-25,0,0,0,0,0,0,a,c,1500.0,0.0,0.0,1,14.0,2009.0,"Feb,May,Aug,Nov",2015,1,25,4,1,Sunday
54,7,2015-01-25,0,0,0,0,0,0,a,a,1500.0,0.0,0.0,0,0.0,0.0,None,2015,1,25,4,1,Sunday
55,7,2015-01-25,0,0,0,0,0,0,d,c,1500.0,1.0,2005.0,1,22.0,2009.0,"Feb,May,Aug,Nov",2015,1,25,4,1,Sunday
56,7,2015-01-25,0,0,0,0,0,0,a,a,1500.0,7.0,2010.0,0,0.0,0.0,None,2015,1,25,4,1,Sunday
57,7,2015-01-25,0,0,0,0,0,0,a,c,1500.0,0.0,2012.0,1,10.0,2009.0,"Mar,Jun,Sept,Dec",2015,1,25,4,1,Sunday
58,7,2015-01-25,0,0,0,0,0,0,d,c,1500.0,0.0,0.0,1,14.0,2009.0,"Mar,Jun,Sept,Dec",2015,1,25,4,1,Sunday
59,7,2015-01-25,0,0,0,0,0,0,d,c,500.0,7.0,2012.0,0,0.0,0.0,None,2015,1,25,4,1,Sunday
60,7,2015-01-25,0,0,0,0,0,0,a,a,1500.0,11.0,0.0,1,31.0,2011.0,"Feb,May,Aug,Nov",2015,1,25,4,1,Sunday
61,7,2015-01-25,0,0,0,0,0,0,a,c,500.0,5.0,2005.0,1,31.0,2013.0,"Jan,Apr,Jul,Oct",2015,1,25,4,1,Sunday
62,7,2015-01-25,0,0,0,0,0,0,a,a,15000.0,5.0,2005.0,0,0.0,0.0,None,2015,1,25,4,1,Sunday
63,7,2015-01-25,0,0,0,0,0,0,c,c,3000.0,5.0,2005.0,0,0.0,0.0,None,2015,1,25,4,1,Sunday
64,7,2015-01-25,0,0,0,0,0,0,c,c,1500.0,5.0,0.0,1,1.0,2013.0,"Jan,Apr,Jul,Oct",2015,1,25,4,1,Sunday
65,7,2015-01-25,0,0,0,0,0,0,a,c,1500.0,0.0,2014.0,0,0.0,0.0,None,2015,1,25,4,1,Sunday
66,7,2015-01-25,0,0,0,0,0,0,a,a,15000.0,3.0,2010.0,0,0.0,0.0,None,2015,1,25,4,1,Sunday
67,7,2015-01-25,0,0,0,0,0,0,d,c,1500.0,1.0,2012.0,0,0.0,0.0,None,2015,1,25,4,1,Sunday
68,7,2015-01-25,0,0,0,0,0,1,c,c,500.0,7.0,0.0,0,0.0,0.0,None,2015,1,25,4,1,Sunday
69,7,2015-01-25,0,0,0,0,0,0,d,c,15000.0,1.0,2012.0,1,31.0,2013.0,"Mar,Jun,Sept,Dec",2015,1,25,4,1,Sunday
70,7,2015-01-25,0,0,0,0,0,0,a,a,3000.0,5.0,0.0,0,0.0,0.0,None,2015,1,25,4,1,Sunday
71,7,2015-01-25,0,0,0,0,0,0,a,c,120.0,1.0,2008.0,1,31.0,2009.0,"Jan,Apr,Jul,Oct",2015,1,25,4,1,Sunday
72,7,2015-01-25,0,0,0,0,0,0,a,c,7500.0,9.0,2010.0,0,0.0,0.0,None,2015,1,25,4,1,Sunday
73,7,2015-01-25,0,0,0,0,0,0,d,c,500.0,5.0,2008.0,1,40.0,2013.0,"Mar,Jun,Sept,Dec",2015,1,25,4,1,Sunday
74,7,2015-01-25,0,0,0,0,0,0,a,a,500.0,7.0,2012.0,0,0.0,0.0,None,2015,1,25,4,1,Sunday
75,7,2015-01-25,0,0,0,0,0,0,c,c,3000.0,11.0,0.0,1,14.0,2009.0,"Feb,May,Aug,Nov",2015,1,25,4,1,Sunday
76,7,2015-01-25,0,0,0,0,0,0,a,a,120.0,0.0,2014.0,0,0.0,0.0,None,2015,1,25,4,1,Sunday
77,7,2015-01-25,0,0,0,0,0,1,d,c,1500.0,11.0,2012.0,0,0.0,0.0,None,2015,1,25,4,1,Sunday
78,7,2015-01-25,0,0,0,0,0,0,d,c,500.0,3.0,2010.0,0,0.0,0.0,None,2015,1,25,4,1,Sunday
79,7,2015-01-25,0,0,0,0,0,0,a,a,500.0,0.0,2012.0,1,14.0,2015.0,"Mar,Jun,Sept,Dec",2015,1,25,4,1,Sunday
80,7,2015-01-25,0,0,0,0,0,1,a,a,15000.0,9.0,2010.0,0,0.0,0.0,None,2015,1,25,4,1,Sunday
81,7,2015-01-25,0,0,0,0,0,0,a,a,1500.0,1.0,2010.0,1,22.0,2009.0,"Jan,Apr,Jul,Oct",2015,1,25,4,1,Sunday
82,7,2015-01-25,0,0,0,0,0,0,a,a,1500.0,0.0,0.0,0,0.0,0.0,None,2015,1,25,4,1,Sunday
83,7,2015-01-25,0,0,0,0,0,0,a,c,500.0,7.0,2014.0,0,0.0,0.0,None,2015,1,25,4,1,Sunday
84,7,2015-01-25,0,0,0,0,0,0,d,a,1500.0,0.0,2005.0,0,0.0,0.0,None,2015,1,25,4,1,Sunday
85,7,2015-01-25,0,0,0,0,0,0,d,c,120.0,0.0,2014.0,1,1.0,2013.0,"Jan,Apr,Jul,Oct",2015,1,25,4,1,Sunday
86,7,2015-01-25,0,0,0,0,0,0,d,a,3000.0,0.0,2012.0,0,0.0,0.0,None,2015,1,25,4,1,Sunday
87,7,2015-01-25,0,0,0,0,0,0,a,a,1500.0,0.0,0.0,0,0.0,0.0,None,2015,1,25,4,1,Sunday
88,7,2015-01-25,0,0,0,0,0,0,d,c,3000.0,3.0,2012.0,1,31.0,2009.0,"Feb,May,Aug,Nov",2015,1,25,4,1,Sunday
89,7,2015-01-25,0,0,0,0,0,0,d,a,1500.0,9.0,0.0,1,31.0,2015.0,"Feb,May,Aug,Nov",2015,1,25,4,1,Sunday
90,7,2015-01-25,0,0,0,0,0,0,d,c,1500.0,0.0,0.0,0,0.0,0.0,None,2015,1,25,4,1,Sunday
91,7,2015-01-25,0,0,0,0,0,0,a,c,1500.0,3.0,2008.0,0,0.0,0.0,None,2015,1,25,4,1,Sunday
92,7,2015-01-25,0,0,0,0,0,0,d,c,120.0,3.0,0.0,1,31.0,2009.0,"Feb,May,Aug,Nov",2015,1,25,4,1,Sunday
93,7,2015-01-25,0,0,0,0,0,0,d,a,120.0,5.0,2005.0,0,0.0,0.0,None,2015,1,25,4,1,Sunday
94,7,2015-01-25,0,0,0,0,0,0,c,a,500.0,11.0,2005.0,0,0.0,0.0,None,2015,1,25,4,1,Sunday
95,7,2015-01-25,0,0,0,0,0,0,a,c,500.0,11.0,2005.0,1,31.0,2009.0,"Feb,May,Aug,Nov",2015,1,25,4,1,Sunday
96,7,2015-01-25,0,0,0,0,0,0,d,c,500.0,7.0,2005.0,1,10.0,2009.0,"Feb,May,Aug,Nov",2015,1,25,4,1,Sunday
97,7,2015-01-25,0,0,0,0,0,0,c,a,120.0,0.0,2008.0,0,0.0,0.0,None,2015,1,25,4,1,Sunday
98,7,2015-01-25,0,0,0,0,0,0,c,a,500.0,3.0,2008.0,1,10.0,2009.0,"Feb,May,Aug,Nov",2015,1,25,4,1,Sunday
99,7,2015-01-25,0,0,0,0,0,0,a,c,500.0,1.0,2012.0,0,0.0,0.0,None,2015,1,25,4,1,Sunday
100,7,2015-01-25,0,0,0,0,0,0,b,c,500.0,9.0,2005.0,0,0.0,0.0,None,2015,1,25,4,1,Sunday
1,1,2015-01-26,3105,510,1,0,0,0,a,c,3000.0,7.0,2012.0,0,0.0,0.0,None,2015,1,26,5,1,Monday
2,1,2015-01-26,5643,745,1,1,0,0,a,a,7500.0,5.0,2008.0,0,0.0,0.0,None,2015,1,26,5,1,Monday
3,1,2015-01-26,4483,346,1,1,0,0,d,c,500.0,5.0,2012.0,1,10.0,2011.0,"Jan,Apr,Jul,Oct",2015,1,26,5,1,Monday
4,1,2015-01-26,5711,711,1,0,0,0,a,a,1500.0,1.0,2010.0,1,40.0,2011.0,"Mar,Jun,Sept,Dec",2015,1,26,5,1,Monday
5,1,2015-01-26,12127,1009,1,1,0,0,c,a,15000.0,0.0,2008.0,1,31.0,2009.0,"Mar,Jun,Sept,Dec",2015,1,26,5,1,Monday
6,1,2015-01-26,8204,695,1,1,0,1,a,c,1500.0,1.0,0.0,0,0.0,0.0,None,2015,1,26,5,1,Monday
7,1,2015-01-26,4071,412,1,1,0,0,a,a,1500.0,5.0,2012.0,1,14.0,2011.0,"Jan,Apr,Jul,Oct",2015,1,26,5,1,Monday
8,1,2015-01-26,5058,488,1,1,0,0,a,c,500.0,9.0,2014.0,1,40.0,2009.0,"Mar,Jun,Sept,Dec",2015,1,26,5,1,Monday
9,1,2015-01-26,8361,741,1,1,0,0,d,a,500.0,5.0,2014.0,1,40.0,2013.0,"Jan,Apr,Jul,Oct",2015,1,26,5,1,Monday
10,1,2015-01-26,9777,902,1,1,0,0,d,c,3000.0,11.0,2012.0,1,1.0,2015.0,"Jan,Apr,Jul,Oct",2015,1,26,5,1,Monday
11,1,2015-01-26,10440,1168,1,0,0,0,a,c,120.0,11.0,0.0,1,22.0,2015.0,"Mar,Jun,Sept,Dec",2015,1,26,5,1,Monday
12,1,2015-01-26,10801,873,1,1,0,0,d,c,3000.0,0.0,2008.0,0,0.0,0.0,None,2015,1,26,5,1,Monday
13,1,2015-01-26,3796,337,1,1,0,0,a,a,7500.0,5.0,2005.0,0,0.0,0.0,None,2015,1,26,5,1,Monday
14,1,2015-01-26,10308,1014,1,0,0,0,a,c,1500.0,5.0,2014.0,1,1.0,2013.0,"Jan,Apr,Jul,Oct",2015,1,26,5,1,Monday
15,1,2015-01-26,3985,704,1,0,0,1,d,c,3000.0,11.0,2014.0,1,1.0,2013.0,"Mar,Jun,Sept,Dec",2015,1,26,5,1,Monday
16,1,2015-01-26,6115,819,1,0,0,0,a,a,500.0,11.0,0.0,0,0.0,0.0,None,2015,1,26,5,1,Monday
17,1,2015-01-26,3389,343,1,0,0,0,a,c,500.0,7.0,2008.0,0,0.0,0.0,None,2015,1,26,5,1,Monday
18,1,2015-01-26,3081,312,1,1,0,0,d,c,1500.0,5.0,2005.0,1,40.0,2009.0,"Jan,Apr,Jul,Oct",2015,1,26,5,1,Monday
19,1,2015-01-26,7799,1064,1,0,0,1,d,c,120.0,9.0,2014.0,1,10.0,2013.0,"Jan,Apr,Jul,Oct",2015,1,26,5,1,Monday
20,1,2015-01-26,3705,413,1,1,0,0,a,a,500.0,9.0,0.0,1,1.0,2013.0,"Mar,Jun,Sept,Dec",2015,1,26,5,1,Monday
21,1,2015-01-26,11479,869,1,1,0,0,a,c,1500.0,0.0,2008.0,0,0.0,0.0,None,2015,1,26,5,1,Monday
22,1,2015-01-26,7268,864,1,1,0,0,a,a,500.0,0.0,2010.0,0,0.0,0.0,None,2015,1,26,5,1,Monday
23,1,2015-01-26,10416,1066,1,1,0,0,d,c,500.0,1.0,2008.0,0,0.0,0.0,None,2015,1,26,5,1,Monday
24,1,2015-01-26,4294,633,1,0,0,0,a,a,1500.0,1.0,2010.0,0,0.0,0.0,None,2015,1,26,5,1,Monday
25,1,2015-01-26,11679,900,1,1,0,0,a,c,500.0,1.0,2012.0,0,0.0,0.0,None,2015,1,26,5,1,Monday
26,1,2015-01-26,0,0,0,0,0,1,d,a,1500.0,3.0,2008.0,0,0.0,0.0,None,2015,1,26,5,1,Monday
27,1,2015-01-26,6775,582,1,0,0,0,d,a,15000.0,9.0,2008.0,1,1.0,2009.0,"Mar,Jun,Sept,Dec",2015,1,26,5,1,Monday
28,1,2015-01-26,14830,1158,1,1,0,0,a,a,1500.0,3.0,2010.0,0,0.0,0.0,None,2015,1,26,5,1,Monday
29,1,2015-01-26,7684,660,1,0,0,0,a,a,1500.0,5.0,0.0,1,10.0,2015.0,"Jan,Apr,Jul,Oct",2015,1,26,5,1,Monday
30,1,2015-01-26,5776,1017,1,0,0,0,c,c,500.0,11.0,2014.0,1,22.0,2015.0,"Feb,May,Aug,Nov",2015,1,26,5,1,Monday
31,1,2015-01-26,8836,1164,1,1,0,1,d,c,500.0,0.0,2014.0,1,31.0,2015.0,"Mar,Jun,Sept,Dec",2015,1,26,5,1,Monday
32,1,2015-01-26,5202,454,1,0,0,0,a,a,3000.0,3.0,2010.0,1,1.0,2015.0,"Mar,Jun,Sept,Dec",2015,1,26,5,1,Monday
33,1,2015-01-26,4449,511,1,0,0,1,d,c,1500.0,9.0,2008.0,0,0.0,0.0,None,2015,1,26,5,1,Monday
34,1,2015-01-26,6217,609,1,0,0,0,d,c,500.0,9.0,2005.0,0,0.0,0.0,None,2015,1,26,5,1,Monday
35,1,2015-01-26,4245,755,1,0,0,0,a,c,120.0,5.0,0.0,1,22.0,2015.0,"Mar,Jun,Sept,Dec",2015,1,26,5,1,Monday
36,1,2015-01-26,7529,613,1,1,0,0,d,a,1500.0,3.0,2008.0,1,40.0,2011.0,"Feb,May,Aug,Nov",2015,1,26,5,1,Monday
37,1,2015-01-26,9317,910,1,0,0,0,d,a,7500.0,3.0,2008.0,1,40.0,2009.0,"Mar,Jun,Sept,Dec",2015,1,26,5,1,Monday
38,1,2015-01-26,10951,947,1,0,0,0,a,a,3000.0,3.0,2010.0,0,0.0,0.0,None,2015,1,26,5,1,Monday
39,1,2015-01-26,6462,767,1,0,0,0,c,a,7500.0,7.0,2014.0,1,14.0,2015.0,"Jan,Apr,Jul,Oct",2015,1,26,5,1,Monday
40,1,2015-01-26,9078,1005,1,1,0,1,d,a,1500.0,11.0,2008.0,1,22.0,2013.0,"Jan,Apr,Jul,Oct",2015,1,26,5,1,Monday
41,1,2015-01-26,2588,300,1,0,0,0,a,c,500.0,1.0,0.0,0,0.0,0.0,None,2015,1,26,5,1,Monday
42,1,2015-01-26,4885,877,1,0,0,1,d,c,120.0,1.0,2014.0,0,0.0,0.0,None,2015,1,26,5,1,Monday
43,1,2015-01-26,3200,322,1,1,0,0,a,a,500.0,0.0,0.0,1,31.0,2011.0,"Mar,Jun,Sept,Dec",2015,1,26,5,1,Monday
44,1,2015-01-26,5495,851,1,0,0,0,a,a,1500.0,5.0,2005.0,0,0.0,0.0,None,2015,1,26,5,1,Monday
45,1,2015-01-26,4886,442,1,1,0,0,c,a,120.0,9.0,2014.0,1,22.0,2011.0,"Feb,May,Aug,Nov",2015,1,26,5,1,Monday
46,1,2015-01-26,3274,309,1,1,0,1,a,c,500.0,1.0,2014.0,0,0.0,0.0,None,2015,1,26,5,1,Monday
47,1,2015-01-26,3815,408,1,1,0,0,c,a,1500.0,0.0,0.0,1,40.0,2013.0,"Jan,Apr,Jul,Oct",2015,1,26,5,1,Monday
48,1,2015-01-26,5622,558,1,0,0,0,a,c,500.0,7.0,2010.0,1,22.0,2011.0,"Mar,Jun,Sept,Dec",2015,1,26,5,1,Monday
49,1,2015-01-26,8628,1096,1,0,0,0,d,a,120.0,1.0,2010.0,1,14.0,2009.0,"Mar,Jun,Sept,Dec",2015,1,26,5,1,Monday
50,1,2015-01-26,7854,1001,1,1,0,0,a,c,500.0,1.0,2012.0,0,0.0,0.0,None,2015,1,26,5,1,Monday
51,1,2015-01-26,9962,1132,1,0,0,1,a,c,120.0,1.0,0.0,0,0.0,0.0,None,2015,1,26,5,1,Monday
52,1,2015-01-26,6497,875,1,0,0,1,a,a,120.0,7.0,2012.0,1,31.0,2013.0,"Mar,Jun,Sept,Dec",2015,1,26,5,1,Monday
53,1,2015-01-26,4548,451,1,0,0,0,a,c,1500.0,0.0,0.0,1,14.0,2009.0,"Feb,May,Aug,Nov",2015,1,26,5,1,Monday
54,1,2015-01-26,7932,1096,1,0,0,1,a,a,1500.0,0.0,0.0,0,0.0,0.0,None,2015,1,26,5,1,Monday
55,1,2015-01-26,6915,879,1,0,0,1,d,c,1500.0,1.0,2005.0,1,22.0,2009.0,"Feb,May,Aug,Nov",2015,1,26,5,1,Monday
56,1,2015-01-26,11990,1183,1,1,0,1,a,a,1500.0,7.0,2010.0,0,0.0,0.0,None,2015,1,26,5,1,Monday
57,1,2015-01-26,3141,316,1,0,0,0,a,c,1500.0,0.0,2012.0,1,10.0,2009.0,"Mar,Jun,Sept,Dec",2015,1,26,5,1,Monday
58,1,2015-01-26,2863,415,1,0,0,1,d,c,1500.0,0.0,0.0,1,14.0,2009.0,"Mar,Jun,Sept,Dec",2015,1,26,5,1,Monday
59,1,2015-01-26,10022,1059,1,0,0,0,d,c,500.0,7.0,2012.0,0,0.0,0.0,None,2015,1,26,5,1,Monday
60,1,2015-01-26,8856,1103,1,0,0,0,a,a,1500.0,11.0,0.0,1,31.0,2011.0,"Feb,May,Aug,Nov",2015,1,26,5,1,Monday
61,1,2015-01-26,4059,525,1,0,0,1,a,c,500.0,5.0,2005.0,1,31.0,2013.0,"Jan,Apr,Jul,Oct",2015,1,26,5,1,Monday
62,1,2015-01-26,4055,456,1,1,0,0,a,a,15000.0,5.0,2005.0,0,0.0,0.0,None,2015,1,26,5,1,Monday
63,1,2015-01-26,4917,841,1,0,0,0,c,c,3000.0,5.0,2005.0,0,0.0,0.0,None,2015,1,26,5,1,Monday
64,1,2015-01-26,8954,796,1,0,0,0,c,c,1500.0,5.0,0.0,1,1.0,2013.0,"Jan,Apr,Jul,Oct",2015,1,26,5,1,Monday
65,1,2015-01-26,6624,485,1,1,0,0,a,c,1500.0,0.0,2014.0,0,0.0,0.0,None,2015,1,26,5,1,Monday
66,1,2015-01-26,9332,994,1,0,0,0,a,a,15000.0,3.0,2010.0,0,0.0,0.0,None,2015,1,26,5,1,Monday
67,1,2015-01-26,9005,1134,1,0,0,0,d,c,1500.0,1.0,2012.0,0,0.0,0.0,None,2015,1,26,5,1,Monday
68,1,2015-01-26,5319,770,1,1,0,0,c,c,500.0,7.0,0.0,0,0.0,0.0,None,2015,1,26,5,1,Monday
69,1,2015-01-26,5827,745,1,1,0,0,d,c,15000.0,1.0,2012.0,1,31.0,2013.0,"Mar,Jun,Sept,Dec",2015,1,26,5,1,Monday
70,1,2015-01-26,7528,1077,1,1,0,0,a,a,3000.0,5.0,0.0,0,0.0,0.0,None,2015,1,26,5,1,Monday
71,1,2015-01-26,8987,789,1,0,0,0,a,c,120.0,1.0,2008.0,1,31.0,2009.0,"Jan,Apr,Jul,Oct",2015,1,26,5,1,Monday
72,1,2015-01-26,5117,580,1,1,0,0,a,c,7500.0,9.0,2010.0,0,0.0,0.0,None,2015,1,26,5,1,Monday
73,1,2015-01-26,2930,507,1,0,0,0,d,c,500.0,5.0,2008.0,1,40.0,2013.0,"Mar,Jun,Sept,Dec",2015,1,26,5,1,Monday
74,1,2015-01-26,8665,722,1,1,0,0,a,a,500.0,7.0,2012.0,0,0.0,0.0,None,2015,1,26,5,1,Monday
75,1,2015-01-26,5021,477,1,1,0,0,c,c,3000.0,11.0,0.0,1,14.0,2009.0,"Feb,May,Aug,Nov",2015,1,26,5,1,Monday
76,1,2015-01-26,7395,958,1,1,0,0,a,a,120.0,0.0,2014.0,0,0.0,0.0,None,2015,1,26,5,1,Monday
77,1,2015-01-26,10953,1070,1,1,0,0,d,c,1500.0,11.0,2012.0,0,0.0,0.0,None,2015,1,26,5,1,Monday
78,1,2015-01-26,11019,1010,1,1,0,0,d,c,500.0,3.0,2010.0,0,0.0,0.0,None,2015,1,26,5,1,Monday
79,1,2015-01-26,8712,712,1,1,0,0,a,a,500.0,0.0,2012.0,1,14.0,2015.0,"Mar,Jun,Sept,Dec",2015,1,26,5,1,Monday
80,1,2015-01-26,4401,389,1,0,0,0,a,a,15000.0,9.0,2010.0,0,0.0,0.0,None,2015,1,26,5,1,Monday
81,1,2015-01-26,5517,953,1,0,0,0,a,a,1500.0,1.0,2010.0,1,22.0,2009.0,"Jan,Apr,Jul,Oct",2015,1,26,5,1,Monday
82,1,2015-01-26,3450,449,1,0,0,1,a,a,1500.0,0.0,0.0,0,0.0,0.0,None,2015,1,26,5,1,Monday
83,1,2015-01-26,7683,1109,1,1,0,0,a,c,500.0,7.0,2014.0,0,0.0,0.0,None,2015,1,26,5,1,Monday
84,1,2015-01-26,12475,1012,1,1,0,0,d,a,1500.0,0.0,2005.0,0,0.0,0.0,None,2015,1,26,5,1,Monday
85,1,2015-01-26,4327,542,1,1,0,0,d,c,120.0,0.0,2014.0,1,1.0,2013.0,"Jan,Apr,Jul,Oct",2015,1,26,5,1,Monday
86,1,2015-01-26,5676,725,1,1,0,1,d,a,3000.0,0.0,2012.0,0,0.0,0.0,None,2015,1,26,5,1,Monday
87,1,2015-01-26,2395,417,1,0,0,1,a,a,1500.0,0.0,0.0,0,0.0,0.0,None,2015,1,26,5,1,Monday
88,1,2015-01-26,4952,836,1,0,0,1,d,c,3000.0,3.0,2012.0,1,31.0,2009.0,"Feb,May,Aug,Nov",2015,1,26,5,1,Monday
89,1,2015-01-26,6621,765,1,0,0,0,d,a,1500.0,9.0,0.0,1,31.0,2015.0,"Feb,May,Aug,Nov",2015,1,26,5,1,Monday
90,1,2015-01-26,7745,763,1,0,0,0,d,c,1500.0,0.0,0.0,0,0.0,0.0,None,2015,1,26,5,1,Monday
91,1,2015-01-26,7681,804,1,0,0,1,a,c,1500.0,3.0,2008.0,0,0.0,0.0,None,2015,1,26,5,1,Monday
92,1,2015-01-26,9218,1107,1,0,0,1,d,c,120.0,3.0,0.0,1,31.0,2009.0,"Feb,May,Aug,Nov",2015,1,26,5,1,Monday
93,1,2015-01-26,7185,885,1,0,0,0,d,a,120.0,5.0,2005.0,0,0.0,0.0,None,2015,1,26,5,1,Monday
94,1,2015-01-26,2822,472,1,0,0,0,c,a,500.0,11.0,2005.0,0,0.0,0.0,None,2015,1,26,5,1,Monday
95,1,2015-01-26,10696,892,1,0,0,0,a,c,500.0,11.0,2005.0,1,31.0,2009.0,"Feb,May,Aug,Nov",2015,1,26,5,1,Monday
96,1,2015-01-26,10810,1127,1,0,0,0,d,c,500.0,7.0,2005.0,1,10.0,2009.0,"Feb,May,Aug,Nov",2015,1,26,5,1,Monday
97,1,2015-01-26,7847,719,1,0,0,0,c,a,120.0,0.0,2008.0,0,0.0,0.0,None,2015,1,26,5,1,Monday
98,1,2015-01-26,7224,1030,1,0,0,1,c,a,500.0,3.0,2008.0,1,10.0,2009.0,"Feb,May,Aug,Nov",2015,1,26,5,1,Monday
99,1,2015-01-26,4621,486,1,0,0,0,a,c,500.0,1.0,2012.0,0,0.0,0.0,None,2015,1,26,5,1,Monday
100,1,2015-01-26,5698,650,1,0,0,1,b,c,500.0,9.0,2005.0,0,0.0,0.0,None,2015,1,26,5,1,Monday
1,2,2015-01-27,5425,471,1,1,0,0,a,c,3000.0,7.0,2012.0,0,0.0,0.0,None,2015,1,27,5,1,Tuesday
2,2,2015-01-27,12905,1104,1,1,0,0,a,a,7500.0,5.0,2008.0,0,0.0,0.0,None,2015,1,27,5,1,Tuesday
3,2,2015-01-27,3665,318,1,0,0,0,d,c,500.0,5.0,2012.0,1,10.0,2011.0,"Jan,Apr,Jul,Oct",2015,1,27,5,1,Tuesday
4,2,2015-01-27,4669,754,1,0,0,0,a,a,1500.0,1.0,2010.0,1,40.0,2011.0,"Mar,Jun,Sept,Dec",2015,1,27,5,1,Tuesday
5,2,2015-01-27,11295,943,1,0,0,0,c,a,15000.0,0.0,2008.0,1,31.0,2009.0,"Mar,Jun,Sept,Dec",2015,1,27,5,1,Tuesday
6,2,2015-01-27,4541,455,1,0,0,0,a,c,1500.0,1.0,0.0,0,0.0,0.0,None,2015,1,27,5,1,Tuesday
7,2,2015-01-27,7505,749,1,0,0,0,a,a,1500.0,5.0,2012.0,1,14.0,2011.0,"Jan,Apr,Jul,Oct",2015,1,27,5,1,Tuesday
8,2,2015-01-27,6748,775,1,0,0,0,a,c,500.0,9.0,2014.0,1,40.0,2009.0,"Mar,Jun,Sept,Dec",2015,1,27,5,1,Tuesday
9,2,2015-01-27,12432,1094,1,1,0,0,d,a,500.0,5.0,2014.0,1,40.0,2013.0,"Jan,Apr,Jul,Oct",2015,1,27,5,1,Tuesday
10,2,2015-01-27,4820,480,1,0,0,0,d,c,3000.0,11.0,2012.0,1,1.0,2015.0,"Jan,Apr,Jul,Oct",2015,1,27,5,1,Tuesday
11,2,2015-01-27,9116,712,1,1,0,0,a,c,120.0,11.0,0.0,1,22.0,2015.0,"Mar,Jun,Sept,Dec",2015,1,27,5,1,Tuesday
12,2,2015-01-27,8510,1132,1,0,0,0,d,c,3000.0,0.0,2008.0,0,0.0,0.0,None,2015,1,27,5,1,Tuesday
13,2,2015-01-27,2056,349,1,0,0,0,a,a,7500.0,5.0,2005.0,0,0.0,0.0,None,2015,1,27,5,1,Tuesday
14,2,2015-01-27,7147,687,1,0,0,1,a,c,1500.0,5.0,2014.0,1,1.0,2013.0,"Jan,Apr,Jul,Oct",2015,1,27,5,1,Tuesday
15,2,2015-01-27,2577,426,1,0,0,1,d,c,3000.0,11.0,2014.0,1,1.0,2013.0,"Mar,Jun,Sept,Dec",2015,1,27,5,1,Tuesday
16,2,2015-01-27,12507,1048,1,1,0,0,a,a,500.0,11.0,0.0,0,0.0,0.0,None,2015,1,27,5,1,Tuesday
17,2,2015-01-27,3875,454,1,1,0,0,a,c,500.0,7.0,2008.0,0,0.0,0.0,None,2015,1,27,5,1,Tuesday
18,2,2015-01-27,7265,845,1,1,0,1,d,c,1500.0,5.0,2005.0,1,40.0,2009.0,"Jan,Apr,Jul,Oct",2015,1,27,5,1,Tuesday
19,2,2015-01-27,13114,1184,1,0,0,0,d,c,120.0,9.0,2014.0,1,10.0,2013.0,"Jan,Apr,Jul,Oct",2015,1,27,5,1,Tuesday
20,2,2015-01-27,9146,903,1,0,0,1,a,a,500.0,9.0,0.0,1,1.0,2013.0,"Mar,Jun,Sept,Dec",2015,1,27,5,1,Tuesday
21,2,2015-01-27,5151,619,1,1,0,0,a,c,1500.0,0.0,2008.0,0,0.0,0.0,None,2015,1,27,5,1,Tuesday
22,2,2015-01-27,3447,370,1,0,0,1,a,a,500.0,0.0,2010.0,0,0.0,0.0,None,2015,1,27,5,1,Tuesday
23,2,2015-01-27,9617,1192,1,0,0,0,d,c,500.0,1.0,2008.0,0,0.0,0.0,None,2015,1,27,5,1,Tuesday
24,2,2015-01-27,4690,392,1,0,0,0,a,a,1500.0,1.0,2010.0,0,0.0,0.0,None,2015,1,27,5,1,Tuesday
25,2,2015-01-27,7907,671,1,0,0,0,a,c,500.0,1.0,2012.0,0,0.0,0.0,None,2015,1,27,5,1,Tuesday
26,2,2015-01-27,6084,563,1,0,0,0,d,a,1500.0,3.0,2008.0,0,0.0,0.0,None,2015,1,27,5,1,Tuesday
27,2,2015-01-27,2434,399,1,0,0,0,d,a,15000.0,9.0,2008.0,1,1.0,2009.0,"Mar,Jun,Sept,Dec",2015,1,27,5,1,Tuesday
28,2,2015-01-27,9621,896,1,0,0,0,a,a,1500.0,3.0,2010.0,0,0.0,0.0,None,2015,1,27,5,1,Tuesday
29,2,2015-01-27,7685,978,1,1,0,0,a,a,1500.0,5.0,0.0,1,10.0,2015.0,"Jan,Apr,Jul,Oct",2015,1,27,5,1,Tuesday
30,2,2015-01-27,11419,978,1,1,0,1,c,c,500.0,11.0,2014.0,1,22.0,2015.0,"Feb,May,Aug,Nov",2015,1,27,5,1,Tuesday
31,2,2015-01-27,6487,964,1,1,0,0,d,c,500.0,0.0,2014.0,1,31.0,2015.0,"Mar,Jun,Sept,Dec",2015,1,27,5,1,Tuesday
32,2,2015-01-27,8329,987,1,1,0,0,a,a,3000.0,3.0,2010.0,1,1.0,2015.0,"Mar,Jun,Sept,Dec",2015,1,27,5,1,Tuesday
33,2,2015-01-27,5960,691,1,1,0,1,d,c,1500.0,9.0,2008.0,0,0.0,0.0,None,2015,1,27,5,1,Tuesday
34,2,2015-01-27,6275,893,1,1,0,1,d,c,500.0,9.0,2005.0,0,0.0,0.0,None,2015,1,27,5,1,Tuesday
35,2,2015-01-27,5146,388,1,1,0,0,a,c,120.0,5.0,0.0,1,22.0,2015.0,"Mar,Jun,Sept,Dec",2015,1,27,5,1,Tuesday
36,2,2015-01-27,7126,1123,1,0,0,0,d,a,1500.0,3.0,2008.0,1,40.0,2011.0,"Feb,May,Aug,Nov",2015,1,27,5,1,Tuesday
37,2,2015-01-27,11301,901,1,1,0,0,d,a,7500.0,3.0,2008.0,1,40.0,2009.0,"Mar,Jun,Sept,Dec",2015,1,27,5,1,Tuesday
38,2,2015-01-27,6698,578,1,0,0,0,a,a,3000.0,3.0,2010.0,0,0.0,0.0,None,2015,1,27,5,1,Tuesday
39,2,2015-01-27,4874,485,1,0,0,0,c,a,7500.0,7.0,2014.0,1,14.0,2015.0,"Jan,Apr,Jul,Oct",2015,1,27,5,1,Tuesday
40,2,2015-01-27,9032,770,1,0,0,0,d,a,1500.0,11.0,2008.0,1,22.0,2013.0,"Jan,Apr,Jul,Oct",2015,1,27,5,1,Tuesday
41,2,2015-01-27,8957,1152,1,0,0,0,a,c,500.0,1.0,0.0,0,0.0,0.0,None,2015,1,27,5,1,Tuesday
42,2,2015-01-27,4136,487,1,0,0,0,d,c,120.0,1.0,2014.0,0,0.0,0.0,None,2015,1,27,5,1,Tuesday
43,2,2015-01-27,9431,835,1,1,0,0,a,a,500.0,0.0,0.0,1,31.0,2011.0,"Mar,Jun,Sept,Dec",2015,1,27,5,1,Tuesday
44,2,2015-01-27,8786,734,1,0,0,0,a,a,1500.0,5.0,2005.0,0,0.0,0.0,None,2015,1,27,5,1,Tuesday
45,2,2015-01-27,5567,503,1,0,0,0,c,a,120.0,9.0,2014.0,1,22.0,2011.0,"Feb,May,Aug,Nov",2015,1,27,5,1,Tuesday
46,2,2015-01-27,3270,407,1,1,0,1,a,c,500.0,1.0,2014.0,0,0.0,0.0,None,2015,1,27,5,1,Tuesday
47,2,2015-01-27,0,0,0,0,0,1,c,a,1500.0,0.0,0.0,1,40.0,2013.0,"Jan,Apr,Jul,Oct",2015,1,27,5,1,Tuesday
48,2,2015-01-27,4235,687,1,0,0,0,a,c,500.0,7.0,2010.0,1,22.0,2011.0,"Mar,Jun,Sept,Dec",2015,1,27,5,1,Tuesday
49,2,2015-01-27,4301,610,1,0,0,0,d,a,120.0,1.0,2010.0,1,14.0,2009.0,"Mar,Jun,Sept,Dec",2015,1,27,5,1,Tuesday
50,2,2015-01-27,5935,568,1,1,0,0,a,c,500.0,1.0,2012.0,0,0.0,0.0,None,2015,1,27,5,1,Tuesday
51,2,2015-01-27,4332,501,1,0,0,0,a,c,120.0,1.0,0.0,0,0.0,0.0,None,2015,1,27,5,1,Tuesday
52,2,2015-01-27,10784,937,1,0,0,0,a,a,120.0,7.0,2012.0,1,31.0,2013.0,"Mar,Jun,Sept,Dec",2015,1,27,5,1,Tuesday
53,2,2015-01-27,9325,915,1,0,0,0,a,c,1500.0,0.0,0.0,1,14.0,2009.0,"Feb,May,Aug,Nov",2015,1,27,5,1,Tuesday
54,2,2015-01-27,9425,864,1,0,0,0,a,a,1500.0,0.0,0.0,0,0.0,0.0,None,2015,1,27,5,1,Tuesday
55,2,2015-01-27,12560,1098,1,0,0,0,d,c,1500.0,1.0,2005.0,1,22.0,2009.0,"Feb,May,Aug,Nov",2015,1,27,5,1,Tuesday
56,2,2015-01-27,4404,486,1,0,0,0,a,a,1500.0,7.0,2010.0,0,0.0,0.0,None,2015,1,27,5,1,Tuesday
57,2,2015-01-27,8974,864,1,0,0,0,a,c,1500.0,0.0,2012.0,1,10.0,2009.0,"Mar,Jun,Sept,Dec",2015,1,27,5,1,Tuesday
58,2,2015-01-27,4495,478,1,1,0,0,d,c,1500.0,0.0,0.0,1,14.0,2009.0,"Mar,Jun,Sept,Dec",2015,1,27,5,1,Tuesday
59,2,2015-01-27,2798,384,1,0,0,0,d,c,500.0,7.0,2012.0,0,0.0,0.0,None,2015,1,27,5,1,Tuesday
60,2,2015-01-27,4385,545,1,0,0,0,a,a,1500.0,11.0,0.0,1,31.0,2011.0,"Feb,May,Aug,Nov",2015,1,27,5,1,Tuesday
61,2,2015-01-27,6819,487,1,1,0,0,a,c,500.0,5.0,2005.0,1,31.0,2013.0,"Jan,Apr,Jul,Oct",2015,1,27,5,1,Tuesday
62,2,2015-01-27,11871,929,1,1,0,0,a,a,15000.0,5.0,2005.0,0,0.0,0.0,None,2015,1,27,5,1,Tuesday
63,2,2015-01-27,7426,833,1,1,0,0,c,c,3000.0,5.0,2005.0,0,0.0,0.0,None,2015,1,27,5,1,Tuesday
64,2,2015-01-27,6640,645,1,1,0,0,c,c,1500.0,5.0,0.0,1,1.0,2013.0,"Jan,Apr,Jul,Oct",2015,1,27,5,1,Tuesday
65,2,2015-01-27,11419,906,1,1,0,0,a,c,1500.0,0.0,2014.0,0,0.0,0.0,None,2015,1,27,5,1,Tuesday
66,2,2015-01-27,3629,347,1,1,0,0,a,a,15000.0,3.0,2010.0,0,0.0,0.0,None,2015,1,27,5,1,Tuesday
67,2,2015-01-27,2556,429,1,0,0,1,d,c,1500.0,1.0,2012.0,0,0.0,0.0,None,2015,1,27,5,1,Tuesday
68,2,2015-01-27,5450,502,1,1,0,1,c,c,500.0,7.0,0.0,0,0.0,0.0,None,2015,1,27,5,1,Tuesday
69,2,2015-01-27,7184,1006,1,0,0,0,d,c,15000.0,1.0,2012.0,1,31.0,2013.0,"Mar,Jun,Sept,Dec",2015,1,27,5,1,Tuesday
70,2,2015-01-27,3167,454,1,1,0,0,a,a,3000.0,5.0,0.0,0,0.0,0.0,None,2015,1,27,5,1,Tuesday
71,2,2015-01-27,4385,493,1,1,0,0,a,c,120.0,1.0,2008.0,1,31.0,2009.0,"Jan,Apr,Jul,Oct",2015,1,27,5,1,Tuesday
72,2,2015-01-27,12396,1198,1,1,0,0,a,c,7500.0,9.0,2010.0,0,0.0,0.0,None,2015,1,27,5,1,Tuesday
73,2,2015-01-27,5475,672,1,1,0,1,d,c,500.0,5.0,2008.0,1,40.0,2013.0,"Mar,Jun,Sept,Dec",2015,1,27,5,1,Tuesday
74,2,2015-01-27,8103,756,1,1,0,0,a,a,500.0,7.0,2012.0,0,0.0,0.0,None,2015,1,27,5,1,Tuesday
75,2,2015-01-27,9024,977,1,0,0,0,c,c,3000.0,11.0,0.0,1,14.0,2009.0,"Feb,May,Aug,Nov",2015,1,27,5,1,Tuesday
76,2,2015-01-27,1997,350,1,0,0,0,a,a,120.0,0.0,2014.0,0,0.0,0.0,None,2015,1,27,5,1,Tuesday
77,2,2015-01-27,8182,1149,1,1,0,1,d,c,1500.0,11.0,2012.0,0,0.0,0.0,None,2015,1,27,5,1,Tuesday
78,2,2015-01-27,7115,567,1,1,0,0,d,c,500.0,3.0,2010.0,0,0.0,0.0,None,2015,1,27,5,1,Tuesday
79,2,2015-01-27,7346,789,1,0,0,0,a,a,500.0,0.0,2012.0,1,14.0,2015.0,"Mar,Jun,Sept,Dec",2015,1,27,5,1,Tuesday
80,2,2015-01-27,4726,808,1,0,0,0,a,a,15000.0,9.0,2010.0,0,0.0,0.0,None,2015,1,27,5,1,Tuesday
81,2,2015-01-27,11671,1076,1,1,0,0,a,a,1500.0,1.0,2010.0,1,22.0,2009.0,"Jan,Apr,Jul,Oct",2015,1,27,5,1,Tuesday
82,2,2015-01-27,4512,496,1,1,0,0,a,a,1500.0,0.0,0.0,0,0.0,0.0,None,2015,1,27,5,1,Tuesday
83,2,2015-01-27,5971,829,1,0,0,0,a,c,500.0,7.0,2014.0,0,0.0,0.0,None,2015,1,27,5,1,Tuesday
84,2,2015-01-27,7480,717,1,0,0,0,d,a,1500.0,0.0,2005.0,0,0.0,0.0,None,2015,1,27,5,1,Tuesday
85,2,2015-01-27,9359,865,1,1,0,1,d,c,120.0,0.0,2014.0,1,1.0,2013.0,"Jan,Apr,Jul,Oct",2015,1,27,5,1,Tuesday
86,2,2015-01-27,6111,629,1,1,0,0,d,a,3000.0,0.0,2012.0,0,0.0,0.0,None,2015,1,27,5,1,Tuesday
87,2,2015-01-27,8175,886,1,1,0,1,a,a,1500.0,0.0,0.0,0,0.0,0.0,None,2015,1,27,5,1,Tuesday
88,2,2015-01-27,10460,1129,1,0,0,0,d,c,3000.0,3.0,2012.0,1,31.0,2009.0,"Feb,May,Aug,Nov",2015,1,27,5,1,Tuesday
89,2,2015-01-27,6650,879,1,0,0,0,d,a,1500.0,9.0,0.0,1,31.0,2015.0,"Feb,May,Aug,Nov",2015,1,27,5,1,Tuesday
90,2,2015-01-27,6470,1129,1,0,0,0,d,c,1500.0,0.0,0.0,0,0.0,0.0,None,2015,1,27,5,1,Tuesday
91,2,2015-01-27,6917,693,1,1,0,0,a,c,1500.0,3.0,2008.0,0,0.0,0.0,None,2015,1,27,5,1,Tuesday
92,2,2015-01-27,12439,1061,1,0,0,0,d,c,120.0,3.0,0.0,1,31.0,2009.0,"Feb,May,Aug,Nov",2015,1,27,5,1,Tuesday
93,2,2015-01-27,9569,832,1,0,0,0,d,a,120.0,5.0,2005.0,0,0.0,0.0,None,2015,1,27,5,1,Tuesday
94,2,2015-01-27,9036,1018,1,0,0,0,c,a,500.0,11.0,2005.0,0,0.0,0.0,None,2015,1,27,5,1,Tuesday
95,2,2015-01-27,12817,1100,1,0,0,0,a,c,500.0,11.0,2005.0,1,31.0,2009.0,"Feb,May,Aug,Nov",2015,1,27,5,1,Tuesday
96,2,2015-01-27,5613,1019,1,0,0,0,d,c,500.0,7.0,2005.0,1,10.0,2009.0,"Feb,May,Aug,Nov",2015,1,27,5,1,Tuesday
97,2,2015-01-27,6727,867,1,0,0,0,c,a,120.0,0.0,2008.0,0,0.0,0.0,None,2015,1,27,5,1,Tuesday
98,2,2015-01-27,0,0,0,1,0,0,c,a,500.0,3.0,2008.0,1,10.0,2009.0,"Feb,May,Aug,Nov",2015,1,27,5,1,Tuesday
99,2,2015-01-27,5992,682,1,1,0,0,a,c,500.0,1.0,2012.0,0,0.0,0.0,None,2015,1,27,5,1,Tuesday
100,2,2015-01-27,4239,366,1,1,0,0,b,c,500.0,9.0,2005.0,0,0.0,0.0,None,2015,1,27,5,1,Tuesday
1,3,2015-01-28,5046,432,1,1,0,0,a,c,3000.0,7.0,2012.0,0,0.0,0.0,None,2015,1,28,5,1,Wednesday
2,3,2015-01-28,6864,815,1,0,0,1,a,a,7500.0,5.0,2008.0,0,0.0,0.0,None,2015,1,28,5,1,Wednesday
3,3,2015-01-28,7898,1046,1,0,0,1,d,c,500.0,5.0,2012.0,1,10.0,2011.0,"Jan,Apr,Jul,Oct",2015,1,28,5,1,Wednesday
4,3,2015-01-28,3113,380,1,1,0,1,a,a,1500.0,1.0,2010.0,1,40.0,2011.0,"Mar,Jun,Sept,Dec",2015,1,28,5,1,Wednesday
5,3,2015-01-28,10212,924,1,1,0,0,c,a,15000.0,0.0,2008.0,1,31.0,2009.0,"Mar,Jun,Sept,Dec",2015,1,28,5,1,Wednesday
6,3,2015-01-28,2589,309,1,0,0,1,a,c,1500.0,1.0,0.0,0,0.0,0.0,None,2015,1,28,5,1,Wednesday
7,3,2015-01-28,2862,337,1,1,0,0,a,a,1500.0,5.0,2012.0,1,14.0,2011.0,"Jan,Apr,Jul,Oct",2015,1,28,5,1,Wednesday
8,3,2015-01-28,2735,316,1,0,0,0,a,c,500.0,9.0,2014.0,1,40.0,2009.0,"Mar,Jun,Sept,Dec",2015,1,28,5,1,Wednesday
9,3,2015-01-28,8091,852,1,0,0,1,d,a,500.0,5.0,2014.0,1,40.0,2013.0,"Jan,Apr,Jul,Oct",2015,1,28,5,1,Wednesday
10,3,2015-01-28,5166,438,1,0,0,0,d,c,3000.0,11.0,2012.0,1,1.0,2015.0,"Jan,Apr,Jul,Oct",2015,1,28,5,1,Wednesday
11,3,2015-01-28,3645,591,1,0,0,0,a,c,120.0,11.0,0.0,1,22.0,2015.0,"Mar,Jun,Sept,Dec",2015,1,28,5,1,Wednesday
12,3,2015-01-28,4385,426,1,1,0,0,d,c,3000.0,0.0,2008.0,0,0.0,0.0,None,2015,1,28,5,1,Wednesday
13,3,2015-01-28,10935,1124,1,0,0,1,a,a,7500.0,5.0,2005.0,0,0.0,0.0,None,2015,1,28,5,1,Wednesday
14,3,2015-01-28,4353,577,1,0,0,0,a,c,1500.0,5.0,2014.0,1,1.0,2013.0,"Jan,Apr,Jul,Oct",2015,1,28,5,1,Wednesday
15,3,2015-01-28,4151,508,1,0,0,1,d,c,3000.0,11.0,2014.0,1,1.0,2013.0,"Mar,Jun,Sept,Dec",2015,1,28,5,1,Wednesday
16,3,2015-01-28,6455,876,1,1,0,0,a,a,500.0,11.0,0.0,0,0.0,0.0,None,2015,1,28,5,1,Wednesday
17,3,2015-01-28,6442,837,1,1,0,0,a,c,500.0,7.0,2008.0,0,0.0,0.0,None,2015,1,28,5,1,Wednesday
18,3,2015-01-28,8510,825,1,0,0,0,d,c,1500.0,5.0,2005.0,1,40.0,2009.0,"Jan,Apr,Jul,Oct",2015,1,28,5,1,Wednesday
19,3,2015-01-28,15332,1197,1,1,0,0,d,c,120.0,9.0,2014.0,1,10.0,2013.0,"Jan,Apr,Jul,Oct",2015,1,28,5,1,Wednesday
20,3,2015-01-28,5822,491,1,1,0,0,a,a,500.0,9.0,0.0,1,1.0,2013.0,"Mar,Jun,Sept,Dec",2015,1,28,5,1,Wednesday
21,3,2015-01-28,4091,501,1,0,0,1,a,c,1500.0,0.0,2008.0,0,0.0,0.0,None,2015,1,28,5,1,Wednesday
22,3,2015-01-28,7179,826,1,0,0,1,a,a,500.0,0.0,2010.0,0,0.0,0.0,None,2015,1,28,5,1,Wednesday
23,3,2015-01-28,7054,646,1,1,0,0,d,c,500.0,1.0,2008.0,0,0.0,0.0,None,2015,1,28,5,1,Wednesday
24,3,2015-01-28,2922,383,1,0,0,1,a,a,1500.0,1.0,2010.0,0,0.0,0.0,None,2015,1,28,5,1,Wednesday
25,3,2015-01-28,5856,405,1,1,0,0,a,c,500.0,1.0,2012.0,0,0.0,0.0,None,2015,1,28,5,1,Wednesday
26,3,2015-01-28,7681,878,1,1,0,0,d,a,1500.0,3.0,2008.0,0,0.0,0.0,None,2015,1,28,5,1,Wednesday
27,3,2015-01-28,5853,704,1,1,0,0,d,a,15000.0,9.0,2008.0,1,1.0,2009.0,"Mar,Jun,Sept,Dec",2015,1,28,5,1,Wednesday
28,3,2015-01-28,1981,318,1,0,0,0,a,a,1500.0,3.0,2010.0,0,0.0,0.0,None,2015,1,28,5,1,Wednesday
29,3,2015-01-28,5325,474,1,0,0,0,a,a,1500.0,5.0,0.0,1,10.0,2015.0,"Jan,Apr,Jul,Oct",2015,1,28,5,1,Wednesday
30,3,2015-01-28,10191,1059,1,1,0,1,c,c,500.0,11.0,2014.0,1,22.0,2015.0,"Feb,May,Aug,Nov",2015,1,28,5,1,Wednesday
31,3,2015-01-28,6692,510,1,1,0,0,d,c,500.0,0.0,2014.0,1,31.0,2015.0,"Mar,Jun,Sept,Dec",2015,1,28,5,1,Wednesday
32,3,2015-01-28,3896,519,1,1,0,0,a,a,3000.0,3.0,2010.0,1,1.0,2015.0,"Mar,Jun,Sept,Dec",2015,1,28,5,1,Wednesday
33,3,2015-01-28,5720,481,1,1,0,1,d,c,1500.0,9.0,2008.0,0,0.0,0.0,None,2015,1,28,5,1,Wednesday
34,3,2015-01-28,6243,587,1,0,0,1,d,c,500.0,9.0,2005.0,0,0.0,0.0,None,2015,1,28,5,1,Wednesday
35,3,2015-01-28,6915,807,1,1,0,0,a,c,120.0,5.0,0.0,1,22.0,2015.0,"Mar,Jun,Sept,Dec",2015,1,28,5,1,Wednesday
36,3,2015-01-28,3326,404,1,0,0,1,d,a,1500.0,3.0,2008.0,1,40.0,2011.0,"Feb,May,Aug,Nov",2015,1,28,5,1,Wednesday
37,3,2015-01-28,5882,640,1,0,0,0,d,a,7500.0,3.0,2008.0,1,40.0,2009.0,"Mar,Jun,Sept,Dec",2015,1,28,5,1,Wednesday
38,3,2015-01-28,8472,718,1,1,0,0,a,a,3000.0,3.0,2010.0,0,0.0,0.0,None,2015,1,28,5,1,Wednesday
39,3,2015-01-28,8561,1191,1,0,0,0,c,a,7500.0,7.0,2014.0,1,14.0,2015.0,"Jan,Apr,Jul,Oct",2015,1,28,5,1,Wednesday
40,3,2015-01-28,9407,839,1,0,0,0,d,a,1500.0,11.0,2008.0,1,22.0,2013.0,"Jan,Apr,Jul,Oct",2015,1,28,5,1,Wednesday
41,3,2015-01-28,5373,373,1,1,0,1,a,c,500.0,1.0,0.0,0,0.0,0.0,None,2015,1,28,5,1,Wednesday
42,3,2015-01-28,6753,752,1,0,0,0,d,c,120.0,1.0,2014.0,0,0.0,0.0,None,2015,1,28,5,1,Wednesday
43,3,2015-01-28,4449,614,1,0,0,0,a,a,500.0,0.0,0.0,1,31.0,2011.0,"Mar,Jun,Sept,Dec",2015,1,28,5,1,Wednesday
44,3,2015-01-28,8292,702,1,0,0,0,a,a,1500.0,5.0,2005.0,0,0.0,0.0,None,2015,1,28,5,1,Wednesday
45,3,2015-01-28,5022,425,1,0,0,0,c,a,120.0,9.0,2014.0,1,22.0,2011.0,"Feb,May,Aug,Nov",2015,1,28,5,1,Wednesday
46,3,2015-01-28,9603,908,1,0,0,1,a,c,500.0,1.0,2014.0,0,0.0,0.0,None,2015,1,28,5,1,Wednesday
47,3,2015-01-28,3568,323,1,1,0,1,c,a,1500.0,0.0,0.0,1,40.0,2013.0,"Jan,Apr,Jul,Oct",2015,1,28,5,1,Wednesday
48,3,2015-01-28,7425,1026,1,0,0,0,a,c,500.0,7.0,2010.0,1,22.0,2011.0,"Mar,Jun,Sept,Dec",2015,1,28,5,1,Wednesday
49,3,2015-01-28,9667,1056,1,0,0,0,d,a,120.0,1.0,2010.0,1,14.0,2009.0,"Mar,Jun,Sept,Dec",2015,1,28,5,1,Wednesday
50,3,2015-01-28,6966,1043,1,0,0,0,a,c,500.0,1.0,2012.0,0,0.0,0.0,None,2015,1,28,5,1,Wednesday
51,3,2015-01-28,7568,1080,1,0,0,0,a,c,120.0,1.0,0.0,0,0.0,0.0,None,2015,1,28,5,1,Wednesday
52,3,2015-01-28,5289,528,1,0,0,1,a,a,120.0,7.0,2012.0,1,31.0,2013.0,"Mar,Jun,Sept,Dec",2015,1,28,5,1,Wednesday
53,3,2015-01-28,11041,919,1,1,0,0,a,c,1500.0,0.0,0.0,1,14.0,2009.0,"Feb,May,Aug,Nov",2015,1,28,5,1,Wednesday
54,3,2015-01-28,2982,361,1,0,0,0,a,a,1500.0,0.0,0.0,0,0.0,0.0,None,2015,1,28,5,1,Wednesday
55,3,2015-01-28,7735,641,1,1,0,0,d,c,1500.0,1.0,2005.0,1,22.0,2009.0,"Feb,May,Aug,Nov",2015,1,28,5,1,Wednesday
56,3,2015-01-28,5953,631,1,0,0,0,a,a,1500.0,7.0,2010.0,0,0.0,0.0,None,2015,1,28,5,1,Wednesday
57,3,2015-01-28,8460,852,1,0,0,1,a,c,1500.0,0.0,2012.0,1,10.0,2009.0,"Mar,Jun,Sept,Dec",2015,1,28,5,1,Wednesday
58,3,2015-01-28,4585,755,1,0,0,0,d,c,1500.0,0.0,0.0,1,14.0,2009.0,"Mar,Jun,Sept,Dec",2015,1,28,5,1,Wednesday
59,3,2015-01-28,5923,575,1,0,0,0,d,c,500.0,7.0,2012.0,0,0.0,0.0,None,2015,1,28,5,1,Wednesday
60,3,2015-01-28,11335,1064,1,0,0,1,a,a,1500.0,11.0,0.0,1,31.0,2011.0,"Feb,May,Aug,Nov",2015,1,28,5,1,Wednesday
61,3,2015-01-28,6503,867,1,1,0,0,a,c,500.0,5.0,2005.0,1,31.0,2013.0,"Jan,Apr,Jul,Oct",2015,1,28,5,1,Wednesday
62,3,2015-01-28,11562,922,1,1,0,1,a,a,15000.0,5.0,2005.0,0,0.0,0.0,None,2015,1,28,5,1,Wednesday
63,3,2015-01-28,9829,827,1,0,0,0,c,c,3000.0,5.0,2005.0,0,0.0,0.0,None,2015,1,28,5,1,Wednesday
64,3,2015-01-28,4592,579,1,0,0,1,c,c,1500.0,5.0,0.0,1,1.0,2013.0,"Jan,Apr,Jul,Oct",2015,1,28,5,1,Wednesday
65,3,2015-01-28,3992,377,1,0,0,0,a,c,1500.0,0.0,2014.0,0,0.0,0.0,None,2015,1,28,5,1,Wednesday
66,3,2015-01-28,0,0,0,0,0,0,a,a,15000.0,3.0,2010.0,0,0.0,0.0,None,2015,1,28,5,1,Wednesday
67,3,2015-01-28,4554,432,1,1,0,0,d,c,1500.0,1.0,2012.0,0,0.0,0.0,None,2015,1,28,5,1,Wednesday
68,3,2015-01-28,6865,841,1,1,0,0,c,c,500.0,7.0,0.0,0,0.0,0.0,None,2015,1,28,5,1,Wednesday
69,3,2015-01-28,6270,969,1,0,0,0,d,c,15000.0,1.0,2012.0,1,31.0,2013.0,"Mar,Jun,Sept,Dec",2015,1,28,5,1,Wednesday
70,3,2015-01-28,3106,511,1,0,0,1,a,a,3000.0,5.0,0.0,0,0.0,0.0,None,2015,1,28,5,1,Wednesday
71,3,2015-01-28,8484,1073,1,1,0,0,a,c,120.0,1.0,2008.0,1,31.0,2009.0,"Jan,Apr,Jul,Oct",2015,1,28,5,1,Wednesday
72,3,2015-01-28,11474,1034,1,0,0,0,a,c,7500.0,9.0,2010.0,0,0.0,0.0,None,2015,1,28,5,1,Wednesday
73,3,2015-01-28,2909,325,1,0,0,0,d,c,500.0,5.0,2008.0,1,40.0,2013.0,"Mar,Jun,Sept,Dec",2015,1,28,5,1,Wednesday
74,3,2015-01-28,4978,382,1,1,0,0,a,a,500.0,7.0,2012.0,0,0.0,0.0,None,2015,1,28,5,1,Wednesday
75,3,2015-01-28,8560,697,1,1,0,0,c,c,3000.0,11.0,0.0,1,14.0,2009.0,"Feb,May,Aug,Nov",2015,1,28,5,1,Wednesday
76,3,2015-01-28,12485,953,1,1,0,0,a,a,120.0,0.0,2014.0,0,0.0,0.0,None,2015,1,28,5,1,Wednesday
77,3,2015-01-28,7494,968,1,0,0,0,d,c,1500.0,11.0,2012.0,0,0.0,0.0,None,2015,1,28,5,1,Wednesday
78,3,2015-01-28,5120,478,1,0,0,0,d,c,500.0,3.0,2010.0,0,0.0,0.0,None,2015,1,28,5,1,Wednesday
79,3,2015-01-28,5312,542,1,1,0,1,a,a,500.0,0.0,2012.0,1,14.0,2015.0,"Mar,Jun,Sept,Dec",2015,1,28,5,1,Wednesday
80,3,2015-01-28,7666,883,1,0,0,0,a,a,15000.0,9.0,2010.0,0,0.0,0.0,None,2015,1,28,5,1,Wednesday
81,3,2015-01-28,2594,356,1,0,0,0,a,a,1500.0,1.0,2010.0,1,22.0,2009.0,"Jan,Apr,Jul,Oct",2015,1,28,5,1,Wednesday
82,3,2015-01-28,6857,803,1,0,0,0,a,a,1500.0,0.0,0.0,0,0.0,0.0,None,2015,1,28,5,1,Wednesday
83,3,2015-01-28,10535,1118,1,0,0,1,a,c,500.0,7.0,2014.0,0,0.0,0.0,None,2015,1,28,5,1,Wednesday
84,3,2015-01-28,3481,430,1,1,0,0,d,a,1500.0,0.0,2005.0,0,0.0,0.0,None,2015,1,28,5,1,Wednesday
85,3,2015-01-28,6445,545,1,1,0,1,d,c,120.0,0.0,2014.0,1,1.0,2013.0,"Jan,Apr,Jul,Oct",2015,1,28,5,1,Wednesday
86,3,2015-01-28,7276,564,1,1,0,0,d,a,3000.0,0.0,2012.0,0,0.0,0.0,None,2015,1,28,5,1,Wednesday
87,3,2015-01-28,5138,449,1,0,0,0,a,a,1500.0,0.0,0.0,0,0.0,0.0,None,2015,1,28,5,1,Wednesday
88,3,2015-01-28,5366,907,1,0,0,0,d,c,3000.0,3.0,2012.0,1,31.0,2009.0,"Feb,May,Aug,Nov",2015,1,28,5,1,Wednesday
89,3,2015-01-28,11760,1092,1,0,0,0,d,a,1500.0,9.0,0.0,1,31.0,2015.0,"Feb,May,Aug,Nov",2015,1,28,5,1,Wednesday
90,3,2015-01-28,5180,495,1,0,0,1,d,c,1500.0,0.0,0.0,0,0.0,0.0,None,2015,1,28,5,1,Wednesday
91,3,2015-01-28,5424,765,1,0,0,0,a,c,1500.0,3.0,2008.0,0,0.0,0.0,None,2015,1,28,5,1,Wednesday
92,3,2015-01-28,5346,460,1,0,0,0,d,c,120.0,3.0,0.0,1,31.0,2009.0,"Feb,May,Aug,Nov",2015,1,28,5,1,Wednesday
93,3,2015-01-28,8700,1077,1,1,0,0,d,a,120.0,5.0,2005.0,0,0.0,0.0,None,2015,1,28,5,1,Wednesday
94,3,2015-01-28,9943,1035,1,1,0,0,c,a,500.0,11.0,2005.0,0,0.0,0.0,None,2015,1,28,5,1,Wednesday
95,3,2015-01-28,10670,1173,1,1,0,0,a,c,500.0,11.0,2005.0,1,31.0,2009.0,"Feb,May,Aug,Nov",2015,1,28,5,1,Wednesday
96,3,2015-01-28,12978,1168,1,0,0,0,d,c,500.0,7.0,2005.0,1,10.0,2009.0,"Feb,May,Aug,Nov",2015,1,28,5,1,Wednesday
97,3,2015-01-28,4636,704,1,0,0,0,c,a,120.0,0.0,2008.0,0,0.0,0.0,None,2015,1,28,5,1,Wednesday
98,3,2015-01-28,6619,792,1,1,0,0,c,a,500.0,3.0,2008.0,1,10.0,2009.0,"Feb,May,Aug,Nov",2015,1,28,5,1,Wednesday
99,3,2015-01-28,3617,409,1,1,0,0,a,c,500.0,1.0,2012.0,0,0.0,0.0,None,2015,1,28,5,1,Wednesday
100,3,2015-01-28,6218,548,1,1,0,0,b,c,500.0,9.0,2005.0,0,0.0,0.0,None,2015,1,28,5,1,Wednesday
1,4,2015-01-29,6384,869,1,0,0,1,a,c,3000.0,7.0,2012.0,0,0.0,0.0,None,2015,1,29,5,1,Thursday
2,4,2015-01-29,2541,373,1,0,0,0,a,a,7500.0,5.0,2008.0,0,0.0,0.0,None,2015,1,29,5,1,Thursday
3,4,2015-01-29,8233,870,1,0,0,0,d,c,500.0,5.0,2012.0,1,10.0,2011.0,"Jan,Apr,Jul,Oct",2015,1,29,5,1,Thursday
4,4,2015-01-29,4355,714,1,0,0,0,a,a,1500.0,1.0,2010.0,1,40.0,2011.0,"Mar,Jun,Sept,Dec",2015,1,29,5,1,Thursday
5,4,2015-01-29,7026,1195,1,0,0,0,c,a,15000.0,0.0,2008.0,1,31.0,2009.0,"Mar,Jun,Sept,Dec",2015,1,29,5,1,Thursday
6,4,2015-01-29,6625,660,1,0,0,0,a,c,1500.0,1.0,0.0,0,0.0,0.0,None,2015,1,29,5,1,Thursday
7,4,2015-01-29,7586,1013,1,0,0,0,a,a,1500.0,5.0,2012.0,1,14.0,2011.0,"Jan,Apr,Jul,Oct",2015,1,29,5,1,Thursday
8,4,2015-01-29,2901,404,1,0,0,0,a,c,500.0,9.0,2014.0,1,40.0,2009.0,"Mar,Jun,Sept,Dec",2015,1,29,5,1,Thursday
9,4,2015-01-29,11800,1008,1,1,0,1,d,a,500.0,5.0,2014.0,1,40.0,2013.0,"Jan,Apr,Jul,Oct",2015,1,29,5,1,Thursday
10,4,2015-01-29,8646,956,1,0,0,0,d,c,3000.0,11.0,2012.0,1,1.0,2015.0,"Jan,Apr,Jul,Oct",2015,1,29,5,1,Thursday
11,4,2015-01-29,8154,1196,1,1,0,0,a,c,120.0,11.0,0.0,1,22.0,2015.0,"Mar,Jun,Sept,Dec",2015,1,29,5,1,Thursday
12,4,2015-01-29,5765,527,1,0,0,0,d,c,3000.0,0.0,2008.0,0,0.0,0.0,None,2015,1,29,5,1,Thursday
13,4,2015-01-29,8366,1068,1,1,0,0,a,a,7500.0,5.0,2005.0,0,0.0,0.0,None,2015,1,29,5,1,Thursday
14,4,2015-01-29,7610,643,1,0,0,0,a,c,1500.0,5.0,2014.0,1,1.0,2013.0,"Jan,Apr,Jul,Oct",2015,1,29,5,1,Thursday
15,4,2015-01-29,3445,370,1,0,0,0,d,c,3000.0,11.0,2014.0,1,1.0,2013.0,"Mar,Jun,Sept,Dec",2015,1,29,5,1,Thursday
16,4,2015-01-29,5411,797,1,0,0,0,a,a,500.0,11.0,0.0,0,0.0,0.0,None,2015,1,29,5,1,Thursday
17,4,2015-01-29,7370,1029,1,1,0,0,a,c,500.0,7.0,2008.0,0,0.0,0.0,None,2015,1,29,5,1,Thursday
18,4,2015-01-29,6975,698,1,0,0,0,d,c,1500.0,5.0,2005.0,1,40.0,2009.0,"Jan,Apr,Jul,Oct",2015,1,29,5,1,Thursday
19,4,2015-01-29,0,0,0,0,0,0,d,c,120.0,9.0,2014.0,1,10.0,2013.0,"Jan,Apr,Jul,Oct",2015,1,29,5,1,Thursday
20,4,2015-01-29,6537,752,1,0,0,0,a,a,500.0,9.0,0.0,1,1.0,2013.0,"Mar,Jun,Sept,Dec",2015,1,29,5,1,Thursday
21,4,2015-01-29,9340,1010,1,1,0,0,a,c,1500.0,0.0,2008.0,0,0.0,0.0,None,2015,1,29,5,1,Thursday
22,4,2015-01-29,9551,912,1,0,0,0,a,a,500.0,0.0,2010.0,0,0.0,0.0,None,2015,1,29,5,1,Thursday
23,4,2015-01-29,3026,353,1,0,0,0,d,c,500.0,1.0,2008.0,0,0.0,0.0,None,2015,1,29,5,1,Thursday
24,4,2015-01-29,5516,1000,1,0,0,0,a,a,1500.0,1.0,2010.0,0,0.0,0.0,None,2015,1,29,5,1,Thursday
25,4,2015-01-29,4078,305,1,1,0,0,a,c,500.0,1.0,2012.0,0,0.0,0.0,None,2015,1,29,5,1,Thursday
26,4,2015-01-29,12850,1111,1,0,0,0,d,a,1500.0,3.0,2008.0,0,0.0,0.0,None,2015,1,29,5,1,Thursday
27,4,2015-01-29,6263,1007,1,0,0,0,d,a,15000.0,9.0,2008.0,1,1.0,2009.0,"Mar,Jun,Sept,Dec",2015,1,29,5,1,Thursday
28,4,2015-01-29,7953,1067,1,0,0,0,a,a,1500.0,3.0,2010.0,0,0.0,0.0,None,2015,1,29,5,1,Thursday
29,4,2015-01-29,6438,808,1,1,0,1,a,a,1500.0,5.0,0.0,1,10.0,2015.0,"Jan,Apr,Jul,Oct",2015,1,29,5,1,Thursday
30,4,2015-01-29,4638,478,1,1,0,1,c,c,500.0,11.0,2014.0,1,22.0,2015.0,"Feb,May,Aug,Nov",2015,1,29,5,1,Thursday
31,4,2015-01-29,9558,1079,1,0,0,0,d,c,500.0,0.0,2014.0,1,31.0,2015.0,"Mar,Jun,Sept,Dec",2015,1,29,5,1,Thursday
32,4,2015-01-29,4604,406,1,1,0,0,a,a,3000.0,3.0,2010.0,1,1.0,2015.0,"Mar,Jun,Sept,Dec",2015,1,29,5,1,Thursday
33,4,2015-01-29,7936,1148,1,0,0,0,d,c,1500.0,9.0,2008.0,0,0.0,0.0,None,2015,1,29,5,1,Thursday
34,4,2015-01-29,8007,774,1,1,0,0,d,c,500.0,9.0,2005.0,0,0.0,0.0,None,2015,1,29,5,1,Thursday
35,4,2015-01-29,3767,330,1,1,0,0,a,c,120.0,5.0,0.0,1,22.0,2015.0,"Mar,Jun,Sept,Dec",2015,1,29,5,1,Thursday
36,4,2015-01-29,5346,599,1,0,0,0,d,a,1500.0,3.0,2008.0,1,40.0,2011.0,"Feb,May,Aug,Nov",2015,1,29,5,1,Thursday
37,4,2015-01-29,6744,797,1,1,0,0,d,a,7500.0,3.0,2008.0,1,40.0,2009.0,"Mar,Jun,Sept,Dec",2015,1,29,5,1,Thursday
38,4,2015-01-29,4087,685,1,0,0,0,a,a,3000.0,3.0,2010.0,0,0.0,0.0,None,2015,1,29,5,1,Thursday
39,4,2015-01-29,1955,318,1,0,0,1,c,a,7500.0,7.0,2014.0,1,14.0,2015.0,"Jan,Apr,Jul,Oct",2015,1,29,5,1,Thursday
40,4,2015-01-29,6975,934,1,1,0,0,d,a,1500.0,11.0,2008.0,1,22.0,2013.0,"Jan,Apr,Jul,Oct",2015,1,29,5,1,Thursday
41,4,2015-01-29,3603,320,1,0,0,0,a,c,500.0,1.0,0.0,0,0.0,0.0,None,2015,1,29,5,1,Thursday
42,4,2015-01-29,10369,1106,1,0,0,1,d,c,120.0,1.0,2014.0,0,0.0,0.0,None,2015,1,29,5,1,Thursday
43,4,2015-01-29,4355,479,1,0,0,0,a,a,500.0,0.0,0.0,1,31.0,2011.0,"Mar,Jun,Sept,Dec",2015,1,29,5,1,Thursday
44,4,2015-01-29,5643,645,1,0,0,0,a,a,1500.0,5.0,2005.0,0,0.0,0.0,None,2015,1,29,5,1,Thursday
45,4,2015-01-29,5803,520,1,0,0,1,c,a,120.0,9.0,2014.0,1,22.0,2011.0,"Feb,May,Aug,Nov",2015,1,29,5,1,Thursday
46,4,2015-01-29,3843,343,1,1,0,0,a,c,500.0,1.0,2014.0,0,0.0,0.0,None,2015,1,29,5,1,Thursday
47,4,2015-01-29,8067,956,1,0,0,0,c,a,1500.0,0.0,0.0,1,40.0,2013.0,"Jan,Apr,Jul,Oct",2015,1,29,5,1,Thursday
48,4,2015-01-29,5053,641,1,0,0,0,a,c,500.0,7.0,2010.0,1,22.0,2011.0,"Mar,Jun,Sept,Dec",2015,1,29,5,1,Thursday
49,4,2015-01-29,10397,1031,1,0,0,0,d,a,120.0,1.0,2010.0,1,14.0,2009.0,"Mar,Jun,Sept,Dec",2015,1,29,5,1,Thursday
50,4,2015-01-29,13298,1172,1,1,0,0,a,c,500.0,1.0,2012.0,0,0.0,0.0,None,2015,1,29,5,1,Thursday
51,4,2015-01-29,6905,1039,1,1,0,0,a,c,120.0,1.0,0.0,0,0.0,0.0,None,2015,1,29,5,1,Thursday
52,4,2015-01-29,2442,389,1,0,0,0,a,a,120.0,7.0,2012.0,1,31.0,2013.0,"Mar,Jun,Sept,Dec",2015,1,29,5,1,Thursday
53,4,2015-01-29,10935,923,1,0,0,1,a,c,1500.0,0.0,0.0,1,14.0,2009.0,"Feb,May,Aug,Nov",2015,1,29,5,1,Thursday
54,4,2015-01-29,3900,418,1,0,0,0,a,a,1500.0,0.0,0.0,0,0.0,0.0,None,2015,1,29,5,1,Thursday
55,4,2015-01-29,4444,556,1,1,0,0,d,c,1500.0,1.0,2005.0,1,22.0,2009.0,"Feb,May,Aug,Nov",2015,1,29,5,1,Thursday
56,4,2015-01-29,4509,689,1,0,0,1,a,a,1500.0,7.0,2010.0,0,0.0,0.0,None,2015,1,29,5,1,Thursday
57,4,2015-01-29,9018,1022,1,0,0,0,a,c,1500.0,0.0,2012.0,1,10.0,2009.0,"Mar,Jun,Sept,Dec",2015,1,29,5,1,Thursday
58,4,2015-01-29,9159,706,1,1,0,0,d,c,1500.0,0.0,0.0,1,14.0,2009.0,"Mar,Jun,Sept,Dec",2015,1,29,5,1,Thursday
59,4,2015-01-29,2776,313,1,0,0,0,d,c,500.0,7.0,2012.0,0,0.0,0.0,None,2015,1,29,5,1,Thursday
60,4,2015-01-29,5508,963,1,0,0,1,a,a,1500.0,11.0,0.0,1,31.0,2011.0,"Feb,May,Aug,Nov",2015,1,29,5,1,Thursday
61,4,2015-01-29,11196,1053,1,0,0,1,a,c,500.0,5.0,2005.0,1,31.0,2013.0,"Jan,Apr,Jul,Oct",2015,1,29,5,1,Thursday
62,4,2015-01-29,4449,411,1,0,0,0,a,a,15000.0,5.0,2005.0,0,0.0,0.0,None,2015,1,29,5,1,Thursday
63,4,2015-01-29,5281,480,1,0,0,0,c,c,3000.0,5.0,2005.0,0,0.0,0.0,None,2015,1,29,5,1,Thursday
64,4,2015-01-29,7324,574,1,1,0,0,c,c,1500.0,5.0,0.0,1,1.0,2013.0,"Jan,Apr,Jul,Oct",2015,1,29,5,1,Thursday
65,4,2015-01-29,7881,629,1,1,0,0,a,c,1500.0,0.0,2014.0,0,0.0,0.0,None,2015,1,29,5,1,Thursday
66,4,2015-01-29,6121,855,1,0,0,0,a,a,15000.0,3.0,2010.0,0,0.0,0.0,None,2015,1,29,5,1,Thursday
67,4,2015-01-29,3677,428,1,0,0,0,d,c,1500.0,1.0,2012.0,0,0.0,0.0,None,2015,1,29,5,1,Thursday
68,4,2015-01-29,7270,923,1,0,0,0,c,c,500.0,7.0,0.0,0,0.0,0.0,None,2015,1,29,5,1,Thursday
69,4,2015-01-29,7488,564,1,1,0,0,d,c,15000.0,1.0,2012.0,1,31.0,2013.0,"Mar,Jun,Sept,Dec",2015,1,29,5,1,Thursday
70,4,2015-01-29,4216,388,1,1,0,0,a,a,3000.0,5.0,0.0,0,0.0,0.0,None,2015,1,29,5,1,Thursday
71,4,2015-01-29,9438,787,1,0,0,1,a,c,120.0,1.0,2008.0,1,31.0,2009.0,"Jan,Apr,Jul,Oct",2015,1,29,5,1,Thursday
72,4,2015-01-29,2050,359,1,0,0,0,a,c,7500.0,9.0,2010.0,0,0.0,0.0,None,2015,1,29,5,1,Thursday
73,4,2015-01-29,5139,760,1,0,0,0,d,c,500.0,5.0,2008.0,1,40.0,2013.0,"Mar,Jun,Sept,Dec",2015,1,29,5,1,Thursday
74,4,2015-01-29,3958,433,1,0,0,0,a,a,500.0,7.0,2012.0,0,0.0,0.0,None,2015,1,29,5,1,Thursday
75,4,2015-01-29,3605,540,1,0,0,0,c,c,3000.0,11.0,0.0,1,14.0,2009.0,"Feb,May,Aug,Nov",2015,1,29,5,1,Thursday
76,4,2015-01-29,2934,301,1,0,0,1,a,a,120.0,0.0,2014.0,0,0.0,0.0,None,2015,1,29,5,1,Thursday
77,4,2015-01-29,5576,645,1,0,0,0,d,c,1500.0,11.0,2012.0,0,0.0,0.0,None,2015,1,29,5,1,Thursday
78,4,2015-01-29,11478,861,1,1,0,0,d,c,500.0,3.0,2010.0,0,0.0,0.0,None,2015,1,29,5,1,Thursday
79,4,2015-01-29,2106,319,1,0,0,0,a,a,500.0,0.0,2012.0,1,14.0,2015.0,"Mar,Jun,Sept,Dec",2015,1,29,5,1,Thursday
80,4,2015-01-29,5535,467,1,0,0,0,a,a,15000.0,9.0,2010.0,0,0.0,0.0,None,2015,1,29,5,1,Thursday
81,4,2015-01-29,7752,736,1,0,0,0,a,a,1500.0,1.0,2010.0,1,22.0,2009.0,"Jan,Apr,Jul,Oct",2015,1,29,5,1,Thursday
82,4,2015-01-29,13770,1118,1,1,0,0,a,a,1500.0,0.0,0.0,0,0.0,0.0,None,2015,1,29,5,1,Thursday
83,4,2015-01-29,4476,537,1,0,0,0,a,c,500.0,7.0,2014.0,0,0.0,0.0,None,2015,1,29,5,1,Thursday
84,4,2015-01-29,11133,949,1,0,0,0,d,a,1500.0,0.0,2005.0,0,0.0,0.0,None,2015,1,29,5,1,Thursday
85,4,2015-01-29,10413,1146,1,0,0,0,d,c,120.0,0.0,2014.0,1,1.0,2013.0,"Jan,Apr,Jul,Oct",2015,1,29,5,1,Thursday
86,4,2015-01-29,4542,451,1,0,0,1,d,a,3000.0,0.0,2012.0,0,0.0,0.0,None,2015,1,29,5,1,Thursday
87,4,2015-01-29,3769,461,1,0,0,0,a,a,1500.0,0.0,0.0,0,0.0,0.0,None,2015,1,29,5,1,Thursday
88,4,2015-01-29,6142,683,1,1,0,0,d,c,3000.0,3.0,2012.0,1,31.0,2009.0,"Feb,May,Aug,Nov",2015,1,29,5,1,Thursday
89,4,2015-01-29,8113,809,1,0,0,0,d,a,1500.0,9.0,0.0,1,31.0,2015.0,"Feb,May,Aug,Nov",2015,1,29,5,1,Thursday
90,4,2015-01-29,9964,898,1,1,0,0,d,c,1500.0,0.0,0.0,0,0.0,0.0,None,2015,1,29,5,1,Thursday
91,4,2015-01-29,6244,1034,1,0,0,0,a,c,1500.0,3.0,2008.0,0,0.0,0.0,None,2015,1,29,5,1,Thursday
92,4,2015-01-29,3397,351,1,0,0,0,d,c,120.0,3.0,0.0,1,31.0,2009.0,"Feb,May,Aug,Nov",2015,1,29,5,1,Thursday
93,4,2015-01-29,10167,1125,1,0,0,0,d,a,120.0,5.0,2005.0,0,0.0,0.0,None,2015,1,29,5,1,Thursday
94,4,2015-01-29,8419,903,1,0,0,0,c,a,500.0,11.0,2005.0,0,0.0,0.0,None,2015,1,29,5,1,Thursday
95,4,2015-01-29,4797,451,1,0,0,0,a,c,500.0,11.0,2005.0,1,31.0,2009.0,"Feb,May,Aug,Nov",2015,1,29,5,1,Thursday
96,4,2015-01-29,5633,376,1,1,0,0,d,c,500.0,7.0,2005.0,1,10.0,2009.0,"Feb,May,Aug,Nov",2015,1,29,5,1,Thursday
97,4,2015-01-29,5227,453,1,0,0,0,c,a,120.0,0.0,2008.0,0,0.0,0.0,None,2015,1,29,5,1,Thursday
98,4,2015-01-29,4014,337,1,0,0,1,c,a,500.0,3.0,2008.0,1,10.0,2009.0,"Feb,May,Aug,Nov",2015,1,29,5,1,Thursday
99,4,2015-01-29,10655,983,1,0,0,0,a,c,500.0,1.0,2012.0,0,0.0,0.0,None,2015,1,29,5,1,Thursday
100,4,2015-01-29,10947,942,1,1,0,0,b,c,500.0,9.0,2005.0,0,0.0,0.0,None,2015,1,29,5,1,Thursday
1,5,2015-01-30,9351,1068,1,0,0,0,a,c,3000.0,7.0,2012.0,0,0.0,0.0,None,2015,1,30,5,1,Friday
2,5,2015-01-30,3461,313,1,0,0,0,a,a,7500.0,5.0,2008.0,0,0.0,0.0,None,2015,1,30,5,1,Friday
3,5,2015-01-30,3156,437,1,1,0,0,d,c,500.0,5.0,2012.0,1,10.0,2011.0,"Jan,Apr,Jul,Oct",2015,1,30,5,1,Friday
4,5,2015-01-30,8485,1082,1,0,0,1,a,a,1500.0,1.0,2010.0,1,40.0,2011.0,"Mar,Jun,Sept,Dec",2015,1,30,5,1,Friday
5,5,2015-01-30,8452,1012,1,0,0,1,c,a,15000.0,0.0,2008.0,1,31.0,2009.0,"Mar,Jun,Sept,Dec",2015,1,30,5,1,Friday
6,5,2015-01-30,10606,962,1,0,0,0,a,c,1500.0,1.0,0.0,0,0.0,0.0,None,2015,1,30,5,1,Friday
7,5,2015-01-30,4742,469,1,1,0,0,a,a,1500.0,5.0,2012.0,1,14.0,2011.0,"Jan,Apr,Jul,Oct",2015,1,30,5,1,Friday
8,5,2015-01-30,13190,1034,1,1,0,1,a,c,500.0,9.0,2014.0,1,40.0,2009.0,"Mar,Jun,Sept,Dec",2015,1,30,5,1,Friday
9,5,2015-01-30,5077,659,1,0,0,0,d,a,500.0,5.0,2014.0,1,40.0,2013.0,"Jan,Apr,Jul,Oct",2015,1,30,5,1,Friday
10,5,2015-01-30,10190,1158,1,0,0,0,d,c,3000.0,11.0,2012.0,1,1.0,2015.0,"Jan,Apr,Jul,Oct",2015,1,30,5,1,Friday
11,5,2015-01-30,12516,1105,1,0,0,0,a,c,120.0,11.0,0.0,1,22.0,2015.0,"Mar,Jun,Sept,Dec",2015,1,30,5,1,Friday
12,5,2015-01-30,3840,671,1,0,0,0,d,c,3000.0,0.0,2008.0,0,0.0,0.0,None,2015,1,30,5,1,Friday
13,5,2015-01-30,2945,330,1,1,0,0,a,a,7500.0,5.0,2005.0,0,0.0,0.0,None,2015,1,30,5,1,Friday
14,5,2015-01-30,10593,1097,1,1,0,1,a,c,1500.0,5.0,2014.0,1,1.0,2013.0,"Jan,Apr,Jul,Oct",2015,1,30,5,1,Friday
15,5,2015-01-30,5186,686,1,0,0,0,d,c,3000.0,11.0,2014.0,1,1.0,2013.0,"Mar,Jun,Sept,Dec",2015,1,30,5,1,Friday
16,5,2015-01-30,8888,932,1,0,0,1,a,a,500.0,11.0,0.0,0,0.0,0.0,None,2015,1,30,5,1,Friday
17,5,2015-01-30,6912,696,1,1,0,0,a,c,500.0,7.0,2008.0,0,0.0,0.0,None,2015,1,30,5,1,Friday
18,5,2015-01-30,9705,1070,1,0,0,1,d,c,1500.0,5.0,2005.0,1,40.0,2009.0,"Jan,Apr,Jul,Oct",2015,1,30,5,1,Friday
19,5,2015-01-30,7329,610,1,1,0,1,d,c,120.0,9.0,2014.0,1,10.0,2013.0,"Jan,Apr,Jul,Oct",2015,1,30,5,1,Friday
20,5,2015-01-30,5329,593,1,0,0,0,a,a,500.0,9.0,0.0,1,1.0,2013.0,"Mar,Jun,Sept,Dec",2015,1,30,5,1,Friday
21,5,2015-01-30,11907,1033,1,0,0,0,a,c,1500.0,0.0,2008.0,0,0.0,0.0,None,2015,1,30,5,1,Friday
22,5,2015-01-30,3436,512,1,0,0,0,a,a,500.0,0.0,2010.0,0,0.0,0.0,None,2015,1,30,5,1,Friday
23,5,2015-01-30,3757,436,1,0,0,0,d,c,500.0,1.0,2008.0,0,0.0,0.0,None,2015,1,30,5,1,Friday
24,5,2015-01-30,5926,388,1,1,0,0,a,a,1500.0,1.0,2010.0,0,0.0,0.0,None,2015,1,30,5,1,Friday
25,5,2015-01-30,3309,340,1,0,0,0,a,c,500.0,1.0,2012.0,0,0.0,0.0,None,2015,1,30,5,1,Friday
26,5,2015-01-30,4526,787,1,0,0,0,d,a,1500.0,3.0,2008.0,0,0.0,0.0,None,2015,1,30,5,1,Friday
27,5,2015-01-30,14343,1160,1,1,0,1,d,a,15000.0,9.0,2008.0,1,1.0,2009.0,"Mar,Jun,Sept,Dec",2015,1,30,5,1,Friday
28,5,2015-01-30,12597,1108,1,1,0,0,a,a,1500.0,3.0,2010.0,0,0.0,0.0,None,2015,1,30,5,1,Friday
29,5,2015-01-30,7890,1163,1,0,0,0,a,a,1500.0,5.0,0.0,1,10.0,2015.0,"Jan,Apr,Jul,Oct",2015,1,30,5,1,Friday
30,5,2015-01-30,10451,870,1,1,0,0,c,c,500.0,11.0,2014.0,1,22.0,2015.0,"Feb,May,Aug,Nov",2015,1,30,5,1,Friday
31,5,2015-01-30,11409,946,1,1,0,0,d,c,500.0,0.0,2014.0,1,31.0,2015.0,"Mar,Jun,Sept,Dec",2015,1,30,5,1,Friday
32,5,2015-01-30,9376,839,1,0,0,0,a,a,3000.0,3.0,2010.0,1,1.0,2015.0,"Mar,Jun,Sept,Dec",2015,1,30,5,1,Friday
33,5,2015-01-30,6418,1041,1,1,0,0,d,c,1500.0,9.0,2008.0,0,0.0,0.0,None,2015,1,30,5,1,Friday
34,5,2015-01-30,11557,1194,1,1,0,0,d,c,500.0,9.0,2005.0,0,0.0,0.0,None,2015,1,30,5,1,Friday
35,5,2015-01-30,10839,1005,1,0,0,1,a,c,120.0,5.0,0.0,1,22.0,2015.0,"Mar,Jun,Sept,Dec",2015,1,30,5,1,Friday
36,5,2015-01-30,7057,1173,1,0,0,0,d,a,1500.0,3.0,2008.0,1,40.0,2011.0,"Feb,May,Aug,Nov",2015,1,30,5,1,Friday
37,5,2015-01-30,7993,795,1,0,0,0,d,a,7500.0,3.0,2008.0,1,40.0,2009.0,"Mar,Jun,Sept,Dec",2015,1,30,5,1,Friday
38,5,2015-01-30,10636,1169,1,0,0,0,a,a,3000.0,3.0,2010.0,0,0.0,0.0,None,2015,1,30,5,1,Friday
39,5,2015-01-30,2760,349,1,0,0,0,c,a,7500.0,7.0,2014.0,1,14.0,2015.0,"Jan,Apr,Jul,Oct",2015,1,30,5,1,Friday
40,5,2015-01-30,8177,687,1,1,0,0,d,a,1500.0,11.0,2008.0,1,22.0,2013.0,"Jan,Apr,Jul,Oct",2015,1,30,5,1,Friday
41,5,2015-01-30,3826,338,1,0,0,0,a,c,500.0,1.0,0.0,0,0.0,0.0,None,2015,1,30,5,1,Friday
42,5,2015-01-30,7556,752,1,0,0,0,d,c,120.0,1.0,2014.0,0,0.0,0.0,None,2015,1,30,5,1,Friday
43,5,2015-01-30,4247,422,1,0,0,0,a,a,500.0,0.0,0.0,1,31.0,2011.0,"Mar,Jun,Sept,Dec",2015,1,30,5,1,Friday
44,5,2015-01-30,3222,365,1,1,0,0,a,a,1500.0,5.0,2005.0,0,0.0,0.0,None,2015,1,30,5,1,Friday
45,5,2015-01-30,9491,1197,1,1,0,0,c,a,120.0,9.0,2014.0,1,22.0,2011.0,"Feb,May,Aug,Nov",2015,1,30,5,1,Friday
46,5,2015-01-30,6476,888,1,0,0,1,a,c,500.0,1.0,2014.0,0,0.0,0.0,None,2015,1,30,5,1,Friday
47,5,2015-01-30,9962,1181,1,1,0,0,c,a,1500.0,0.0,0.0,1,40.0,2013.0,"Jan,Apr,Jul,Oct",2015,1,30,5,1,Friday
48,5,2015-01-30,4627,582,1,0,0,0,a,c,500.0,7.0,2010.0,1,22.0,2011.0,"Mar,Jun,Sept,Dec",2015,1,30,5,1,Friday
49,5,2015-01-30,6265,633,1,1,0,0,d,a,120.0,1.0,2010.0,1,14.0,2009.0,"Mar,Jun,Sept,Dec",2015,1,30,5,1,Friday
50,5,2015-01-30,7632,722,1,1,0,0,a,c,500.0,1.0,2012.0,0,0.0,0.0,None,2015,1,30,5,1,Friday
51,5,2015-01-30,10022,971,1,1,0,0,a,c,120.0,1.0,0.0,0,0.0,0.0,None,2015,1,30,5,1,Friday
52,5,2015-01-30,12623,1166,1,1,0,0,a,a,120.0,7.0,2012.0,1,31.0,2013.0,"Mar,Jun,Sept,Dec",2015,1,30,5,1,Friday
53,5,2015-01-30,5575,955,1,0,0,0,a,c,1500.0,0.0,0.0,1,14.0,2009.0,"Feb,May,Aug,Nov",2015,1,30,5,1,Friday
54,5,2015-01-30,6477,807,1,0,0,0,a,a,1500.0,0.0,0.0,0,0.0,0.0,None,2015,1,30,5,1,Friday
55,5,2015-01-30,8989,975,1,0,0,0,d,c,1500.0,1.0,2005.0,1,22.0,2009.0,"Feb,May,Aug,Nov",2015,1,30,5,1,Friday
56,5,2015-01-30,4493,625,1,1,0,0,a,a,1500.0,7.0,2010.0,0,0.0,0.0,None,2015,1,30,5,1,Friday
57,5,2015-01-30,4943,702,1,0,0,0,a,c,1500.0,0.0,2012.0,1,10.0,2009.0,"Mar,Jun,Sept,Dec",2015,1,30,5,1,Friday
58,5,2015-01-30,5003,596,1,0,0,0,d,c,1500.0,0.0,0.0,1,14.0,2009.0,"Mar,Jun,Sept,Dec",2015,1,30,5,1,Friday
59,5,2015-01-30,9591,832,1,0,0,0,d,c,500.0,7.0,2012.0,0,0.0,0.0,None,2015,1,30,5,1,Friday
60,5,2015-01-30,7167,623,1,1,0,0,a,a,1500.0,11.0,0.0,1,31.0,2011.0,"Feb,May,Aug,Nov",2015,1,30,5,1,Friday
61,5,2015-01-30,3162,417,1,0,0,0,a,c,500.0,5.0,2005.0,1,31.0,2013.0,"Jan,Apr,Jul,Oct",2015,1,30,5,1,Friday
62,5,2015-01-30,10520,1033,1,1,0,0,a,a,15000.0,5.0,2005.0,0,0.0,0.0,None,2015,1,30,5,1,Friday
63,5,2015-01-30,5614,875,1,1,0,0,c,c,3000.0,5.0,2005.0,0,0.0,0.0,None,2015,1,30,5,1,Friday
64,5,2015-01-30,7603,756,1,0,0,1,c,c,1500.0,5.0,0.0,1,1.0,2013.0,"Jan,Apr,Jul,Oct",2015,1,30,5,1,Friday
65,5,2015-01-30,7064,617,1,0,0,0,a,c,1500.0,0.0,2014.0,0,0.0,0.0,None,2015,1,30,5,1,Friday
66,5,2015-01-30,8257,688,1,1,0,1,a,a,15000.0,3.0,2010.0,0,0.0,0.0,None,2015,1,30,5,1,Friday
67,5,2015-01-30,4260,420,1,1,0,0,d,c,1500.0,1.0,2012.0,0,0.0,0.0,None,2015,1,30,5,1,Friday
68,5,2015-01-30,12477,1174,1,1,0,0,c,c,500.0,7.0,0.0,0,0.0,0.0,None,2015,1,30,5,1,Friday
69,5,2015-01-30,2800,355,1,1,0,0,d,c,15000.0,1.0,2012.0,1,31.0,2013.0,"Mar,Jun,Sept,Dec",2015,1,30,5,1,Friday
70,5,2015-01-30,3916,610,1,0,0,1,a,a,3000.0,5.0,0.0,0,0.0,0.0,None,2015,1,30,5,1,Friday
71,5,2015-01-30,7130,767,1,0,0,0,a,c,120.0,1.0,2008.0,1,31.0,2009.0,"Jan,Apr,Jul,Oct",2015,1,30,5,1,Friday
72,5,2015-01-30,11817,1010,1,0,0,0,a,c,7500.0,9.0,2010.0,0,0.0,0.0,None,2015,1,30,5,1,Friday
73,5,2015-01-30,12442,1125,1,1,0,1,d,c,500.0,5.0,2008.0,1,40.0,2013.0,"Mar,Jun,Sept,Dec",2015,1,30,5,1,Friday
74,5,2015-01-30,8733,934,1,0,0,0,a,a,500.0,7.0,2012.0,0,0.0,0.0,None,2015,1,30,5,1,Friday
75,5,2015-01-30,9080,707,1,1,0,0,c,c,3000.0,11.0,0.0,1,14.0,2009.0,"Feb,May,Aug,Nov",2015,1,30,5,1,Friday
76,5,2015-01-30,5839,620,1,1,0,0,a,a,120.0,0.0,2014.0,0,0.0,0.0,None,2015,1,30,5,1,Friday
77,5,2015-01-30,5105,471,1,0,0,0,d,c,1500.0,11.0,2012.0,0,0.0,0.0,None,2015,1,30,5,1,Friday
78,5,2015-01-30,5127,417,1,1,0,0,d,c,500.0,3.0,2010.0,0,0.0,0.0,None,2015,1,30,5,1,Friday
79,5,2015-01-30,5459,593,1,0,0,1,a,a,500.0,0.0,2012.0,1,14.0,2015.0,"Mar,Jun,Sept,Dec",2015,1,30,5,1,Friday
80,5,2015-01-30,4973,442,1,0,0,0,a,a,15000.0,9.0,2010.0,0,0.0,0.0,None,2015,1,30,5,1,Friday
81,5,2015-01-30,7103,955,1,0,0,0,a,a,1500.0,1.0,2010.0,1,22.0,2009.0,"Jan,Apr,Jul,Oct",2015,1,30,5,1,Friday
82,5,2015-01-30,7556,695,1,0,0,0,a,a,1500.0,0.0,0.0,0,0.0,0.0,None,2015,1,30,5,1,Friday
83,5,2015-01-30,3413,532,1,0,0,0,a,c,500.0,7.0,2014.0,0,0.0,0.0,None,2015,1,30,5,1,Friday
84,5,2015-01-30,11149,1129,1,1,0,0,d,a,1500.0,0.0,2005.0,0,0.0,0.0,None,2015,1,30,5,1,Friday
85,5,2015-01-30,4575,564,1,1,0,0,d,c,120.0,0.0,2014.0,1,1.0,2013.0,"Jan,Apr,Jul,Oct",2015,1,30,5,1,Friday
86,5,2015-01-30,9093,808,1,1,0,0,d,a,3000.0,0.0,2012.0,0,0.0,0.0,None,2015,1,30,5,1,Friday
87,5,2015-01-30,6804,792,1,0,0,0,a,a,1500.0,0.0,0.0,0,0.0,0.0,None,2015,1,30,5,1,Friday
88,5,2015-01-30,7580,745,1,0,0,0,d,c,3000.0,3.0,2012.0,1,31.0,2009.0,"Feb,May,Aug,Nov",2015,1,30,5,1,Friday
89,5,2015-01-30,7030,859,1,1,0,1,d,a,1500.0,9.0,0.0,1,31.0,2015.0,"Feb,May,Aug,Nov",2015,1,30,5,1,Friday
90,5,2015-01-30,3346,328,1,0,0,0,d,c,1500.0,0.0,0.0,0,0.0,0.0,None,2015,1,30,5,1,Friday
91,5,2015-01-30,4029,604,1,0,0,0,a,c,1500.0,3.0,2008.0,0,0.0,0.0,None,2015,1,30,5,1,Friday
92,5,2015-01-30,5587,781,1,0,0,1,d,c,120.0,3.0,0.0,1,31.0,2009.0,"Feb,May,Aug,Nov",2015,1,30,5,1,Friday
93,5,2015-01-30,9176,690,1,1,0,0,d,a,120.0,5.0,2005.0,0,0.0,0.0,None,2015,1,30,5,1,Friday
94,5,2015-01-30,6038,485,1,1,0,0,c,a,500.0,11.0,2005.0,0,0.0,0.0,None,2015,1,30,5,1,Friday
95,5,2015-01-30,3988,683,1,0,0,1,a,c,500.0,11.0,2005.0,1,31.0,2009.0,"Feb,May,Aug,Nov",2015,1,30,5,1,Friday
96,5,2015-01-30,4838,675,1,1,0,0,d,c,500.0,7.0,2005.0,1,10.0,2009.0,"Feb,May,Aug,Nov",2015,1,30,5,1,Friday
97,5,2015-01-30,4635,455,1,1,0,0,c,a,120.0,0.0,2008.0,0,0.0,0.0,None,2015,1,30,5,1,Friday
98,5,2015-01-30,11616,1009,1,1,0,0,c,a,500.0,3.0,2008.0,1,10.0,2009.0,"Feb,May,Aug,Nov",2015,1,30,5,1,Friday
99,5,2015-01-30,11212,1008,1,0,0,1,a,c,500.0,1.0,2012.0,0,0.0,0.0,None,2015,1,30,5,1,Friday
100,5,2015-01-30,12031,1066,1,0,0,0,b,c,500.0,9.0,2005.0,0,0.0,0.0,None,2015,1,30,5,1,Friday
1,6,2015-01-31,3144,571,1,0,0,0,a,c,3000.0,7.0,2012.0,0,0.0,0.0,None,2015,1,31,5,1,Saturday
2,6,2015-01-31,4329,620,1,0,0,0,a,a,7500.0,5.0,2008.0,0,0.0,0.0,None,2015,1,31,5,1,Saturday
3,6,2015-01-31,5047,445,1,0,0,0,d,c,500.0,5.0,2012.0,1,10.0,2011.0,"Jan,Apr,Jul,Oct",2015,1,31,5,1,Saturday
4,6,2015-01-31,6951,859,1,0,0,0,a,a,1500.0,1.0,2010.0,1,40.0,2011.0,"Mar,Jun,Sept,Dec",2015,1,31,5,1,Saturday
5,6,2015-01-31,4944,714,1,0,0,1,c,a,15000.0,0.0,2008.0,1,31.0,2009.0,"Mar,Jun,Sept,Dec",2015,1,31,5,1,Saturday
6,6,2015-01-31,4456,387,1,0,0,0,a,c,1500.0,1.0,0.0,0,0.0,0.0,None,2015,1,31,5,1,Saturday
7,6,2015-01-31,3146,469,1,0,0,0,a,a,1500.0,5.0,2012.0,1,14.0,2011.0,"Jan,Apr,Jul,Oct",2015,1,31,5,1,Saturday
8,6,2015-01-31,7891,707,1,0,0,0,a,c,500.0,9.0,2014.0,1,40.0,2009.0,"Mar,Jun,Sept,Dec",2015,1,31,5,1,Saturday
9,6,2015-01-31,5537,568,1,0,0,0,d,a,500.0,5.0,2014.0,1,40.0,2013.0,"Jan,Apr,Jul,Oct",2015,1,31,5,1,Saturday
10,6,2015-01-31,7204,727,1,0,0,0,d,c,3000.0,11.0,2012.0,1,1.0,2015.0,"Jan,Apr,Jul,Oct",2015,1,31,5,1,Saturday
11,6,2015-01-31,2898,397,1,0,0,0,a,c,120.0,11.0,0.0,1,22.0,2015.0,"Mar,Jun,Sept,Dec",2015,1,31,5,1,Saturday
12,6,2015-01-31,7878,853,1,0,0,0,d,c,3000.0,0.0,2008.0,0,0.0,0.0,None,2015,1,31,5,1,Saturday
13,6,2015-01-31,6858,805,1,0,0,0,a,a,7500.0,5.0,2005.0,0,0.0,0.0,None,2015,1,31,5,1,Saturday
14,6,2015-01-31,6223,525,1,0,0,1,a,c,1500.0,5.0,2014.0,1,1.0,2013.0,"Jan,Apr,Jul,Oct",2015,1,31,5,1,Saturday
15,6,2015-01-31,9752,1043,1,0,0,1,d,c,3000.0,11.0,2014.0,1,1.0,2013.0,"Mar,Jun,Sept,Dec",2015,1,31,5,1,Saturday
16,6,2015-01-31,3426,303,1,0,0,0,a,a,500.0,11.0,0.0,0,0.0,0.0,None,2015,1,31,5,1,Saturday
17,6,2015-01-31,8598,1117,1,0,0,1,a,c,500.0,7.0,2008.0,0,0.0,0.0,None,2015,1,31,5,1,Saturday
18,6,2015-01-31,6785,589,1,0,0,0,d,c,1500.0,5.0,2005.0,1,40.0,2009.0,"Jan,Apr,Jul,Oct",2015,1,31,5,1,Saturday
19,6,2015-01-31,9036,861,1,0,0,0,d,c,120.0,9.0,2014.0,1,10.0,2013.0,"Jan,Apr,Jul,Oct",2015,1,31,5,1,Saturday
20,6,2015-01-31,7327,710,1,0,0,0,a,a,500.0,9.0,0.0,1,1.0,2013.0,"Mar,Jun,Sept,Dec",2015,1,31,5,1,Saturday
21,6,2015-01-31,9242,964,1,0,0,1,a,c,1500.0,0.0,2008.0,0,0.0,0.0,None,2015,1,31,5,1,Saturday
22,6,2015-01-31,6686,568,1,0,0,0,a,a,500.0,0.0,2010.0,0,0.0,0.0,None,2015,1,31,5,1,Saturday
23,6,2015-01-31,6512,1168,1,0,0,1,d,c,500.0,1.0,2008.0,0,0.0,0.0,None,2015,1,31,5,1,Saturday
24,6,2015-01-31,4378,692,1,0,0,0,a,a,1500.0,1.0,2010.0,0,0.0,0.0,None,2015,1,31,5,1,Saturday
25,6,2015-01-31,6156,977,1,0,0,0,a,c,500.0,1.0,2012.0,0,0.0,0.0,None,2015,1,31,5,1,Saturday
26,6,2015-01-31,5930,894,1,0,0,0,d,a,1500.0,3.0,2008.0,0,0.0,0.0,None,2015,1,31,5,1,Saturday
27,6,2015-01-31,7069,815,1,0,0,1,d,a,15000.0,9.0,2008.0,1,1.0,2009.0,"Mar,Jun,Sept,Dec",2015,1,31,5,1,Saturday
28,6,2015-01-31,2972,308,1,0,0,1,a,a,1500.0,3.0,2010.0,0,0.0,0.0,None,2015,1,31,5,1,Saturday
29,6,2015-01-31,6507,749,1,0,0,0,a,a,1500.0,5.0,0.0,1,10.0,2015.0,"Jan,Apr,Jul,Oct",2015,1,31,5,1,Saturday
30,6,2015-01-31,5299,655,1,0,0,1,c,c,500.0,11.0,2014.0,1,22.0,2015.0,"Feb,May,Aug,Nov",2015,1,31,5,1,Saturday
31,6,2015-01-31,2784,345,1,0,0,0,d,c,500.0,0.0,2014.0,1,31.0,2015.0,"Mar,Jun,Sept,Dec",2015,1,31,5,1,Saturday
32,6,2015-01-31,6086,715,1,0,0,0,a,a,3000.0,3.0,2010.0,1,1.0,2015.0,"Mar,Jun,Sept,Dec",2015,1,31,5,1,Saturday
33,6,2015-01-31,2764,378,1,0,0,1,d,c,1500.0,9.0,2008.0,0,0.0,0.0,None,2015,1,31,5,1,Saturday
34,6,2015-01-31,4981,496,1,0,0,0,d,c,500.0,9.0,2005.0,0,0.0,0.0,None,2015,1,31,5,1,Saturday
35,6,2015-01-31,7549,1178,1,0,0,1,a,c,120.0,5.0,0.0,1,22.0,2015.0,"Mar,Jun,Sept,Dec",2015,1,31,5,1,Saturday
36,6,2015-01-31,8254,1122,1,0,0,0,d,a,1500.0,3.0,2008.0,1,40.0,2011.0,"Feb,May,Aug,Nov",2015,1,31,5,1,Saturday
37,6,2015-01-31,7527,845,1,0,0,0,d,a,7500.0,3.0,2008.0,1,40.0,2009.0,"Mar,Jun,Sept,Dec",2015,1,31,5,1,Saturday
38,6,2015-01-31,3893,520,1,0,0,0,a,a,3000.0,3.0,2010.0,0,0.0,0.0,None,2015,1,31,5,1,Saturday
39,6,2015-01-31,5559,520,1,0,0,0,c,a,7500.0,7.0,2014.0,1,14.0,2015.0,"Jan,Apr,Jul,Oct",2015,1,31,5,1,Saturday
40,6,2015-01-31,10755,1016,1,0,0,0,d,a,1500.0,11.0,2008.0,1,22.0,2013.0,"Jan,Apr,Jul,Oct",2015,1,31,5,1,Saturday
41,6,2015-01-31,4626,662,1,0,0,0,a,c,500.0,1.0,0.0,0,0.0,0.0,None,2015,1,31,5,1,Saturday
42,6,2015-01-31,6879,939,1,0,0,0,d,c,120.0,1.0,2014.0,0,0.0,0.0,None,2015,1,31,5,1,Saturday
43,6,2015-01-31,9498,967,1,0,0,0,a,a,500.0,0.0,0.0,1,31.0,2011.0,"Mar,Jun,Sept,Dec",2015,1,31,5,1,Saturday
44,6,2015-01-31,3195,572,1,0,0,1,a,a,1500.0,5.0,2005.0,0,0.0,0.0,None,2015,1,31,5,1,Saturday
45,6,2015-01-31,5698,520,1,0,0,0,c,a,120.0,9.0,2014.0,1,22.0,2011.0,"Feb,May,Aug,Nov",2015,1,31,5,1,Saturday
46,6,2015-01-31,10218,1019,1,0,0,1,a,c,500.0,1.0,2014.0,0,0.0,0.0,None,2015,1,31,5,1,Saturday
47,6,2015-01-31,5611,858,1,0,0,0,c,a,1500.0,0.0,0.0,1,40.0,2013.0,"Jan,Apr,Jul,Oct",2015,1,31,5,1,Saturday
48,6,2015-01-31,7164,712,1,0,0,0,a,c,500.0,7.0,2010.0,1,22.0,2011.0,"Mar,Jun,Sept,Dec",2015,1,31,5,1,Saturday
49,6,2015-01-31,5547,555,1,0,0,1,d,a,120.0,1.0,2010.0,1,14.0,2009.0,"Mar,Jun,Sept,Dec",2015,1,31,5,1,Saturday
50,6,2015-01-31,4376,472,1,0,0,1,a,c,500.0,1.0,2012.0,0,0.0,0.0,None,2015,1,31,5,1,Saturday
51,6,2015-01-31,5272,687,1,0,0,0,a,c,120.0,1.0,0.0,0,0.0,0.0,None,2015,1,31,5,1,Saturday
52,6,2015-01-31,6489,1051,1,0,0,0,a,a,120.0,7.0,2012.0,1,31.0,2013.0,"Mar,Jun,Sept,Dec",2015,1,31,5,1,Saturday
53,6,2015-01-31,7784,949,1,0,0,0,a,c,1500.0,0.0,0.0,1,14.0,2009.0,"Feb,May,Aug,Nov",2015,1,31,5,1,Saturday
54,6,2015-01-31,6028,583,1,0,0,0,a,a,1500.0,0.0,0.0,0,0.0,0.0,None,2015,1,31,5,1,Saturday
55,6,2015-01-31,7372,621,1,0,0,1,d,c,1500.0,1.0,2005.0,1,22.0,2009.0,"Feb,May,Aug,Nov",2015,1,31,5,1,Saturday
56,6,2015-01-31,11832,1131,1,0,0,0,a,a,1500.0,7.0,2010.0,0,0.0,0.0,None,2015,1,31,5,1,Saturday
57,6,2015-01-31,3860,528,1,0,0,0,a,c,1500.0,0.0,2012.0,1,10.0,2009.0,"Mar,Jun,Sept,Dec",2015,1,31,5,1,Saturday
58,6,2015-01-31,6569,573,1,0,0,0,d,c,1500.0,0.0,0.0,1,14.0,2009.0,"Mar,Jun,Sept,Dec",2015,1,31,5,1,Saturday
59,6,2015-01-31,7610,671,1,0,0,0,d,c,500.0,7.0,2012.0,0,0.0,0.0,None,2015,1,31,5,1,Saturday
60,6,2015-01-31,8960,844,1,0,0,0,a,a,1500.0,11.0,0.0,1,31.0,2011.0,"Feb,May,Aug,Nov",2015,1,31,5,1,Saturday
61,6,2015-01-31,8810,1086,1,0,0,1,a,c,500.0,5.0,2005.0,1,31.0,2013.0,"Jan,Apr,Jul,Oct",2015,1,31,5,1,Saturday
62,6,2015-01-31,7013,758,1,0,0,0,a,a,15000.0,5.0,2005.0,0,0.0,0.0,None,2015,1,31,5,1,Saturday
63,6,2015-01-31,4680,459,1,0,0,0,c,c,3000.0,5.0,2005.0,0,0.0,0.0,None,2015,1,31,5,1,Saturday
64,6,2015-01-31,8953,1008,1,0,0,0,c,c,1500.0,5.0,0.0,1,1.0,2013.0,"Jan,Apr,Jul,Oct",2015,1,31,5,1,Saturday
65,6,2015-01-31,8446,746,1,0,0,0,a,c,1500.0,0.0,2014.0,0,0.0,0.0,None,2015,1,31,5,1,Saturday
66,6,2015-01-31,5100,666,1,0,0,0,a,a,15000.0,3.0,2010.0,0,0.0,0.0,None,2015,1,31,5,1,Saturday
67,6,2015-01-31,3179,515,1,0,0,0,d,c,1500.0,1.0,2012.0,0,0.0,0.0,None,2015,1,31,5,1,Saturday
68,6,2015-01-31,2414,434,1,0,0,1,c,c,500.0,7.0,0.0,0,0.0,0.0,None,2015,1,31,5,1,Saturday
69,6,2015-01-31,2257,376,1,0,0,0,d,c,15000.0,1.0,2012.0,1,31.0,2013.0,"Mar,Jun,Sept,Dec",2015,1,31,5,1,Saturday
70,6,2015-01-31,8882,800,1,0,0,0,a,a,3000.0,5.0,0.0,0,0.0,0.0,None,2015,1,31,5,1,Saturday
71,6,2015-01-31,5211,644,1,0,0,0,a,c,120.0,1.0,2008.0,1,31.0,2009.0,"Jan,Apr,Jul,Oct",2015,1,31,5,1,Saturday
72,6,2015-01-31,4810,494,1,0,0,0,a,c,7500.0,9.0,2010.0,0,0.0,0.0,None,2015,1,31,5,1,Saturday
73,6,2015-01-31,7526,938,1,0,0,0,d,c,500.0,5.0,2008.0,1,40.0,2013.0,"Mar,Jun,Sept,Dec",2015,1,31,5,1,Saturday
74,6,2015-01-31,4851,445,1,0,0,0,a,a,500.0,7.0,2012.0,0,0.0,0.0,None,2015,1,31,5,1,Saturday
75,6,2015-01-31,4306,596,1,0,0,0,c,c,3000.0,11.0,0.0,1,14.0,2009.0,"Feb,May,Aug,Nov",2015,1,31,5,1,Saturday
76,6,2015-01-31,11421,970,1,0,0,0,a,a,120.0,0.0,2014.0,0,0.0,0.0,None,2015,1,31,5,1,Saturday
77,6,2015-01-31,3360,432,1,0,0,0,d,c,1500.0,11.0,2012.0,0,0.0,0.0,None,2015,1,31,5,1,Saturday
78,6,2015-01-31,11463,1173,1,0,0,0,d,c,500.0,3.0,2010.0,0,0.0,0.0,None,2015,1,31,5,1,Saturday
79,6,2015-01-31,8593,1045,1,0,0,0,a,a,500.0,0.0,2012.0,1,14.0,2015.0,"Mar,Jun,Sept,Dec",2015,1,31,5,1,Saturday
80,6,2015-01-31,3287,356,1,0,0,0,a,a,15000.0,9.0,2010.0,0,0.0,0.0,None,2015,1,31,5,1,Saturday
81,6,2015-01-31,5352,601,1,0,0,1,a,a,1500.0,1.0,2010.0,1,22.0,2009.0,"Jan,Apr,Jul,Oct",2015,1,31,5,1,Saturday
82,6,2015-01-31,7707,805,1,0,0,0,a,a,1500.0,0.0,0.0,0,0.0,0.0,None,2015,1,31,5,1,Saturday
83,6,2015-01-31,4895,815,1,0,0,0,a,c,500.0,7.0,2014.0,0,0.0,0.0,None,2015,1,31,5,1,Saturday
84,6,2015-01-31,11482,1178,1,0,0,0,d,a,1500.0,0.0,2005.0,0,0.0,0.0,None,2015,1,31,5,1,Saturday
85,6,2015-01-31,6577,946,1,0,0,0,d,c,120.0,0.0,2014.0,1,1.0,2013.0,"Jan,Apr,Jul,Oct",2015,1,31,5,1,Saturday
86,6,2015-01-31,5241,644,1,0,0,0,d,a,3000.0,0.0,2012.0,0,0.0,0.0,None,2015,1,31,5,1,Saturday
87,6,2015-01-31,3174,359,1,0,0,0,a,a,1500.0,0.0,0.0,0,0.0,0.0,None,2015,1,31,5,1,Saturday
88,6,2015-01-31,9378,797,1,0,0,1,d,c,3000.0,3.0,2012.0,1,31.0,2009.0,"Feb,May,Aug,Nov",2015,1,31,5,1,Saturday
89,6,2015-01-31,10520,1163,1,0,0,0,d,a,1500.0,9.0,0.0,1,31.0,2015.0,"Feb,May,Aug,Nov",2015,1,31,5,1,Saturday
90,6,2015-01-31,4972,771,1,0,0,0,d,c,1500.0,0.0,0.0,0,0.0,0.0,None,2015,1,31,5,1,Saturday
91,6,2015-01-31,4894,510,1,0,0,0,a,c,1500.0,3.0,2008.0,0,0.0,0.0,None,2015,1,31,5,1,Saturday
92,6,2015-01-31,7047,1022,1,0,0,1,d,c,120.0,3.0,0.0,1,31.0,2009.0,"Feb,May,Aug,Nov",2015,1,31,5,1,Saturday
93,6,2015-01-31,6509,888,1,0,0,0,d,a,120.0,5.0,2005.0,0,0.0,0.0,None,2015,1,31,5,1,Saturday
94,6,2015-01-31,6523,811,1,0,0,0,c,a,500.0,11.0,2005.0,0,0.0,0.0,None,2015,1,31,5,1,Saturday
95,6,2015-01-31,8719,857,1,0,0,0,a,c,500.0,11.0,2005.0,1,31.0,2009.0,"Feb,May,Aug,Nov",2015,1,31,5,1,Saturday
96,6,2015-01-31,12177,1076,1,0,0,1,d,c,500.0,7.0,2005.0,1,10.0,2009.0,"Feb,May,Aug,Nov",2015,1,31,5,1,Saturday
97,6,2015-01-31,12082,1141,1,0,0,1,c,a,120.0,0.0,2008.0,0,0.0,0.0,None,2015,1,31,5,1,Saturday
98,6,2015-01-31,7491,693,1,0,0,0,c,a,500.0,3.0,2008.0,1,10.0,2009.0,"Feb,May,Aug,Nov",2015,1,31,5,1,Saturday
99,6,2015-01-31,3008,448,1,0,0,0,a,c,500.0,1.0,2012.0,0,0.0,0.0,None,2015,1,31,5,1,Saturday
100,6,2015-01-31,2678,344,1,0,0,0,b,c,500.0,9.0,2005.0,0,0.0,0.0,None,2015,1,31,5,1,Saturday
1,7,2015-02-01,0,0,0,0,0,0,a,c,3000.0,7.0,2012.0,0,0.0,0.0,None,2015,2,1,5,1,Sunday
2,7,2015-02-01,0,0,0,0,0,0,a,a,7500.0,5.0,2008.0,0,0.0,0.0,None,2015,2,1,5,1,Sunday
3,7,2015-02-01,0,0,0,0,0,0,d,c,500.0,5.0,2012.0,1,10.0,2011.0,"Jan,Apr,Jul,Oct",2015,2,1,5,1,Sunday
4,7,2015-02-01,0,0,0,0,0,0,a,a,1500.0,1.0,2010.0,1,40.0,2011.0,"Mar,Jun,Sept,Dec",2015,2,1,5,1,Sunday
5,7,2015-02-01,0,0,0,0,0,0,c,a,15000.0,0.0,2008.0,1,31.0,2009.0,"Mar,Jun,Sept,Dec",2015,2,1,5,1,Sunday
6,7,2015-02-01,0,0,0,0,0,0,a,c,1500.0,1.0,0.0,0,0.0,0.0,None,2015,2,1,5,1,Sunday
7,7,2015-02-01,0,0,0,0,0,0,a,a,1500.0,5.0,2012.0,1,14.0,2011.0,"Jan,Apr,Jul,Oct",2015,2,1,5,1,Sunday
8,7,2015-02-01,0,0,0,0,0,1,a,c,500.0,9.0,2014.0,1,40.0,2009.0,"Mar,Jun,Sept,Dec",2015,2,1,5,1,Sunday
9,7,2015-02-01,0,0,0,0,0,0,d,a,500.0,5.0,2014.0,1,40.0,2013.0,"Jan,Apr,Jul,Oct",2015,2,1,5,1,Sunday
10,7,2015-02-01,0,0,0,0,0,0,d,c,3000.0,11.0,2012.0,1,1.0,2015.0,"Jan,Apr,Jul,Oct",2015,2,1,5,1,Sunday
11,7,2015-02-01,0,0,0,0,0,0,a,c,120.0,11.0,0.0,1,22.0,2015.0,"Mar,Jun,Sept,Dec",2015,2,1,5,1,Sunday
12,7,2015-02-01,0,0,0,0,0,0,d,c,3000.0,0.0,2008.0,0,0.0,0.0,None,2015,2,1,5,1,Sunday
13,7,2015-02-01,0,0,0,0,0,0,a,a,7500.0,5.0,2005.0,0,0.0,0.0,None,2015,2,1,5,1,Sunday
14,7,2015-02-01,0,0,0,0,0,0,a,c,1500.0,5.0,2014.0,1,1.0,2013.0,"Jan,Apr,Jul,Oct",2015,2,1,5,1,Sunday
15,7,2015-02-01,0,0,0,0,0,0,d,c,3000.0,11.0,2014.0,1,1.0,2013.0,"Mar,Jun,Sept,Dec",2015,2,1,5,1,Sunday
16,7,2015-02-01,0,0,0,0,0,0,a,a,500.0,11.0,0.0,0,0.0,0.0,None,2015,2,1,5,1,Sunday
17,7,2015-02-01,0,0,0,0,0,0,a,c,500.0,7.0,2008.0,0,0.0,0.0,None,2015,2,1,5,1,Sunday
18,7,2015-02-01,0,0,0,0,0,0,d,c,1500.0,5.0,2005.0,1,40.0,2009.0,"Jan,Apr,Jul,Oct",2015,2,1,5,1,Sunday
19,7,2015-02-01,0,0,0,0,0,0,d,c,120.0,9.0,2014.0,1,10.0,2013.0,"Jan,Apr,Jul,Oct",2015,2,1,5,1,Sunday
20,7,2015-02-01,0,0,0,0,0,0,a,a,500.0,9.0,0.0,1,1.0,2013.0,"Mar,Jun,Sept,Dec",2015,2,1,5,1,Sunday
21,7,2015-02-01,0,0,0,0,0,0,a,c,1500.0,0.0,2008.0,0,0.0,0.0,None,2015,2,1,5,1,Sunday
22,7,2015-02-01,0,0,0,0,0,0,a,a,500.0,0.0,2010.0,0,0.0,0.0,None,2015,2,1,5,1,Sunday
23,7,2015-02-01,0,0,0,0,0,1,d,c,500.0,1.0,2008.0,0,0.0,0.0,None,2015,2,1,5,1,Sunday
24,7,2015-02-01,0,0,0,0,0,0,a,a,1500.0,1.0,2010.0,0,0.0,0.0,None,2015,2,1,5,1,Sunday
25,7,2015-02-01,0,0,0,0,0,0,a,c,500.0,1.0,2012.0,0,0.0,0.0,None,2015,2,1,5,1,Sunday
26,7,2015-02-01,0,0,0,0,0,0,d,a,1500.0,3.0,2008.0,0,0.0,0.0,None,2015,2,1,5,1,Sunday
27,7,2015-02-01,0,0,0,0,0,0,d,a,15000.0,9.0,2008.0,1,1.0,2009.0,"Mar,Jun,Sept,Dec",2015,2,1,5,1,Sunday
28,7,2015-02-01,0,0,0,0,0,0,a,a,1500.0,3.0,2010.0,0,0.0,0.0,None,2015,2,1,5,1,Sunday
29,7,2015-02-01,0,0,0,0,0,0,a,a,1500.0,5.0,0.0,1,10.0,2015.0,"Jan,Apr,Jul,Oct",2015,2,1,5,1,Sunday
30,7,2015-02-01,0,0,0,0,0,0,c,c,500.0,11.0,2014.0,1,22.0,2015.0,"Feb,May,Aug,Nov",2015,2,1,5,1,Sunday
31,7,2015-02-01,0,0,0,0,0,1,d,c,500.0,0.0,2014.0,1,31.0,2015.0,"Mar,Jun,Sept,Dec",2015,2,1,5,1,Sunday
32,7,2015-02-01,0,0,0,0,0,0,a,a,3000.0,3.0,2010.0,1,1.0,2015.0,"Mar,Jun,Sept,Dec",2015,2,1,5,1,Sunday
33,7,2015-02-01,0,0,0,0,0,1,d,c,1500.0,9.0,2008.0,0,0.0,0.0,None,2015,2,1,5,1,Sunday
34,7,2015-02-01,0,0,0,0,0,0,d,c,500.0,9.0,2005.0,0,0.0,0.0,None,2015,2,1,5,1,Sunday
35,7,2015-02-01,0,0,0,0,0,0,a,c,120.0,5.0,0.0,1,22.0,2015.0,"Mar,Jun,Sept,Dec",2015,2,1,5,1,Sunday
36,7,2015-02-01,0,0,0,0,0,0,d,a,1500.0,3.0,2008.0,1,40.0,2011.0,"Feb,May,Aug,Nov",2015,2,1,5,1,Sunday
37,7,2015-02-01,0,0,0,0,0,0,d,a,7500.0,3.0,2008.0,1,40.0,2009.0,"Mar,Jun,Sept,Dec",2015,2,1,5,1,Sunday
38,7,2015-02-01,0,0,0,0,0,0,a,a,3000.0,3.0,2010.0,0,0.0,0.0,None,2015,2,1,5,1,Sunday
39,7,2015-02-01,0,0,0,0,0,1,c,a,7500.0,7.0,2014.0,1,14.0,2015.0,"Jan,Apr,Jul,Oct",2015,2,1,5,1,Sunday
40,7,2015-02-01,0,0,0,0,0,1,d,a,1500.0,11.0,2008.0,1,22.0,2013.0,"Jan,Apr,Jul,Oct",2015,2,1,5,1,Sunday
41,7,2015-02-01,0,0,0,0,0,0,a,c,500.0,1.0,0.0,0,0.0,0.0,None,2015,2,1,5,1,Sunday
42,7,2015-02-01,0,0,0,0,0,0,d,c,120.0,1.0,2014.0,0,0.0,0.0,None,2015,2,1,5,1,Sunday
43,7,2015-02-01,0,0,0,0,0,0,a,a,500.0,0.0,0.0,1,31.0,2011.0,"Mar,Jun,Sept,Dec",2015,2,1,5,1,Sunday
44,7,2015-02-01,0,0,0,0,0,0,a,a,1500.0,5.0,2005.0,0,0.0,0.0,None,2015,2,1,5,1,Sunday
45,7,2015-02-01,0,0,0,0,0,0,c,a,120.0,9.0,2014.0,1,22.0,2011.0,"Feb,May,Aug,Nov",2015,2,1,5,1,Sunday
46,7,2015-02-01,0,0,0,0,0,0,a,c,500.0,1.0,2014.0,0,0.0,0.0,None,2015,2,1,5,1,Sunday
47,7,2015-02-01,0,0,0,0,0,1,c,a,1500.0,0.0,0.0,1,40.0,2013.0,"Jan,Apr,Jul,Oct",2015,2,1,5,1,Sunday
48,7,2015-02-01,0,0,0,0,0,0,a,c,500.0,7.0,2010.0,1,22.0,2011.0,"Mar,Jun,Sept,Dec",2015,2,1,5,1,Sunday
49,7,2015-02-01,0,0,0,0,0,1,d,a,120.0,1.0,2010.0,1,14.0,2009.0,"Mar,Jun,Sept,Dec",2015,2,1,5,1,Sunday
50,7,2015-02-01,0,0,0,0,0,0,a,c,500.0,1.0,2012.0,0,0.0,0.0,None,2015,2,1,5,1,Sunday
51,7,2015-02-01,0,0,0,0,0,0,a,c,120.0,1.0,0.0,0,0.0,0.0,None,2015,2,1,5,1,Sunday
52,7,2015-02-01,0,0,0,0,0,0,a,a,120.0,7.0,2012.0,1,31.0,2013.0,"Mar,Jun,Sept,Dec",2015,2,1,5,1,Sunday
53,7,2015-02-01,0,0,0,0,0,0,a,c,1500.0,0.0,0.0,1,14.0,2009.0,"Feb,May,Aug,Nov",2015,2,1,5,1,Sunday
54,7,2015-02-01,0,0,0,0,0,1,a,a,1500.0,0.0,0.0,0,0.0,0.0,None,2015,2,1,5,1,Sunday
55,7,2015-02-01,0,0,0,0,0,1,d,c,1500.0,1.0,2005.0,1,22.0,2009.0,"Feb,May,Aug,Nov",2015,2,1,5,1,Sunday
56,7,2015-02-01,0,0,0,0,0,0,a,a,1500.0,7.0,2010.0,0,0.0,0.0,None,2015,2,1,5,1,Sunday
57,7,2015-02-01,0,0,0,0,0,1,a,c,1500.0,0.0,2012.0,1,10.0,2009.0,"Mar,Jun,Sept,Dec",2015,2,1,5,1,Sunday
58,7,2015-02-01,0,0,0,0,0,0,d,c,1500.0,0.0,0.0,1,14.0,2009.0,"Mar,Jun,Sept,Dec",2015,2,1,5,1,Sunday
59,7,2015-02-01,0,0,0,0,0,0,d,c,500.0,7.0,2012.0,0,0.0,0.0,None,2015,2,1,5,1,Sunday
60,7,2015-02-01,0,0,0,0,0,0,a,a,1500.0,11.0,0.0,1,31.0,2011.0,"Feb,May,Aug,Nov",2015,2,1,5,1,Sunday
61,7,2015-02-01,0,0,0,0,0,1,a,c,500.0,5.0,2005.0,1,31.0,2013.0,"Jan,Apr,Jul,Oct",2015,2,1,5,1,Sunday
62,7,2015-02-01,0,0,0,0,0,0,a,a,15000.0,5.0,2005.0,0,0.0,0.0,None,2015,2,1,5,1,Sunday
63,7,2015-02-01,0,0,0,0,0,1,c,c,3000.0,5.0,2005.0,0,0.0,0.0,None,2015,2,1,5,1,Sunday
64,7,2015-02-01,0,0,0,0,0,0,c,c,1500.0,5.0,0.0,1,1.0,2013.0,"Jan,Apr,Jul,Oct",2015,2,1,5,1,Sunday
65,7,2015-02-01,0,0,0,0,0,1,a,c,1500.0,0.0,2014.0,0,0.0,0.0,None,2015,2,1,5,1,Sunday
66,7,2015-02-01,0,0,0,0,0,0,a,a,15000.0,3.0,2010.0,0,0.0,0.0,None,2015,2,1,5,1,Sunday
67,7,2015-02-01,0,0,0,0,0,0,d,c,1500.0,1.0,2012.0,0,0.0,0.0,None,2015,2,1,5,1,Sunday
68,7,2015-02-01,0,0,0,0,0,0,c,c,500.0,7.0,0.0,0,0.0,0.0,None,2015,2,1,5,1,Sunday
69,7,2015-02-01,0,0,0,0,0,0,d,c,15000.0,1.0,2012.0,1,31.0,2013.0,"Mar,Jun,Sept,Dec",2015,2,1,5,1,Sunday
70,7,2015-02-01,0,0,0,0,0,0,a,a,3000.0,5.0,0.0,0,0.0,0.0,None,2015,2,1,5,1,Sunday
71,7,2015-02-01,0,0,0,0,0,1,a,c,120.0,1.0,2008.0,1,31.0,2009.0,"Jan,Apr,Jul,Oct",2015,2,1,5,1,Sunday
72,7,2015-02-01,0,0,0,0,0,1,a,c,7500.0,9.0,2010.0,0,0.0,0.0,None,2015,2,1,5,1,Sunday
73,7,2015-02-01,0,0,0,0,0,0,d,c,500.0,5.0,2008.0,1,40.0,2013.0,"Mar,Jun,Sept,Dec",2015,2,1,5,1,Sunday
74,7,2015-02-01,0,0,0,0,0,0,a,a,500.0,7.0,2012.0,0,0.0,0.0,None,2015,2,1,5,1,Sunday
75,7,2015-02-01,0,0,0,0,0,0,c,c,3000.0,11.0,0.0,1,14.0,2009.0,"Feb,May,Aug,Nov",2015,2,1,5,1,Sunday
76,7,2015-02-01,0,0,0,0,0,0,a,a,120.0,0.0,2014.0,0,0.0,0.0,None,2015,2,1,5,1,Sunday
77,7,2015-02-01,0,0,0,0,0,0,d,c,1500.0,11.0,2012.0,0,0.0,0.0,None,2015,2,1,5,1,Sunday
78,7,2015-02-01,0,0,0,0,0,0,d,c,500.0,3.0,2010.0,0,0.0,0.0,None,2015,2,1,5,1,Sunday
79,7,2015-02-01,0,0,0,0,0,0,a,a,500.0,0.0,2012.0,1,14.0,2015.0,"Mar,Jun,Sept,Dec",2015,2,1,5,1,Sunday
80,7,2015-02-01,0,0,0,0,0,0,a,a,15000.0,9.0,2010.0,0,0.0,0.0,None,2015,2,1,5,1,Sunday
81,7,2015-02-01,0,0,0,0,0,0,a,a,1500.0,1.0,2010.0,1,22.0,2009.0,"Jan,Apr,Jul,Oct",2015,2,1,5,1,Sunday
82,7,2015-02-01,0,0,0,0,0,0,a,a,1500.0,0.0,0.0,0,0.0,0.0,None,2015,2,1,5,1,Sunday
83,7,2015-02-01,0,0,0,0,0,0,a,c,500.0,7.0,2014.0,0,0.0,0.0,None,2015,2,1,5,1,Sunday
84,7,2015-02-01,0,0,0,0,0,0,d,a,1500.0,0.0,2005.0,0,0.0,0.0,None,2015,2,1,5,1,Sunday
85,7,2015-02-01,0,0,0,0,0,0,d,c,120.0,0.0,2014.0,1,1.0,2013.0,"Jan,Apr,Jul,Oct",2015,2,1,5,1,Sunday
86,7,2015-02-01,0,0,0,0,0,1,d,a,3000.0,0.0,2012.0,0,0.0,0.0,None,2015,2,1,5,1,Sunday
87,7,2015-02-01,0,0,0,0,0,0,a,a,1500.0,0.0,0.0,0,0.0,0.0,None,2015,2,1,5,1,Sunday
88,7,2015-02-01,0,0,0,0,0,0,d,c,3000.0,3.0,2012.0,1,31.0,2009.0,"Feb,May,Aug,Nov",2015,2,1,5,1,Sunday
89,7,2015-02-01,0,0,0,0,0,0,d,a,1500.0,9.0,0.0,1,31.0,2015.0,"Feb,May,Aug,Nov",2015,2,1,5,1,Sunday
90,7,2015-02-01,0,0,0,0,0,0,d,c,1500.0,0.0,0.0,0,0.0,0.0,None,2015,2,1,5,1,Sunday
91,7,2015-02-01,0,0,0,0,0,0,a,c,1500.0,3.0,2008.0,0,0.0,0.0,None,2015,2,1,5,1,Sunday
92,7,2015-02-01,0,0,0,0,0,0,d,c,120.0,3.0,0.0,1,31.0,2009.0,"Feb,May,Aug,Nov",2015,2,1,5,1,Sunday
93,7,2015-02-01,0,0,0,0,0,0,d,a,120.0,5.0,2005.0,0,0.0,0.0,None,2015,2,1,5,1,Sunday
94,7,2015-02-01,0,0,0,0,0,1,c,a,500.0,11.0,2005.0,0,0.0,0.0,None,2015,2,1,5,1,Sunday
95,7,2015-02-01,0,0,0,0,0,0,a,c,500.0,11.0,2005.0,1,31.0,2009.0,"Feb,May,Aug,Nov",2015,2,1,5,1,Sunday
96,7,2015-02-01,0,0,0,0,0,1,d,c,500.0,7.0,2005.0,1,10.0,2009.0,"Feb,May,Aug,Nov",2015,2,1,5,1,Sunday
97,7,2015-02-01,0,0,0,0,0,1,c,a,120.0,0.0,2008.0,0,0.0,0.0,None,2015,2,1,5,1,Sunday
98,7,2015-02-01,0,0,0,0,0,0,c,a,500.0,3.0,2008.0,1,10.0,2009.0,"Feb,May,Aug,Nov",2015,2,1,5,1,Sunday
99,7,2015-02-01,0,0,0,0,0,0,a,c,500.0,1.0,2012.0,0,0.0,0.0,None,2015,2,1,5,1,Sunday
100,7,2015-02-01,0,0,0,0,0,0,b,c,500.0,9.0,2005.0,0,0.0,0.0,None,2015,2,1,5,1,Sunday
1,1,2015-02-02,5284,360,1,1,0,0,a,c,3000.0,7.0,2012.0,0,0.0,0.0,None,2015,2,2,6,1,Monday
2,1,2015-02-02,0,0,0,1,0,1,a,a,7500.0,5.0,2008.0,0,0.0,0.0,None,2015,2,2,6,1,Monday
3,1,2015-02-02,5429,529,1,1,0,0,d,c,500.0,5.0,2012.0,1,10.0,2011.0,"Jan,Apr,Jul,Oct",2015,2,2,6,1,Monday
4,1,2015-02-02,5624,538,1,0,0,1,a,a,1500.0,1.0,2010.0,1,40.0,2011.0,"Mar,Jun,Sept,Dec",2015,2,2,6,1,Monday
5,1,2015-02-02,6755,792,1,0,0,0,c,a,15000.0,0.0,2008.0,1,31.0,2009.0,"Mar,Jun,Sept,Dec",2015,2,2,6,1,Monday
6,1,2015-02-02,4385,499,1,1,0,0,a,c,1500.0,1.0,0.0,0,0.0,0.0,None,2015,2,2,6,1,Monday
7,1,2015-02-02,11977,1061,1,0,0,0,a,a,1500.0,5.0,2012.0,1,14.0,2011.0,"Jan,Apr,Jul,Oct",2015,2,2,6,1,Monday
8,1,2015-02-02,9250,1143,1,1,0,1,a,c,500.0,9.0,2014.0,1,40.0,2009.0,"Mar,Jun,Sept,Dec",2015,2,2,6,1,Monday
9,1,2015-02-02,9203,787,1,1,0,0,d,a,500.0,5.0,2014.0,1,40.0,2013.0,"Jan,Apr,Jul,Oct",2015,2,2,6,1,Monday
10,1,2015-02-02,7647,550,1,1,0,0,d,c,3000.0,11.0,2012.0,1,1.0,2015.0,"Jan,Apr,Jul,Oct",2015,2,2,6,1,Monday
11,1,2015-02-02,3487,423,1,0,0,0,a,c,120.0,11.0,0.0,1,22.0,2015.0,"Mar,Jun,Sept,Dec",2015,2,2,6,1,Monday
12,1,2015-02-02,5755,697,1,1,0,0,d,c,3000.0,0.0,2008.0,0,0.0,0.0,None,2015,2,2,6,1,Monday
13,1,2015-02-02,7700,799,1,0,0,0,a,a,7500.0,5.0,2005.0,0,0.0,0.0,None,2015,2,2,6,1,Monday
14,1,2015-02-02,6322,1062,1,0,0,0,a,c,1500.0,5.0,2014.0,1,1.0,2013.0,"Jan,Apr,Jul,Oct",2015,2,2,6,1,Monday
15,1,2015-02-02,6036,962,1,1,0,1,d,c,3000.0,11.0,2014.0,1,1.0,2013.0,"Mar,Jun,Sept,Dec",2015,2,2,6,1,Monday
16,1,2015-02-02,12719,1179,1,0,0,0,a,a,500.0,11.0,0.0,0,0.0,0.0,None,2015,2,2,6,1,Monday
17,1,2015-02-02,4866,414,1,1,0,0,a,c,500.0,7.0,2008.0,0,0.0,0.0,None,2015,2,2,6,1,Monday
18,1,2015-02-02,2443,379,1,0,0,0,d,c,1500.0,5.0,2005.0,1,40.0,2009.0,"Jan,Apr,Jul,Oct",2015,2,2,6,1,Monday
19,1,2015-02-02,8707,948,1,1,0,0,d,c,120.0,9.0,2014.0,1,10.0,2013.0,"Jan,Apr,Jul,Oct",2015,2,2,6,1,Monday
20,1,2015-02-02,5821,745,1,1,0,0,a,a,500.0,9.0,0.0,1,1.0,2013.0,"Mar,Jun,Sept,Dec",2015,2,2,6,1,Monday
21,1,2015-02-02,2342,415,1,0,0,0,a,c,1500.0,0.0,2008.0,0,0.0,0.0,None,2015,2,2,6,1,Monday
22,1,2015-02-02,8973,956,1,1,0,1,a,a,500.0,0.0,2010.0,0,0.0,0.0,None,2015,2,2,6,1,Monday
23,1,2015-02-02,3960,384,1,0,0,0,d,c,500.0,1.0,2008.0,0,0.0,0.0,None,2015,2,2,6,1,Monday
24,1,2015-02-02,8427,994,1,0,0,1,a,a,1500.0,1.0,2010.0,0,0.0,0.0,None,2015,2,2,6,1,Monday
25,1,2015-02-02,8356,703,1,0,0,0,a,c,500.0,1.0,2012.0,0,0.0,0.0,None,2015,2,2,6,1,Monday
26,1,2015-02-02,6787,733,1,1,0,0,d,a,1500.0,3.0,2008.0,0,0.0,0.0,None,2015,2,2,6,1,Monday
27,1,2015-02-02,4754,474,1,1,0,0,d,a,15000.0,9.0,2008.0,1,1.0,2009.0,"Mar,Jun,Sept,Dec",2015,2,2,6,1,Monday
28,1,2015-02-02,5972,605,1,1,0,0,a,a,1500.0,3.0,2010.0,0,0.0,0.0,None,2015,2,2,6,1,Monday
29,1,2015-02-02,7164,732,1,0,0,1,a,a,1500.0,5.0,0.0,1,10.0,2015.0,"Jan,Apr,Jul,Oct",2015,2,2,6,1,Monday
30,1,2015-02-02,11195,1066,1,0,0,0,c,c,500.0,11.0,2014.0,1,22.0,2015.0,"Feb,May,Aug,Nov",2015,2,2,6,1,Monday
31,1,2015-02-02,5353,406,1,1,0,1,d,c,500.0,0.0,2014.0,1,31.0,2015.0,"Mar,Jun,Sept,Dec",2015,2,2,6,1,Monday
32,1,2015-02-02,4720,478,1,0,0,0,a,a,3000.0,3.0,2010.0,1,1.0,2015.0,"Mar,Jun,Sept,Dec",2015,2,2,6,1,Monday
33,1,2015-02-02,7281,979,1,0,0,0,d,c,1500.0,9.0,2008.0,0,0.0,0.0,None,2015,2,2,6,1,Monday
34,1,2015-02-02,12698,1108,1,1,0,1,d,c,500.0,9.0,2005.0,0,0.0,0.0,None,2015,2,2,6,1,Monday
35,1,2015-02-02,5812,498,1,1,0,0,a,c,120.0,5.0,0.0,1,22.0,2015.0,"Mar,Jun,Sept,Dec",2015,2,2,6,1,Monday
36,1,2015-02-02,3596,411,1,1,0,0,d,a,1500.0,3.0,2008.0,1,40.0,2011.0,"Feb,May,Aug,Nov",2015,2,2,6,1,Monday
37,1,2015-02-02,6471,945,1,0,0,0,d,a,7500.0,3.0,2008.0,1,40.0,2009.0,"Mar,Jun,Sept,Dec",2015,2,2,6,1,Monday
38,1,2015-02-02,3243,327,1,0,0,0,a,a,3000.0,3.0,2010.0,0,0.0,0.0,None,2015,2,2,6,1,Monday
39,1,2015-02-02,9685,1090,1,1,0,0,c,a,7500.0,7.0,2014.0,1,14.0,2015.0,"Jan,Apr,Jul,Oct",2015,2,2,6,1,Monday
40,1,2015-02-02,7148,1054,1,0,0,1,d,a,1500.0,11.0,2008.0,1,22.0,2013.0,"Jan,Apr,Jul,Oct",2015,2,2,6,1,Monday
41,1,2015-02-02,7184,901,1,0,0,0,a,c,500.0,1.0,0.0,0,0.0,0.0,None,2015,2,2,6,1,Monday
42,1,2015-02-02,3128,515,1,0,0,0,d,c,120.0,1.0,2014.0,0,0.0,0.0,None,2015,2,2,6,1,Monday
43,1,2015-02-02,5795,505,1,0,0,0,a,a,500.0,0.0,0.0,1,31.0,2011.0,"Mar,Jun,Sept,Dec",2015,2,2,6,1,Monday
44,1,2015-02-02,6092,790,1,0,0,0,a,a,1500.0,5.0,2005.0,0,0.0,0.0,None,2015,2,2,6,1,Monday
45,1,2015-02-02,3642,469,1,0,0,1,c,a,120.0,9.0,2014.0,1,22.0,2011.0,"Feb,May,Aug,Nov",2015,2,2,6,1,Monday
46,1,2015-02-02,0,0,0,1,0,1,a,c,500.0,1.0,2014.0,0,0.0,0.0,None,2015,2,2,6,1,Monday
47,1,2015-02-02,3121,364,1,0,0,0,c,a,1500.0,0.0,0.0,1,40.0,2013.0,"Jan,Apr,Jul,Oct",2015,2,2,6,1,Monday
48,1,2015-02-02,2697,432,1,0,0,0,a,c,500.0,7.0,2010.0,1,22.0,2011.0,"Mar,Jun,Sept,Dec",2015,2,2,6,1,Monday
49,1,2015-02-02,6884,884,1,1,0,0,d,a,120.0,1.0,2010.0,1,14.0,2009.0,"Mar,Jun,Sept,Dec",2015,2,2,6,1,Monday
50,1,2015-02-02,0,0,0,1,0,1,a,c,500.0,1.0,2012.0,0,0.0,0.0,None,2015,2,2,6,1,Monday
51,1,2015-02-02,11422,894,1,1,0,0,a,c,120.0,1.0,0.0,0,0.0,0.0,None,2015,2,2,6,1,Monday
52,1,2015-02-02,6867,600,1,0,0,0,a,a,120.0,7.0,2012.0,1,31.0,2013.0,"Mar,Jun,Sept,Dec",2015,2,2,6,1,Monday
53,1,2015-02-02,5784,1035,1,0,0,1,a,c,1500.0,0.0,0.0,1,14.0,2009.0,"Feb,May,Aug,Nov",2015,2,2,6,1,Monday
54,1,2015-02-02,12893,1124,1,1,0,1,a,a,1500.0,0.0,0.0,0,0.0,0.0,None,2015,2,2,6,1,Monday
55,1,2015-02-02,8093,1169,1,0,0,0,d,c,1500.0,1.0,2005.0,1,22.0,2009.0,"Feb,May,Aug,Nov",2015,2,2,6,1,Monday
56,1,2015-02-02,5892,702,1,0,0,0,a,a,1500.0,7.0,2010.0,0,0.0,0.0,None,2015,2,2,6,1,Monday
57,1,2015-02-02,4729,704,1,1,0,0,a,c,1500.0,0.0,2012.0,1,10.0,2009.0,"Mar,Jun,Sept,Dec",2015,2,2,6,1,Monday
58,1,2015-02-02,6446,690,1,1,0,1,d,c,1500.0,0.0,0.0,1,14.0,2009.0,"Mar,Jun,Sept,Dec",2015,2,2,6,1,Monday
59,1,2015-02-02,0,0,0,0,0,1,d,c,500.0,7.0,2012.0,0,0.0,0.0,None,2015,2,2,6,1,Monday
60,1,2015-02-02,3269,495,1,0,0,0,a,a,1500.0,11.0,0.0,1,31.0,2011.0,"Feb,May,Aug,Nov",2015,2,2,6,1,Monday
61,1,2015-02-02,10580,961,1,1,0,1,a,c,500.0,5.0,2005.0,1,31.0,2013.0,"Jan,Apr,Jul,Oct",2015,2,2,6,1,Monday
62,1,2015-02-02,5954,673,1,0,0,0,a,a,15000.0,5.0,2005.0,0,0.0,0.0,None,2015,2,2,6,1,Monday
63,1,2015-02-02,5824,543,1,1,0,0,c,c,3000.0,5.0,2005.0,0,0.0,0.0,None,2015,2,2,6,1,Monday
64,1,2015-02-02,4698,504,1,0,0,0,c,c,1500.0,5.0,0.0,1,1.0,2013.0,"Jan,Apr,Jul,Oct",2015,2,2,6,1,Monday
65,1,2015-02-02,8277,784,1,1,0,0,a,c,1500.0,0.0,2014.0,0,0.0,0.0,None,2015,2,2,6,1,Monday
66,1,2015-02-02,9084,1019,1,0,0,0,a,a,15000.0,3.0,2010.0,0,0.0,0.0,None,2015,2,2,6,1,Monday
67,1,2015-02-02,3463,303,1,0,0,0,d,c,1500.0,1.0,2012.0,0,0.0,0.0,None,2015,2,2,6,1,Monday
68,1,2015-02-02,7149,733,1,1,0,0,c,c,500.0,7.0,0.0,0,0.0,0.0,None,2015,2,2,6,1,Monday
69,1,2015-02-02,7002,512,1,1,0,0,d,c,15000.0,1.0,2012.0,1,31.0,2013.0,"Mar,Jun,Sept,Dec",2015,2,2,6,1,Monday
70,1,2015-02-02,9477,1037,1,1,0,0,a,a,3000.0,5.0,0.0,0,0.0,0.0,None,2015,2,2,6,1,Monday
71,1,2015-02-02,13453,1177,1,1,0,0,a,c,120.0,1.0,2008.0,1,31.0,2009.0,"Jan,Apr,Jul,Oct",2015,2,2,6,1,Monday
72,1,2015-02-02,4217,449,1,1,0,0,a,c,7500.0,9.0,2010.0,0,0.0,0.0,None,2015,2,2,6,1,Monday
73,1,2015-02-02,7799,1144,1,0,0,0,d,c,500.0,5.0,2008.0,1,40.0,2013.0,"Mar,Jun,Sept,Dec",2015,2,2,6,1,Monday
74,1,2015-02-02,4799,828,1,0,0,0,a,a,500.0,7.0,2012.0,0,0.0,0.0,None,2015,2,2,6,1,Monday
75,1,2015-02-02,8819,943,1,0,0,0,c,c,3000.0,11.0,0.0,1,14.0,2009.0,"Feb,May,Aug,Nov",2015,2,2,6,1,Monday
76,1,2015-02-02,5639,819,1,0,0,0,a,a,120.0,0.0,2014.0,0,0.0,0.0,None,2015,2,2,6,1,Monday
77,1,2015-02-02,0,0,0,0,0,1,d,c,1500.0,11.0,2012.0,0,0.0,0.0,None,2015,2,2,6,1,Monday
78,1,2015-02-02,7344,700,1,0,0,0,d,c,500.0,3.0,2010.0,0,0.0,0.0,None,2015,2,2,6,1,Monday
79,1,2015-02-02,8267,818,1,0,0,1,a,a,500.0,0.0,2012.0,1,14.0,2015.0,"Mar,Jun,Sept,Dec",2015,2,2,6,1,Monday
80,1,2015-02-02,6218,799,1,0,0,1,a,a,15000.0,9.0,2010.0,0,0.0,0.0,None,2015,2,2,6,1,Monday
81,1,2015-02-02,10557,936,1,0,0,1,a,a,1500.0,1.0,2010.0,1,22.0,2009.0,"Jan,Apr,Jul,Oct",2015,2,2,6,1,Monday
82,1,2015-02-02,9465,1069,1,0,0,0,a,a,1500.0,0.0,0.0,0,0.0,0.0,None,2015,2,2,6,1,Monday
83,1,2015-02-02,7416,1099,1,0,0,0,a,c,500.0,7.0,2014.0,0,0.0,0.0,None,2015,2,2,6,1,Monday
84,1,2015-02-02,4065,427,1,1,0,0,d,a,1500.0,0.0,2005.0,0,0.0,0.0,None,2015,2,2,6,1,Monday
85,1,2015-02-02,7327,1091,1,1,0,0,d,c,120.0,0.0,2014.0,1,1.0,2013.0,"Jan,Apr,Jul,Oct",2015,2,2,6,1,Monday
86,1,2015-02-02,5574,499,1,1,0,0,d,a,3000.0,0.0,2012.0,0,0.0,0.0,None,2015,2,2,6,1,Monday
87,1,2015-02-02,9562,715,1,1,0,0,a,a,1500.0,0.0,0.0,0,0.0,0.0,None,2015,2,2,6,1,Monday
88,1,2015-02-02,3909,592,1,1,0,0,d,c,3000.0,3.0,2012.0,1,31.0,2009.0,"Feb,May,Aug,Nov",2015,2,2,6,1,Monday
89,1,2015-02-02,7681,1029,1,0,0,1,d,a,1500.0,9.0,0.0,1,31.0,2015.0,"Feb,May,Aug,Nov",2015,2,2,6,1,Monday
90,1,2015-02-02,7602,1179,1,0,0,0,d,c,1500.0,0.0,0.0,0,0.0,0.0,None,2015,2,2,6,1,Monday
91,1,2015-02-02,7300,533,1,1,0,0,a,c,1500.0,3.0,2008.0,0,0.0,0.0,None,2015,2,2,6,1,Monday
92,1,2015-02-02,5582,613,1,0,0,1,d,c,120.0,3.0,0.0,1,31.0,2009.0,"Feb,May,Aug,Nov",2015,2,2,6,1,Monday
93,1,2015-02-02,11118,1061,1,1,0,0,d,a,120.0,5.0,2005.0,0,0.0,0.0,None,2015,2,2,6,1,Monday
94,1,2015-02-02,3460,470,1,1,0,0,c,a,500.0,11.0,2005.0,0,0.0,0.0,None,2015,2,2,6,1,Monday
95,1,2015-02-02,8741,1086,1,0,0,1,a,c,500.0,11.0,2005.0,1,31.0,2009.0,"Feb,May,Aug,Nov",2015,2,2,6,1,Monday
96,1,2015-02-02,3584,488,1,0,0,0,d,c,500.0,7.0,2005.0,1,10.0,2009.0,"Feb,May,Aug,Nov",2015,2,2,6,1,Monday
97,1,2015-02-02,4552,373,1,1,0,1,c,a,120.0,0.0,2008.0,0,0.0,0.0,None,2015,2,2,6,1,Monday
98,1,2015-02-02,3798,361,1,1,0,0,c,a,500.0,3.0,2008.0,1,10.0,2009.0,"Feb,May,Aug,Nov",2015,2,2,6,1,Monday
99,1,2015-02-02,9906,936,1,0,0,0,a,c,500.0,1.0,2012.0,0,0.0,0.0,None,2015,2,2,6,1,Monday
100,1,2015-02-02,5473,923,1,0,0,0,b,c,500.0,9.0,2005.0,0,0.0,0.0,None,2015,2,2,6,1,Monday
1,2,2015-02-03,2687,347,1,0,0,0,a,c,3000.0,7.0,2012.0,0,0.0,0.0,None,2015,2,3,6,1,Tuesday
2,2,2015-02-03,7749,1113,1,1,0,1,a,a,7500.0,5.0,2008.0,0,0.0,0.0,None,2015,2,3,6,1,Tuesday
3,2,2015-02-03,6421,459,1,1,0,1,d,c,500.0,5.0,2012.0,1,10.0,2011.0,"Jan,Apr,Jul,Oct",2015,2,3,6,1,Tuesday
4,2,2015-02-03,3871,435,1,0,0,0,a,a,1500.0,1.0,2010.0,1,40.0,2011.0,"Mar,Jun,Sept,Dec",2015,2,3,6,1,Tuesday
5,2,2015-02-03,10232,1048,1,0,0,1,c,a,15000.0,0.0,2008.0,1,31.0,2009.0,"Mar,Jun,Sept,Dec",2015,2,3,6,1,Tuesday
6,2,2015-02-03,7635,672,1,0,0,0,a,c,1500.0,1.0,0.0,0,0.0,0.0,None,2015,2,3,6,1,Tuesday
7,2,2015-02-03,5217,457,1,1,0,0,a,a,1500.0,5.0,2012.0,1,14.0,2011.0,"Jan,Apr,Jul,Oct",2015,2,3,6,1,Tuesday
8,2,2015-02-03,10190,937,1,0,0,0,a,c,500.0,9.0,2014.0,1,40.0,2009.0,"Mar,Jun,Sept,Dec",2015,2,3,6,1,Tuesday
9,2,2015-02-03,4254,740,1,0,0,0,d,a,500.0,5.0,2014.0,1,40.0,2013.0,"Jan,Apr,Jul,Oct",2015,2,3,6,1,Tuesday
10,2,2015-02-03,5105,440,1,1,0,0,d,c,3000.0,11.0,2012.0,1,1.0,2015.0,"Jan,Apr,Jul,Oct",2015,2,3,6,1,Tuesday
11,2,2015-02-03,11090,953,1,0,0,1,a,c,120.0,11.0,0.0,1,22.0,2015.0,"Mar,Jun,Sept,Dec",2015,2,3,6,1,Tuesday
12,2,2015-02-03,8724,839,1,1,0,0,d,c,3000.0,0.0,2008.0,0,0.0,0.0,None,2015,2,3,6,1,Tuesday
13,2,2015-02-03,7525,670,1,1,0,1,a,a,7500.0,5.0,2005.0,0,0.0,0.0,None,2015,2,3,6,1,Tuesday
14,2,2015-02-03,13010,1153,1,0,0,0,a,c,1500.0,5.0,2014.0,1,1.0,2013.0,"Jan,Apr,Jul,Oct",2015,2,3,6,1,Tuesday
15,2,2015-02-03,7729,632,1,1,0,0,d,c,3000.0,11.0,2014.0,1,1.0,2013.0,"Mar,Jun,Sept,Dec",2015,2,3,6,1,Tuesday
16,2,2015-02-03,7076,598,1,0,0,1,a,a,500.0,11.0,0.0,0,0.0,0.0,None,2015,2,3,6,1,Tuesday
17,2,2015-02-03,10312,945,1,1,0,1,a,c,500.0,7.0,2008.0,0,0.0,0.0,None,2015,2,3,6,1,Tuesday
18,2,2015-02-03,6115,562,1,0,0,0,d,c,1500.0,5.0,2005.0,1,40.0,2009.0,"Jan,Apr,Jul,Oct",2015,2,3,6,1,Tuesday
19,2,2015-02-03,6739,694,1,1,0,0,d,c,120.0,9.0,2014.0,1,10.0,2013.0,"Jan,Apr,Jul,Oct",2015,2,3,6,1,Tuesday
20,2,2015-02-03,0,0,0,0,0,1,a,a,500.0,9.0,0.0,1,1.0,2013.0,"Mar,Jun,Sept,Dec",2015,2,3,6,1,Tuesday
21,2,2015-02-03,6239,623,1,1,0,0,a,c,1500.0,0.0,2008.0,0,0.0,0.0,None,2015,2,3,6,1,Tuesday
22,2,2015-02-03,3105,361,1,1,0,1,a,a,500.0,0.0,2010.0,0,0.0,0.0,None,2015,2,3,6,1,Tuesday
23,2,2015-02-03,4820,476,1,1,0,0,d,c,500.0,1.0,2008.0,0,0.0,0.0,None,2015,2,3,6,1,Tuesday
24,2,2015-02-03,6863,777,1,0,0,0,a,a,1500.0,1.0,2010.0,0,0.0,0.0,None,2015,2,3,6,1,Tuesday
25,2,2015-02-03,9776,995,1,0,0,0,a,c,500.0,1.0,2012.0,0,0.0,0.0,None,2015,2,3,6,1,Tuesday
26,2,2015-02-03,6879,609,1,0,0,0,d,a,1500.0,3.0,2008.0,0,0.0,0.0,None,2015,2,3,6,1,Tuesday
27,2,2015-02-03,0,0,0,0,0,0,d,a,15000.0,9.0,2008.0,1,1.0,2009.0,"Mar,Jun,Sept,Dec",2015,2,3,6,1,Tuesday
28,2,2015-02-03,4712,340,1,1,0,0,a,a,1500.0,3.0,2010.0,0,0.0,0.0,None,2015,2,3,6,1,Tuesday
29,2,2015-02-03,12305,1108,1,0,0,0,a,a,1500.0,5.0,0.0,1,10.0,2015.0,"Jan,Apr,Jul,Oct",2015,2,3,6,1,Tuesday
30,2,2015-02-03,8564,1160,1,0,0,0,c,c,500.0,11.0,2014.0,1,22.0,2015.0,"Feb,May,Aug,Nov",2015,2,3,6,1,Tuesday
31,2,2015-02-03,4552,318,1,1,0,0,d,c,500.0,0.0,2014.0,1,31.0,2015.0,"Mar,Jun,Sept,Dec",2015,2,3,6,1,Tuesday
32,2,2015-02-03,4865,716,1,0,0,0,a,a,3000.0,3.0,2010.0,1,1.0,2015.0,"Mar,Jun,Sept,Dec",2015,2,3,6,1,Tuesday
33,2,2015-02-03,4964,419,1,1,0,0,d,c,1500.0,9.0,2008.0,0,0.0,0.0,None,2015,2,3,6,1,Tuesday
34,2,2015-02-03,6994,803,1,0,0,0,d,c,500.0,9.0,2005.0,0,0.0,0.0,None,2015,2,3,6,1,Tuesday
35,2,2015-02-03,6871,938,1,0,0,1,a,c,120.0,5.0,0.0,1,22.0,2015.0,"Mar,Jun,Sept,Dec",2015,2,3,6,1,Tuesday
36,2,2015-02-03,4289,638,1,0,0,0,d,a,1500.0,3.0,2008.0,1,40.0,2011.0,"Feb,May,Aug,Nov",2015,2,3,6,1,Tuesday
37,2,2015-02-03,5298,657,1,0,0,0,d,a,7500.0,3.0,2008.0,1,40.0,2009.0,"Mar,Jun,Sept,Dec",2015,2,3,6,1,Tuesday
38,2,2015-02-03,2657,467,1,0,0,0,a,a,3000.0,3.0,2010.0,0,0.0,0.0,None,2015,2,3,6,1,Tuesday
39,2,2015-02-03,4990,799,1,0,0,0,c,a,7500.0,7.0,2014.0,1,14.0,2015.0,"Jan,Apr,Jul,Oct",2015,2,3,6,1,Tuesday
40,2,2015-02-03,8695,717,1,1,0,0,d,a,1500.0,11.0,2008.0,1,22.0,2013.0,"Jan,Apr,Jul,Oct",2015,2,3,6,1,Tuesday
41,2,2015-02-03,4979,504,1,0,0,0,a,c,500.0,1.0,0.0,0,0.0,0.0,None,2015,2,3,6,1,Tuesday
42,2,2015-02-03,9649,889,1,1,0,0,d,c,120.0,1.0,2014.0,0,0.0,0.0,None,2015,2,3,6,1,Tuesday
43,2,2015-02-03,2365,374,1,0,0,0,a,a,500.0,0.0,0.0,1,31.0,2011.0,"Mar,Jun,Sept,Dec",2015,2,3,6,1,Tuesday
44,2,2015-02-03,11702,1006,1,0,0,1,a,a,1500.0,5.0,2005.0,0,0.0,0.0,None,2015,2,3,6,1,Tuesday
45,2,2015-02-03,7823,815,1,1,0,0,c,a,120.0,9.0,2014.0,1,22.0,2011.0,"Feb,May,Aug,Nov",2015,2,3,6,1,Tuesday
46,2,2015-02-03,4916,319,1,1,0,0,a,c,500.0,1.0,2014.0,0,0.0,0.0,None,2015,2,3,6,1,Tuesday
47,2,2015-02-03,8036,791,1,1,0,0,c,a,1500.0,0.0,0.0,1,40.0,2013.0,"Jan,Apr,Jul,Oct",2015,2,3,6,1,Tuesday
48,2,2015-02-03,8442,689,1,1,0,0,a,c,500.0,7.0,2010.0,1,22.0,2011.0,"Mar,Jun,Sept,Dec",2015,2,3,6,1,Tuesday
49,2,2015-02-03,7368,733,1,1,0,0,d,a,120.0,1.0,2010.0,1,14.0,2009.0,"Mar,Jun,Sept,Dec",2015,2,3,6,1,Tuesday
50,2,2015-02-03,11855,1008,1,1,0,0,a,c,500.0,1.0,2012.0,0,0.0,0.0,None,2015,2,3,6,1,Tuesday
51,2,2015-02-03,14420,1151,1,1,0,1,a,c,120.0,1.0,0.0,0,0.0,0.0,None,2015,2,3,6,1,Tuesday
52,2,2015-02-03,11407,1095,1,1,0,0,a,a,120.0,7.0,2012.0,1,31.0,2013.0,"Mar,Jun,Sept,Dec",2015,2,3,6,1,Tuesday
53,2,2015-02-03,3513,489,1,0,0,0,a,c,1500.0,0.0,0.0,1,14.0,2009.0,"Feb,May,Aug,Nov",2015,2,3,6,1,Tuesday
54,2,2015-02-03,9945,1178,1,0,0,0,a,a,1500.0,0.0,0.0,0,0.0,0.0,None,2015,2,3,6,1,Tuesday
55,2,2015-02-03,9817,772,1,1,0,0,d,c,1500.0,1.0,2005.0,1,22.0,2009.0,"Feb,May,Aug,Nov",2015,2,3,6,1,Tuesday
56,2,2015-02-03,5293,544,1,0,0,0,a,a,1500.0,7.0,2010.0,0,0.0,0.0,None,2015,2,3,6,1,Tuesday
57,2,2015-02-03,7600,810,1,1,0,0,a,c,1500.0,0.0,2012.0,1,10.0,2009.0,"Mar,Jun,Sept,Dec",2015,2,3,6,1,Tuesday
58,2,2015-02-03,3413,377,1,0,0,0,d,c,1500.0,0.0,0.0,1,14.0,2009.0,"Mar,Jun,Sept,Dec",2015,2,3,6,1,Tuesday
59,2,2015-02-03,7955,844,1,0,0,0,d,c,500.0,7.0,2012.0,0,0.0,0.0,None,2015,2,3,6,1,Tuesday
60,2,2015-02-03,0,0,0,0,0,1,a,a,1500.0,11.0,0.0,1,31.0,2011.0,"Feb,May,Aug,Nov",2015,2,3,6,1,Tuesday
61,2,2015-02-03,9493,834,1,0,0,0,a,c,500.0,5.0,2005.0,1,31.0,2013.0,"Jan,Apr,Jul,Oct",2015,2,3,6,1,Tuesday
62,2,2015-02-03,6842,957,1,1,0,0,a,a,15000.0,5.0,2005.0,0,0.0,0.0,None,2015,2,3,6,1,Tuesday
63,2,2015-02-03,7696,1099,1,0,0,0,c,c,3000.0,5.0,2005.0,0,0.0,0.0,None,2015,2,3,6,1,Tuesday
64,2,2015-02-03,5643,495,1,1,0,0,c,c,1500.0,5.0,0.0,1,1.0,2013.0,"Jan,Apr,Jul,Oct",2015,2,3,6,1,Tuesday
65,2,2015-02-03,5154,460,1,0,0,0,a,c,1500.0,0.0,2014.0,0,0.0,0.0,None,2015,2,3,6,1,Tuesday
66,2,2015-02-03,4143,616,1,0,0,0,a,a,15000.0,3.0,2010.0,0,0.0,0.0,None,2015,2,3,6,1,Tuesday
67,2,2015-02-03,7366,703,1,0,0,0,d,c,1500.0,1.0,2012.0,0,0.0,0.0,None,2015,2,3,6,1,Tuesday
68,2,2015-02-03,8292,729,1,1,0,0,c,c,500.0,7.0,0.0,0,0.0,0.0,None,2015,2,3,6,1,Tuesday
69,2,2015-02-03,3181,491,1,0,0,0,d,c,15000.0,1.0,2012.0,1,31.0,2013.0,"Mar,Jun,Sept,Dec",2015,2,3,6,1,Tuesday
70,2,2015-02-03,5553,903,1,0,0,0,a,a,3000.0,5.0,0.0,0,0.0,0.0,None,2015,2,3,6,1,Tuesday
71,2,2015-02-03,7489,780,1,1,0,0,a,c,120.0,1.0,2008.0,1,31.0,2009.0,"Jan,Apr,Jul,Oct",2015,2,3,6,1,Tuesday
72,2,2015-02-03,5995,738,1,1,0,0,a,c,7500.0,9.0,2010.0,0,0.0,0.0,None,2015,2,3,6,1,Tuesday
73,2,2015-02-03,8092,720,1,0,0,0,d,c,500.0,5.0,2008.0,1,40.0,2013.0,"Mar,Jun,Sept,Dec",2015,2,3,6,1,Tuesday
74,2,2015-02-03,7912,1151,1,0,0,0,a,a,500.0,7.0,2012.0,0,0.0,0.0,None,2015,2,3,6,1,Tuesday
75,2,2015-02-03,7426,787,1,0,0,0,c,c,3000.0,11.0,0.0,1,14.0,2009.0,"Feb,May,Aug,Nov",2015,2,3,6,1,Tuesday
76,2,2015-02-03,5571,872,1,0,0,0,a,a,120.0,0.0,2014.0,0,0.0,0.0,None,2015,2,3,6,1,Tuesday
77,2,2015-02-03,3408,555,1,0,0,0,d,c,1500.0,11.0,2012.0,0,0.0,0.0,None,2015,2,3,6,1,Tuesday
78,2,2015-02-03,6632,952,1,0,0,0,d,c,500.0,3.0,2010.0,0,0.0,0.0,None,2015,2,3,6,1,Tuesday
79,2,2015-02-03,9951,950,1,0,0,0,a,a,500.0,0.0,2012.0,1,14.0,2015.0,"Mar,Jun,Sept,Dec",2015,2,3,6,1,Tuesday
80,2,2015-02-03,6352,584,1,0,0,0,a,a,15000.0,9.0,2010.0,0,0.0,0.0,None,2015,2,3,6,1,Tuesday
81,2,2015-02-03,4709,512,1,0,0,0,a,a,1500.0,1.0,2010.0,1,22.0,2009.0,"Jan,Apr,Jul,Oct",2015,2,3,6,1,Tuesday
82,2,2015-02-03,3798,522,1,0,0,0,a,a,1500.0,0.0,0.0,0,0.0,0.0,None,2015,2,3,6,1,Tuesday
83,2,2015-02-03,3320,459,1,0,0,0,a,c,500.0,7.0,2014.0,0,0.0,0.0,None,2015,2,3,6,1,Tuesday
84,2,2015-02-03,6259,882,1,1,0,0,d,a,1500.0,0.0,2005.0,0,0.0,0.0,None,2015,2,3,6,1,Tuesday
85,2,2015-02-03,10817,1069,1,0,0,1,d,c,120.0,0.0,2014.0,1,1.0,2013.0,"Jan,Apr,Jul,Oct",2015,2,3,6,1,Tuesday
86,2,2015-02-03,9753,691,1,1,0,0,d,a,3000.0,0.0,2012.0,0,0.0,0.0,None,2015,2,3,6,1,Tuesday
87,2,2015-02-03,8548,848,1,0,0,0,a,a,1500.0,0.0,0.0,0,0.0,0.0,None,2015,2,3,6,1,Tuesday
88,2,2015-02-03,5914,596,1,0,0,0,d,c,3000.0,3.0,2012.0,1,31.0,2009.0,"Feb,May,Aug,Nov",2015,2,3,6,1,Tuesday
89,2,2015-02-03,5557,664,1,0,0,1,d,a,1500.0,9.0,0.0,1,31.0,2015.0,"Feb,May,Aug,Nov",2015,2,3,6,1,Tuesday
90,2,2015-02-03,7617,1166,1,0,0,0,d,c,1500.0,0.0,0.0,0,0.0,0.0,None,2015,2,3,6,1,Tuesday
91,2,2015-02-03,4240,542,1,1,0,0,a,c,1500.0,3.0,2008.0,0,0.0,0.0,None,2015,2,3,6,1,Tuesday
92,2,2015-02-03,10170,933,1,1,0,1,d,c,120.0,3.0,0.0,1,31.0,2009.0,"Feb,May,Aug,Nov",2015,2,3,6,1,Tuesday
93,2,2015-02-03,4204,523,1,1,0,0,d,a,120.0,5.0,2005.0,0,0.0,0.0,None,2015,2,3,6,1,Tuesday
94,2,2015-02-03,2215,365,1,0,0,0,c,a,500.0,11.0,2005.0,0,0.0,0.0,None,2015,2,3,6,1,Tuesday
95,2,2015-02-03,4652,682,1,0,0,0,a,c,500.0,11.0,2005.0,1,31.0,2009.0,"Feb,May,Aug,Nov",2015,2,3,6,1,Tuesday
96,2,2015-02-03,10165,900,1,0,0,0,d,c,500.0,7.0,2005.0,1,10.0,2009.0,"Feb,May,Aug,Nov",2015,2,3,6,1,Tuesday
97,2,2015-02-03,8829,993,1,0,0,0,c,a,120.0,0.0,2008.0,0,0.0,0.0,None,2015,2,3,6,1,Tuesday
98,2,2015-02-03,7042,660,1,0,0,0,c,a,500.0,3.0,2008.0,1,10.0,2009.0,"Feb,May,Aug,Nov",2015,2,3,6,1,Tuesday
99,2,2015-02-03,8531,950,1,0,0,0,a,c,500.0,1.0,2012.0,0,0.0,0.0,None,2015,2,3,6,1,Tuesday
100,2,2015-02-03,2227,330,1,0,0,1,b,c,500.0,9.0,2005.0,0,0.0,0.0,None,2015,2,3,6,1,Tuesday
1,3,2015-02-04,14640,1146,1,1,0,1,a,c,3000.0,7.0,2012.0,0,0.0,0.0,None,2015,2,4,6,1,Wednesday
2,3,2015-02-04,5729,1025,1,0,0,0,a,a,7500.0,5.0,2008.0,0,0.0,0.0,None,2015,2,4,6,1,Wednesday
3,3,2015-02-04,2826,352,1,0,0,0,d,c,500.0,5.0,2012.0,1,10.0,2011.0,"Jan,Apr,Jul,Oct",2015,2,4,6,1,Wednesday
4,3,2015-02-04,5668,532,1,0,0,0,a,a,1500.0,1.0,2010.0,1,40.0,2011.0,"Mar,Jun,Sept,Dec",2015,2,4,6,1,Wednesday
5,3,2015-02-04,8774,678,1,1,0,0,c,a,15000.0,0.0,2008.0,1,31.0,2009.0,"Mar,Jun,Sept,Dec",2015,2,4,6,1,Wednesday
6,3,2015-02-04,13528,1157,1,0,0,1,a,c,1500.0,1.0,0.0,0,0.0,0.0,None,2015,2,4,6,1,Wednesday
7,3,2015-02-04,7756,1026,1,0,0,0,a,a,1500.0,5.0,2012.0,1,14.0,2011.0,"Jan,Apr,Jul,Oct",2015,2,4,6,1,Wednesday
8,3,2015-02-04,7892,614,1,1,0,0,a,c,500.0,9.0,2014.0,1,40.0,2009.0,"Mar,Jun,Sept,Dec",2015,2,4,6,1,Wednesday
9,3,2015-02-04,10634,895,1,1,0,1,d,a,500.0,5.0,2014.0,1,40.0,2013.0,"Jan,Apr,Jul,Oct",2015,2,4,6,1,Wednesday
10,3,2015-02-04,11875,1153,1,0,0,0,d,c,3000.0,11.0,2012.0,1,1.0,2015.0,"Jan,Apr,Jul,Oct",2015,2,4,6,1,Wednesday
11,3,2015-02-04,4331,378,1,0,0,0,a,c,120.0,11.0,0.0,1,22.0,2015.0,"Mar,Jun,Sept,Dec",2015,2,4,6,1,Wednesday
12,3,2015-02-04,6083,778,1,0,0,0,d,c,3000.0,0.0,2008.0,0,0.0,0.0,None,2015,2,4,6,1,Wednesday
13,3,2015-02-04,4572,406,1,1,0,1,a,a,7500.0,5.0,2005.0,0,0.0,0.0,None,2015,2,4,6,1,Wednesday
14,3,2015-02-04,10482,1129,1,1,0,0,a,c,1500.0,5.0,2014.0,1,1.0,2013.0,"Jan,Apr,Jul,Oct",2015,2,4,6,1,Wednesday
15,3,2015-02-04,0,0,0,0,0,1,d,c,3000.0,11.0,2014.0,1,1.0,2013.0,"Mar,Jun,Sept,Dec",2015,2,4,6,1,Wednesday
16,3,2015-02-04,11225,1055,1,1,0,0,a,a,500.0,11.0,0.0,0,0.0,0.0,None,2015,2,4,6,1,Wednesday
17,3,2015-02-04,8664,964,1,1,0,0,a,c,500.0,7.0,2008.0,0,0.0,0.0,None,2015,2,4,6,1,Wednesday
18,3,2015-02-04,6227,539,1,0,0,0,d,c,1500.0,5.0,2005.0,1,40.0,2009.0,"Jan,Apr,Jul,Oct",2015,2,4,6,1,Wednesday
19,3,2015-02-04,4706,718,1,0,0,0,d,c,120.0,9.0,2014.0,1,10.0,2013.0,"Jan,Apr,Jul,Oct",2015,2,4,6,1,Wednesday
20,3,2015-02-04,6313,900,1,0,0,0,a,a,500.0,9.0,0.0,1,1.0,2013.0,"Mar,Jun,Sept,Dec",2015,2,4,6,1,Wednesday
21,3,2015-02-04,6277,1077,1,0,0,0,a,c,1500.0,0.0,2008.0,0,0.0,0.0,None,2015,2,4,6,1,Wednesday
22,3,2015-02-04,3825,401,1,1,0,0,a,a,500.0,0.0,2010.0,0,0.0,0.0,None,2015,2,4,6,1,Wednesday
23,3,2015-02-04,9649,844,1,0,0,0,d,c,500.0,1.0,2008.0,0,0.0,0.0,None,2015,2,4,6,1,Wednesday
24,3,2015-02-04,7261,772,1,1,0,0,a,a,1500.0,1.0,2010.0,0,0.0,0.0,None,2015,2,4,6,1,Wednesday
25,3,2015-02-04,5985,770,1,1,0,0,a,c,500.0,1.0,2012.0,0,0.0,0.0,None,2015,2,4,6,1,Wednesday
26,3,2015-02-04,12608,1011,1,1,0,0,d,a,1500.0,3.0,2008.0,0,0.0,0.0,None,2015,2,4,6,1,Wednesday
27,3,2015-02-04,6088,952,1,0,0,0,d,a,15000.0,9.0,2008.0,1,1.0,2009.0,"Mar,Jun,Sept,Dec",2015,2,4,6,1,Wednesday
28,3,2015-02-04,9450,930,1,1,0,0,a,a,1500.0,3.0,2010.0,0,0.0,0.0,None,2015,2,4,6,1,Wednesday
29,3,2015-02-04,11244,1124,1,1,0,0,a,a,1500.0,5.0,0.0,1,10.0,2015.0,"Jan,Apr,Jul,Oct",2015,2,4,6,1,Wednesday
30,3,2015-02-04,4308,625,1,0,0,1,c,c,500.0,11.0,2014.0,1,22.0,2015.0,"Feb,May,Aug,Nov",2015,2,4,6,1,Wednesday
31,3,2015-02-04,4414,603,1,0,0,0,d,c,500.0,0.0,2014.0,1,31.0,2015.0,"Mar,Jun,Sept,Dec",2015,2,4,6,1,Wednesday
32,3,2015-02-04,8928,1134,1,1,0,1,a,a,3000.0,3.0,2010.0,1,1.0,2015.0,"Mar,Jun,Sept,Dec",2015,2,4,6,1,Wednesday
33,3,2015-02-04,3579,308,1,0,0,0,d,c,1500.0,9.0,2008.0,0,0.0,0.0,None,2015,2,4,6,1,Wednesday
34,3,2015-02-04,5916,475,1,1,0,0,d,c,500.0,9.0,2005.0,0,0.0,0.0,None,2015,2,4,6,1,Wednesday
35,3,2015-02-04,12457,1085,1,0,0,0,a,c,120.0,5.0,0.0,1,22.0,2015.0,"Mar,Jun,Sept,Dec",2015,2,4,6,1,Wednesday
36,3,2015-02-04,11918,1198,1,0,0,0,d,a,1500.0,3.0,2008.0,1,40.0,2011.0,"Feb,May,Aug,Nov",2015,2,4,6,1,Wednesday
37,3,2015-02-04,6126,530,1,0,0,0,d,a,7500.0,3.0,2008.0,1,40.0,2009.0,"Mar,Jun,Sept,Dec",2015,2,4,6,1,Wednesday
38,3,2015-02-04,8328,977,1,1,0,0,a,a,3000.0,3.0,2010.0,0,0.0,0.0,None,2015,2,4,6,1,Wednesday
39,3,2015-02-04,3929,393,1,0,0,0,c,a,7500.0,7.0,2014.0,1,14.0,2015.0,"Jan,Apr,Jul,Oct",2015,2,4,6,1,Wednesday
40,3,2015-02-04,6663,853,1,0,0,0,d,a,1500.0,11.0,2008.0,1,22.0,2013.0,"Jan,Apr,Jul,Oct",2015,2,4,6,1,Wednesday
41,3,2015-02-04,13530,1106,1,1,0,0,a,c,500.0,1.0,0.0,0,0.0,0.0,None,2015,2,4,6,1,Wednesday
42,3,2015-02-04,5862,797,1,0,0,0,d,c,120.0,1.0,2014.0,0,0.0,0.0,None,2015,2,4,6,1,Wednesday
43,3,2015-02-04,6055,576,1,1,0,0,a,a,500.0,0.0,0.0,1,31.0,2011.0,"Mar,Jun,Sept,Dec",2015,2,4,6,1,Wednesday
44,3,2015-02-04,2140,379,1,0,0,1,a,a,1500.0,5.0,2005.0,0,0.0,0.0,None,2015,2,4,6,1,Wednesday
45,3,2015-02-04,6711,792,1,0,0,0,c,a,120.0,9.0,2014.0,1,22.0,2011.0,"Feb,May,Aug,Nov",2015,2,4,6,1,Wednesday
46,3,2015-02-04,9674,1151,1,1,0,1,a,c,500.0,1.0,2014.0,0,0.0,0.0,None,2015,2,4,6,1,Wednesday
47,3,2015-02-04,0,0,0,0,0,0,c,a,1500.0,0.0,0.0,1,40.0,2013.0,"Jan,Apr,Jul,Oct",2015,2,4,6,1,Wednesday
48,3,2015-02-04,7478,1139,1,1,0,0,a,c,500.0,7.0,2010.0,1,22.0,2011.0,"Mar,Jun,Sept,Dec",2015,2,4,6,1,Wednesday
49,3,2015-02-04,3704,403,1,1,0,0,d,a,120.0,1.0,2010.0,1,14.0,2009.0,"Mar,Jun,Sept,Dec",2015,2,4,6,1,Wednesday
50,3,2015-02-04,12112,1162,1,1,0,1,a,c,500.0,1.0,2012.0,0,0.0,0.0,None,2015,2,4,6,1,Wednesday
51,3,2015-02-04,7786,677,1,1,0,0,a,c,120.0,1.0,0.0,0,0.0,0.0,None,2015,2,4,6,1,Wednesday
52,3,2015-02-04,5188,647,1,0,0,1,a,a,120.0,7.0,2012.0,1,31.0,2013.0,"Mar,Jun,Sept,Dec",2015,2,4,6,1,Wednesday
53,3,2015-02-04,4031,548,1,1,0,0,a,c,1500.0,0.0,0.0,1,14.0,2009.0,"Feb,May,Aug,Nov",2015,2,4,6,1,Wednesday
54,3,2015-02-04,4341,419,1,1,0,1,a,a,1500.0,0.0,0.0,0,0.0,0.0,None,2015,2,4,6,1,Wednesday
55,3,2015-02-04,2860,351,1,0,0,0,d,c,1500.0,1.0,2005.0,1,22.0,2009.0,"Feb,May,Aug,Nov",2015,2,4,6,1,Wednesday
56,3,2015-02-04,5783,984,1,0,0,0,a,a,1500.0,7.0,2010.0,0,0.0,0.0,None,2015,2,4,6,1,Wednesday
57,3,2015-02-04,4245,366,1,0,0,0,a,c,1500.0,0.0,2012.0,1,10.0,2009.0,"Mar,Jun,Sept,Dec",2015,2,4,6,1,Wednesday
58,3,2015-02-04,4112,322,1,1,0,0,d,c,1500.0,0.0,0.0,1,14.0,2009.0,"Mar,Jun,Sept,Dec",2015,2,4,6,1,Wednesday
59,3,2015-02-04,5492,538,1,0,0,0,d,c,500.0,7.0,2012.0,0,0.0,0.0,None,2015,2,4,6,1,Wednesday
60,3,2015-02-04,6215,730,1,0,0,0,a,a,1500.0,11.0,0.0,1,31.0,2011.0,"Feb,May,Aug,Nov",2015,2,4,6,1,Wednesday
61,3,2015-02-04,0,0,0,1,0,0,a,c,500.0,5.0,2005.0,1,31.0,2013.0,"Jan,Apr,Jul,Oct",2015,2,4,6,1,Wednesday
62,3,2015-02-04,13040,1120,1,1,0,0,a,a,15000.0,5.0,2005.0,0,0.0,0.0,None,2015,2,4,6,1,Wednesday
63,3,2015-02-04,10560,1010,1,1,0,1,c,c,3000.0,5.0,2005.0,0,0.0,0.0,None,2015,2,4,6,1,Wednesday
64,3,2015-02-04,9985,1103,1,0,0,0,c,c,1500.0,5.0,0.0,1,1.0,2013.0,"Jan,Apr,Jul,Oct",2015,2,4,6,1,Wednesday
65,3,2015-02-04,6979,744,1,0,0,0,a,c,1500.0,0.0,2014.0,0,0.0,0.0,None,2015,2,4,6,1,Wednesday
66,3,2015-02-04,12053,1076,1,1,0,0,a,a,15000.0,3.0,2010.0,0,0.0,0.0,None,2015,2,4,6,1,Wednesday
67,3,2015-02-04,8258,696,1,1,0,0,d,c,1500.0,1.0,2012.0,0,0.0,0.0,None,2015,2,4,6,1,Wednesday
68,3,2015-02-04,7656,1032,1,0,0,1,c,c,500.0,7.0,0.0,0,0.0,0.0,None,2015,2,4,6,1,Wednesday
69,3,2015-02-04,9019,781,1,1,0,0,d,c,15000.0,1.0,2012.0,1,31.0,2013.0,"Mar,Jun,Sept,Dec",2015,2,4,6,1,Wednesday
70,3,2015-02-04,3750,494,1,0,0,0,a,a,3000.0,5.0,0.0,0,0.0,0.0,None,2015,2,4,6,1,Wednesday
71,3,2015-02-04,9803,787,1,1,0,0,a,c,120.0,1.0,2008.0,1,31.0,2009.0,"Jan,Apr,Jul,Oct",2015,2,4,6,1,Wednesday
72,3,2015-02-04,4573,382,1,1,0,0,a,c,7500.0,9.0,2010.0,0,0.0,0.0,None,2015,2,4,6,1,Wednesday
73,3,2015-02-04,6649,972,1,0,0,1,d,c,500.0,5.0,2008.0,1,40.0,2013.0,"Mar,Jun,Sept,Dec",2015,2,4,6,1,Wednesday
74,3,2015-02-04,5918,653,1,1,0,0,a,a,500.0,7.0,2012.0,0,0.0,0.0,None,2015,2,4,6,1,Wednesday
75,3,2015-02-04,6522,1060,1,1,0,0,c,c,3000.0,11.0,0.0,1,14.0,2009.0,"Feb,May,Aug,Nov",2015,2,4,6,1,Wednesday
76,3,2015-02-04,7472,812,1,0,0,0,a,a,120.0,0.0,2014.0,0,0.0,0.0,None,2015,2,4,6,1,Wednesday
77,3,2015-02-04,8169,763,1,0,0,1,d,c,1500.0,11.0,2012.0,0,0.0,0.0,None,2015,2,4,6,1,Wednesday
78,3,2015-02-04,5607,472,1,1,0,0,d,c,500.0,3.0,2010.0,0,0.0,0.0,None,2015,2,4,6,1,Wednesday
79,3,2015-02-04,0,0,0,1,0,0,a,a,500.0,0.0,2012.0,1,14.0,2015.0,"Mar,Jun,Sept,Dec",2015,2,4,6,1,Wednesday
80,3,2015-02-04,7596,727,1,1,0,1,a,a,15000.0,9.0,2010.0,0,0.0,0.0,None,2015,2,4,6,1,Wednesday
81,3,2015-02-04,9912,903,1,0,0,0,a,a,1500.0,1.0,2010.0,1,22.0,2009.0,"Jan,Apr,Jul,Oct",2015,2,4,6,1,Wednesday
82,3,2015-02-04,11589,1080,1,1,0,0,a,a,1500.0,0.0,0.0,0,0.0,0.0,None,2015,2,4,6,1,Wednesday
83,3,2015-02-04,3016,484,1,0,0,0,a,c,500.0,7.0,2014.0,0,0.0,0.0,None,2015,2,4,6,1,Wednesday
84,3,2015-02-04,5068,527,1,0,0,0,d,a,1500.0,0.0,2005.0,0,0.0,0.0,None,2015,2,4,6,1,Wednesday
85,3,2015-02-04,8998,795,1,1,0,0,d,c,120.0,0.0,2014.0,1,1.0,2013.0,"Jan,Apr,Jul,Oct",2015,2,4,6,1,Wednesday
86,3,2015-02-04,3182,338,1,0,0,1,d,a,3000.0,0.0,2012.0,0,0.0,0.0,None,2015,2,4,6,1,Wednesday
87,3,2015-02-04,4534,432,1,0,0,0,a,a,1500.0,0.0,0.0,0,0.0,0.0,None,2015,2,4,6,1,Wednesday
88,3,2015-02-04,13940,1058,1,1,0,0,d,c,3000.0,3.0,2012.0,1,31.0,2009.0,"Feb,May,Aug,Nov",2015,2,4,6,1,Wednesday
89,3,2015-02-04,9457,1089,1,0,0,0,d,a,1500.0,9.0,0.0,1,31.0,2015.0,"Feb,May,Aug,Nov",2015,2,4,6,1,Wednesday
90,3,2015-02-04,3184,379,1,1,0,0,d,c,1500.0,0.0,0.0,0,0.0,0.0,None,2015,2,4,6,1,Wednesday
91,3,2015-02-04,6043,692,1,1,0,0,a,c,1500.0,3.0,2008.0,0,0.0,0.0,None,2015,2,4,6,1,Wednesday
92,3,2015-02-04,3301,452,1,0,0,1,d,c,120.0,3.0,0.0,1,31.0,2009.0,"Feb,May,Aug,Nov",2015,2,4,6,1,Wednesday
93,3,2015-02-04,5505,714,1,1,0,0,d,a,120.0,5.0,2005.0,0,0.0,0.0,None,2015,2,4,6,1,Wednesday
94,3,2015-02-04,7955,1059,1,1,0,1,c,a,500.0,11.0,2005.0,0,0.0,0.0,None,2015,2,4,6,1,Wednesday
95,3,2015-02-04,5679,771,1,1,0,0,a,c,500.0,11.0,2005.0,1,31.0,2009.0,"Feb,May,Aug,Nov",2015,2,4,6,1,Wednesday
96,3,2015-02-04,4612,353,1,1,0,0,d,c,500.0,7.0,2005.0,1,10.0,2009.0,"Feb,May,Aug,Nov",2015,2,4,6,1,Wednesday
97,3,2015-02-04,6005,869,1,1,0,0,c,a,120.0,0.0,2008.0,0,0.0,0.0,None,2015,2,4,6,1,Wednesday
98,3,2015-02-04,10756,1153,1,0,0,1,c,a,500.0,3.0,2008.0,1,10.0,2009.0,"Feb,May,Aug,Nov",2015,2,4,6,1,Wednesday
99,3,2015-02-04,6445,583,1,0,0,0,a,c,500.0,1.0,2012.0,0,0.0,0.0,None,2015,2,4,6,1,Wednesday
100,3,2015-02-04,6524,831,1,0,0,0,b,c,500.0,9.0,2005.0,0,0.0,0.0,None,2015,2,4,6,1,Wednesday
1,4,2015-02-05,5012,682,1,1,0,0,a,c,3000.0,7.0,2012.0,0,0.0,0.0,None,2015,2,5,6,1,Thursday
2,4,2015-02-05,4495,558,1,0,0,0,a,a,7500.0,5.0,2008.0,0,0.0,0.0,None,2015,2,5,6,1,Thursday
3,4,2015-02-05,4846,610,1,0,0,0,d,c,500.0,5.0,2012.0,1,10.0,2011.0,"Jan,Apr,Jul,Oct",2015,2,5,6,1,Thursday
4,4,2015-02-05,8717,1131,1,0,0,0,a,a,1500.0,1.0,2010.0,1,40.0,2011.0,"Mar,Jun,Sept,Dec",2015,2,5,6,1,Thursday
5,4,2015-02-05,4031,410,1,0,0,0,c,a,15000.0,0.0,2008.0,1,31.0,2009.0,"Mar,Jun,Sept,Dec",2015,2,5,6,1,Thursday
6,4,2015-02-05,3220,526,1,0,0,1,a,c,1500.0,1.0,0.0,0,0.0,0.0,None,2015,2,5,6,1,Thursday
7,4,2015-02-05,5525,691,1,0,0,0,a,a,1500.0,5.0,2012.0,1,14.0,2011.0,"Jan,Apr,Jul,Oct",2015,2,5,6,1,Thursday
8,4,2015-02-05,7840,1078,1,1,0,0,a,c,500.0,9.0,2014.0,1,40.0,2009.0,"Mar,Jun,Sept,Dec",2015,2,5,6,1,Thursday
9,4,2015-02-05,11197,1115,1,0,0,1,d,a,500.0,5.0,2014.0,1,40.0,2013.0,"Jan,Apr,Jul,Oct",2015,2,5,6,1,Thursday
10,4,2015-02-05,8015,939,1,1,0,0,d,c,3000.0,11.0,2012.0,1,1.0,2015.0,"Jan,Apr,Jul,Oct",2015,2,5,6,1,Thursday
11,4,2015-02-05,9980,841,1,0,0,0,a,c,120.0,11.0,0.0,1,22.0,2015.0,"Mar,Jun,Sept,Dec",2015,2,5,6,1,Thursday
12,4,2015-02-05,9882,825,1,0,0,0,d,c,3000.0,0.0,2008.0,0,0.0,0.0,None,2015,2,5,6,1,Thursday
13,4,2015-02-05,6811,582,1,1,0,0,a,a,7500.0,5.0,2005.0,0,0.0,0.0,None,2015,2,5,6,1,Thursday
14,4,2015-02-05,5018,380,1,1,0,0,a,c,1500.0,5.0,2014.0,1,1.0,2013.0,"Jan,Apr,Jul,Oct",2015,2,5,6,1,Thursday
15,4,2015-02-05,2739,395,1,0,0,1,d,c,3000.0,11.0,2014.0,1,1.0,2013.0,"Mar,Jun,Sept,Dec",2015,2,5,6,1,Thursday
16,4,2015-02-05,7530,656,1,1,0,0,a,a,500.0,11.0,0.0,0,0.0,0.0,None,2015,2,5,6,1,Thursday
17,4,2015-02-05,5887,1037,1,0,0,0,a,c,500.0,7.0,2008.0,0,0.0,0.0,None,2015,2,5,6,1,Thursday
18,4,2015-02-05,4622,390,1,1,0,1,d,c,1500.0,5.0,2005.0,1,40.0,2009.0,"Jan,Apr,Jul,Oct",2015,2,5,6,1,Thursday
19,4,2015-02-05,8428,732,1,1,0,0,d,c,120.0,9.0,2014.0,1,10.0,2013.0,"Jan,Apr,Jul,Oct",2015,2,5,6,1,Thursday
20,4,2015-02-05,4121,539,1,1,0,0,a,a,500.0,9.0,0.0,1,1.0,2013.0,"Mar,Jun,Sept,Dec",2015,2,5,6,1,Thursday
21,4,2015-02-05,8683,1047,1,1,0,0,a,c,1500.0,0.0,2008.0,0,0.0,0.0,None,2015,2,5,6,1,Thursday
22,4,2015-02-05,6230,527,1,1,0,0,a,a,500.0,0.0,2010.0,0,0.0,0.0,None,2015,2,5,6,1,Thursday
23,4,2015-02-05,8056,878,1,0,0,0,d,c,500.0,1.0,2008.0,0,0.0,0.0,None,2015,2,5,6,1,Thursday
24,4,2015-02-05,9154,990,1,0,0,0,a,a,1500.0,1.0,2010.0,0,0.0,0.0,None,2015,2,5,6,1,Thursday
25,4,2015-02-05,6126,1062,1,0,0,0,a,c,500.0,1.0,2012.0,0,0.0,0.0,None,2015,2,5,6,1,Thursday
26,4,2015-02-05,3284,377,1,0,0,0,d,a,1500.0,3.0,2008.0,0,0.0,0.0,None,2015,2,5,6,1,Thursday
27,4,2015-02-05,7086,1022,1,1,0,0,d,a,15000.0,9.0,2008.0,1,1.0,2009.0,"Mar,Jun,Sept,Dec",2015,2,5,6,1,Thursday
28,4,2015-02-05,6093,757,1,0,0,0,a,a,1500.0,3.0,2010.0,0,0.0,0.0,None,2015,2,5,6,1,Thursday
29,4,2015-02-05,4354,407,1,0,0,0,a,a,1500.0,5.0,0.0,1,10.0,2015.0,"Jan,Apr,Jul,Oct",2015,2,5,6,1,Thursday
30,4,2015-02-05,5779,1009,1,0,0,1,c,c,500.0,11.0,2014.0,1,22.0,2015.0,"Feb,May,Aug,Nov",2015,2,5,6,1,Thursday
31,4,2015-02-05,4926,629,1,1,0,0,d,c,500.0,0.0,2014.0,1,31.0,2015.0,"Mar,Jun,Sept,Dec",2015,2,5,6,1,Thursday
32,4,2015-02-05,6534,700,1,1,0,1,a,a,3000.0,3.0,2010.0,1,1.0,2015.0,"Mar,Jun,Sept,Dec",2015,2,5,6,1,Thursday
33,4,2015-02-05,10339,1160,1,1,0,0,d,c,1500.0,9.0,2008.0,0,0.0,0.0,None,2015,2,5,6,1,Thursday
34,4,2015-02-05,7555,729,1,1,0,0,d,c,500.0,9.0,2005.0,0,0.0,0.0,None,2015,2,5,6,1,Thursday
35,4,2015-02-05,7450,1181,1,0,0,0,a,c,120.0,5.0,0.0,1,22.0,2015.0,"Mar,Jun,Sept,Dec",2015,2,5,6,1,Thursday
36,4,2015-02-05,8638,1093,1,0,0,0,d,a,1500.0,3.0,2008.0,1,40.0,2011.0,"Feb,May,Aug,Nov",2015,2,5,6,1,Thursday
37,4,2015-02-05,8228,860,1,0,0,0,d,a,7500.0,3.0,2008.0,1,40.0,2009.0,"Mar,Jun,Sept,Dec",2015,2,5,6,1,Thursday
38,4,2015-02-05,6550,1151,1,0,0,1,a,a,3000.0,3.0,2010.0,0,0.0,0.0,None,2015,2,5,6,1,Thursday
39,4,2015-02-05,9128,984,1,1,0,0,c,a,7500.0,7.0,2014.0,1,14.0,2015.0,"Jan,Apr,Jul,Oct",2015,2,5,6,1,Thursday
40,4,2015-02-05,7808,856,1,1,0,1,d,a,1500.0,11.0,2008.0,1,22.0,2013.0,"Jan,Apr,Jul,Oct",2015,2,5,6,1,Thursday
41,4,2015-02-05,10783,907,1,0,0,1,a,c,500.0,1.0,0.0,0,0.0,0.0,None,2015,2,5,6,1,Thursday
42,4,2015-02-05,2708,311,1,0,0,0,d,c,120.0,1.0,2014.0,0,0.0,0.0,None,2015,2,5,6,1,Thursday
43,4,2015-02-05,7301,916,1,0,0,0,a,a,500.0,0.0,0.0,1,31.0,2011.0,"Mar,Jun,Sept,Dec",2015,2,5,6,1,Thursday
44,4,2015-02-05,3404,315,1,1,0,0,a,a,1500.0,5.0,2005.0,0,0.0,0.0,None,2015,2,5,6,1,Thursday
45,4,2015-02-05,6683,1181,1,0,0,0,c,a,120.0,9.0,2014.0,1,22.0,2011.0,"Feb,May,Aug,Nov",2015,2,5,6,1,Thursday
46,4,2015-02-05,6762,695,1,1,0,1,a,c,500.0,1.0,2014.0,0,0.0,0.0,None,2015,2,5,6,1,Thursday
47,4,2015-02-05,10187,1107,1,1,0,0,c,a,1500.0,0.0,0.0,1,40.0,2013.0,"Jan,Apr,Jul,Oct",2015,2,5,6,1,Thursday
48,4,2015-02-05,0,0,0,1,0,0,a,c,500.0,7.0,2010.0,1,22.0,2011.0,"Mar,Jun,Sept,Dec",2015,2,5,6,1,Thursday
49,4,2015-02-05,6209,791,1,0,0,0,d,a,120.0,1.0,2010.0,1,14.0,2009.0,"Mar,Jun,Sept,Dec",2015,2,5,6,1,Thursday
50,4,2015-02-05,5768,513,1,0,0,0,a,c,500.0,1.0,2012.0,0,0.0,0.0,None,2015,2,5,6,1,Thursday
51,4,2015-02-05,9435,853,1,0,0,0,a,c,120.0,1.0,0.0,0,0.0,0.0,None,2015,2,5,6,1,Thursday
52,4,2015-02-05,9343,956,1,0,0,0,a,a,120.0,7.0,2012.0,1,31.0,2013.0,"Mar,Jun,Sept,Dec",2015,2,5,6,1,Thursday
53,4,2015-02-05,6674,715,1,1,0,0,a,c,1500.0,0.0,0.0,1,14.0,2009.0,"Feb,May,Aug,Nov",2015,2,5,6,1,Thursday
54,4,2015-02-05,7237,1070,1,1,0,0,a,a,1500.0,0.0,0.0,0,0.0,0.0,None,2015,2,5,6,1,Thursday
55,4,2015-02-05,9938,1035,1,0,0,1,d,c,1500.0,1.0,2005.0,1,22.0,2009.0,"Feb,May,Aug,Nov",2015,2,5,6,1,Thursday
56,4,2015-02-05,12998,988,1,1,0,1,a,a,1500.0,7.0,2010.0,0,0.0,0.0,None,2015,2,5,6,1,Thursday
57,4,2015-02-05,8011,1184,1,0,0,1,a,c,1500.0,0.0,2012.0,1,10.0,2009.0,"Mar,Jun,Sept,Dec",2015,2,5,6,1,Thursday
58,4,2015-02-05,9794,1036,1,0,0,0,d,c,1500.0,0.0,0.0,1,14.0,2009.0,"Mar,Jun,Sept,Dec",2015,2,5,6,1,Thursday
59,4,2015-02-05,5181,651,1,1,0,0,d,c,500.0,7.0,2012.0,0,0.0,0.0,None,2015,2,5,6,1,Thursday
60,4,2015-02-05,7160,978,1,1,0,1,a,a,1500.0,11.0,0.0,1,31.0,2011.0,"Feb,May,Aug,Nov",2015,2,5,6,1,Thursday
61,4,2015-02-05,9956,989,1,0,0,1,a,c,500.0,5.0,2005.0,1,31.0,2013.0,"Jan,Apr,Jul,Oct",2015,2,5,6,1,Thursday
62,4,2015-02-05,7559,1101,1,0,0,0,a,a,15000.0,5.0,2005.0,0,0.0,0.0,None,2015,2,5,6,1,Thursday
63,4,2015-02-05,6103,589,1,1,0,0,c,c,3000.0,5.0,2005.0,0,0.0,0.0,None,2015,2,5,6,1,Thursday
64,4,2015-02-05,12656,1118,1,0,0,0,c,c,1500.0,5.0,0.0,1,1.0,2013.0,"Jan,Apr,Jul,Oct",2015,2,5,6,1,Thursday
65,4,2015-02-05,12163,954,1,1,0,0,a,c,1500.0,0.0,2014.0,0,0.0,0.0,None,2015,2,5,6,1,Thursday
66,4,2015-02-05,7314,741,1,1,0,1,a,a,15000.0,3.0,2010.0,0,0.0,0.0,None,2015,2,5,6,1,Thursday
67,4,2015-02-05,4511,680,1,0,0,0,d,c,1500.0,1.0,2012.0,0,0.0,0.0,None,2015,2,5,6,1,Thursday
68,4,2015-02-05,9250,844,1,0,0,0,c,c,500.0,7.0,0.0,0,0.0,0.0,None,2015,2,5,6,1,Thursday
69,4,2015-02-05,13498,1166,1,0,0,0,d,c,15000.0,1.0,2012.0,1,31.0,2013.0,"Mar,Jun,Sept,Dec",2015,2,5,6,1,Thursday
70,4,2015-02-05,2699,446,1,0,0,0,a,a,3000.0,5.0,0.0,0,0.0,0.0,None,2015,2,5,6,1,Thursday
71,4,2015-02-05,7359,614,1,1,0,0,a,c,120.0,1.0,2008.0,1,31.0,2009.0,"Jan,Apr,Jul,Oct",2015,2,5,6,1,Thursday
72,4,2015-02-05,5284,821,1,0,0,0,a,c,7500.0,9.0,2010.0,0,0.0,0.0,None,2015,2,5,6,1,Thursday
73,4,2015-02-05,0,0,0,1,0,1,d,c,500.0,5.0,2008.0,1,40.0,2013.0,"Mar,Jun,Sept,Dec",2015,2,5,6,1,Thursday
74,4,2015-02-05,5908,459,1,1,0,0,a,a,500.0,7.0,2012.0,0,0.0,0.0,None,2015,2,5,6,1,Thursday
75,4,2015-02-05,11825,1031,1,1,0,0,c,c,3000.0,11.0,0.0,1,14.0,2009.0,"Feb,May,Aug,Nov",2015,2,5,6,1,Thursday
76,4,2015-02-05,4147,443,1,0,0,0,a,a,120.0,0.0,2014.0,0,0.0,0.0,None,2015,2,5,6,1,Thursday
77,4,2015-02-05,3219,328,1,0,0,0,d,c,1500.0,11.0,2012.0,0,0.0,0.0,None,2015,2,5,6,1,Thursday
78,4,2015-02-05,7680,691,1,1,0,0,d,c,500.0,3.0,2010.0,0,0.0,0.0,None,2015,2,5,6,1,Thursday
79,4,2015-02-05,3318,388,1,0,0,1,a,a,500.0,0.0,2012.0,1,14.0,2015.0,"Mar,Jun,Sept,Dec",2015,2,5,6,1,Thursday
80,4,2015-02-05,6338,539,1,0,0,0,a,a,15000.0,9.0,2010.0,0,0.0,0.0,None,2015,2,5,6,1,Thursday
81,4,2015-02-05,4872,483,1,0,0,0,a,a,1500.0,1.0,2010.0,1,22.0,2009.0,"Jan,Apr,Jul,Oct",2015,2,5,6,1,Thursday
82,4,2015-02-05,6775,1037,1,0,0,1,a,a,1500.0,0.0,0.0,0,0.0,0.0,None,2015,2,5,6,1,Thursday
83,4,2015-02-05,4937,665,1,1,0,0,a,c,500.0,7.0,2014.0,0,0.0,0.0,None,2015,2,5,6,1,Thursday
84,4,2015-02-05,11137,825,1,1,0,1,d,a,1500.0,0.0,2005.0,0,0.0,0.0,None,2015,2,5,6,1,Thursday
85,4,2015-02-05,5563,691,1,1,0,1,d,c,120.0,0.0,2014.0,1,1.0,2013.0,"Jan,Apr,Jul,Oct",2015,2,5,6,1,Thursday
86,4,2015-02-05,13488,1025,1,1,0,0,d,a,3000.0,0.0,2012.0,0,0.0,0.0,None,2015,2,5,6,1,Thursday
87,4,2015-02-05,1965,303,1,0,0,0,a,a,1500.0,0.0,0.0,0,0.0,0.0,None,2015,2,5,6,1,Thursday
88,4,2015-02-05,7890,867,1,0,0,0,d,c,3000.0,3.0,2012.0,1,31.0,2009.0,"Feb,May,Aug,Nov",2015,2,5,6,1,Thursday
89,4,2015-02-05,10523,853,1,1,0,0,d,a,1500.0,9.0,0.0,1,31.0,2015.0,"Feb,May,Aug,Nov",2015,2,5,6,1,Thursday
90,4,2015-02-05,4756,683,1,1,0,0,d,c,1500.0,0.0,0.0,0,0.0,0.0,None,2015,2,5,6,1,Thursday
91,4,2015-02-05,3806,519,1,0,0,1,a,c,1500.0,3.0,2008.0,0,0.0,0.0,None,2015,2,5,6,1,Thursday
92,4,2015-02-05,4632,311,1,1,0,0,d,c,120.0,3.0,0.0,1,31.0,2009.0,"Feb,May,Aug,Nov",2015,2,5,6,1,Thursday
93,4,2015-02-05,4248,351,1,1,0,1,d,a,120.0,5.0,2005.0,0,0.0,0.0,None,2015,2,5,6,1,Thursday
94,4,2015-02-05,7793,853,1,0,0,1,c,a,500.0,11.0,2005.0,0,0.0,0.0,None,2015,2,5,6,1,Thursday
95,4,2015-02-05,4186,301,1,1,0,0,a,c,500.0,11.0,2005.0,1,31.0,2009.0,"Feb,May,Aug,Nov",2015,2,5,6,1,Thursday
96,4,2015-02-05,10444,936,1,0,0,0,d,c,500.0,7.0,2005.0,1,10.0,2009.0,"Feb,May,Aug,Nov",2015,2,5,6,1,Thursday
97,4,2015-02-05,4223,389,1,1,0,1,c,a,120.0,0.0,2008.0,0,0.0,0.0,None,2015,2,5,6,1,Thursday
98,4,2015-02-05,11724,1152,1,1,0,0,c,a,500.0,3.0,2008.0,1,10.0,2009.0,"Feb,May,Aug,Nov",2015,2,5,6,1,Thursday
99,4,2015-02-05,10641,1130,1,0,0,0,a,c,500.0,1.0,2012.0,0,0.0,0.0,None,2015,2,5,6,1,Thursday
100,4,2015-02-05,11121,1024,1,1,0,1,b,c,500.0,9.0,2005.0,0,0.0,0.0,None,2015,2,5,6,1,Thursday
1,5,2015-02-06,8186,700,1,0,0,0,a,c,3000.0,7.0,2012.0,0,0.0,0.0,None,2015,2,6,6,1,Friday
2,5,2015-02-06,3542,301,1,0,0,1,a,a,7500.0,5.0,2008.0,0,0.0,0.0,None,2015,2,6,6,1,Friday
3,5,2015-02-06,3988,607,1,0,0,0,d,c,500.0,5.0,2012.0,1,10.0,2011.0,"Jan,Apr,Jul,Oct",2015,2,6,6,1,Friday
4,5,2015-02-06,6410,573,1,1,0,1,a,a,1500.0,1.0,2010.0,1,40.0,2011.0,"Mar,Jun,Sept,Dec",2015,2,6,6,1,Friday
5,5,2015-02-06,6437,705,1,1,0,1,c,a,15000.0,0.0,2008.0,1,31.0,2009.0,"Mar,Jun,Sept,Dec",2015,2,6,6,1,Friday
6,5,2015-02-06,3973,486,1,0,0,0,a,c,1500.0,1.0,0.0,0,0.0,0.0,None,2015,2,6,6,1,Friday
7,5,2015-02-06,8797,1156,1,0,0,0,a,a,1500.0,5.0,2012.0,1,14.0,2011.0,"Jan,Apr,Jul,Oct",2015,2,6,6,1,Friday
8,5,2015-02-06,10463,906,1,1,0,0,a,c,500.0,9.0,2014.0,1,40.0,2009.0,"Mar,Jun,Sept,Dec",2015,2,6,6,1,Friday
9,5,2015-02-06,3016,329,1,0,0,0,d,a,500.0,5.0,2014.0,1,40.0,2013.0,"Jan,Apr,Jul,Oct",2015,2,6,6,1,Friday
10,5,2015-02-06,5611,611,1,0,0,0,d,c,3000.0,11.0,2012.0,1,1.0,2015.0,"Jan,Apr,Jul,Oct",2015,2,6,6,1,Friday
11,5,2015-02-06,11332,1187,1,1,0,0,a,c,120.0,11.0,0.0,1,22.0,2015.0,"Mar,Jun,Sept,Dec",2015,2,6,6,1,Friday
12,5,2015-02-06,8458,727,1,1,0,0,d,c,3000.0,0.0,2008.0,0,0.0,0.0,None,2015,2,6,6,1,Friday
13,5,2015-02-06,6672,549,1,1,0,1,a,a,7500.0,5.0,2005.0,0,0.0,0.0,None,2015,2,6,6,1,Friday
14,5,2015-02-06,4421,410,1,0,0,1,a,c,1500.0,5.0,2014.0,1,1.0,2013.0,"Jan,Apr,Jul,Oct",2015,2,6,6,1,Friday
15,5,2015-02-06,4392,332,1,1,0,0,d,c,3000.0,11.0,2014.0,1,1.0,2013.0,"Mar,Jun,Sept,Dec",2015,2,6,6,1,Friday
16,5,2015-02-06,7495,936,1,0,0,0,a,a,500.0,11.0,0.0,0,0.0,0.0,None,2015,2,6,6,1,Friday
17,5,2015-02-06,5192,613,1,1,0,0,a,c,500.0,7.0,2008.0,0,0.0,0.0,None,2015,2,6,6,1,Friday
18,5,2015-02-06,5886,875,1,1,0,1,d,c,1500.0,5.0,2005.0,1,40.0,2009.0,"Jan,Apr,Jul,Oct",2015,2,6,6,1,Friday
19,5,2015-02-06,3876,325,1,1,0,0,d,c,120.0,9.0,2014.0,1,10.0,2013.0,"Jan,Apr,Jul,Oct",2015,2,6,6,1,Friday
20,5,2015-02-06,8782,678,1,1,0,0,a,a,500.0,9.0,0.0,1,1.0,2013.0,"Mar,Jun,Sept,Dec",2015,2,6,6,1,Friday
21,5,2015-02-06,0,0,0,0,0,0,a,c,1500.0,0.0,2008.0,0,0.0,0.0,None,2015,2,6,6,1,Friday
22,5,2015-02-06,8134,1076,1,1,0,0,a,a,500.0,0.0,2010.0,0,0.0,0.0,None,2015,2,6,6,1,Friday
23,5,2015-02-06,3995,367,1,1,0,0,d,c,500.0,1.0,2008.0,0,0.0,0.0,None,2015,2,6,6,1,Friday
24,5,2015-02-06,5913,620,1,0,0,0,a,a,1500.0,1.0,2010.0,0,0.0,0.0,None,2015,2,6,6,1,Friday
25,5,2015-02-06,6940,669,1,0,0,0,a,c,500.0,1.0,2012.0,0,0.0,0.0,None,2015,2,6,6,1,Friday
26,5,2015-02-06,9575,1089,1,0,0,0,d,a,1500.0,3.0,2008.0,0,0.0,0.0,None,2015,2,6,6,1,Friday
27,5,2015-02-06,6246,767,1,0,0,1,d,a,15000.0,9.0,2008.0,1,1.0,2009.0,"Mar,Jun,Sept,Dec",2015,2,6,6,1,Friday
28,5,2015-02-06,3543,412,1,1,0,0,a,a,1500.0,3.0,2010.0,0,0.0,0.0,None,2015,2,6,6,1,Friday
29,5,2015-02-06,7281,652,1,0,0,0,a,a,1500.0,5.0,0.0,1,10.0,2015.0,"Jan,Apr,Jul,Oct",2015,2,6,6,1,Friday
30,5,2015-02-06,9066,1139,1,0,0,0,c,c,500.0,11.0,2014.0,1,22.0,2015.0,"Feb,May,Aug,Nov",2015,2,6,6,1,Friday
31,5,2015-02-06,5482,524,1,0,0,0,d,c,500.0,0.0,2014.0,1,31.0,2015.0,"Mar,Jun,Sept,Dec",2015,2,6,6,1,Friday
32,5,2015-02-06,9500,964,1,1,0,0,a,a,3000.0,3.0,2010.0,1,1.0,2015.0,"Mar,Jun,Sept,Dec",2015,2,6,6,1,Friday
33,5,2015-02-06,7276,823,1,1,0,0,d,c,1500.0,9.0,2008.0,0,0.0,0.0,None,2015,2,6,6,1,Friday
34,5,2015-02-06,9255,842,1,0,0,0,d,c,500.0,9.0,2005.0,0,0.0,0.0,None,2015,2,6,6,1,Friday
35,5,2015-02-06,3980,543,1,0,0,0,a,c,120.0,5.0,0.0,1,22.0,2015.0,"Mar,Jun,Sept,Dec",2015,2,6,6,1,Friday
36,5,2015-02-06,7470,833,1,1,0,0,d,a,1500.0,3.0,2008.0,1,40.0,2011.0,"Feb,May,Aug,Nov",2015,2,6,6,1,Friday
37,5,2015-02-06,3237,376,1,1,0,0,d,a,7500.0,3.0,2008.0,1,40.0,2009.0,"Mar,Jun,Sept,Dec",2015,2,6,6,1,Friday
38,5,2015-02-06,10072,997,1,0,0,0,a,a,3000.0,3.0,2010.0,0,0.0,0.0,None,2015,2,6,6,1,Friday
39,5,2015-02-06,10477,1106,1,0,0,0,c,a,7500.0,7.0,2014.0,1,14.0,2015.0,"Jan,Apr,Jul,Oct",2015,2,6,6,1,Friday
40,5,2015-02-06,4168,509,1,1,0,0,d,a,1500.0,11.0,2008.0,1,22.0,2013.0,"Jan,Apr,Jul,Oct",2015,2,6,6,1,Friday
41,5,2015-02-06,10800,982,1,0,0,0,a,c,500.0,1.0,0.0,0,0.0,0.0,None,2015,2,6,6,1,Friday
42,5,2015-02-06,10622,1031,1,1,0,1,d,c,120.0,1.0,2014.0,0,0.0,0.0,None,2015,2,6,6,1,Friday
43,5,2015-02-06,3844,385,1,1,0,0,a,a,500.0,0.0,0.0,1,31.0,2011.0,"Mar,Jun,Sept,Dec",2015,2,6,6,1,Friday
44,5,2015-02-06,2958,388,1,0,0,0,a,a,1500.0,5.0,2005.0,0,0.0,0.0,None,2015,2,6,6,1,Friday
45,5,2015-02-06,8455,951,1,1,0,1,c,a,120.0,9.0,2014.0,1,22.0,2011.0,"Feb,May,Aug,Nov",2015,2,6,6,1,Friday
46,5,2015-02-06,4058,399,1,0,0,0,a,c,500.0,1.0,2014.0,0,0.0,0.0,None,2015,2,6,6,1,Friday
47,5,2015-02-06,0,0,0,1,0,0,c,a,1500.0,0.0,0.0,1,40.0,2013.0,"Jan,Apr,Jul,Oct",2015,2,6,6,1,Friday
48,5,2015-02-06,10502,1070,1,1,0,0,a,c,500.0,7.0,2010.0,1,22.0,2011.0,"Mar,Jun,Sept,Dec",2015,2,6,6,1,Friday
49,5,2015-02-06,10836,1168,1,0,0,0,d,a,120.0,1.0,2010.0,1,14.0,2009.0,"Mar,Jun,Sept,Dec",2015,2,6,6,1,Friday
50,5,2015-02-06,6297,1043,1,0,0,0,a,c,500.0,1.0,2012.0,0,0.0,0.0,None,2015,2,6,6,1,Friday
51,5,2015-02-06,7877,750,1,1,0,0,a,c,120.0,1.0,0.0,0,0.0,0.0,None,2015,2,6,6,1,Friday
52,5,2015-02-06,11414,1118,1,0,0,0,a,a,120.0,7.0,2012.0,1,31.0,2013.0,"Mar,Jun,Sept,Dec",2015,2,6,6,1,Friday
53,5,2015-02-06,4331,669,1,0,0,0,a,c,1500.0,0.0,0.0,1,14.0,2009.0,"Feb,May,Aug,Nov",2015,2,6,6,1,Friday
54,5,2015-02-06,0,0,0,0,0,0,a,a,1500.0,0.0,0.0,0,0.0,0.0,None,2015,2,6,6,1,Friday
55,5,2015-02-06,9686,828,1,0,0,0,d,c,1500.0,1.0,2005.0,1,22.0,2009.0,"Feb,May,Aug,Nov",2015,2,6,6,1,Friday
56,5,2015-02-06,4684,594,1,0,0,0,a,a,1500.0,7.0,2010.0,0,0.0,0.0,None,2015,2,6,6,1,Friday
57,5,2015-02-06,6352,472,1,1,0,0,a,c,1500.0,0.0,2012.0,1,10.0,2009.0,"Mar,Jun,Sept,Dec",2015,2,6,6,1,Friday
58,5,2015-02-06,4237,466,1,0,0,0,d,c,1500.0,0.0,0.0,1,14.0,2009.0,"Mar,Jun,Sept,Dec",2015,2,6,6,1,Friday
59,5,2015-02-06,5984,526,1,1,0,0,d,c,500.0,7.0,2012.0,0,0.0,0.0,None,2015,2,6,6,1,Friday
60,5,2015-02-06,4812,549,1,1,0,0,a,a,1500.0,11.0,0.0,1,31.0,2011.0,"Feb,May,Aug,Nov",2015,2,6,6,1,Friday
61,5,2015-02-06,13618,1079,1,1,0,0,a,c,500.0,5.0,2005.0,1,31.0,2013.0,"Jan,Apr,Jul,Oct",2015,2,6,6,1,Friday
62,5,2015-02-06,8864,678,1,1,0,0,a,a,15000.0,5.0,2005.0,0,0.0,0.0,None,2015,2,6,6,1,Friday
63,5,2015-02-06,10626,1148,1,0,0,0,c,c,3000.0,5.0,2005.0,0,0.0,0.0,None,2015,2,6,6,1,Friday
64,5,2015-02-06,8405,1042,1,0,0,0,c,c,1500.0,5.0,0.0,1,1.0,2013.0,"Jan,Apr,Jul,Oct",2015,2,6,6,1,Friday
65,5,2015-02-06,10021,1097,1,1,0,0,a,c,1500.0,0.0,2014.0,0,0.0,0.0,None,2015,2,6,6,1,Friday
66,5,2015-02-06,0,0,0,0,0,0,a,a,15000.0,3.0,2010.0,0,0.0,0.0,None,2015,2,6,6,1,Friday
67,5,2015-02-06,7408,740,1,0,0,0,d,c,1500.0,1.0,2012.0,0,0.0,0.0,None,2015,2,6,6,1,Friday
68,5,2015-02-06,5582,1012,1,0,0,0,c,c,500.0,7.0,0.0,0,0.0,0.0,None,2015,2,6,6,1,Friday
69,5,2015-02-06,2176,395,1,0,0,0,d,c,15000.0,1.0,2012.0,1,31.0,2013.0,"Mar,Jun,Sept,Dec",2015,2,6,6,1,Friday
70,5,2015-02-06,5696,787,1,1,0,0,a,a,3000.0,5.0,0.0,0,0.0,0.0,None,2015,2,6,6,1,Friday
71,5,2015-02-06,3946,601,1,0,0,0,a,c,120.0,1.0,2008.0,1,31.0,2009.0,"Jan,Apr,Jul,Oct",2015,2,6,6,1,Friday
72,5,2015-02-06,5358,596,1,1,0,0,a,c,7500.0,9.0,2010.0,0,0.0,0.0,None,2015,2,6,6,1,Friday
73,5,2015-02-06,4289,437,1,1,0,0,d,c,500.0,5.0,2008.0,1,40.0,2013.0,"Mar,Jun,Sept,Dec",2015,2,6,6,1,Friday
74,5,2015-02-06,9837,756,1,1,0,0,a,a,500.0,7.0,2012.0,0,0.0,0.0,None,2015,2,6,6,1,Friday
75,5,2015-02-06,8733,896,1,0,0,1,c,c,3000.0,11.0,0.0,1,14.0,2009.0,"Feb,May,Aug,Nov",2015,2,6,6,1,Friday
76,5,2015-02-06,7812,808,1,0,0,0,a,a,120.0,0.0,2014.0,0,0.0,0.0,None,2015,2,6,6,1,Friday
77,5,2015-02-06,5281,449,1,0,0,0,d,c,1500.0,11.0,2012.0,0,0.0,0.0,None,2015,2,6,6,1,Friday
78,5,2015-02-06,5326,647,1,1,0,0,d,c,500.0,3.0,2010.0,0,0.0,0.0,None,2015,2,6,6,1,Friday
79,5,2015-02-06,6454,1111,1,0,0,0,a,a,500.0,0.0,2012.0,1,14.0,2015.0,"Mar,Jun,Sept,Dec",2015,2,6,6,1,Friday
80,5,2015-02-06,4534,779,1,0,0,0,a,a,15000.0,9.0,2010.0,0,0.0,0.0,None,2015,2,6,6,1,Friday
81,5,2015-02-06,8124,622,1,1,0,0,a,a,1500.0,1.0,2010.0,1,22.0,2009.0,"Jan,Apr,Jul,Oct",2015,2,6,6,1,Friday
82,5,2015-02-06,7796,849,1,0,0,0,a,a,1500.0,0.0,0.0,0,0.0,0.0,None,2015,2,6,6,1,Friday
83,5,2015-02-06,3459,565,1,0,0,0,a,c,500.0,7.0,2014.0,0,0.0,0.0,None,2015,2,6,6,1,Friday
84,5,2015-02-06,3730,303,1,1,0,0,d,a,1500.0,0.0,2005.0,0,0.0,0.0,None,2015,2,6,6,1,Friday
85,5,2015-02-06,9202,961,1,1,0,0,d,c,120.0,0.0,2014.0,1,1.0,2013.0,"Jan,Apr,Jul,Oct",2015,2,6,6,1,Friday
86,5,2015-02-06,6896,955,1,1,0,0,d,a,3000.0,0.0,2012.0,0,0.0,0.0,None,2015,2,6,6,1,Friday
87,5,2015-02-06,7988,595,1,1,0,0,a,a,1500.0,0.0,0.0,0,0.0,0.0,None,2015,2,6,6,1,Friday
88,5,2015-02-06,2360,342,1,0,0,0,d,c,3000.0,3.0,2012.0,1,31.0,2009.0,"Feb,May,Aug,Nov",2015,2,6,6,1,Friday
89,5,2015-02-06,7049,606,1,1,0,1,d,a,1500.0,9.0,0.0,1,31.0,2015.0,"Feb,May,Aug,Nov",2015,2,6,6,1,Friday
90,5,2015-02-06,8176,693,1,1,0,0,d,c,1500.0,0.0,0.0,0,0.0,0.0,None,2015,2,6,6,1,Friday
91,5,2015-02-06,4817,380,1,1,0,0,a,c,1500.0,3.0,2008.0,0,0.0,0.0,None,2015,2,6,6,1,Friday
92,5,2015-02-06,2519,443,1,0,0,1,d,c,120.0,3.0,0.0,1,31.0,2009.0,"Feb,May,Aug,Nov",2015,2,6,6,1,Friday
93,5,2015-02-06,9924,882,1,0,0,1,d,a,120.0,5.0,2005.0,0,0.0,0.0,None,2015,2,6,6,1,Friday
94,5,2015-02-06,6020,762,1,0,0,1,c,a,500.0,11.0,2005.0,0,0.0,0.0,None,2015,2,6,6,1,Friday
95,5,2015-02-06,5641,731,1,0,0,0,a,c,500.0,11.0,2005.0,1,31.0,2009.0,"Feb,May,Aug,Nov",2015,2,6,6,1,Friday
96,5,2015-02-06,5176,513,1,1,0,0,d,c,500.0,7.0,2005.0,1,10.0,2009.0,"Feb,May,Aug,Nov",2015,2,6,6,1,Friday
97,5,2015-02-06,4715,688,1,0,0,0,c,a,120.0,0.0,2008.0,0,0.0,0.0,None,2015,2,6,6,1,Friday
98,5,2015-02-06,5530,525,1,1,0,1,c,a,500.0,3.0,2008.0,1,10.0,2009.0,"Feb,May,Aug,Nov",2015,2,6,6,1,Friday
99,5,2015-02-06,8350,713,1,0,0,0,a,c,500.0,1.0,2012.0,0,0.0,0.0,None,2015,2,6,6,1,Friday
100,5,2015-02-06,5447,651,1,0,0,0,b,c,500.0,9.0,2005.0,0,0.0,0.0,None,2015,2,6,6,1,Friday
1,6,2015-02-07,10090,965,1,0,0,0,a,c,3000.0,7.0,2012.0,0,0.0,0.0,None,2015,2,7,6,1,Saturday
2,6,2015-02-07,4328,745,1,0,0,1,a,a,7500.0,5.0,2008.0,0,0.0,0.0,None,2015,2,7,6,1,Saturday
3,6,2015-02-07,5228,895,1,0,0,0,d,c,500.0,5.0,2012.0,1,10.0,2011.0,"Jan,Apr,Jul,Oct",2015,2,7,6,1,Saturday
4,6,2015-02-07,2891,432,1,0,0,0,a,a,1500.0,1.0,2010.0,1,40.0,2011.0,"Mar,Jun,Sept,Dec",2015,2,7,6,1,Saturday
5,6,2015-02-07,2627,317,1,0,0,1,c,a,15000.0,0.0,2008.0,1,31.0,2009.0,"Mar,Jun,Sept,Dec",2015,2,7,6,1,Saturday
6,6,2015-02-07,5139,858,1,0,0,0,a,c,1500.0,1.0,0.0,0,0.0,0.0,None,2015,2,7,6,1,Saturday
7,6,2015-02-07,12069,1079,1,0,0,1,a,a,1500.0,5.0,2012.0,1,14.0,2011.0,"Jan,Apr,Jul,Oct",2015,2,7,6,1,Saturday
8,6,2015-02-07,3661,542,1,0,0,1,a,c,500.0,9.0,2014.0,1,40.0,2009.0,"Mar,Jun,Sept,Dec",2015,2,7,6,1,Saturday
9,6,2015-02-07,8633,1043,1,0,0,0,d,a,500.0,5.0,2014.0,1,40.0,2013.0,"Jan,Apr,Jul,Oct",2015,2,7,6,1,Saturday
10,6,2015-02-07,2420,410,1,0,0,0,d,c,3000.0,11.0,2012.0,1,1.0,2015.0,"Jan,Apr,Jul,Oct",2015,2,7,6,1,Saturday
11,6,2015-02-07,9618,897,1,0,0,0,a,c,120.0,11.0,0.0,1,22.0,2015.0,"Mar,Jun,Sept,Dec",2015,2,7,6,1,Saturday
12,6,2015-02-07,8235,789,1,0,0,0,d,c,3000.0,0.0,2008.0,0,0.0,0.0,None,2015,2,7,6,1,Saturday
13,6,2015-02-07,8919,918,1,0,0,0,a,a,7500.0,5.0,2005.0,0,0.0,0.0,None,2015,2,7,6,1,Saturday
14,6,2015-02-07,5342,550,1,0,0,1,a,c,1500.0,5.0,2014.0,1,1.0,2013.0,"Jan,Apr,Jul,Oct",2015,2,7,6,1,Saturday
15,6,2015-02-07,7479,932,1,0,0,1,d,c,3000.0,11.0,2014.0,1,1.0,2013.0,"Mar,Jun,Sept,Dec",2015,2,7,6,1,Saturday
16,6,2015-02-07,3877,445,1,0,0,0,a,a,500.0,11.0,0.0,0,0.0,0.0,None,2015,2,7,6,1,Saturday
17,6,2015-02-07,13281,1185,1,0,0,0,a,c,500.0,7.0,2008.0,0,0.0,0.0,None,2015,2,7,6,1,Saturday
18,6,2015-02-07,4094,347,1,0,0,0,d,c,1500.0,5.0,2005.0,1,40.0,2009.0,"Jan,Apr,Jul,Oct",2015,2,7,6,1,Saturday
19,6,2015-02-07,5055,786,1,0,0,0,d,c,120.0,9.0,2014.0,1,10.0,2013.0,"Jan,Apr,Jul,Oct",2015,2,7,6,1,Saturday
20,6,2015-02-07,3759,417,1,0,0,0,a,a,500.0,9.0,0.0,1,1.0,2013.0,"Mar,Jun,Sept,Dec",2015,2,7,6,1,Saturday
21,6,2015-02-07,9630,857,1,0,0,0,a,c,1500.0,0.0,2008.0,0,0.0,0.0,None,2015,2,7,6,1,Saturday
22,6,2015-02-07,5692,558,1,0,0,0,a,a,500.0,0.0,2010.0,0,0.0,0.0,None,2015,2,7,6,1,Saturday
23,6,2015-02-07,9896,869,1,0,0,0,d,c,500.0,1.0,2008.0,0,0.0,0.0,None,2015,2,7,6,1,Saturday
24,6,2015-02-07,4886,638,1,0,0,0,a,a,1500.0,1.0,2010.0,0,0.0,0.0,None,2015,2,7,6,1,Saturday
25,6,2015-02-07,4132,604,1,0,0,0,a,c,500.0,1.0,2012.0,0,0.0,0.0,None,2015,2,7,6,1,Saturday
26,6,2015-02-07,8018,909,1,0,0,0,d,a,1500.0,3.0,2008.0,0,0.0,0.0,None,2015,2,7,6,1,Saturday
27,6,2015-02-07,3499,565,1,0,0,0,d,a,15000.0,9.0,2008.0,1,1.0,2009.0,"Mar,Jun,Sept,Dec",2015,2,7,6,1,Saturday
28,6,2015-02-07,9190,873,1,0,0,0,a,a,1500.0,3.0,2010.0,0,0.0,0.0,None,2015,2,7,6,1,Saturday
29,6,2015-02-07,6853,1122,1,0,0,0,a,a,1500.0,5.0,0.0,1,10.0,2015.0,"Jan,Apr,Jul,Oct",2015,2,7,6,1,Saturday
30,6,2015-02-07,10233,928,1,0,0,1,c,c,500.0,11.0,2014.0,1,22.0,2015.0,"Feb,May,Aug,Nov",2015,2,7,6,1,Saturday
31,6,2015-02-07,8493,857,1,0,0,0,d,c,500.0,0.0,2014.0,1,31.0,2015.0,"Mar,Jun,Sept,Dec",2015,2,7,6,1,Saturday
32,6,2015-02-07,4035,508,1,0,0,1,a,a,3000.0,3.0,2010.0,1,1.0,2015.0,"Mar,Jun,Sept,Dec",2015,2,7,6,1,Saturday
33,6,2015-02-07,13052,1115,1,0,0,0,d,c,1500.0,9.0,2008.0,0,0.0,0.0,None,2015,2,7,6,1,Saturday
34,6,2015-02-07,3102,542,1,0,0,1,d,c,500.0,9.0,2005.0,0,0.0,0.0,None,2015,2,7,6,1,Saturday
35,6,2015-02-07,7739,1028,1,0,0,0,a,c,120.0,5.0,0.0,1,22.0,2015.0,"Mar,Jun,Sept,Dec",2015,2,7,6,1,Saturday
36,6,2015-02-07,0,0,0,0,0,0,d,a,1500.0,3.0,2008.0,1,40.0,2011.0,"Feb,May,Aug,Nov",2015,2,7,6,1,Saturday
37,6,2015-02-07,2652,357,1,0,0,0,d,a,7500.0,3.0,2008.0,1,40.0,2009.0,"Mar,Jun,Sept,Dec",2015,2,7,6,1,Saturday
38,6,2015-02-07,7473,658,1,0,0,0,a,a,3000.0,3.0,2010.0,0,0.0,0.0,None,2015,2,7,6,1,Saturday
39,6,2015-02-07,12393,1151,1,0,0,0,c,a,7500.0,7.0,2014.0,1,14.0,2015.0,"Jan,Apr,Jul,Oct",2015,2,7,6,1,Saturday
40,6,2015-02-07,4013,346,1,0,0,0,d,a,1500.0,11.0,2008.0,1,22.0,2013.0,"Jan,Apr,Jul,Oct",2015,2,7,6,1,Saturday
41,6,2015-02-07,8230,790,1,0,0,0,a,c,500.0,1.0,0.0,0,0.0,0.0,None,2015,2,7,6,1,Saturday
42,6,2015-02-07,13322,1193,1,0,0,1,d,c,120.0,1.0,2014.0,0,0.0,0.0,None,2015,2,7,6,1,Saturday
43,6,2015-02-07,9788,887,1,0,0,0,a,a,500.0,0.0,0.0,1,31.0,2011.0,"Mar,Jun,Sept,Dec",2015,2,7,6,1,Saturday
44,6,2015-02-07,4965,534,1,0,0,0,a,a,1500.0,5.0,2005.0,0,0.0,0.0,None,2015,2,7,6,1,Saturday
45,6,2015-02-07,5542,839,1,0,0,1,c,a,120.0,9.0,2014.0,1,22.0,2011.0,"Feb,May,Aug,Nov",2015,2,7,6,1,Saturday
46,6,2015-02-07,12865,1085,1,0,0,0,a,c,500.0,1.0,2014.0,0,0.0,0.0,None,2015,2,7,6,1,Saturday
47,6,2015-02-07,2564,426,1,0,0,0,c,a,1500.0,0.0,0.0,1,40.0,2013.0,"Jan,Apr,Jul,Oct",2015,2,7,6,1,Saturday
48,6,2015-02-07,5334,459,1,0,0,0,a,c,500.0,7.0,2010.0,1,22.0,2011.0,"Mar,Jun,Sept,Dec",2015,2,7,6,1,Saturday
49,6,2015-02-07,9920,1177,1,0,0,0,d,a,120.0,1.0,2010.0,1,14.0,2009.0,"Mar,Jun,Sept,Dec",2015,2,7,6,1,Saturday
50,6,2015-02-07,5782,590,1,0,0,0,a,c,500.0,1.0,2012.0,0,0.0,0.0,None,2015,2,7,6,1,Saturday
51,6,2015-02-07,5255,636,1,0,0,0,a,c,120.0,1.0,0.0,0,0.0,0.0,None,2015,2,7,6,1,Saturday
52,6,2015-02-07,5142,870,1,0,0,1,a,a,120.0,7.0,2012.0,1,31.0,2013.0,"Mar,Jun,Sept,Dec",2015,2,7,6,1,Saturday
53,6,2015-02-07,3282,500,1,0,0,0,a,c,1500.0,0.0,0.0,1,14.0,2009.0,"Feb,May,Aug,Nov",2015,2,7,6,1,Saturday
54,6,2015-02-07,6282,884,1,0,0,0,a,a,1500.0,0.0,0.0,0,0.0,0.0,None,2015,2,7,6,1,Saturday
55,6,2015-02-07,8914,754,1,0,0,0,d,c,1500.0,1.0,2005.0,1,22.0,2009.0,"Feb,May,Aug,Nov",2015,2,7,6,1,Saturday
56,6,2015-02-07,11246,1182,1,0,0,0,a,a,1500.0,7.0,2010.0,0,0.0,0.0,None,2015,2,7,6,1,Saturday
57,6,2015-02-07,8579,896,1,0,0,0,a,c,1500.0,0.0,2012.0,1,10.0,2009.0,"Mar,Jun,Sept,Dec",2015,2,7,6,1,Saturday
58,6,2015-02-07,5542,762,1,0,0,0,d,c,1500.0,0.0,0.0,1,14.0,2009.0,"Mar,Jun,Sept,Dec",2015,2,7,6,1,Saturday
59,6,2015-02-07,6117,1017,1,0,0,0,d,c,500.0,7.0,2012.0,0,0.0,0.0,None,2015,2,7,6,1,Saturday
60,6,2015-02-07,7691,914,1,0,0,0,a,a,1500.0,11.0,0.0,1,31.0,2011.0,"Feb,May,Aug,Nov",2015,2,7,6,1,Saturday
61,6,2015-02-07,2247,323,1,0,0,0,a,c,500.0,5.0,2005.0,1,31.0,2013.0,"Jan,Apr,Jul,Oct",2015,2,7,6,1,Saturday
62,6,2015-02-07,8720,814,1,0,0,0,a,a,15000.0,5.0,2005.0,0,0.0,0.0,None,2015,2,7,6,1,Saturday
63,6,2015-02-07,10332,1063,1,0,0,0,c,c,3000.0,5.0,2005.0,0,0.0,0.0,None,2015,2,7,6,1,Saturday
64,6,2015-02-07,9276,950,1,0,0,0,c,c,1500.0,5.0,0.0,1,1.0,2013.0,"Jan,Apr,Jul,Oct",2015,2,7,6,1,Saturday
65,6,2015-02-07,9320,845,1,0,0,0,a,c,1500.0,0.0,2014.0,0,0.0,0.0,None,2015,2,7,6,1,Saturday
66,6,2015-02-07,4814,657,1,0,0,0,a,a,15000.0,3.0,2010.0,0,0.0,0.0,None,2015,2,7,6,1,Saturday
67,6,2015-02-07,6805,1102,1,0,0,0,d,c,1500.0,1.0,2012.0,0,0.0,0.0,None,2015,2,7,6,1,Saturday
68,6,2015-02-07,3338,343,1,0,0,0,c,c,500.0,7.0,0.0,0,0.0,0.0,None,2015,2,7,6,1,Saturday
69,6,2015-02-07,4045,442,1,0,0,0,d,c,15000.0,1.0,2012.0,1,31.0,2013.0,"Mar,Jun,Sept,Dec",2015,2,7,6,1,Saturday
70,6,2015-02-07,1999,361,1,0,0,1,a,a,3000.0,5.0,0.0,0,0.0,0.0,None,2015,2,7,6,1,Saturday
71,6,2015-02-07,12731,1101,1,0,0,0,a,c,120.0,1.0,2008.0,1,31.0,2009.0,"Jan,Apr,Jul,Oct",2015,2,7,6,1,Saturday
72,6,2015-02-07,7000,740,1,0,0,0,a,c,7500.0,9.0,2010.0,0,0.0,0.0,None,2015,2,7,6,1,Saturday
73,6,2015-02-07,4803,634,1,0,0,0,d,c,500.0,5.0,2008.0,1,40.0,2013.0,"Mar,Jun,Sept,Dec",2015,2,7,6,1,Saturday
74,6,2015-02-07,7513,769,1,0,0,1,a,a,500.0,7.0,2012.0,0,0.0,0.0,None,2015,2,7,6,1,Saturday
75,6,2015-02-07,6163,993,1,0,0,0,c,c,3000.0,11.0,0.0,1,14.0,2009.0,"Feb,May,Aug,Nov",2015,2,7,6,1,Saturday
76,6,2015-02-07,3307,496,1,0,0,1,a,a,120.0,0.0,2014.0,0,0.0,0.0,None,2015,2,7,6,1,Saturday
77,6,2015-02-07,10519,964,1,0,0,0,d,c,1500.0,11.0,2012.0,0,0.0,0.0,None,2015,2,7,6,1,Saturday
78,6,2015-02-07,5173,573,1,0,0,1,d,c,500.0,3.0,2010.0,0,0.0,0.0,None,2015,2,7,6,1,Saturday
79,6,2015-02-07,3275,368,1,0,0,0,a,a,500.0,0.0,2012.0,1,14.0,2015.0,"Mar,Jun,Sept,Dec",2015,2,7,6,1,Saturday
80,6,2015-02-07,3054,331,1,0,0,0,a,a,15000.0,9.0,2010.0,0,0.0,0.0,None,2015,2,7,6,1,Saturday
81,6,2015-02-07,3495,547,1,0,0,0,a,a,1500.0,1.0,2010.0,1,22.0,2009.0,"Jan,Apr,Jul,Oct",2015,2,7,6,1,Saturday
82,6,2015-02-07,4419,775,1,0,0,1,a,a,1500.0,0.0,0.0,0,0.0,0.0,None,2015,2,7,6,1,Saturday
83,6,2015-02-07,8048,696,1,0,0,0,a,c,500.0,7.0,2014.0,0,0.0,0.0,None,2015,2,7,6,1,Saturday
84,6,2015-02-07,7181,727,1,0,0,0,d,a,1500.0,0.0,2005.0,0,0.0,0.0,None,2015,2,7,6,1,Saturday
85,6,2015-02-07,9115,996,1,0,0,1,d,c,120.0,0.0,2014.0,1,1.0,2013.0,"Jan,Apr,Jul,Oct",2015,2,7,6,1,Saturday
86,6,2015-02-07,6714,609,1,0,0,0,d,a,3000.0,0.0,2012.0,0,0.0,0.0,None,2015,2,7,6,1,Saturday
87,6,2015-02-07,6626,873,1,0,0,0,a,a,1500.0,0.0,0.0,0,0.0,0.0,None,2015,2,7,6,1,Saturday
88,6,2015-02-07,7399,718,1,0,0,0,d,c,3000.0,3.0,2012.0,1,31.0,2009.0,"Feb,May,Aug,Nov",2015,2,7,6,1,Saturday
89,6,2015-02-07,3683,597,1,0,0,0,d,a,1500.0,9.0,0.0,1,31.0,2015.0,"Feb,May,Aug,Nov",2015,2,7,6,1,Saturday
90,6,2015-02-07,7965,747,1,0,0,0,d,c,1500.0,0.0,0.0,0,0.0,0.0,None,2015,2,7,6,1,Saturday
91,6,2015-02-07,5669,932,1,0,0,1,a,c,1500.0,3.0,2008.0,0,0.0,0.0,None,2015,2,7,6,1,Saturday
92,6,2015-02-07,8491,765,1,0,0,0,d,c,120.0,3.0,0.0,1,31.0,2009.0,"Feb,May,Aug,Nov",2015,2,7,6,1,Saturday
93,6,2015-02-07,8191,853,1,0,0,0,d,a,120.0,5.0,2005.0,0,0.0,0.0,None,2015,2,7,6,1,Saturday
94,6,2015-02-07,5253,714,1,0,0,1,c,a,500.0,11.0,2005.0,0,0.0,0.0,None,2015,2,7,6,1,Saturday
95,6,2015-02-07,5970,1038,1,0,0,0,a,c,500.0,11.0,2005.0,1,31.0,2009.0,"Feb,May,Aug,Nov",2015,2,7,6,1,Saturday
96,6,2015-02-07,4249,767,1,0,0,1,d,c,500.0,7.0,2005.0,1,10.0,2009.0,"Feb,May,Aug,Nov",2015,2,7,6,1,Saturday
97,6,2015-02-07,3788,372,1,0,0,1,c,a,120.0,0.0,2008.0,0,0.0,0.0,None,2015,2,7,6,1,Saturday
98,6,2015-02-07,3053,554,1,0,0,0,c,a,500.0,3.0,2008.0,1,10.0,2009.0,"Feb,May,Aug,Nov",2015,2,7,6,1,Saturday
99,6,2015-02-07,5179,433,1,0,0,0,a,c,500.0,1.0,2012.0,0,0.0,0.0,None,2015,2,7,6,1,Saturday
100,6,2015-02-07,4184,551,1,0,0,0,b,c,500.0,9.0,2005.0,0,0.0,0.0,None,2015,2,7,6,1,Saturday
1,7,2015-02-08,0,0,0,0,0,0,a,c,3000.0,7.0,2012.0,0,0.0,0.0,None,2015,2,8,6,1,Sunday
2,7,2015-02-08,0,0,0,0,0,1,a,a,7500.0,5.0,2008.0,0,0.0,0.0,None,2015,2,8,6,1,Sunday
3,7,2015-02-08,0,0,0,0,0,0,d,c,500.0,5.0,2012.0,1,10.0,2011.0,"Jan,Apr,Jul,Oct",2015,2,8,6,1,Sunday
4,7,2015-02-08,0,0,0,0,0,0,a,a,1500.0,1.0,2010.0,1,40.0,2011.0,"Mar,Jun,Sept,Dec",2015,2,8,6,1,Sunday
5,7,2015-02-08,0,0,0,0,0,0,c,a,15000.0,0.0,2008.0,1,31.0,2009.0,"Mar,Jun,Sept,Dec",2015,2,8,6,1,Sunday
6,7,2015-02-08,0,0,0,0,0,0,a,c,1500.0,1.0,0.0,0,0.0,0.0,None,2015,2,8,6,1,Sunday
7,7,2015-02-08,0,0,0,0,0,1,a,a,1500.0,5.0,2012.0,1,14.0,2011.0,"Jan,Apr,Jul,Oct",2015,2,8,6,1,Sunday
8,7,2015-02-08,0,0,0,0,0,1,a,c,500.0,9.0,2014.0,1,40.0,2009.0,"Mar,Jun,Sept,Dec",2015,2,8,6,1,Sunday
9,7,2015-02-08,0,0,0,0,0,0,d,a,500.0,5.0,2014.0,1,40.0,2013.0,"Jan,Apr,Jul,Oct",2015,2,8,6,1,Sunday
10,7,2015-02-08,0,0,0,0,0,0,d,c,3000.0,11.0,2012.0,1,1.0,2015.0,"Jan,Apr,Jul,Oct",2015,2,8,6,1,Sunday
11,7,2015-02-08,0,0,0,0,0,1,a,c,120.0,11.0,0.0,1,22.0,2015.0,"Mar,Jun,Sept,Dec",2015,2,8,6,1,Sunday
12,7,2015-02-08,0,0,0,0,0,0,d,c,3000.0,0.0,2008.0,0,0.0,0.0,None,2015,2,8,6,1,Sunday
13,7,2015-02-08,0,0,0,0,0,0,a,a,7500.0,5.0,2005.0,0,0.0,0.0,None,2015,2,8,6,1,Sunday
14,7,2015-02-08,0,0,0,0,0,1,a,c,1500.0,5.0,2014.0,1,1.0,2013.0,"Jan,Apr,Jul,Oct",2015,2,8,6,1,Sunday
15,7,2015-02-08,0,0,0,0,0,0,d,c,3000.0,11.0,2014.0,1,1.0,2013.0,"Mar,Jun,Sept,Dec",2015,2,8,6,1,Sunday
16,7,2015-02-08,0,0,0,0,0,0,a,a,500.0,11.0,0.0,0,0.0,0.0,None,2015,2,8,6,1,Sunday
17,7,2015-02-08,0,0,0,0,0,1,a,c,500.0,7.0,2008.0,0,0.0,0.0,None,2015,2,8,6,1,Sunday
18,7,2015-02-08,0,0,0,0,0,0,d,c,1500.0,5.0,2005.0,1,40.0,2009.0,"Jan,Apr,Jul,Oct",2015,2,8,6,1,Sunday
19,7,2015-02-08,0,0,0,0,0,0,d,c,120.0,9.0,2014.0,1,10.0,2013.0,"Jan,Apr,Jul,Oct",2015,2,8,6,1,Sunday
20,7,2015-02-08,0,0,0,0,0,0,a,a,500.0,9.0,0.0,1,1.0,2013.0,"Mar,Jun,Sept,Dec",2015,2,8,6,1,Sunday
21,7,2015-02-08,0,0,0,0,0,0,a,c,1500.0,0.0,2008.0,0,0.0,0.0,None,2015,2,8,6,1,Sunday
22,7,2015-02-08,0,0,0,0,0,0,a,a,500.0,0.0,2010.0,0,0.0,0.0,None,2015,2,8,6,1,Sunday
23,7,2015-02-08,0,0,0,0,0,0,d,c,500.0,1.0,2008.0,0,0.0,0.0,None,2015,2,8,6,1,Sunday
24,7,2015-02-08,0,0,0,0,0,0,a,a,1500.0,1.0,2010.0,0,0.0,0.0,None,2015,2,8,6,1,Sunday
25,7,2015-02-08,0,0,0,0,0,1,a,c,500.0,1.0,2012.0,0,0.0,0.0,None,2015,2,8,6,1,Sunday
26,7,2015-02-08,0,0,0,0,0,0,d,a,1500.0,3.0,2008.0,0,0.0,0.0,None,2015,2,8,6,1,Sunday
27,7,2015-02-08,0,0,0,0,0,0,d,a,15000.0,9.0,2008.0,1,1.0,2009.0,"Mar,Jun,Sept,Dec",2015,2,8,6,1,Sunday
28,7,2015-02-08,0,0,0,0,0,0,a,a,1500.0,3.0,2010.0,0,0.0,0.0,None,2015,2,8,6,1,Sunday
29,7,2015-02-08,0,0,0,0,0,1,a,a,1500.0,5.0,0.0,1,10.0,2015.0,"Jan,Apr,Jul,Oct",2015,2,8,6,1,Sunday
30,7,2015-02-08,0,0,0,0,0,0,c,c,500.0,11.0,2014.0,1,22.0,2015.0,"Feb,May,Aug,Nov",2015,2,8,6,1,Sunday
31,7,2015-02-08,0,0,0,0,0,0,d,c,500.0,0.0,2014.0,1,31.0,2015.0,"Mar,Jun,Sept,Dec",2015,2,8,6,1,Sunday
32,7,2015-02-08,0,0,0,0,0,0,a,a,3000.0,3.0,2010.0,1,1.0,2015.0,"Mar,Jun,Sept,Dec",2015,2,8,6,1,Sunday
33,7,2015-02-08,0,0,0,0,0,0,d,c,1500.0,9.0,2008.0,0,0.0,0.0,None,2015,2,8,6,1,Sunday
34,7,2015-02-08,0,0,0,0,0,0,d,c,500.0,9.0,2005.0,0,0.0,0.0,None,2015,2,8,6,1,Sunday
35,7,2015-02-08,0,0,0,0,0,0,a,c,120.0,5.0,0.0,1,22.0,2015.0,"Mar,Jun,Sept,Dec",2015,2,8,6,1,Sunday
36,7,2015-02-08,0,0,0,0,0,1,d,a,1500.0,3.0,2008.0,1,40.0,2011.0,"Feb,May,Aug,Nov",2015,2,8,6,1,Sunday
37,7,2015-02-08,0,0,0,0,0,1,d,a,7500.0,3.0,2008.0,1,40.0,2009.0,"Mar,Jun,Sept,Dec",2015,2,8,6,1,Sunday
38,7,2015-02-08,0,0,0,0,0,1,a,a,3000.0,3.0,2010.0,0,0.0,0.0,None,2015,2,8,6,1,Sunday
39,7,2015-02-08,0,0,0,0,0,0,c,a,7500.0,7.0,2014.0,1,14.0,2015.0,"Jan,Apr,Jul,Oct",2015,2,8,6,1,Sunday
40,7,2015-02-08,0,0,0,0,0,1,d,a,1500.0,11.0,2008.0,1,22.0,2013.0,"Jan,Apr,Jul,Oct",2015,2,8,6,1,Sunday
41,7,2015-02-08,0,0,0,0,0,1,a,c,500.0,1.0,0.0,0,0.0,0.0,None,2015,2,8,6,1,Sunday
42,7,2015-02-08,0,0,0,0,0,0,d,c,120.0,1.0,2014.0,0,0.0,0.0,None,2015,2,8,6,1,Sunday
43,7,2015-02-08,0,0,0,0,0,0,a,a,500.0,0.0,0.0,1,31.0,2011.0,"Mar,Jun,Sept,Dec",2015,2,8,6,1,Sunday
44,7,2015-02-08,0,0,0,0,0,0,a,a,1500.0,5.0,2005.0,0,0.0,0.0,None,2015,2,8,6,1,Sunday
45,7,2015-02-08,0,0,0,0,0,0,c,a,120.0,9.0,2014.0,1,22.0,2011.0,"Feb,May,Aug,Nov",2015,2,8,6,1,Sunday
46,7,2015-02-08,0,0,0,0,0,0,a,c,500.0,1.0,2014.0,0,0.0,0.0,None,2015,2,8,6,1,Sunday
47,7,2015-02-08,0,0,0,0,0,0,c,a,1500.0,0.0,0.0,1,40.0,2013.0,"Jan,Apr,Jul,Oct",2015,2,8,6,1,Sunday
48,7,2015-02-08,0,0,0,0,0,0,a,c,500.0,7.0,2010.0,1,22.0,2011.0,"Mar,Jun,Sept,Dec",2015,2,8,6,1,Sunday
49,7,2015-02-08,0,0,0,0,0,0,d,a,120.0,1.0,2010.0,1,14.0,2009.0,"Mar,Jun,Sept,Dec",2015,2,8,6,1,Sunday
50,7,2015-02-08,0,0,0,0,0,0,a,c,500.0,1.0,2012.0,0,0.0,0.0,None,2015,2,8,6,1,Sunday
51,7,2015-02-08,0,0,0,0,0,0,a,c,120.0,1.0,0.0,0,0.0,0.0,None,2015,2,8,6,1,Sunday
52,7,2015-02-08,0,0,0,0,0,1,a,a,120.0,7.0,2012.0,1,31.0,2013.0,"Mar,Jun,Sept,Dec",2015,2,8,6,1,Sunday
53,7,2015-02-08,0,0,0,0,0,1,a,c,1500.0,0.0,0.0,1,14.0,2009.0,"Feb,May,Aug,Nov",2015,2,8,6,1,Sunday
54,7,2015-02-08,0,0,0,0,0,0,a,a,1500.0,0.0,0.0,0,0.0,0.0,None,2015,2,8,6,1,Sunday
55,7,2015-02-08,0,0,0,0,0,0,d,c,1500.0,1.0,2005.0,1,22.0,2009.0,"Feb,May,Aug,Nov",2015,2,8,6,1,Sunday
56,7,2015-02-08,0,0,0,0,0,0,a,a,1500.0,7.0,2010.0,0,0.0,0.0,None,2015,2,8,6,1,Sunday
57,7,2015-02-08,0,0,0,0,0,0,a,c,1500.0,0.0,2012.0,1,10.0,2009.0,"Mar,Jun,Sept,Dec",2015,2,8,6,1,Sunday
58,7,2015-02-08,0,0,0,0,0,0,d,c,1500.0,0.0,0.0,1,14.0,2009.0,"Mar,Jun,Sept,Dec",2015,2,8,6,1,Sunday
59,7,2015-02-08,0,0,0,0,0,0,d,c,500.0,7.0,2012.0,0,0.0,0.0,None,2015,2,8,6,1,Sunday
60,7,2015-02-08,0,0,0,0,0,1,a,a,1500.0,11.0,0.0,1,31.0,2011.0,"Feb,May,Aug,Nov",2015,2,8,6,1,Sunday
61,7,2015-02-08,0,0,0,0,0,0,a,c,500.0,5.0,2005.0,1,31.0,2013.0,"Jan,Apr,Jul,Oct",2015,2,8,6,1,Sunday
62,7,2015-02-08,0,0,0,0,0,0,a,a,15000.0,5.0,2005.0,0,0.0,0.0,None,2015,2,8,6,1,Sunday
63,7,2015-02-08,0,0,0,0,0,0,c,c,3000.0,5.0,2005.0,0,0.0,0.0,None,2015,2,8,6,1,Sunday
64,7,2015-02-08,0,0,0,0,0,0,c,c,1500.0,5.0,0.0,1,1.0,2013.0,"Jan,Apr,Jul,Oct",2015,2,8,6,1,Sunday
65,7,2015-02-08,0,0,0,0,0,0,a,c,1500.0,0.0,2014.0,0,0.0,0.0,None,2015,2,8,6,1,Sunday
66,7,2015-02-08,0,0,0,0,0,0,a,a,15000.0,3.0,2010.0,0,0.0,0.0,None,2015,2,8,6,1,Sunday
67,7,2015-02-08,0,0,0,0,0,0,d,c,1500.0,1.0,2012.0,0,0.0,0.0,None,2015,2,8,6,1,Sunday
68,7,2015-02-08,0,0,0,0,0,0,c,c,500.0,7.0,0.0,0,0.0,0.0,None,2015,2,8,6,1,Sunday
69,7,2015-02-08,0,0,0,0,0,0,d,c,15000.0,1.0,2012.0,1,31.0,2013.0,"Mar,Jun,Sept,Dec",2015,2,8,6,1,Sunday
70,7,2015-02-08,0,0,0,0,0,0,a,a,3000.0,5.0,0.0,0,0.0,0.0,None,2015,2,8,6,1,Sunday
71,7,2015-02-08,0,0,0,0,0,0,a,c,120.0,1.0,2008.0,1,31.0,2009.0,"Jan,Apr,Jul,Oct",2015,2,8,6,1,Sunday
72,7,2015-02-08,0,0,0,0,0,0,a,c,7500.0,9.0,2010.0,0,0.0,0.0,None,2015,2,8,6,1,Sunday
73,7,2015-02-08,0,0,0,0,0,0,d,c,500.0,5.0,2008.0,1,40.0,2013.0,"Mar,Jun,Sept,Dec",2015,2,8,6,1,Sunday
74,7,2015-02-08,0,0,0,0,0,0,a,a,500.0,7.0,2012.0,0,0.0,0.0,None,2015,2,8,6,1,Sunday
75,7,2015-02-08,0,0,0,0,0,0,c,c,3000.0,11.0,0.0,1,14.0,2009.0,"Feb,May,Aug,Nov",2015,2,8,6,1,Sunday
76,7,2015-02-08,0,0,0,0,0,0,a,a,120.0,0.0,2014.0,0,0.0,0.0,None,2015,2,8,6,1,Sunday
77,7,2015-02-08,0,0,0,0,0,0,d,c,1500.0,11.0,2012.0,0,0.0,0.0,None,2015,2,8,6,1,Sunday
78,7,2015-02-08,0,0,0,0,0,0,d,c,500.0,3.0,2010.0,0,0.0,0.0,None,2015,2,8,6,1,Sunday
79,7,2015-02-08,0,0,0,0,0,0,a,a,500.0,0.0,2012.0,1,14.0,2015.0,"Mar,Jun,Sept,Dec",2015,2,8,6,1,Sunday
80,7,2015-02-08,0,0,0,0,0,0,a,a,15000.0,9.0,2010.0,0,0.0,0.0,None,2015,2,8,6,1,Sunday
81,7,2015-02-08,0,0,0,0,0,0,a,a,1500.0,1.0,2010.0,1,22.0,2009.0,"Jan,Apr,Jul,Oct",2015,2,8,6,1,Sunday
82,7,2015-02-08,0,0,0,0,0,1,a,a,1500.0,0.0,0.0,0,0.0,0.0,None,2015,2,8,6,1,Sunday
83,7,2015-02-08,0,0,0,0,0,0,a,c,500.0,7.0,2014.0,0,0.0,0.0,None,2015,2,8,6,1,Sunday
84,7,2015-02-08,0,0,0,0,0,0,d,a,1500.0,0.0,2005.0,0,0.0,0.0,None,2015,2,8,6,1,Sunday
85,7,2015-02-08,0,0,0,0,0,0,d,c,120.0,0.0,2014.0,1,1.0,2013.0,"Jan,Apr,Jul,Oct",2015,2,8,6,1,Sunday
86,7,2015-02-08,0,0,0,0,0,0,d,a,3000.0,0.0,2012.0,0,0.0,0.0,None,2015,2,8,6,1,Sunday
87,7,2015-02-08,0,0,0,0,0,0,a,a,1500.0,0.0,0.0,0,0.0,0.0,None,2015,2,8,6,1,Sunday
88,7,2015-02-08,0,0,0,0,0,0,d,c,3000.0,3.0,2012.0,1,31.0,2009.0,"Feb,May,Aug,Nov",2015,2,8,6,1,Sunday
89,7,2015-02-08,0,0,0,0,0,0,d,a,1500.0,9.0,0.0,1,31.0,2015.0,"Feb,May,Aug,Nov",2015,2,8,6,1,Sunday
90,7,2015-02-08,0,0,0,0,0,1,d,c,1500.0,0.0,0.0,0,0.0,0.0,None,2015,2,8,6,1,Sunday
91,7,2015-02-08,0,0,0,0,0,0,a,c,1500.0,3.0,2008.0,0,0.0,0.0,None,2015,2,8,6,1,Sunday
92,7,2015-02-08,0,0,0,0,0,0,d,c,120.0,3.0,0.0,1,31.0,2009.0,"Feb,May,Aug,Nov",2015,2,8,6,1,Sunday
93,7,2015-02-08,0,0,0,0,0,0,d,a,120.0,5.0,2005.0,0,0.0,0.0,None,2015,2,8,6,1,Sunday
94,7,2015-02-08,0,0,0,0,0,0,c,a,500.0,11.0,2005.0,0,0.0,0.0,None,2015,2,8,6,1,Sunday
95,7,2015-02-08,0,0,0,0,0,1,a,c,500.0,11.0,2005.0,1,31.0,2009.0,"Feb,May,Aug,Nov",2015,2,8,6,1,Sunday
96,7,2015-02-08,0,0,0,0,0,0,d,c,500.0,7.0,2005.0,1,10.0,2009.0,"Feb,May,Aug,Nov",2015,2,8,6,1,Sunday
97,7,2015-02-08,0,0,0,0,0,1,c,a,120.0,0.0,2008.0,0,0.0,0.0,None,2015,2,8,6,1,Sunday
98,7,2015-02-08,0,0,0,0,0,0,c,a,500.0,3.0,2008.0,1,10.0,2009.0,"Feb,May,Aug,Nov",2015,2,8,6,1,Sunday
99,7,2015-02-08,0,0,0,0,0,0,a,c,500.0,1.0,2012.0,0,0.0,0.0,None,2015,2,8,6,1,Sunday
100,7,2015-02-08,0,0,0,0,0,0,b,c,500.0,9.0,2005.0,0,0.0,0.0,None,2015,2,8,6,1,Sunday
1,1,2015-02-09,11789,1067,1,0,0,0,a,c,3000.0,7.0,2012.0,0,0.0,0.0,None,2015,2,9,7,1,Monday
2,1,2015-02-09,7934,1058,1,1,0,0,a,a,7500.0,5.0,2008.0,0,0.0,0.0,None,2015,2,9,7,1,Monday
3,1,2015-02-09,7233,952,1,1,0,0,d,c,500.0,5.0,2012.0,1,10.0,2011.0,"Jan,Apr,Jul,Oct",2015,2,9,7,1,Monday
4,1,2015-02-09,7677,594,1,1,0,0,a,a,1500.0,1.0,2010.0,1,40.0,2011.0,"Mar,Jun,Sept,Dec",2015,2,9,7,1,Monday
5,1,2015-02-09,5964,721,1,0,0,0,c,a,15000.0,0.0,2008.0,1,31.0,2009.0,"Mar,Jun,Sept,Dec",2015,2,9,7,1,Monday
6,1,2015-02-09,12672,980,1,1,0,0,a,c,1500.0,1.0,0.0,0,0.0,0.0,None,2015,2,9,7,1,Monday
7,1,2015-02-09,3811,367,1,0,0,1,a,a,1500.0,5.0,2012.0,1,14.0,2011.0,"Jan,Apr,Jul,Oct",2015,2,9,7,1,Monday
8,1,2015-02-09,4266,402,1,1,0,0,a,c,500.0,9.0,2014.0,1,40.0,2009.0,"Mar,Jun,Sept,Dec",2015,2,9,7,1,Monday
9,1,2015-02-09,0,0,0,0,0,0,d,a,500.0,5.0,2014.0,1,40.0,2013.0,"Jan,Apr,Jul,Oct",2015,2,9,7,1,Monday
10,1,2015-02-09,4718,601,1,0,0,0,d,c,3000.0,11.0,2012.0,1,1.0,2015.0,"Jan,Apr,Jul,Oct",2015,2,9,7,1,Monday
11,1,2015-02-09,5500,660,1,0,0,0,a,c,120.0,11.0,0.0,1,22.0,2015.0,"Mar,Jun,Sept,Dec",2015,2,9,7,1,Monday
12,1,2015-02-09,8700,865,1,1,0,0,d,c,3000.0,0.0,2008.0,0,0.0,0.0,None,2015,2,9,7,1,Monday
13,1,2015-02-09,3664,301,1,1,0,0,a,a,7500.0,5.0,2005.0,0,0.0,0.0,None,2015,2,9,7,1,Monday
14,1,2015-02-09,8423,970,1,1,0,0,a,c,1500.0,5.0,2014.0,1,1.0,2013.0,"Jan,Apr,Jul,Oct",2015,2,9,7,1,Monday
15,1,2015-02-09,9642,989,1,1,0,0,d,c,3000.0,11.0,2014.0,1,1.0,2013.0,"Mar,Jun,Sept,Dec",2015,2,9,7,1,Monday
16,1,2015-02-09,2293,393,1,0,0,1,a,a,500.0,11.0,0.0,0,0.0,0.0,None,2015,2,9,7,1,Monday
17,1,2015-02-09,10195,1003,1,0,0,0,a,c,500.0,7.0,2008.0,0,0.0,0.0,None,2015,2,9,7,1,Monday
18,1,2015-02-09,5611,642,1,0,0,0,d,c,1500.0,5.0,2005.0,1,40.0,2009.0,"Jan,Apr,Jul,Oct",2015,2,9,7,1,Monday
19,1,2015-02-09,6257,1000,1,1,0,0,d,c,120.0,9.0,2014.0,1,10.0,2013.0,"Jan,Apr,Jul,Oct",2015,2,9,7,1,Monday
20,1,2015-02-09,6090,610,1,1,0,1,a,a,500.0,9.0,0.0,1,1.0,2013.0,"Mar,Jun,Sept,Dec",2015,2,9,7,1,Monday
21,1,2015-02-09,3852,407,1,0,0,0,a,c,1500.0,0.0,2008.0,0,0.0,0.0,None,2015,2,9,7,1,Monday
22,1,2015-02-09,4665,841,1,0,0,0,a,a,500.0,0.0,2010.0,0,0.0,0.0,None,2015,2,9,7,1,Monday
23,1,2015-02-09,7045,704,1,0,0,0,d,c,500.0,1.0,2008.0,0,0.0,0.0,None,2015,2,9,7,1,Monday
24,1,2015-02-09,3873,372,1,1,0,0,a,a,1500.0,1.0,2010.0,0,0.0,0.0,None,2015,2,9,7,1,Monday
25,1,2015-02-09,6701,658,1,0,0,0,a,c,500.0,1.0,2012.0,0,0.0,0.0,None,2015,2,9,7,1,Monday
26,1,2015-02-09,5043,689,1,0,0,0,d,a,1500.0,3.0,2008.0,0,0.0,0.0,None,2015,2,9,7,1,Monday
27,1,2015-02-09,5996,757,1,1,0,0,d,a,15000.0,9.0,2008.0,1,1.0,2009.0,"Mar,Jun,Sept,Dec",2015,2,9,7,1,Monday
28,1,2015-02-09,5317,520,1,0,0,0,a,a,1500.0,3.0,2010.0,0,0.0,0.0,None,2015,2,9,7,1,Monday
29,1,2015-02-09,6887,773,1,1,0,0,a,a,1500.0,5.0,0.0,1,10.0,2015.0,"Jan,Apr,Jul,Oct",2015,2,9,7,1,Monday
30,1,2015-02-09,9330,1068,1,1,0,0,c,c,500.0,11.0,2014.0,1,22.0,2015.0,"Feb,May,Aug,Nov",2015,2,9,7,1,Monday
31,1,2015-02-09,7015,674,1,0,0,0,d,c,500.0,0.0,2014.0,1,31.0,2015.0,"Mar,Jun,Sept,Dec",2015,2,9,7,1,Monday
32,1,2015-02-09,4410,462,1,0,0,0,a,a,3000.0,3.0,2010.0,1,1.0,2015.0,"Mar,Jun,Sept,Dec",2015,2,9,7,1,Monday
33,1,2015-02-09,9906,838,1,1,0,0,d,c,1500.0,9.0,2008.0,0,0.0,0.0,None,2015,2,9,7,1,Monday
34,1,2015-02-09,3792,476,1,0,0,0,d,c,500.0,9.0,2005.0,0,0.0,0.0,None,2015,2,9,7,1,Monday
35,1,2015-02-09,9741,937,1,0,0,0,a,c,120.0,5.0,0.0,1,22.0,2015.0,"Mar,Jun,Sept,Dec",2015,2,9,7,1,Monday
36,1,2015-02-09,2870,388,1,0,0,0,d,a,1500.0,3.0,2008.0,1,40.0,2011.0,"Feb,May,Aug,Nov",2015,2,9,7,1,Monday
37,1,2015-02-09,8351,1075,1,0,0,0,d,a,7500.0,3.0,2008.0,1,40.0,2009.0,"Mar,Jun,Sept,Dec",2015,2,9,7,1,Monday
38,1,2015-02-09,3990,446,1,0,0,0,a,a,3000.0,3.0,2010.0,0,0.0,0.0,None,2015,2,9,7,1,Monday
39,1,2015-02-09,0,0,0,0,0,0,c,a,7500.0,7.0,2014.0,1,14.0,2015.0,"Jan,Apr,Jul,Oct",2015,2,9,7,1,Monday
40,1,2015-02-09,4961,627,1,0,0,1,d,a,1500.0,11.0,2008.0,1,22.0,2013.0,"Jan,Apr,Jul,Oct",2015,2,9,7,1,Monday
41,1,2015-02-09,4137,397,1,0,0,0,a,c,500.0,1.0,0.0,0,0.0,0.0,None,2015,2,9,7,1,Monday
42,1,2015-02-09,0,0,0,0,0,0,d,c,120.0,1.0,2014.0,0,0.0,0.0,None,2015,2,9,7,1,Monday
43,1,2015-02-09,7041,843,1,0,0,0,a,a,500.0,0.0,0.0,1,31.0,2011.0,"Mar,Jun,Sept,Dec",2015,2,9,7,1,Monday
44,1,2015-02-09,7581,951,1,1,0,1,a,a,1500.0,5.0,2005.0,0,0.0,0.0,None,2015,2,9,7,1,Monday
45,1,2015-02-09,6325,769,1,0,0,0,c,a,120.0,9.0,2014.0,1,22.0,2011.0,"Feb,May,Aug,Nov",2015,2,9,7,1,Monday
46,1,2015-02-09,0,0,0,0,0,0,a,c,500.0,1.0,2014.0,0,0.0,0.0,None,2015,2,9,7,1,Monday
47,1,2015-02-09,4335,640,1,0,0,0,c,a,1500.0,0.0,0.0,1,40.0,2013.0,"Jan,Apr,Jul,Oct",2015,2,9,7,1,Monday
48,1,2015-02-09,5297,676,1,0,0,0,a,c,500.0,7.0,2010.0,1,22.0,2011.0,"Mar,Jun,Sept,Dec",2015,2,9,7,1,Monday
49,1,2015-02-09,7401,630,1,0,0,0,d,a,120.0,1.0,2010.0,1,14.0,2009.0,"Mar,Jun,Sept,Dec",2015,2,9,7,1,Monday
50,1,2015-02-09,0,0,0,0,0,0,a,c,500.0,1.0,2012.0,0,0.0,0.0,None,2015,2,9,7,1,Monday
51,1,2015-02-09,6356,996,1,0,0,0,a,c,120.0,1.0,0.0,0,0.0,0.0,None,2015,2,9,7,1,Monday
52,1,2015-02-09,11287,992,1,1,0,0,a,a,120.0,7.0,2012.0,1,31.0,2013.0,"Mar,Jun,Sept,Dec",2015,2,9,7,1,Monday
53,1,2015-02-09,7798,588,1,1,0,0,a,c,1500.0,0.0,0.0,1,14.0,2009.0,"Feb,May,Aug,Nov",2015,2,9,7,1,Monday
54,1,2015-02-09,2716,339,1,0,0,1,a,a,1500.0,0.0,0.0,0,0.0,0.0,None,2015,2,9,7,1,Monday
55,1,2015-02-09,7243,814,1,1,0,0,d,c,1500.0,1.0,2005.0,1,22.0,2009.0,"Feb,May,Aug,Nov",2015,2,9,7,1,Monday
56,1,2015-02-09,8331,984,1,1,0,0,a,a,1500.0,7.0,2010.0,0,0.0,0.0,None,2015,2,9,7,1,Monday
57,1,2015-02-09,8365,722,1,1,0,0,a,c,1500.0,0.0,2012.0,1,10.0,2009.0,"Mar,Jun,Sept,Dec",2015,2,9,7,1,Monday
58,1,2015-02-09,6237,973,1,0,0,0,d,c,1500.0,0.0,0.0,1,14.0,2009.0,"Mar,Jun,Sept,Dec",2015,2,9,7,1,Monday
59,1,2015-02-09,10781,928,1,0,0,0,d,c,500.0,7.0,2012.0,0,0.0,0.0,None,2015,2,9,7,1,Monday
60,1,2015-02-09,5205,569,1,0,0,0,a,a,1500.0,11.0,0.0,1,31.0,2011.0,"Feb,May,Aug,Nov",2015,2,9,7,1,Monday
61,1,2015-02-09,10262,1127,1,0,0,0,a,c,500.0,5.0,2005.0,1,31.0,2013.0,"Jan,Apr,Jul,Oct",2015,2,9,7,1,Monday
62,1,2015-02-09,6758,548,1,1,0,1,a,a,15000.0,5.0,2005.0,0,0.0,0.0,None,2015,2,9,7,1,Monday
63,1,2015-02-09,8203,639,1,1,0,0,c,c,3000.0,5.0,2005.0,0,0.0,0.0,None,2015,2,9,7,1,Monday
64,1,2015-02-09,5510,507,1,1,0,0,c,c,1500.0,5.0,0.0,1,1.0,2013.0,"Jan,Apr,Jul,Oct",2015,2,9,7,1,Monday
65,1,2015-02-09,11051,1093,1,1,0,0,a,c,1500.0,0.0,2014.0,0,0.0,0.0,None,2015,2,9,7,1,Monday
66,1,2015-02-09,9577,882,1,1,0,0,a,a,15000.0,3.0,2010.0,0,0.0,0.0,None,2015,2,9,7,1,Monday
67,1,2015-02-09,5112,566,1,1,0,1,d,c,1500.0,1.0,2012.0,0,0.0,0.0,None,2015,2,9,7,1,Monday
68,1,2015-02-09,9623,868,1,0,0,0,c,c,500.0,7.0,0.0,0,0.0,0.0,None,2015,2,9,7,1,Monday
69,1,2015-02-09,6697,986,1,1,0,0,d,c,15000.0,1.0,2012.0,1,31.0,2013.0,"Mar,Jun,Sept,Dec",2015,2,9,7,1,Monday
70,1,2015-02-09,3531,431,1,1,0,1,a,a,3000.0,5.0,0.0,0,0.0,0.0,None,2015,2,9,7,1,Monday
71,1,2015-02-09,4668,761,1,0,0,0,a,c,120.0,1.0,2008.0,1,31.0,2009.0,"Jan,Apr,Jul,Oct",2015,2,9,7,1,Monday
72,1,2015-02-09,5781,398,1,1,0,0,a,c,7500.0,9.0,2010.0,0,0.0,0.0,None,2015,2,9,7,1,Monday
73,1,2015-02-09,2303,351,1,0,0,0,d,c,500.0,5.0,2008.0,1,40.0,2013.0,"Mar,Jun,Sept,Dec",2015,2,9,7,1,Monday
74,1,2015-02-09,13050,1044,1,1,0,0,a,a,500.0,7.0,2012.0,0,0.0,0.0,None,2015,2,9,7,1,Monday
75,1,2015-02-09,7068,709,1,1,0,0,c,c,3000.0,11.0,0.0,1,14.0,2009.0,"Feb,May,Aug,Nov",2015,2,9,7,1,Monday
76,1,2015-02-09,4340,324,1,1,0,0,a,a,120.0,0.0,2014.0,0,0.0,0.0,None,2015,2,9,7,1,Monday
77,1,2015-02-09,7341,868,1,0,0,0,d,c,1500.0,11.0,2012.0,0,0.0,0.0,None,2015,2,9,7,1,Monday
78,1,2015-02-09,12031,1171,1,0,0,0,d,c,500.0,3.0,2010.0,0,0.0,0.0,None,2015,2,9,7,1,Monday
79,1,2015-02-09,8908,913,1,1,0,0,a,a,500.0,0.0,2012.0,1,14.0,2015.0,"Mar,Jun,Sept,Dec",2015,2,9,7,1,Monday
80,1,2015-02-09,12950,1013,1,1,0,0,a,a,15000.0,9.0,2010.0,0,0.0,0.0,None,2015,2,9,7,1,Monday
81,1,2015-02-09,3974,393,1,0,0,0,a,a,1500.0,1.0,2010.0,1,22.0,2009.0,"Jan,Apr,Jul,Oct",2015,2,9,7,1,Monday
82,1,2015-02-09,5245,464,1,1,0,0,a,a,1500.0,0.0,0.0,0,0.0,0.0,None,2015,2,9,7,1,Monday
83,1,2015-02-09,11238,1015,1,0,0,0,a,c,500.0,7.0,2014.0,0,0.0,0.0,None,2015,2,9,7,1,Monday
84,1,2015-02-09,8727,1112,1,0,0,0,d,a,1500.0,0.0,2005.0,0,0.0,0.0,None,2015,2,9,7,1,Monday
85,1,2015-02-09,6576,1115,1,0,0,0,d,c,120.0,0.0,2014.0,1,1.0,2013.0,"Jan,Apr,Jul,Oct",2015,2,9,7,1,Monday
86,1,2015-02-09,2232,317,1,0,0,0,d,a,3000.0,0.0,2012.0,0,0.0,0.0,None,2015,2,9,7,1,Monday
87,1,2015-02-09,6791,1175,1,0,0,1,a,a,1500.0,0.0,0.0,0,0.0,0.0,None,2015,2,9,7,1,Monday
88,1,2015-02-09,4126,620,1,0,0,1,d,c,3000.0,3.0,2012.0,1,31.0,2009.0,"Feb,May,Aug,Nov",2015,2,9,7,1,Monday
89,1,2015-02-09,10620,1016,1,0,0,0,d,a,1500.0,9.0,0.0,1,31.0,2015.0,"Feb,May,Aug,Nov",2015,2,9,7,1,Monday
90,1,2015-02-09,7939,620,1,1,0,0,d,c,1500.0,0.0,0.0,0,0.0,0.0,None,2015,2,9,7,1,Monday
91,1,2015-02-09,6168,625,1,1,0,0,a,c,1500.0,3.0,2008.0,0,0.0,0.0,None,2015,2,9,7,1,Monday
92,1,2015-02-09,9295,715,1,1,0,0,d,c,120.0,3.0,0.0,1,31.0,2009.0,"Feb,May,Aug,Nov",2015,2,9,7,1,Monday
93,1,2015-02-09,3691,552,1,0,0,1,d,a,120.0,5.0,2005.0,0,0.0,0.0,None,2015,2,9,7,1,Monday
94,1,2015-02-09,9402,1023,1,0,0,1,c,a,500.0,11.0,2005.0,0,0.0,0.0,None,2015,2,9,7,1,Monday
95,1,2015-02-09,6889,531,1,1,0,0,a,c,500.0,11.0,2005.0,1,31.0,2009.0,"Feb,May,Aug,Nov",2015,2,9,7,1,Monday
96,1,2015-02-09,13687,1158,1,0,0,1,d,c,500.0,7.0,2005.0,1,10.0,2009.0,"Feb,May,Aug,Nov",2015,2,9,7,1,Monday
97,1,2015-02-09,7319,506,1,1,0,0,c,a,120.0,0.0,2008.0,0,0.0,0.0,None,2015,2,9,7,1,Monday
98,1,2015-02-09,3671,495,1,0,0,0,c,a,500.0,3.0,2008.0,1,10.0,2009.0,"Feb,May,Aug,Nov",2015,2,9,7,1,Monday
99,1,2015-02-09,6179,967,1,0,0,0,a,c,500.0,1.0,2012.0,0,0.0,0.0,None,2015,2,9,7,1,Monday
100,1,2015-02-09,8255,786,1,1,0,0,b,c,500.0,9.0,2005.0,0,0.0,0.0,None,2015,2,9,7,1,Monday
1,2,2015-02-10,5595,684,1,0,0,0,a,c,3000.0,7.0,2012.0,0,0.0,0.0,None,2015,2,10,7,1,Tuesday
2,2,2015-02-10,6219,706,1,0,0,0,a,a,7500.0,5.0,2008.0,0,0.0,0.0,None,2015,2,10,7,1,Tuesday
3,2,2015-02-10,4599,433,1,0,0,0,d,c,500.0,5.0,2012.0,1,10.0,2011.0,"Jan,Apr,Jul,Oct",2015,2,10,7,1,Tuesday
4,2,2015-02-10,9947,737,1,1,0,0,a,a,1500.0,1.0,2010.0,1,40.0,2011.0,"Mar,Jun,Sept,Dec",2015,2,10,7,1,Tuesday
5,2,2015-02-10,8351,1127,1,0,0,0,c,a,15000.0,0.0,2008.0,1,31.0,2009.0,"Mar,Jun,Sept,Dec",2015,2,10,7,1,Tuesday
6,2,2015-02-10,11498,1126,1,0,0,0,a,c,1500.0,1.0,0.0,0,0.0,0.0,None,2015,2,10,7,1,Tuesday
7,2,2015-02-10,5781,536,1,0,0,0,a,a,1500.0,5.0,2012.0,1,14.0,2011.0,"Jan,Apr,Jul,Oct",2015,2,10,7,1,Tuesday
8,2,2015-02-10,6594,1171,1,0,0,0,a,c,500.0,9.0,2014.0,1,40.0,2009.0,"Mar,Jun,Sept,Dec",2015,2,10,7,1,Tuesday
9,2,2015-02-10,4447,336,1,1,0,0,d,a,500.0,5.0,2014.0,1,40.0,2013.0,"Jan,Apr,Jul,Oct",2015,2,10,7,1,Tuesday
10,2,2015-02-10,7022,643,1,0,0,0,d,c,3000.0,11.0,2012.0,1,1.0,2015.0,"Jan,Apr,Jul,Oct",2015,2,10,7,1,Tuesday
11,2,2015-02-10,3877,422,1,0,0,0,a,c,120.0,11.0,0.0,1,22.0,2015.0,"Mar,Jun,Sept,Dec",2015,2,10,7,1,Tuesday
12,2,2015-02-10,0,0,0,0,0,1,d,c,3000.0,0.0,2008.0,0,0.0,0.0,None,2015,2,10,7,1,Tuesday
13,2,2015-02-10,8925,904,1,1,0,0,a,a,7500.0,5.0,2005.0,0,0.0,0.0,None,2015,2,10,7,1,Tuesday
14,2,2015-02-10,7441,1121,1,0,0,0,a,c,1500.0,5.0,2014.0,1,1.0,2013.0,"Jan,Apr,Jul,Oct",2015,2,10,7,1,Tuesday
15,2,2015-02-10,10986,1115,1,1,0,0,d,c,3000.0,11.0,2014.0,1,1.0,2013.0,"Mar,Jun,Sept,Dec",2015,2,10,7,1,Tuesday
16,2,2015-02-10,6450,661,1,0,0,0,a,a,500.0,11.0,0.0,0,0.0,0.0,None,2015,2,10,7,1,Tuesday
17,2,2015-02-10,4508,361,1,1,0,0,a,c,500.0,7.0,2008.0,0,0.0,0.0,None,2015,2,10,7,1,Tuesday
18,2,2015-02-10,6734,880,1,0,0,0,d,c,1500.0,5.0,2005.0,1,40.0,2009.0,"Jan,Apr,Jul,Oct",2015,2,10,7,1,Tuesday
19,2,2015-02-10,5828,468,1,1,0,1,d,c,120.0,9.0,2014.0,1,10.0,2013.0,"Jan,Apr,Jul,Oct",2015,2,10,7,1,Tuesday
20,2,2015-02-10,9371,924,1,0,0,0,a,a,500.0,9.0,0.0,1,1.0,2013.0,"Mar,Jun,Sept,Dec",2015,2,10,7,1,Tuesday
21,2,2015-02-10,8674,1115,1,1,0,0,a,c,1500.0,0.0,2008.0,0,0.0,0.0,None,2015,2,10,7,1,Tuesday
22,2,2015-02-10,4919,721,1,0,0,1,a,a,500.0,0.0,2010.0,0,0.0,0.0,None,2015,2,10,7,1,Tuesday
23,2,2015-02-10,7036,765,1,1,0,0,d,c,500.0,1.0,2008.0,0,0.0,0.0,None,2015,2,10,7,1,Tuesday
24,2,2015-02-10,0,0,0,1,0,0,a,a,1500.0,1.0,2010.0,0,0.0,0.0,None,2015,2,10,7,1,Tuesday
25,2,2015-02-10,8807,668,1,1,0,0,a,c,500.0,1.0,2012.0,0,0.0,0.0,None,2015,2,10,7,1,Tuesday
26,2,2015-02-10,4722,776,1,0,0,1,d,a,1500.0,3.0,2008.0,0,0.0,0.0,None,2015,2,10,7,1,Tuesday
27,2,2015-02-10,2908,321,1,0,0,0,d,a,15000.0,9.0,2008.0,1,1.0,2009.0,"Mar,Jun,Sept,Dec",2015,2,10,7,1,Tuesday
28,2,2015-02-10,12000,1015,1,1,0,1,a,a,1500.0,3.0,2010.0,0,0.0,0.0,None,2015,2,10,7,1,Tuesday
29,2,2015-02-10,6423,789,1,0,0,0,a,a,1500.0,5.0,0.0,1,10.0,2015.0,"Jan,Apr,Jul,Oct",2015,2,10,7,1,Tuesday
30,2,2015-02-10,11393,1111,1,0,0,0,c,c,500.0,11.0,2014.0,1,22.0,2015.0,"Feb,May,Aug,Nov",2015,2,10,7,1,Tuesday
31,2,2015-02-10,8011,974,1,0,0,0,d,c,500.0,0.0,2014.0,1,31.0,2015.0,"Mar,Jun,Sept,Dec",2015,2,10,7,1,Tuesday
32,2,2015-02-10,6805,918,1,1,0,1,a,a,3000.0,3.0,2010.0,1,1.0,2015.0,"Mar,Jun,Sept,Dec",2015,2,10,7,1,Tuesday
33,2,2015-02-10,6658,1097,1,0,0,0,d,c,1500.0,9.0,2008.0,0,0.0,0.0,None,2015,2,10,7,1,Tuesday
34,2,2015-02-10,5252,460,1,1,0,0,d,c,500.0,9.0,2005.0,0,0.0,0.0,None,2015,2,10,7,1,Tuesday
35,2,2015-02-10,7126,629,1,1,0,0,a,c,120.0,5.0,0.0,1,22.0,2015.0,"Mar,Jun,Sept,Dec",2015,2,10,7,1,Tuesday
36,2,2015-02-10,11771,960,1,1,0,0,d,a,1500.0,3.0,2008.0,1,40.0,2011.0,"Feb,May,Aug,Nov",2015,2,10,7,1,Tuesday
37,2,2015-02-10,8574,1136,1,1,0,0,d,a,7500.0,3.0,2008.0,1,40.0,2009.0,"Mar,Jun,Sept,Dec",2015,2,10,7,1,Tuesday
38,2,2015-02-10,3071,447,1,0,0,0,a,a,3000.0,3.0,2010.0,0,0.0,0.0,None,2015,2,10,7,1,Tuesday
39,2,2015-02-10,6765,1155,1,0,0,1,c,a,7500.0,7.0,2014.0,1,14.0,2015.0,"Jan,Apr,Jul,Oct",2015,2,10,7,1,Tuesday
40,2,2015-02-10,9341,788,1,1,0,0,d,a,1500.0,11.0,2008.0,1,22.0,2013.0,"Jan,Apr,Jul,Oct",2015,2,10,7,1,Tuesday
41,2,2015-02-10,10276,949,1,0,0,0,a,c,500.0,1.0,0.0,0,0.0,0.0,None,2015,2,10,7,1,Tuesday
42,2,2015-02-10,4232,428,1,0,0,1,d,c,120.0,1.0,2014.0,0,0.0,0.0,None,2015,2,10,7,1,Tuesday
43,2,2015-02-10,8272,715,1,1,0,1,a,a,500.0,0.0,0.0,1,31.0,2011.0,"Mar,Jun,Sept,Dec",2015,2,10,7,1,Tuesday
44,2,2015-02-10,11885,1170,1,0,0,0,a,a,1500.0,5.0,2005.0,0,0.0,0.0,None,2015,2,10,7,1,Tuesday
45,2,2015-02-10,7366,783,1,0,0,0,c,a,120.0,9.0,2014.0,1,22.0,2011.0,"Feb,May,Aug,Nov",2015,2,10,7,1,Tuesday
46,2,2015-02-10,7005,924,1,0,0,1,a,c,500.0,1.0,2014.0,0,0.0,0.0,None,2015,2,10,7,1,Tuesday
47,2,2015-02-10,8658,1192,1,0,0,1,c,a,1500.0,0.0,0.0,1,40.0,2013.0,"Jan,Apr,Jul,Oct",2015,2,10,7,1,Tuesday
48,2,2015-02-10,5578,929,1,0,0,0,a,c,500.0,7.0,2010.0,1,22.0,2011.0,"Mar,Jun,Sept,Dec",2015,2,10,7,1,Tuesday
49,2,2015-02-10,2602,454,1,0,0,0,d,a,120.0,1.0,2010.0,1,14.0,2009.0,"Mar,Jun,Sept,Dec",2015,2,10,7,1,Tuesday
50,2,2015-02-10,5367,706,1,1,0,0,a,c,500.0,1.0,2012.0,0,0.0,0.0,None,2015,2,10,7,1,Tuesday
51,2,2015-02-10,6809,1053,1,0,0,0,a,c,120.0,1.0,0.0,0,0.0,0.0,None,2015,2,10,7,1,Tuesday
52,2,2015-02-10,8145,964,1,0,0,0,a,a,120.0,7.0,2012.0,1,31.0,2013.0,"Mar,Jun,Sept,Dec",2015,2,10,7,1,Tuesday
53,2,2015-02-10,4687,420,1,0,0,0,a,c,1500.0,0.0,0.0,1,14.0,2009.0,"Feb,May,Aug,Nov",2015,2,10,7,1,Tuesday
54,2,2015-02-10,8438,738,1,1,0,0,a,a,1500.0,0.0,0.0,0,0.0,0.0,None,2015,2,10,7,1,Tuesday
55,2,2015-02-10,7171,787,1,1,0,0,d,c,1500.0,1.0,2005.0,1,22.0,2009.0,"Feb,May,Aug,Nov",2015,2,10,7,1,Tuesday
56,2,2015-02-10,4418,469,1,1,0,0,a,a,1500.0,7.0,2010.0,0,0.0,0.0,None,2015,2,10,7,1,Tuesday
57,2,2015-02-10,8649,985,1,0,0,0,a,c,1500.0,0.0,2012.0,1,10.0,2009.0,"Mar,Jun,Sept,Dec",2015,2,10,7,1,Tuesday
58,2,2015-02-10,6541,549,1,0,0,1,d,c,1500.0,0.0,0.0,1,14.0,2009.0,"Mar,Jun,Sept,Dec",2015,2,10,7,1,Tuesday
59,2,2015-02-10,9803,966,1,0,0,0,d,c,500.0,7.0,2012.0,0,0.0,0.0,None,2015,2,10,7,1,Tuesday
60,2,2015-02-10,11480,1157,1,1,0,1,a,a,1500.0,11.0,0.0,1,31.0,2011.0,"Feb,May,Aug,Nov",2015,2,10,7,1,Tuesday
61,2,2015-02-10,4859,596,1,0,0,0,a,c,500.0,5.0,2005.0,1,31.0,2013.0,"Jan,Apr,Jul,Oct",2015,2,10,7,1,Tuesday
62,2,2015-02-10,11040,1199,1,1,0,0,a,a,15000.0,5.0,2005.0,0,0.0,0.0,None,2015,2,10,7,1,Tuesday
63,2,2015-02-10,4394,375,1,0,0,1,c,c,3000.0,5.0,2005.0,0,0.0,0.0,None,2015,2,10,7,1,Tuesday
64,2,2015-02-10,5112,378,1,1,0,1,c,c,1500.0,5.0,0.0,1,1.0,2013.0,"Jan,Apr,Jul,Oct",2015,2,10,7,1,Tuesday
65,2,2015-02-10,6755,1091,1,0,0,1,a,c,1500.0,0.0,2014.0,0,0.0,0.0,None,2015,2,10,7,1,Tuesday
66,2,2015-02-10,4833,392,1,1,0,1,a,a,15000.0,3.0,2010.0,0,0.0,0.0,None,2015,2,10,7,1,Tuesday
67,2,2015-02-10,3201,462,1,0,0,1,d,c,1500.0,1.0,2012.0,0,0.0,0.0,None,2015,2,10,7,1,Tuesday
68,2,2015-02-10,9699,1115,1,1,0,0,c,c,500.0,7.0,0.0,0,0.0,0.0,None,2015,2,10,7,1,Tuesday
69,2,2015-02-10,11729,1023,1,1,0,1,d,c,15000.0,1.0,2012.0,1,31.0,2013.0,"Mar,Jun,Sept,Dec",2015,2,10,7,1,Tuesday
70,2,2015-02-10,12554,976,1,1,0,0,a,a,3000.0,5.0,0.0,0,0.0,0.0,None,2015,2,10,7,1,Tuesday
71,2,2015-02-10,7153,618,1,0,0,0,a,c,120.0,1.0,2008.0,1,31.0,2009.0,"Jan,Apr,Jul,Oct",2015,2,10,7,1,Tuesday
72,2,2015-02-10,4354,415,1,0,0,0,a,c,7500.0,9.0,2010.0,0,0.0,0.0,None,2015,2,10,7,1,Tuesday
73,2,2015-02-10,10674,867,1,1,0,0,d,c,500.0,5.0,2008.0,1,40.0,2013.0,"Mar,Jun,Sept,Dec",2015,2,10,7,1,Tuesday
74,2,2015-02-10,4901,656,1,0,0,0,a,a,500.0,7.0,2012.0,0,0.0,0.0,None,2015,2,10,7,1,Tuesday
75,2,2015-02-10,5984,666,1,0,0,0,c,c,3000.0,11.0,0.0,1,14.0,2009.0,"Feb,May,Aug,Nov",2015,2,10,7,1,Tuesday
76,2,2015-02-10,5432,467,1,1,0,0,a,a,120.0,0.0,2014.0,0,0.0,0.0,None,2015,2,10,7,1,Tuesday
77,2,2015-02-10,11529,1022,1,0,0,0,d,c,1500.0,11.0,2012.0,0,0.0,0.0,None,2015,2,10,7,1,Tuesday
78,2,2015-02-10,8342,753,1,0,0,0,d,c,500.0,3.0,2010.0,0,0.0,0.0,None,2015,2,10,7,1,Tuesday
79,2,2015-02-10,3418,468,1,1,0,1,a,a,500.0,0.0,2012.0,1,14.0,2015.0,"Mar,Jun,Sept,Dec",2015,2,10,7,1,Tuesday
80,2,2015-02-10,9669,1021,1,0,0,0,a,a,15000.0,9.0,2010.0,0,0.0,0.0,None,2015,2,10,7,1,Tuesday
81,2,2015-02-10,5593,794,1,0,0,0,a,a,1500.0,1.0,2010.0,1,22.0,2009.0,"Jan,Apr,Jul,Oct",2015,2,10,7,1,Tuesday
82,2,2015-02-10,8621,663,1,1,0,1,a,a,1500.0,0.0,0.0,0,0.0,0.0,None,2015,2,10,7,1,Tuesday
83,2,2015-02-10,12397,1135,1,0,0,0,a,c,500.0,7.0,2014.0,0,0.0,0.0,None,2015,2,10,7,1,Tuesday
84,2,2015-02-10,2385,315,1,0,0,0,d,a,1500.0,0.0,2005.0,0,0.0,0.0,None,2015,2,10,7,1,Tuesday
85,2,2015-02-10,3394,322,1,1,0,1,d,c,120.0,0.0,2014.0,1,1.0,2013.0,"Jan,Apr,Jul,Oct",2015,2,10,7,1,Tuesday
86,2,2015-02-10,5338,476,1,0,0,0,d,a,3000.0,0.0,2012.0,0,0.0,0.0,None,2015,2,10,7,1,Tuesday
87,2,2015-02-10,3941,473,1,1,0,0,a,a,1500.0,0.0,0.0,0,0.0,0.0,None,2015,2,10,7,1,Tuesday
88,2,2015-02-10,3654,536,1,0,0,1,d,c,3000.0,3.0,2012.0,1,31.0,2009.0,"Feb,May,Aug,Nov",2015,2,10,7,1,Tuesday
89,2,2015-02-10,5027,547,1,0,0,0,d,a,1500.0,9.0,0.0,1,31.0,2015.0,"Feb,May,Aug,Nov",2015,2,10,7,1,Tuesday
90,2,2015-02-10,2838,473,1,0,0,0,d,c,1500.0,0.0,0.0,0,0.0,0.0,None,2015,2,10,7,1,Tuesday
91,2,2015-02-10,9682,812,1,0,0,0,a,c,1500.0,3.0,2008.0,0,0.0,0.0,None,2015,2,10,7,1,Tuesday
92,2,2015-02-10,9949,1191,1,0,0,0,d,c,120.0,3.0,0.0,1,31.0,2009.0,"Feb,May,Aug,Nov",2015,2,10,7,1,Tuesday
93,2,2015-02-10,14027,1067,1,1,0,0,d,a,120.0,5.0,2005.0,0,0.0,0.0,None,2015,2,10,7,1,Tuesday
94,2,2015-02-10,8642,663,1,1,0,0,c,a,500.0,11.0,2005.0,0,0.0,0.0,None,2015,2,10,7,1,Tuesday
95,2,2015-02-10,4558,400,1,1,0,1,a,c,500.0,11.0,2005.0,1,31.0,2009.0,"Feb,May,Aug,Nov",2015,2,10,7,1,Tuesday
96,2,2015-02-10,7046,895,1,0,0,0,d,c,500.0,7.0,2005.0,1,10.0,2009.0,"Feb,May,Aug,Nov",2015,2,10,7,1,Tuesday
97,2,2015-02-10,3189,457,1,0,0,0,c,a,120.0,0.0,2008.0,0,0.0,0.0,None,2015,2,10,7,1,Tuesday
98,2,2015-02-10,6856,807,1,1,0,0,c,a,500.0,3.0,2008.0,1,10.0,2009.0,"Feb,May,Aug,Nov",2015,2,10,7,1,Tuesday
99,2,2015-02-10,9459,1024,1,1,0,1,a,c,500.0,1.0,2012.0,0,0.0,0.0,None,2015,2,10,7,1,Tuesday
100,2,2015-02-10,8716,930,1,1,0,0,b,c,500.0,9.0,2005.0,0,0.0,0.0,None,2015,2,10,7,1,Tuesday
1,3,2015-02-11,4493,450,1,0,0,0,a,c,3000.0,7.0,2012.0,0,0.0,0.0,None,2015,2,11,7,1,Wednesday
2,3,2015-02-11,5427,696,1,0,0,0,a,a,7500.0,5.0,2008.0,0,0.0,0.0,None,2015,2,11,7,1,Wednesday
3,3,2015-02-11,8491,737,1,0,0,0,d,c,500.0,5.0,2012.0,1,10.0,2011.0,"Jan,Apr,Jul,Oct",2015,2,11,7,1,Wednesday
4,3,2015-02-11,7557,1110,1,0,0,0,a,a,1500.0,1.0,2010.0,1,40.0,2011.0,"Mar,Jun,Sept,Dec",2015,2,11,7,1,Wednesday
5,3,2015-02-11,4951,678,1,0,0,0,c,a,15000.0,0.0,2008.0,1,31.0,2009.0,"Mar,Jun,Sept,Dec",2015,2,11,7,1,Wednesday
6,3,2015-02-11,10949,1076,1,0,0,0,a,c,1500.0,1.0,0.0,0,0.0,0.0,None,2015,2,11,7,1,Wednesday
7,3,2015-02-11,4455,520,1,0,0,0,a,a,1500.0,5.0,2012.0,1,14.0,2011.0,"Jan,Apr,Jul,Oct",2015,2,11,7,1,Wednesday
8,3,2015-02-11,14139,1178,1,1,0,0,a,c,500.0,9.0,2014.0,1,40.0,2009.0,"Mar,Jun,Sept,Dec",2015,2,11,7,1,Wednesday
9,3,2015-02-11,3773,545,1,0,0,0,d,a,500.0,5.0,2014.0,1,40.0,2013.0,"Jan,Apr,Jul,Oct",2015,2,11,7,1,Wednesday
10,3,2015-02-11,4216,409,1,0,0,0,d,c,3000.0,11.0,2012.0,1,1.0,2015.0,"Jan,Apr,Jul,Oct",2015,2,11,7,1,Wednesday
11,3,2015-02-11,5515,806,1,0,0,0,a,c,120.0,11.0,0.0,1,22.0,2015.0,"Mar,Jun,Sept,Dec",2015,2,11,7,1,Wednesday
12,3,2015-02-11,6675,961,1,0,0,1,d,c,3000.0,0.0,2008.0,0,0.0,0.0,None,2015,2,11,7,1,Wednesday
13,3,2015-02-11,10244,1162,1,0,0,0,a,a,7500.0,5.0,2005.0,0,0.0,0.0,None,2015,2,11,7,1,Wednesday
14,3,2015-02-11,9620,958,1,1,0,0,a,c,1500.0,5.0,2014.0,1,1.0,2013.0,"Jan,Apr,Jul,Oct",2015,2,11,7,1,Wednesday
15,3,2015-02-11,2470,408,1,0,0,1,d,c,3000.0,11.0,2014.0,1,1.0,2013.0,"Mar,Jun,Sept,Dec",2015,2,11,7,1,Wednesday
16,3,2015-02-11,8420,1058,1,1,0,0,a,a,500.0,11.0,0.0,0,0.0,0.0,None,2015,2,11,7,1,Wednesday
17,3,2015-02-11,4427,423,1,0,0,0,a,c,500.0,7.0,2008.0,0,0.0,0.0,None,2015,2,11,7,1,Wednesday
18,3,2015-02-11,13343,1157,1,1,0,0,d,c,1500.0,5.0,2005.0,1,40.0,2009.0,"Jan,Apr,Jul,Oct",2015,2,11,7,1,Wednesday
19,3,2015-02-11,9345,796,1,1,0,0,d,c,120.0,9.0,2014.0,1,10.0,2013.0,"Jan,Apr,Jul,Oct",2015,2,11,7,1,Wednesday
20,3,2015-02-11,6608,676,1,0,0,0,a,a,500.0,9.0,0.0,1,1.0,2013.0,"Mar,Jun,Sept,Dec",2015,2,11,7,1,Wednesday
21,3,2015-02-11,10054,838,1,0,0,0,a,c,1500.0,0.0,2008.0,0,0.0,0.0,None,2015,2,11,7,1,Wednesday
22,3,2015-02-11,3462,344,1,0,0,0,a,a,500.0,0.0,2010.0,0,0.0,0.0,None,2015,2,11,7,1,Wednesday
23,3,2015-02-11,6018,916,1,1,0,0,d,c,500.0,1.0,2008.0,0,0.0,0.0,None,2015,2,11,7,1,Wednesday
24,3,2015-02-11,8421,1094,1,1,0,0,a,a,1500.0,1.0,2010.0,0,0.0,0.0,None,2015,2,11,7,1,Wednesday
25,3,2015-02-11,3982,305,1,1,0,0,a,c,500.0,1.0,2012.0,0,0.0,0.0,None,2015,2,11,7,1,Wednesday
26,3,2015-02-11,10490,1064,1,0,0,0,d,a,1500.0,3.0,2008.0,0,0.0,0.0,None,2015,2,11,7,1,Wednesday
27,3,2015-02-11,11342,976,1,0,0,0,d,a,15000.0,9.0,2008.0,1,1.0,2009.0,"Mar,Jun,Sept,Dec",2015,2,11,7,1,Wednesday
28,3,2015-02-11,9347,924,1,0,0,0,a,a,1500.0,3.0,2010.0,0,0.0,0.0,None,2015,2,11,7,1,Wednesday
29,3,2015-02-11,8011,1157,1,0,0,0,a,a,1500.0,5.0,0.0,1,10.0,2015.0,"Jan,Apr,Jul,Oct",2015,2,11,7,1,Wednesday
30,3,2015-02-11,5635,804,1,1,0,0,c,c,500.0,11.0,2014.0,1,22.0,2015.0,"Feb,May,Aug,Nov",2015,2,11,7,1,Wednesday
31,3,2015-02-11,6518,1167,1,0,0,0,d,c,500.0,0.0,2014.0,1,31.0,2015.0,"Mar,Jun,Sept,Dec",2015,2,11,7,1,Wednesday
32,3,2015-02-11,3116,448,1,0,0,1,a,a,3000.0,3.0,2010.0,1,1.0,2015.0,"Mar,Jun,Sept,Dec",2015,2,11,7,1,Wednesday
33,3,2015-02-11,4069,522,1,0,0,0,d,c,1500.0,9.0,2008.0,0,0.0,0.0,None,2015,2,11,7,1,Wednesday
34,3,2015-02-11,9265,778,1,0,0,0,d,c,500.0,9.0,2005.0,0,0.0,0.0,None,2015,2,11,7,1,Wednesday
35,3,2015-02-11,7633,696,1,0,0,0,a,c,120.0,5.0,0.0,1,22.0,2015.0,"Mar,Jun,Sept,Dec",2015,2,11,7,1,Wednesday
36,3,2015-02-11,14918,1158,1,1,0,0,d,a,1500.0,3.0,2008.0,1,40.0,2011.0,"Feb,May,Aug,Nov",2015,2,11,7,1,Wednesday
37,3,2015-02-11,4043,304,1,1,0,0,d,a,7500.0,3.0,2008.0,1,40.0,2009.0,"Mar,Jun,Sept,Dec",2015,2,11,7,1,Wednesday
38,3,2015-02-11,11685,1176,1,1,0,0,a,a,3000.0,3.0,2010.0,0,0.0,0.0,None,2015,2,11,7,1,Wednesday
39,3,2015-02-11,7322,768,1,1,0,1,c,a,7500.0,7.0,2014.0,1,14.0,2015.0,"Jan,Apr,Jul,Oct",2015,2,11,7,1,Wednesday
40,3,2015-02-11,6290,1142,1,0,0,0,d,a,1500.0,11.0,2008.0,1,22.0,2013.0,"Jan,Apr,Jul,Oct",2015,2,11,7,1,Wednesday
41,3,2015-02-11,8197,868,1,0,0,0,a,c,500.0,1.0,0.0,0,0.0,0.0,None,2015,2,11,7,1,Wednesday
42,3,2015-02-11,7629,644,1,0,0,0,d,c,120.0,1.0,2014.0,0,0.0,0.0,None,2015,2,11,7,1,Wednesday
43,3,2015-02-11,2696,322,1,0,0,1,a,a,500.0,0.0,0.0,1,31.0,2011.0,"Mar,Jun,Sept,Dec",2015,2,11,7,1,Wednesday
44,3,2015-02-11,9882,1007,1,0,0,0,a,a,1500.0,5.0,2005.0,0,0.0,0.0,None,2015,2,11,7,1,Wednesday
45,3,2015-02-11,4889,499,1,0,0,1,c,a,120.0,9.0,2014.0,1,22.0,2011.0,"Feb,May,Aug,Nov",2015,2,11,7,1,Wednesday
46,3,2015-02-11,9771,927,1,1,0,1,a,c,500.0,1.0,2014.0,0,0.0,0.0,None,2015,2,11,7,1,Wednesday
47,3,2015-02-11,6677,1076,1,0,0,1,c,a,1500.0,0.0,0.0,1,40.0,2013.0,"Jan,Apr,Jul,Oct",2015,2,11,7,1,Wednesday
48,3,2015-02-11,8642,952,1,1,0,1,a,c,500.0,7.0,2010.0,1,22.0,2011.0,"Mar,Jun,Sept,Dec",2015,2,11,7,1,Wednesday
49,3,2015-02-11,3615,502,1,0,0,1,d,a,120.0,1.0,2010.0,1,14.0,2009.0,"Mar,Jun,Sept,Dec",2015,2,11,7,1,Wednesday
50,3,2015-02-11,3863,344,1,0,0,0,a,c,500.0,1.0,2012.0,0,0.0,0.0,None,2015,2,11,7,1,Wednesday
51,3,2015-02-11,2515,336,1,0,0,1,a,c,120.0,1.0,0.0,0,0.0,0.0,None,2015,2,11,7,1,Wednesday
52,3,2015-02-11,10842,1085,1,1,0,1,a,a,120.0,7.0,2012.0,1,31.0,2013.0,"Mar,Jun,Sept,Dec",2015,2,11,7,1,Wednesday
53,3,2015-02-11,10626,1081,1,0,0,0,a,c,1500.0,0.0,0.0,1,14.0,2009.0,"Feb,May,Aug,Nov",2015,2,11,7,1,Wednesday
54,3,2015-02-11,10368,911,1,1,0,0,a,a,1500.0,0.0,0.0,0,0.0,0.0,None,2015,2,11,7,1,Wednesday
55,3,2015-02-11,3848,377,1,1,0,0,d,c,1500.0,1.0,2005.0,1,22.0,2009.0,"Feb,May,Aug,Nov",2015,2,11,7,1,Wednesday
56,3,2015-02-11,7573,873,1,0,0,0,a,a,1500.0,7.0,2010.0,0,0.0,0.0,None,2015,2,11,7,1,Wednesday
57,3,2015-02-11,4729,583,1,0,0,0,a,c,1500.0,0.0,2012.0,1,10.0,2009.0,"Mar,Jun,Sept,Dec",2015,2,11,7,1,Wednesday
58,3,2015-02-11,7023,639,1,0,0,0,d,c,1500.0,0.0,0.0,1,14.0,2009.0,"Mar,Jun,Sept,Dec",2015,2,11,7,1,Wednesday
59,3,2015-02-11,12622,1134,1,1,0,0,d,c,500.0,7.0,2012.0,0,0.0,0.0,None,2015,2,11,7,1,Wednesday
60,3,2015-02-11,6808,672,1,0,0,0,a,a,1500.0,11.0,0.0,1,31.0,2011.0,"Feb,May,Aug,Nov",2015,2,11,7,1,Wednesday
61,3,2015-02-11,7003,547,1,1,0,1,a,c,500.0,5.0,2005.0,1,31.0,2013.0,"Jan,Apr,Jul,Oct",2015,2,11,7,1,Wednesday
62,3,2015-02-11,8567,1116,1,0,0,0,a,a,15000.0,5.0,2005.0,0,0.0,0.0,None,2015,2,11,7,1,Wednesday
63,3,2015-02-11,5617,784,1,1,0,0,c,c,3000.0,5.0,2005.0,0,0.0,0.0,None,2015,2,11,7,1,Wednesday
64,3,2015-02-11,8141,961,1,1,0,0,c,c,1500.0,5.0,0.0,1,1.0,2013.0,"Jan,Apr,Jul,Oct",2015,2,11,7,1,Wednesday
65,3,2015-02-11,4698,406,1,0,0,1,a,c,1500.0,0.0,2014.0,0,0.0,0.0,None,2015,2,11,7,1,Wednesday
66,3,2015-02-11,7139,1023,1,1,0,0,a,a,15000.0,3.0,2010.0,0,0.0,0.0,None,2015,2,11,7,1,Wednesday
67,3,2015-02-11,10247,1165,1,0,0,0,d,c,1500.0,1.0,2012.0,0,0.0,0.0,None,2015,2,11,7,1,Wednesday
68,3,2015-02-11,6804,858,1,1,0,0,c,c,500.0,7.0,0.0,0,0.0,0.0,None,2015,2,11,7,1,Wednesday
69,3,2015-02-11,4286,568,1,0,0,0,d,c,15000.0,1.0,2012.0,1,31.0,2013.0,"Mar,Jun,Sept,Dec",2015,2,11,7,1,Wednesday
70,3,2015-02-11,8848,847,1,0,0,0,a,a,3000.0,5.0,0.0,0,0.0,0.0,None,2015,2,11,7,1,Wednesday
71,3,2015-02-11,6391,950,1,0,0,0,a,c,120.0,1.0,2008.0,1,31.0,2009.0,"Jan,Apr,Jul,Oct",2015,2,11,7,1,Wednesday
72,3,2015-02-11,0,0,0,0,0,0,a,c,7500.0,9.0,2010.0,0,0.0,0.0,None,2015,2,11,7,1,Wednesday
73,3,2015-02-11,5575,1000,1,0,0,0,d,c,500.0,5.0,2008.0,1,40.0,2013.0,"Mar,Jun,Sept,Dec",2015,2,11,7,1,Wednesday
74,3,2015-02-11,6196,1005,1,0,0,0,a,a,500.0,7.0,2012.0,0,0.0,0.0,None,2015,2,11,7,1,Wednesday
75,3,2015-02-11,7418,1122,1,0,0,0,c,c,3000.0,11.0,0.0,1,14.0,2009.0,"Feb,May,Aug,Nov",2015,2,11,7,1,Wednesday
76,3,2015-02-11,6431,682,1,0,0,0,a,a,120.0,0.0,2014.0,0,0.0,0.0,None,2015,2,11,7,1,Wednesday
77,3,2015-02-11,6025,527,1,0,0,0,d,c,1500.0,11.0,2012.0,0,0.0,0.0,None,2015,2,11,7,1,Wednesday
78,3,2015-02-11,8245,987,1,0,0,0,d,c,500.0,3.0,2010.0,0,0.0,0.0,None,2015,2,11,7,1,Wednesday
79,3,2015-02-11,4037,587,1,0,0,1,a,a,500.0,0.0,2012.0,1,14.0,2015.0,"Mar,Jun,Sept,Dec",2015,2,11,7,1,Wednesday
80,3,2015-02-11,11405,1105,1,0,0,1,a,a,15000.0,9.0,2010.0,0,0.0,0.0,None,2015,2,11,7,1,Wednesday
81,3,2015-02-11,2890,335,1,0,0,0,a,a,1500.0,1.0,2010.0,1,22.0,2009.0,"Jan,Apr,Jul,Oct",2015,2,11,7,1,Wednesday
82,3,2015-02-11,2992,345,1,0,0,0,a,a,1500.0,0.0,0.0,0,0.0,0.0,None,2015,2,11,7,1,Wednesday
83,3,2015-02-11,3398,302,1,1,0,0,a,c,500.0,7.0,2014.0,0,0.0,0.0,None,2015,2,11,7,1,Wednesday
84,3,2015-02-11,7958,776,1,0,0,0,d,a,1500.0,0.0,2005.0,0,0.0,0.0,None,2015,2,11,7,1,Wednesday
85,3,2015-02-11,5803,536,1,1,0,1,d,c,120.0,0.0,2014.0,1,1.0,2013.0,"Jan,Apr,Jul,Oct",2015,2,11,7,1,Wednesday
86,3,2015-02-11,5865,1023,1,0,0,1,d,a,3000.0,0.0,2012.0,0,0.0,0.0,None,2015,2,11,7,1,Wednesday
87,3,2015-02-11,5854,892,1,0,0,0,a,a,1500.0,0.0,0.0,0,0.0,0.0,None,2015,2,11,7,1,Wednesday
88,3,2015-02-11,11195,1143,1,0,0,1,d,c,3000.0,3.0,2012.0,1,31.0,2009.0,"Feb,May,Aug,Nov",2015,2,11,7,1,Wednesday
89,3,2015-02-11,7497,897,1,0,0,1,d,a,1500.0,9.0,0.0,1,31.0,2015.0,"Feb,May,Aug,Nov",2015,2,11,7,1,Wednesday
90,3,2015-02-11,2547,418,1,0,0,0,d,c,1500.0,0.0,0.0,0,0.0,0.0,None,2015,2,11,7,1,Wednesday
91,3,2015-02-11,7434,786,1,1,0,0,a,c,1500.0,3.0,2008.0,0,0.0,0.0,None,2015,2,11,7,1,Wednesday
92,3,2015-02-11,7027,794,1,0,0,0,d,c,120.0,3.0,0.0,1,31.0,2009.0,"Feb,May,Aug,Nov",2015,2,11,7,1,Wednesday
93,3,2015-02-11,5878,818,1,0,0,0,d,a,120.0,5.0,2005.0,0,0.0,0.0,None,2015,2,11,7,1,Wednesday
94,3,2015-02-11,6510,647,1,0,0,0,c,a,500.0,11.0,2005.0,0,0.0,0.0,None,2015,2,11,7,1,Wednesday
95,3,2015-02-11,4886,660,1,1,0,0,a,c,500.0,11.0,2005.0,1,31.0,2009.0,"Feb,May,Aug,Nov",2015,2,11,7,1,Wednesday
96,3,2015-02-11,12654,995,1,1,0,1,d,c,500.0,7.0,2005.0,1,10.0,2009.0,"Feb,May,Aug,Nov",2015,2,11,7,1,Wednesday
97,3,2015-02-11,11399,992,1,0,0,0,c,a,120.0,0.0,2008.0,0,0.0,0.0,None,2015,2,11,7,1,Wednesday
98,3,2015-02-11,7297,1086,1,1,0,0,c,a,500.0,3.0,2008.0,1,10.0,2009.0,"Feb,May,Aug,Nov",2015,2,11,7,1,Wednesday
99,3,2015-02-11,5413,617,1,0,0,0,a,c,500.0,1.0,2012.0,0,0.0,0.0,None,2015,2,11,7,1,Wednesday
100,3,2015-02-11,8468,860,1,1,0,0,b,c,500.0,9.0,2005.0,0,0.0,0.0,None,2015,2,11,7,1,Wednesday
1,4,2015-02-12,5518,688,1,0,0,0,a,c,3000.0,7.0,2012.0,0,0.0,0.0,None,2015,2,12,7,1,Thursday
2,4,2015-02-12,6423,1031,1,1,0,0,a,a,7500.0,5.0,2008.0,0,0.0,0.0,None,2015,2,12,7,1,Thursday
3,4,2015-02-12,5815,558,1,0,0,0,d,c,500.0,5.0,2012.0,1,10.0,2011.0,"Jan,Apr,Jul,Oct",2015,2,12,7,1,Thursday
4,4,2015-02-12,7008,591,1,1,0,0,a,a,1500.0,1.0,2010.0,1,40.0,2011.0,"Mar,Jun,Sept,Dec",2015,2,12,7,1,Thursday
5,4,2015-02-12,4170,340,1,1,0,0,c,a,15000.0,0.0,2008.0,1,31.0,2009.0,"Mar,Jun,Sept,Dec",2015,2,12,7,1,Thursday
6,4,2015-02-12,7355,654,1,0,0,0,a,c,1500.0,1.0,0.0,0,0.0,0.0,None,2015,2,12,7,1,Thursday
7,4,2015-02-12,5798,444,1,1,0,0,a,a,1500.0,5.0,2012.0,1,14.0,2011.0,"Jan,Apr,Jul,Oct",2015,2,12,7,1,Thursday
8,4,2015-02-12,7487,918,1,1,0,1,a,c,500.0,9.0,2014.0,1,40.0,2009.0,"Mar,Jun,Sept,Dec",2015,2,12,7,1,Thursday
9,4,2015-02-12,10746,991,1,0,0,1,d,a,500.0,5.0,2014.0,1,40.0,2013.0,"Jan,Apr,Jul,Oct",2015,2,12,7,1,Thursday
10,4,2015-02-12,5833,518,1,0,0,0,d,c,3000.0,11.0,2012.0,1,1.0,2015.0,"Jan,Apr,Jul,Oct",2015,2,12,7,1,Thursday
11,4,2015-02-12,10254,1165,1,1,0,0,a,c,120.0,11.0,0.0,1,22.0,2015.0,"Mar,Jun,Sept,Dec",2015,2,12,7,1,Thursday
12,4,2015-02-12,5653,905,1,0,0,0,d,c,3000.0,0.0,2008.0,0,0.0,0.0,None,2015,2,12,7,1,Thursday
13,4,2015-02-12,7481,631,1,0,0,0,a,a,7500.0,5.0,2005.0,0,0.0,0.0,None,2015,2,12,7,1,Thursday
14,4,2015-02-12,2351,329,1,0,0,0,a,c,1500.0,5.0,2014.0,1,1.0,2013.0,"Jan,Apr,Jul,Oct",2015,2,12,7,1,Thursday
15,4,2015-02-12,8704,805,1,1,0,0,d,c,3000.0,11.0,2014.0,1,1.0,2013.0,"Mar,Jun,Sept,Dec",2015,2,12,7,1,Thursday
16,4,2015-02-12,7403,993,1,1,0,1,a,a,500.0,11.0,0.0,0,0.0,0.0,None,2015,2,12,7,1,Thursday
17,4,2015-02-12,12398,1051,1,0,0,1,a,c,500.0,7.0,2008.0,0,0.0,0.0,None,2015,2,12,7,1,Thursday
18,4,2015-02-12,4411,392,1,1,0,0,d,c,1500.0,5.0,2005.0,1,40.0,2009.0,"Jan,Apr,Jul,Oct",2015,2,12,7,1,Thursday
19,4,2015-02-12,4141,367,1,1,0,0,d,c,120.0,9.0,2014.0,1,10.0,2013.0,"Jan,Apr,Jul,Oct",2015,2,12,7,1,Thursday
20,4,2015-02-12,7015,812,1,1,0,0,a,a,500.0,9.0,0.0,1,1.0,2013.0,"Mar,Jun,Sept,Dec",2015,2,12,7,1,Thursday
21,4,2015-02-12,6513,555,1,1,0,0,a,c,1500.0,0.0,2008.0,0,0.0,0.0,None,2015,2,12,7,1,Thursday
22,4,2015-02-12,3648,349,1,0,0,0,a,a,500.0,0.0,2010.0,0,0.0,0.0,None,2015,2,12,7,1,Thursday
23,4,2015-02-12,4581,307,1,1,0,0,d,c,500.0,1.0,2008.0,0,0.0,0.0,None,2015,2,12,7,1,Thursday
24,4,2015-02-12,7597,1161,1,0,0,0,a,a,1500.0,1.0,2010.0,0,0.0,0.0,None,2015,2,12,7,1,Thursday
25,4,2015-02-12,11484,1120,1,1,0,0,a,c,500.0,1.0,2012.0,0,0.0,0.0,None,2015,2,12,7,1,Thursday
26,4,2015-02-12,5701,522,1,1,0,0,d,a,1500.0,3.0,2008.0,0,0.0,0.0,None,2015,2,12,7,1,Thursday
27,4,2015-02-12,6553,973,1,0,0,0,d,a,15000.0,9.0,2008.0,1,1.0,2009.0,"Mar,Jun,Sept,Dec",2015,2,12,7,1,Thursday
28,4,2015-02-12,8978,846,1,1,0,1,a,a,1500.0,3.0,2010.0,0,0.0,0.0,None,2015,2,12,7,1,Thursday
29,4,2015-02-12,5851,514,1,0,0,0,a,a,1500.0,5.0,0.0,1,10.0,2015.0,"Jan,Apr,Jul,Oct",2015,2,12,7,1,Thursday
30,4,2015-02-12,6756,560,1,1,0,0,c,c,500.0,11.0,2014.0,1,22.0,2015.0,"Feb,May,Aug,Nov",2015,2,12,7,1,Thursday
31,4,2015-02-12,4062,465,1,0,0,0,d,c,500.0,0.0,2014.0,1,31.0,2015.0,"Mar,Jun,Sept,Dec",2015,2,12,7,1,Thursday
32,4,2015-02-12,10783,1165,1,0,0,0,a,a,3000.0,3.0,2010.0,1,1.0,2015.0,"Mar,Jun,Sept,Dec",2015,2,12,7,1,Thursday
33,4,2015-02-12,9863,765,1,1,0,0,d,c,1500.0,9.0,2008.0,0,0.0,0.0,None,2015,2,12,7,1,Thursday
34,4,2015-02-12,5179,490,1,0,0,1,d,c,500.0,9.0,2005.0,0,0.0,0.0,None,2015,2,12,7,1,Thursday
35,4,2015-02-12,5903,492,1,0,0,0,a,c,120.0,5.0,0.0,1,22.0,2015.0,"Mar,Jun,Sept,Dec",2015,2,12,7,1,Thursday
36,4,2015-02-12,3849,357,1,0,0,0,d,a,1500.0,3.0,2008.0,1,40.0,2011.0,"Feb,May,Aug,Nov",2015,2,12,7,1,Thursday
37,4,2015-02-12,10513,1058,1,0,0,1,d,a,7500.0,3.0,2008.0,1,40.0,2009.0,"Mar,Jun,Sept,Dec",2015,2,12,7,1,Thursday
38,4,2015-02-12,4565,524,1,0,0,0,a,a,3000.0,3.0,2010.0,0,0.0,0.0,None,2015,2,12,7,1,Thursday
39,4,2015-02-12,4092,507,1,0,0,0,c,a,7500.0,7.0,2014.0,1,14.0,2015.0,"Jan,Apr,Jul,Oct",2015,2,12,7,1,Thursday
40,4,2015-02-12,10184,829,1,1,0,0,d,a,1500.0,11.0,2008.0,1,22.0,2013.0,"Jan,Apr,Jul,Oct",2015,2,12,7,1,Thursday
41,4,2015-02-12,3887,609,1,1,0,0,a,c,500.0,1.0,0.0,0,0.0,0.0,None,2015,2,12,7,1,Thursday
42,4,2015-02-12,6606,591,1,1,0,0,d,c,120.0,1.0,2014.0,0,0.0,0.0,None,2015,2,12,7,1,Thursday
43,4,2015-02-12,9810,904,1,1,0,0,a,a,500.0,0.0,0.0,1,31.0,2011.0,"Mar,Jun,Sept,Dec",2015,2,12,7,1,Thursday
44,4,2015-02-12,7232,901,1,0,0,0,a,a,1500.0,5.0,2005.0,0,0.0,0.0,None,2015,2,12,7,1,Thursday
45,4,2015-02-12,8578,1088,1,1,0,0,c,a,120.0,9.0,2014.0,1,22.0,2011.0,"Feb,May,Aug,Nov",2015,2,12,7,1,Thursday
46,4,2015-02-12,8330,927,1,0,0,0,a,c,500.0,1.0,2014.0,0,0.0,0.0,None,2015,2,12,7,1,Thursday
47,4,2015-02-12,0,0,0,1,0,0,c,a,1500.0,0.0,0.0,1,40.0,2013.0,"Jan,Apr,Jul,Oct",2015,2,12,7,1,Thursday
48,4,2015-02-12,11168,1153,1,0,0,0,a,c,500.0,7.0,2010.0,1,22.0,2011.0,"Mar,Jun,Sept,Dec",2015,2,12,7,1,Thursday
49,4,2015-02-12,5904,747,1,1,0,0,d,a,120.0,1.0,2010.0,1,14.0,2009.0,"Mar,Jun,Sept,Dec",2015,2,12,7,1,Thursday
50,4,2015-02-12,2628,410,1,0,0,0,a,c,500.0,1.0,2012.0,0,0.0,0.0,None,2015,2,12,7,1,Thursday
51,4,2015-02-12,6100,538,1,0,0,0,a,c,120.0,1.0,0.0,0,0.0,0.0,None,2015,2,12,7,1,Thursday
52,4,2015-02-12,6091,682,1,1,0,1,a,a,120.0,7.0,2012.0,1,31.0,2013.0,"Mar,Jun,Sept,Dec",2015,2,12,7,1,Thursday
53,4,2015-02-12,7089,1197,1,0,0,0,a,c,1500.0,0.0,0.0,1,14.0,2009.0,"Feb,May,Aug,Nov",2015,2,12,7,1,Thursday
54,4,2015-02-12,10004,1007,1,0,0,1,a,a,1500.0,0.0,0.0,0,0.0,0.0,None,2015,2,12,7,1,Thursday
55,4,2015-02-12,10168,1148,1,1,0,0,d,c,1500.0,1.0,2005.0,1,22.0,2009.0,"Feb,May,Aug,Nov",2015,2,12,7,1,Thursday
56,4,2015-02-12,3430,326,1,1,0,0,a,a,1500.0,7.0,2010.0,0,0.0,0.0,None,2015,2,12,7,1,Thursday
57,4,2015-02-12,4010,431,1,0,0,0,a,c,1500.0,0.0,2012.0,1,10.0,2009.0,"Mar,Jun,Sept,Dec",2015,2,12,7,1,Thursday
58,4,2015-02-12,6783,559,1,1,0,0,d,c,1500.0,0.0,0.0,1,14.0,2009.0,"Mar,Jun,Sept,Dec",2015,2,12,7,1,Thursday
59,4,2015-02-12,5769,379,1,1,0,1,d,c,500.0,7.0,2012.0,0,0.0,0.0,None,2015,2,12,7,1,Thursday
60,4,2015-02-12,4258,464,1,0,0,0,a,a,1500.0,11.0,0.0,1,31.0,2011.0,"Feb,May,Aug,Nov",2015,2,12,7,1,Thursday
61,4,2015-02-12,5598,702,1,1,0,0,a,c,500.0,5.0,2005.0,1,31.0,2013.0,"Jan,Apr,Jul,Oct",2015,2,12,7,1,Thursday
62,4,2015-02-12,12875,984,1,1,0,1,a,a,15000.0,5.0,2005.0,0,0.0,0.0,None,2015,2,12,7,1,Thursday
63,4,2015-02-12,11353,1126,1,0,0,0,c,c,3000.0,5.0,2005.0,0,0.0,0.0,None,2015,2,12,7,1,Thursday
64,4,2015-02-12,6798,764,1,1,0,0,c,c,1500.0,5.0,0.0,1,1.0,2013.0,"Jan,Apr,Jul,Oct",2015,2,12,7,1,Thursday
65,4,2015-02-12,2660,371,1,1,0,1,a,c,1500.0,0.0,2014.0,0,0.0,0.0,None,2015,2,12,7,1,Thursday
66,4,2015-02-12,6913,1103,1,0,0,0,a,a,15000.0,3.0,2010.0,0,0.0,0.0,None,2015,2,12,7,1,Thursday
67,4,2015-02-12,10785,1147,1,1,0,0,d,c,1500.0,1.0,2012.0,0,0.0,0.0,None,2015,2,12,7,1,Thursday
68,4,2015-02-12,13169,1079,1,1,0,0,c,c,500.0,7.0,0.0,0,0.0,0.0,None,2015,2,12,7,1,Thursday
69,4,2015-02-12,6353,425,1,1,0,0,d,c,15000.0,1.0,2012.0,1,31.0,2013.0,"Mar,Jun,Sept,Dec",2015,2,12,7,1,Thursday
70,4,2015-02-12,4762,391,1,1,0,1,a,a,3000.0,5.0,0.0,0,0.0,0.0,None,2015,2,12,7,1,Thursday
71,4,2015-02-12,4361,315,1,1,0,0,a,c,120.0,1.0,2008.0,1,31.0,2009.0,"Jan,Apr,Jul,Oct",2015,2,12,7,1,Thursday
72,4,2015-02-12,12916,1191,1,1,0,1,a,c,7500.0,9.0,2010.0,0,0.0,0.0,None,2015,2,12,7,1,Thursday
73,4,2015-02-12,6781,799,1,0,0,1,d,c,500.0,5.0,2008.0,1,40.0,2013.0,"Mar,Jun,Sept,Dec",2015,2,12,7,1,Thursday
74,4,2015-02-12,13201,1103,1,0,0,1,a,a,500.0,7.0,2012.0,0,0.0,0.0,None,2015,2,12,7,1,Thursday
75,4,2015-02-12,4212,557,1,0,0,0,c,c,3000.0,11.0,0.0,1,14.0,2009.0,"Feb,May,Aug,Nov",2015,2,12,7,1,Thursday
76,4,2015-02-12,4614,769,1,0,0,0,a,a,120.0,0.0,2014.0,0,0.0,0.0,None,2015,2,12,7,1,Thursday
77,4,2015-02-12,6156,605,1,0,0,1,d,c,1500.0,11.0,2012.0,0,0.0,0.0,None,2015,2,12,7,1,Thursday
78,4,2015-02-12,8721,1173,1,0,0,1,d,c,500.0,3.0,2010.0,0,0.0,0.0,None,2015,2,12,7,1,Thursday
79,4,2015-02-12,2829,318,1,0,0,0,a,a,500.0,0.0,2012.0,1,14.0,2015.0,"Mar,Jun,Sept,Dec",2015,2,12,7,1,Thursday
80,4,2015-02-12,10565,861,1,1,0,1,a,a,15000.0,9.0,2010.0,0,0.0,0.0,None,2015,2,12,7,1,Thursday
81,4,2015-02-12,6232,716,1,0,0,0,a,a,1500.0,1.0,2010.0,1,22.0,2009.0,"Jan,Apr,Jul,Oct",2015,2,12,7,1,Thursday
82,4,2015-02-12,12728,1115,1,1,0,0,a,a,1500.0,0.0,0.0,0,0.0,0.0,None,2015,2,12,7,1,Thursday
83,4,2015-02-12,6410,539,1,1,0,1,a,c,500.0,7.0,2014.0,0,0.0,0.0,None,2015,2,12,7,1,Thursday
84,4,2015-02-12,9604,1025,1,0,0,0,d,a,1500.0,0.0,2005.0,0,0.0,0.0,None,2015,2,12,7,1,Thursday
85,4,2015-02-12,10999,943,1,1,0,0,d,c,120.0,0.0,2014.0,1,1.0,2013.0,"Jan,Apr,Jul,Oct",2015,2,12,7,1,Thursday
86,4,2015-02-12,6820,565,1,1,0,0,d,a,3000.0,0.0,2012.0,0,0.0,0.0,None,2015,2,12,7,1,Thursday
87,4,2015-02-12,7307,871,1,0,0,0,a,a,1500.0,0.0,0.0,0,0.0,0.0,None,2015,2,12,7,1,Thursday
88,4,2015-02-12,5790,641,1,1,0,0,d,c,3000.0,3.0,2012.0,1,31.0,2009.0,"Feb,May,Aug,Nov",2015,2,12,7,1,Thursday
89,4,2015-02-12,11941,1082,1,1,0,1,d,a,1500.0,9.0,0.0,1,31.0,2015.0,"Feb,May,Aug,Nov",2015,2,12,7,1,Thursday
90,4,2015-02-12,7554,565,1,1,0,1,d,c,1500.0,0.0,0.0,0,0.0,0.0,None,2015,2,12,7,1,Thursday
91,4,2015-02-12,9164,654,1,1,0,0,a,c,1500.0,3.0,2008.0,0,0.0,0.0,None,2015,2,12,7,1,Thursday
92,4,2015-02-12,5473,495,1,0,0,0,d,c,120.0,3.0,0.0,1,31.0,2009.0,"Feb,May,Aug,Nov",2015,2,12,7,1,Thursday
93,4,2015-02-12,4768,722,1,1,0,1,d,a,120.0,5.0,2005.0,0,0.0,0.0,None,2015,2,12,7,1,Thursday
94,4,2015-02-12,4918,584,1,0,0,0,c,a,500.0,11.0,2005.0,0,0.0,0.0,None,2015,2,12,7,1,Thursday
95,4,2015-02-12,7559,667,1,0,0,1,a,c,500.0,11.0,2005.0,1,31.0,2009.0,"Feb,May,Aug,Nov",2015,2,12,7,1,Thursday
96,4,2015-02-12,6227,565,1,0,0,1,d,c,500.0,7.0,2005.0,1,10.0,2009.0,"Feb,May,Aug,Nov",2015,2,12,7,1,Thursday
97,4,2015-02-12,5043,431,1,0,0,0,c,a,120.0,0.0,2008.0,0,0.0,0.0,None,2015,2,12,7,1,Thursday
98,4,2015-02-12,6500,557,1,0,0,0,c,a,500.0,3.0,2008.0,1,10.0,2009.0,"Feb,May,Aug,Nov",2015,2,12,7,1,Thursday
99,4,2015-02-12,8654,791,1,0,0,0,a,c,500.0,1.0,2012.0,0,0.0,0.0,None,2015,2,12,7,1,Thursday
100,4,2015-02-12,6286,869,1,1,0,0,b,c,500.0,9.0,2005.0,0,0.0,0.0,None,2015,2,12,7,1,Thursday
1,5,2015-02-13,0,0,0,1,0,1,a,c,3000.0,7.0,2012.0,0,0.0,0.0,None,2015,2,13,7,1,Friday
2,5,2015-02-13,10098,884,1,1,0,0,a,a,7500.0,5.0,2008.0,0,0.0,0.0,None,2015,2,13,7,1,Friday
3,5,2015-02-13,7730,698,1,0,0,0,d,c,500.0,5.0,2012.0,1,10.0,2011.0,"Jan,Apr,Jul,Oct",2015,2,13,7,1,Friday
4,5,2015-02-13,11082,810,1,1,0,0,a,a,1500.0,1.0,2010.0,1,40.0,2011.0,"Mar,Jun,Sept,Dec",2015,2,13,7,1,Friday
5,5,2015-02-13,5937,892,1,1,0,0,c,a,15000.0,0.0,2008.0,1,31.0,2009.0,"Mar,Jun,Sept,Dec",2015,2,13,7,1,Friday
6,5,2015-02-13,14189,1188,1,0,0,0,a,c,1500.0,1.0,0.0,0,0.0,0.0,None,2015,2,13,7,1,Friday
7,5,2015-02-13,6773,497,1,1,0,0,a,a,1500.0,5.0,2012.0,1,14.0,2011.0,"Jan,Apr,Jul,Oct",2015,2,13,7,1,Friday
8,5,2015-02-13,5352,817,1,0,0,0,a,c,500.0,9.0,2014.0,1,40.0,2009.0,"Mar,Jun,Sept,Dec",2015,2,13,7,1,Friday
9,5,2015-02-13,6707,543,1,1,0,0,d,a,500.0,5.0,2014.0,1,40.0,2013.0,"Jan,Apr,Jul,Oct",2015,2,13,7,1,Friday
10,5,2015-02-13,10930,969,1,1,0,0,d,c,3000.0,11.0,2012.0,1,1.0,2015.0,"Jan,Apr,Jul,Oct",2015,2,13,7,1,Friday
11,5,2015-02-13,5138,444,1,1,0,0,a,c,120.0,11.0,0.0,1,22.0,2015.0,"Mar,Jun,Sept,Dec",2015,2,13,7,1,Friday
12,5,2015-02-13,12471,972,1,1,0,0,d,c,3000.0,0.0,2008.0,0,0.0,0.0,None,2015,2,13,7,1,Friday
13,5,2015-02-13,2506,383,1,0,0,1,a,a,7500.0,5.0,2005.0,0,0.0,0.0,None,2015,2,13,7,1,Friday
14,5,2015-02-13,8177,1180,1,0,0,0,a,c,1500.0,5.0,2014.0,1,1.0,2013.0,"Jan,Apr,Jul,Oct",2015,2,13,7,1,Friday
15,5,2015-02-13,10870,913,1,0,0,0,d,c,3000.0,11.0,2014.0,1,1.0,2013.0,"Mar,Jun,Sept,Dec",2015,2,13,7,1,Friday
16,5,2015-02-13,7802,793,1,1,0,0,a,a,500.0,11.0,0.0,0,0.0,0.0,None,2015,2,13,7,1,Friday
17,5,2015-02-13,4018,384,1,1,0,0,a,c,500.0,7.0,2008.0,0,0.0,0.0,None,2015,2,13,7,1,Friday
18,5,2015-02-13,9145,979,1,0,0,0,d,c,1500.0,5.0,2005.0,1,40.0,2009.0,"Jan,Apr,Jul,Oct",2015,2,13,7,1,Friday
19,5,2015-02-13,9844,1020,1,0,0,1,d,c,120.0,9.0,2014.0,1,10.0,2013.0,"Jan,Apr,Jul,Oct",2015,2,13,7,1,Friday
20,5,2015-02-13,4885,371,1,1,0,0,a,a,500.0,9.0,0.0,1,1.0,2013.0,"Mar,Jun,Sept,Dec",2015,2,13,7,1,Friday
21,5,2015-02-13,5677,611,1,0,0,0,a,c,1500.0,0.0,2008.0,0,0.0,0.0,None,2015,2,13,7,1,Friday
22,5,2015-02-13,3228,538,1,0,0,1,a,a,500.0,0.0,2010.0,0,0.0,0.0,None,2015,2,13,7,1,Friday
23,5,2015-02-13,11465,1012,1,0,0,0,d,c,500.0,1.0,2008.0,0,0.0,0.0,None,2015,2,13,7,1,Friday
24,5,2015-02-13,7726,754,1,0,0,0,a,a,1500.0,1.0,2010.0,0,0.0,0.0,None,2015,2,13,7,1,Friday
25,5,2015-02-13,8542,804,1,0,0,1,a,c,500.0,1.0,2012.0,0,0.0,0.0,None,2015,2,13,7,1,Friday
26,5,2015-02-13,2852,335,1,0,0,0,d,a,1500.0,3.0,2008.0,0,0.0,0.0,None,2015,2,13,7,1,Friday
27,5,2015-02-13,6811,656,1,0,0,0,d,a,15000.0,9.0,2008.0,1,1.0,2009.0,"Mar,Jun,Sept,Dec",2015,2,13,7,1,Friday
28,5,2015-02-13,6205,1122,1,0,0,0,a,a,1500.0,3.0,2010.0,0,0.0,0.0,None,2015,2,13,7,1,Friday
29,5,2015-02-13,5802,672,1,1,0,0,a,a,1500.0,5.0,0.0,1,10.0,2015.0,"Jan,Apr,Jul,Oct",2015,2,13,7,1,Friday
30,5,2015-02-13,5625,452,1,1,0,0,c,c,500.0,11.0,2014.0,1,22.0,2015.0,"Feb,May,Aug,Nov",2015,2,13,7,1,Friday
31,5,2015-02-13,0,0,0,0,0,0,d,c,500.0,0.0,2014.0,1,31.0,2015.0,"Mar,Jun,Sept,Dec",2015,2,13,7,1,Friday
32,5,2015-02-13,6623,946,1,0,0,0,a,a,3000.0,3.0,2010.0,1,1.0,2015.0,"Mar,Jun,Sept,Dec",2015,2,13,7,1,Friday
33,5,2015-02-13,3698,393,1,1,0,0,d,c,1500.0,9.0,2008.0,0,0.0,0.0,None,2015,2,13,7,1,Friday
34,5,2015-02-13,3462,523,1,0,0,0,d,c,500.0,9.0,2005.0,0,0.0,0.0,None,2015,2,13,7,1,Friday
35,5,2015-02-13,7035,621,1,0,0,0,a,c,120.0,5.0,0.0,1,22.0,2015.0,"Mar,Jun,Sept,Dec",2015,2,13,7,1,Friday
36,5,2015-02-13,2781,311,1,0,0,0,d,a,1500.0,3.0,2008.0,1,40.0,2011.0,"Feb,May,Aug,Nov",2015,2,13,7,1,Friday
37,5,2015-02-13,11405,1044,1,0,0,0,d,a,7500.0,3.0,2008.0,1,40.0,2009.0,"Mar,Jun,Sept,Dec",2015,2,13,7,1,Friday
38,5,2015-02-13,4535,460,1,1,0,1,a,a,3000.0,3.0,2010.0,0,0.0,0.0,None,2015,2,13,7,1,Friday
39,5,2015-02-13,2611,460,1,0,0,0,c,a,7500.0,7.0,2014.0,1,14.0,2015.0,"Jan,Apr,Jul,Oct",2015,2,13,7,1,Friday
40,5,2015-02-13,2433,371,1,0,0,1,d,a,1500.0,11.0,2008.0,1,22.0,2013.0,"Jan,Apr,Jul,Oct",2015,2,13,7,1,Friday
41,5,2015-02-13,3690,415,1,0,0,0,a,c,500.0,1.0,0.0,0,0.0,0.0,None,2015,2,13,7,1,Friday
42,5,2015-02-13,3519,421,1,0,0,1,d,c,120.0,1.0,2014.0,0,0.0,0.0,None,2015,2,13,7,1,Friday
43,5,2015-02-13,3917,352,1,0,0,0,a,a,500.0,0.0,0.0,1,31.0,2011.0,"Mar,Jun,Sept,Dec",2015,2,13,7,1,Friday
44,5,2015-02-13,4546,478,1,0,0,0,a,a,1500.0,5.0,2005.0,0,0.0,0.0,None,2015,2,13,7,1,Friday
45,5,2015-02-13,5571,760,1,0,0,1,c,a,120.0,9.0,2014.0,1,22.0,2011.0,"Feb,May,Aug,Nov",2015,2,13,7,1,Friday
46,5,2015-02-13,4876,854,1,0,0,1,a,c,500.0,1.0,2014.0,0,0.0,0.0,None,2015,2,13,7,1,Friday
47,5,2015-02-13,9251,786,1,0,0,0,c,a,1500.0,0.0,0.0,1,40.0,2013.0,"Jan,Apr,Jul,Oct",2015,2,13,7,1,Friday
48,5,2015-02-13,8019,669,1,0,0,0,a,c,500.0,7.0,2010.0,1,22.0,2011.0,"Mar,Jun,Sept,Dec",2015,2,13,7,1,Friday
49,5,2015-02-13,10225,1159,1,0,0,0,d,a,120.0,1.0,2010.0,1,14.0,2009.0,"Mar,Jun,Sept,Dec",2015,2,13,7,1,Friday
50,5,2015-02-13,9025,1196,1,0,0,0,a,c,500.0,1.0,2012.0,0,0.0,0.0,None,2015,2,13,7,1,Friday
51,5,2015-02-13,6964,713,1,0,0,0,a,c,120.0,1.0,0.0,0,0.0,0.0,None,2015,2,13,7,1,Friday
52,5,2015-02-13,6642,849,1,0,0,0,a,a,120.0,7.0,2012.0,1,31.0,2013.0,"Mar,Jun,Sept,Dec",2015,2,13,7,1,Friday
53,5,2015-02-13,7355,1172,1,0,0,0,a,c,1500.0,0.0,0.0,1,14.0,2009.0,"Feb,May,Aug,Nov",2015,2,13,7,1,Friday
54,5,2015-02-13,4018,562,1,1,0,0,a,a,1500.0,0.0,0.0,0,0.0,0.0,None,2015,2,13,7,1,Friday
55,5,2015-02-13,13457,1189,1,0,0,0,d,c,1500.0,1.0,2005.0,1,22.0,2009.0,"Feb,May,Aug,Nov",2015,2,13,7,1,Friday
56,5,2015-02-13,6890,543,1,1,0,0,a,a,1500.0,7.0,2010.0,0,0.0,0.0,None,2015,2,13,7,1,Friday
57,5,2015-02-13,6722,582,1,1,0,0,a,c,1500.0,0.0,2012.0,1,10.0,2009.0,"Mar,Jun,Sept,Dec",2015,2,13,7,1,Friday
58,5,2015-02-13,8052,827,1,1,0,0,d,c,1500.0,0.0,0.0,1,14.0,2009.0,"Mar,Jun,Sept,Dec",2015,2,13,7,1,Friday
59,5,2015-02-13,7983,693,1,0,0,0,d,c,500.0,7.0,2012.0,0,0.0,0.0,None,2015,2,13,7,1,Friday
60,5,2015-02-13,6967,1029,1,0,0,0,a,a,1500.0,11.0,0.0,1,31.0,2011.0,"Feb,May,Aug,Nov",2015,2,13,7,1,Friday
61,5,2015-02-13,7710,822,1,0,0,0,a,c,500.0,5.0,2005.0,1,31.0,2013.0,"Jan,Apr,Jul,Oct",2015,2,13,7,1,Friday
62,5,2015-02-13,11240,1169,1,1,0,0,a,a,15000.0,5.0,2005.0,0,0.0,0.0,None,2015,2,13,7,1,Friday
63,5,2015-02-13,6006,621,1,1,0,1,c,c,3000.0,5.0,2005.0,0,0.0,0.0,None,2015,2,13,7,1,Friday
64,5,2015-02-13,10625,862,1,1,0,0,c,c,1500.0,5.0,0.0,1,1.0,2013.0,"Jan,Apr,Jul,Oct",2015,2,13,7,1,Friday
65,5,2015-02-13,10364,1032,1,1,0,1,a,c,1500.0,0.0,2014.0,0,0.0,0.0,None,2015,2,13,7,1,Friday
66,5,2015-02-13,5613,831,1,0,0,0,a,a,15000.0,3.0,2010.0,0,0.0,0.0,None,2015,2,13,7,1,Friday
67,5,2015-02-13,10305,1013,1,0,0,0,d,c,1500.0,1.0,2012.0,0,0.0,0.0,None,2015,2,13,7,1,Friday
68,5,2015-02-13,3875,377,1,0,0,1,c,c,500.0,7.0,0.0,0,0.0,0.0,None,2015,2,13,7,1,Friday
69,5,2015-02-13,8310,800,1,0,0,0,d,c,15000.0,1.0,2012.0,1,31.0,2013.0,"Mar,Jun,Sept,Dec",2015,2,13,7,1,Friday
70,5,2015-02-13,5661,660,1,0,0,0,a,a,3000.0,5.0,0.0,0,0.0,0.0,None,2015,2,13,7,1,Friday
71,5,2015-02-13,6487,950,1,0,0,0,a,c,120.0,1.0,2008.0,1,31.0,2009.0,"Jan,Apr,Jul,Oct",2015,2,13,7,1,Friday
72,5,2015-02-13,4468,448,1,1,0,0,a,c,7500.0,9.0,2010.0,0,0.0,0.0,None,2015,2,13,7,1,Friday
73,5,2015-02-13,0,0,0,0,0,0,d,c,500.0,5.0,2008.0,1,40.0,2013.0,"Mar,Jun,Sept,Dec",2015,2,13,7,1,Friday
74,5,2015-02-13,4437,561,1,0,0,0,a,a,500.0,7.0,2012.0,0,0.0,0.0,None,2015,2,13,7,1,Friday
75,5,2015-02-13,5981,560,1,0,0,1,c,c,3000.0,11.0,0.0,1,14.0,2009.0,"Feb,May,Aug,Nov",2015,2,13,7,1,Friday
76,5,2015-02-13,9308,865,1,0,0,1,a,a,120.0,0.0,2014.0,0,0.0,0.0,None,2015,2,13,7,1,Friday
77,5,2015-02-13,8974,901,1,0,0,0,d,c,1500.0,11.0,2012.0,0,0.0,0.0,None,2015,2,13,7,1,Friday
78,5,2015-02-13,7004,726,1,1,0,1,d,c,500.0,3.0,2010.0,0,0.0,0.0,None,2015,2,13,7,1,Friday
79,5,2015-02-13,9478,1165,1,0,0,0,a,a,500.0,0.0,2012.0,1,14.0,2015.0,"Mar,Jun,Sept,Dec",2015,2,13,7,1,Friday
80,5,2015-02-13,2877,333,1,0,0,0,a,a,15000.0,9.0,2010.0,0,0.0,0.0,None,2015,2,13,7,1,Friday
81,5,2015-02-13,12441,1183,1,1,0,0,a,a,1500.0,1.0,2010.0,1,22.0,2009.0,"Jan,Apr,Jul,Oct",2015,2,13,7,1,Friday
82,5,2015-02-13,7508,1061,1,0,0,0,a,a,1500.0,0.0,0.0,0,0.0,0.0,None,2015,2,13,7,1,Friday
83,5,2015-02-13,3445,309,1,0,0,0,a,c,500.0,7.0,2014.0,0,0.0,0.0,None,2015,2,13,7,1,Friday
84,5,2015-02-13,2591,325,1,0,0,0,d,a,1500.0,0.0,2005.0,0,0.0,0.0,None,2015,2,13,7,1,Friday
85,5,2015-02-13,4249,769,1,0,0,0,d,c,120.0,0.0,2014.0,1,1.0,2013.0,"Jan,Apr,Jul,Oct",2015,2,13,7,1,Friday
86,5,2015-02-13,7577,849,1,1,0,0,d,a,3000.0,0.0,2012.0,0,0.0,0.0,None,2015,2,13,7,1,Friday
87,5,2015-02-13,7101,891,1,1,0,0,a,a,1500.0,0.0,0.0,0,0.0,0.0,None,2015,2,13,7,1,Friday
88,5,2015-02-13,8266,956,1,0,0,0,d,c,3000.0,3.0,2012.0,1,31.0,2009.0,"Feb,May,Aug,Nov",2015,2,13,7,1,Friday
89,5,2015-02-13,9296,970,1,0,0,0,d,a,1500.0,9.0,0.0,1,31.0,2015.0,"Feb,May,Aug,Nov",2015,2,13,7,1,Friday
90,5,2015-02-13,6754,580,1,0,0,0,d,c,1500.0,0.0,0.0,0,0.0,0.0,None,2015,2,13,7,1,Friday
91,5,2015-02-13,5561,618,1,1,0,0,a,c,1500.0,3.0,2008.0,0,0.0,0.0,None,2015,2,13,7,1,Friday
92,5,2015-02-13,10442,1159,1,0,0,0,d,c,120.0,3.0,0.0,1,31.0,2009.0,"Feb,May,Aug,Nov",2015,2,13,7,1,Friday
93,5,2015-02-13,3901,415,1,0,0,0,d,a,120.0,5.0,2005.0,0,0.0,0.0,None,2015,2,13,7,1,Friday
94,5,2015-02-13,9283,778,1,0,0,0,c,a,500.0,11.0,2005.0,0,0.0,0.0,None,2015,2,13,7,1,Friday
95,5,2015-02-13,3150,322,1,0,0,1,a,c,500.0,11.0,2005.0,1,31.0,2009.0,"Feb,May,Aug,Nov",2015,2,13,7,1,Friday
96,5,2015-02-13,8692,782,1,0,0,0,d,c,500.0,7.0,2005.0,1,10.0,2009.0,"Feb,May,Aug,Nov",2015,2,13,7,1,Friday
97,5,2015-02-13,3754,441,1,0,0,0,c,a,120.0,0.0,2008.0,0,0.0,0.0,None,2015,2,13,7,1,Friday
98,5,2015-02-13,10652,1153,1,0,0,0,c,a,500.0,3.0,2008.0,1,10.0,2009.0,"Feb,May,Aug,Nov",2015,2,13,7,1,Friday
99,5,2015-02-13,2510,352,1,0,0,0,a,c,500.0,1.0,2012.0,0,0.0,0.0,None,2015,2,13,7,1,Friday
100,5,2015-02-13,9467,864,1,0,0,0,b,c,500.0,9.0,2005.0,0,0.0,0.0,None,2015,2,13,7,1,Friday
1,6,2015-02-14,4404,400,1,0,0,1,a,c,3000.0,7.0,2012.0,0,0.0,0.0,None,2015,2,14,7,1,Saturday
2,6,2015-02-14,6934,908,1,0,0,1,a,a,7500.0,5.0,2008.0,0,0.0,0.0,None,2015,2,14,7,1,Saturday
3,6,2015-02-14,5791,665,1,0,0,1,d,c,500.0,5.0,2012.0,1,10.0,2011.0,"Jan,Apr,Jul,Oct",2015,2,14,7,1,Saturday
4,6,2015-02-14,4763,576,1,0,0,0,a,a,1500.0,1.0,2010.0,1,40.0,2011.0,"Mar,Jun,Sept,Dec",2015,2,14,7,1,Saturday
5,6,2015-02-14,7889,1014,1,0,0,1,c,a,15000.0,0.0,2008.0,1,31.0,2009.0,"Mar,Jun,Sept,Dec",2015,2,14,7,1,Saturday
6,6,2015-02-14,5751,803,1,0,0,0,a,c,1500.0,1.0,0.0,0,0.0,0.0,None,2015,2,14,7,1,Saturday
7,6,2015-02-14,9088,1099,1,0,0,1,a,a,1500.0,5.0,2012.0,1,14.0,2011.0,"Jan,Apr,Jul,Oct",2015,2,14,7,1,Saturday
8,6,2015-02-14,0,0,0,0,0,0,a,c,500.0,9.0,2014.0,1,40.0,2009.0,"Mar,Jun,Sept,Dec",2015,2,14,7,1,Saturday
9,6,2015-02-14,9817,986,1,0,0,0,d,a,500.0,5.0,2014.0,1,40.0,2013.0,"Jan,Apr,Jul,Oct",2015,2,14,7,1,Saturday
10,6,2015-02-14,3051,331,1,0,0,0,d,c,3000.0,11.0,2012.0,1,1.0,2015.0,"Jan,Apr,Jul,Oct",2015,2,14,7,1,Saturday
11,6,2015-02-14,9623,1055,1,0,0,0,a,c,120.0,11.0,0.0,1,22.0,2015.0,"Mar,Jun,Sept,Dec",2015,2,14,7,1,Saturday
12,6,2015-02-14,10307,978,1,0,0,1,d,c,3000.0,0.0,2008.0,0,0.0,0.0,None,2015,2,14,7,1,Saturday
13,6,2015-02-14,10454,1115,1,0,0,0,a,a,7500.0,5.0,2005.0,0,0.0,0.0,None,2015,2,14,7,1,Saturday
14,6,2015-02-14,6854,718,1,0,0,0,a,c,1500.0,5.0,2014.0,1,1.0,2013.0,"Jan,Apr,Jul,Oct",2015,2,14,7,1,Saturday
15,6,2015-02-14,11308,1092,1,0,0,1,d,c,3000.0,11.0,2014.0,1,1.0,2013.0,"Mar,Jun,Sept,Dec",2015,2,14,7,1,Saturday
16,6,2015-02-14,2364,303,1,0,0,0,a,a,500.0,11.0,0.0,0,0.0,0.0,None,2015,2,14,7,1,Saturday
17,6,2015-02-14,4749,399,1,0,0,0,a,c,500.0,7.0,2008.0,0,0.0,0.0,None,2015,2,14,7,1,Saturday
18,6,2015-02-14,0,0,0,0,0,1,d,c,1500.0,5.0,2005.0,1,40.0,2009.0,"Jan,Apr,Jul,Oct",2015,2,14,7,1,Saturday
19,6,2015-02-14,3222,510,1,0,0,0,d,c,120.0,9.0,2014.0,1,10.0,2013.0,"Jan,Apr,Jul,Oct",2015,2,14,7,1,Saturday
20,6,2015-02-14,5257,547,1,0,0,0,a,a,500.0,9.0,0.0,1,1.0,2013.0,"Mar,Jun,Sept,Dec",2015,2,14,7,1,Saturday
21,6,2015-02-14,7104,716,1,0,0,1,a,c,1500.0,0.0,2008.0,0,0.0,0.0,None,2015,2,14,7,1,Saturday
22,6,2015-02-14,2365,352,1,0,0,0,a,a,500.0,0.0,2010.0,0,0.0,0.0,None,2015,2,14,7,1,Saturday
23,6,2015-02-14,4441,436,1,0,0,1,d,c,500.0,1.0,2008.0,0,0.0,0.0,None,2015,2,14,7,1,Saturday
24,6,2015-02-14,2594,446,1,0,0,0,a,a,1500.0,1.0,2010.0,0,0.0,0.0,None,2015,2,14,7,1,Saturday
25,6,2015-02-14,9947,931,1,0,0,0,a,c,500.0,1.0,2012.0,0,0.0,0.0,None,2015,2,14,7,1,Saturday
26,6,2015-02-14,2723,391,1,0,0,0,d,a,1500.0,3.0,2008.0,0,0.0,0.0,None,2015,2,14,7,1,Saturday
27,6,2015-02-14,6265,537,1,0,0,0,d,a,15000.0,9.0,2008.0,1,1.0,2009.0,"Mar,Jun,Sept,Dec",2015,2,14,7,1,Saturday
28,6,2015-02-14,6298,1064,1,0,0,0,a,a,1500.0,3.0,2010.0,0,0.0,0.0,None,2015,2,14,7,1,Saturday
29,6,2015-02-14,2598,468,1,0,0,0,a,a,1500.0,5.0,0.0,1,10.0,2015.0,"Jan,Apr,Jul,Oct",2015,2,14,7,1,Saturday
30,6,2015-02-14,6787,661,1,0,0,0,c,c,500.0,11.0,2014.0,1,22.0,2015.0,"Feb,May,Aug,Nov",2015,2,14,7,1,Saturday
31,6,2015-02-14,6463,616,1,0,0,1,d,c,500.0,0.0,2014.0,1,31.0,2015.0,"Mar,Jun,Sept,Dec",2015,2,14,7,1,Saturday
32,6,2015-02-14,3870,406,1,0,0,0,a,a,3000.0,3.0,2010.0,1,1.0,2015.0,"Mar,Jun,Sept,Dec",2015,2,14,7,1,Saturday
33,6,2015-02-14,5550,667,1,0,0,1,d,c,1500.0,9.0,2008.0,0,0.0,0.0,None,2015,2,14,7,1,Saturday
34,6,2015-02-14,5666,719,1,0,0,0,d,c,500.0,9.0,2005.0,0,0.0,0.0,None,2015,2,14,7,1,Saturday
35,6,2015-02-14,9824,938,1,0,0,0,a,c,120.0,5.0,0.0,1,22.0,2015.0,"Mar,Jun,Sept,Dec",2015,2,14,7,1,Saturday
36,6,2015-02-14,4847,542,1,0,0,1,d,a,1500.0,3.0,2008.0,1,40.0,2011.0,"Feb,May,Aug,Nov",2015,2,14,7,1,Saturday
37,6,2015-02-14,5614,509,1,0,0,0,d,a,7500.0,3.0,2008.0,1,40.0,2009.0,"Mar,Jun,Sept,Dec",2015,2,14,7,1,Saturday
38,6,2015-02-14,6660,1085,1,0,0,0,a,a,3000.0,3.0,2010.0,0,0.0,0.0,None,2015,2,14,7,1,Saturday
39,6,2015-02-14,3863,403,1,0,0,0,c,a,7500.0,7.0,2014.0,1,14.0,2015.0,"Jan,Apr,Jul,Oct",2015,2,14,7,1,Saturday
40,6,2015-02-14,3839,620,1,0,0,0,d,a,1500.0,11.0,2008.0,1,22.0,2013.0,"Jan,Apr,Jul,Oct",2015,2,14,7,1,Saturday
41,6,2015-02-14,4278,515,1,0,0,1,a,c,500.0,1.0,0.0,0,0.0,0.0,None,2015,2,14,7,1,Saturday
42,6,2015-02-14,3508,331,1,0,0,0,d,c,120.0,1.0,2014.0,0,0.0,0.0,None,2015,2,14,7,1,Saturday
43,6,2015-02-14,0,0,0,0,0,0,a,a,500.0,0.0,0.0,1,31.0,2011.0,"Mar,Jun,Sept,Dec",2015,2,14,7,1,Saturday
44,6,2015-02-14,6091,555,1,0,0,0,a,a,1500.0,5.0,2005.0,0,0.0,0.0,None,2015,2,14,7,1,Saturday
45,6,2015-02-14,6682,1007,1,0,0,0,c,a,120.0,9.0,2014.0,1,22.0,2011.0,"Feb,May,Aug,Nov",2015,2,14,7,1,Saturday
46,6,2015-02-14,10310,898,1,0,0,0,a,c,500.0,1.0,2014.0,0,0.0,0.0,None,2015,2,14,7,1,Saturday
47,6,2015-02-14,6523,804,1,0,0,1,c,a,1500.0,0.0,0.0,1,40.0,2013.0,"Jan,Apr,Jul,Oct",2015,2,14,7,1,Saturday
48,6,2015-02-14,7235,1026,1,0,0,0,a,c,500.0,7.0,2010.0,1,22.0,2011.0,"Mar,Jun,Sept,Dec",2015,2,14,7,1,Saturday
49,6,2015-02-14,11280,1111,1,0,0,1,d,a,120.0,1.0,2010.0,1,14.0,2009.0,"Mar,Jun,Sept,Dec",2015,2,14,7,1,Saturday
50,6,2015-02-14,5237,859,1,0,0,0,a,c,500.0,1.0,2012.0,0,0.0,0.0,None,2015,2,14,7,1,Saturday
51,6,2015-02-14,0,0,0,0,0,0,a,c,120.0,1.0,0.0,0,0.0,0.0,None,2015,2,14,7,1,Saturday
52,6,2015-02-14,4946,676,1,0,0,0,a,a,120.0,7.0,2012.0,1,31.0,2013.0,"Mar,Jun,Sept,Dec",2015,2,14,7,1,Saturday
53,6,2015-02-14,3245,365,1,0,0,0,a,c,1500.0,0.0,0.0,1,14.0,2009.0,"Feb,May,Aug,Nov",2015,2,14,7,1,Saturday
54,6,2015-02-14,11591,1084,1,0,0,0,a,a,1500.0,0.0,0.0,0,0.0,0.0,None,2015,2,14,7,1,Saturday
55,6,2015-02-14,14131,1187,1,0,0,1,d,c,1500.0,1.0,2005.0,1,22.0,2009.0,"Feb,May,Aug,Nov",2015,2,14,7,1,Saturday
56,6,2015-02-14,2646,458,1,0,0,0,a,a,1500.0,7.0,2010.0,0,0.0,0.0,None,2015,2,14,7,1,Saturday
57,6,2015-02-14,6063,837,1,0,0,0,a,c,1500.0,0.0,2012.0,1,10.0,2009.0,"Mar,Jun,Sept,Dec",2015,2,14,7,1,Saturday
58,6,2015-02-14,6939,926,1,0,0,0,d,c,1500.0,0.0,0.0,1,14.0,2009.0,"Mar,Jun,Sept,Dec",2015,2,14,7,1,Saturday
59,6,2015-02-14,4268,518,1,0,0,1,d,c,500.0,7.0,2012.0,0,0.0,0.0,None,2015,2,14,7,1,Saturday
60,6,2015-02-14,7122,983,1,0,0,0,a,a,1500.0,11.0,0.0,1,31.0,2011.0,"Feb,May,Aug,Nov",2015,2,14,7,1,Saturday
61,6,2015-02-14,8623,1162,1,0,0,0,a,c,500.0,5.0,2005.0,1,31.0,2013.0,"Jan,Apr,Jul,Oct",2015,2,14,7,1,Saturday
62,6,2015-02-14,9879,847,1,0,0,1,a,a,15000.0,5.0,2005.0,0,0.0,0.0,None,2015,2,14,7,1,Saturday
63,6,2015-02-14,12339,1148,1,0,0,1,c,c,3000.0,5.0,2005.0,0,0.0,0.0,None,2015,2,14,7,1,Saturday
64,6,2015-02-14,3901,704,1,0,0,0,c,c,1500.0,5.0,0.0,1,1.0,2013.0,"Jan,Apr,Jul,Oct",2015,2,14,7,1,Saturday
65,6,2015-02-14,11924,1153,1,0,0,0,a,c,1500.0,0.0,2014.0,0,0.0,0.0,None,2015,2,14,7,1,Saturday
66,6,2015-02-14,5105,577,1,0,0,0,a,a,15000.0,3.0,2010.0,0,0.0,0.0,None,2015,2,14,7,1,Saturday
67,6,2015-02-14,10619,1019,1,0,0,0,d,c,1500.0,1.0,2012.0,0,0.0,0.0,None,2015,2,14,7,1,Saturday
68,6,2015-02-14,4713,622,1,0,0,0,c,c,500.0,7.0,0.0,0,0.0,0.0,None,2015,2,14,7,1,Saturday
69,6,2015-02-14,11228,950,1,0,0,1,d,c,15000.0,1.0,2012.0,1,31.0,2013.0,"Mar,Jun,Sept,Dec",2015,2,14,7,1,Saturday
70,6,2015-02-14,5881,776,1,0,0,1,a,a,3000.0,5.0,0.0,0,0.0,0.0,None,2015,2,14,7,1,Saturday
71,6,2015-02-14,4275,489,1,0,0,0,a,c,120.0,1.0,2008.0,1,31.0,2009.0,"Jan,Apr,Jul,Oct",2015,2,14,7,1,Saturday
72,6,2015-02-14,10435,1062,1,0,0,0,a,c,7500.0,9.0,2010.0,0,0.0,0.0,None,2015,2,14,7,1,Saturday
73,6,2015-02-14,6995,1108,1,0,0,0,d,c,500.0,5.0,2008.0,1,40.0,2013.0,"Mar,Jun,Sept,Dec",2015,2,14,7,1,Saturday
74,6,2015-02-14,7232,766,1,0,0,0,a,a,500.0,7.0,2012.0,0,0.0,0.0,None,2015,2,14,7,1,Saturday
75,6,2015-02-14,8733,728,1,0,0,0,c,c,3000.0,11.0,0.0,1,14.0,2009.0,"Feb,May,Aug,Nov",2015,2,14,7,1,Saturday
76,6,2015-02-14,4509,605,1,0,0,0,a,a,120.0,0.0,2014.0,0,0.0,0.0,None,2015,2,14,7,1,Saturday
77,6,2015-02-14,8556,879,1,0,0,0,d,c,1500.0,11.0,2012.0,0,0.0,0.0,None,2015,2,14,7,1,Saturday
78,6,2015-02-14,10543,1020,1,0,0,0,d,c,500.0,3.0,2010.0,0,0.0,0.0,None,2015,2,14,7,1,Saturday
79,6,2015-02-14,9102,863,1,0,0,1,a,a,500.0,0.0,2012.0,1,14.0,2015.0,"Mar,Jun,Sept,Dec",2015,2,14,7,1,Saturday
80,6,2015-02-14,5304,701,1,0,0,0,a,a,15000.0,9.0,2010.0,0,0.0,0.0,None,2015,2,14,7,1,Saturday
81,6,2015-02-14,8595,848,1,0,0,0,a,a,1500.0,1.0,2010.0,1,22.0,2009.0,"Jan,Apr,Jul,Oct",2015,2,14,7,1,Saturday
82,6,2015-02-14,4163,425,1,0,0,0,a,a,1500.0,0.0,0.0,0,0.0,0.0,None,2015,2,14,7,1,Saturday
83,6,2015-02-14,5600,560,1,0,0,0,a,c,500.0,7.0,2014.0,0,0.0,0.0,None,2015,2,14,7,1,Saturday
84,6,2015-02-14,10796,1096,1,0,0,0,d,a,1500.0,0.0,2005.0,0,0.0,0.0,None,2015,2,14,7,1,Saturday
85,6,2015-02-14,4432,416,1,0,0,0,d,c,120.0,0.0,2014.0,1,1.0,2013.0,"Jan,Apr,Jul,Oct",2015,2,14,7,1,Saturday
86,6,2015-02-14,4621,825,1,0,0,0,d,a,3000.0,0.0,2012.0,0,0.0,0.0,None,2015,2,14,7,1,Saturday
87,6,2015-02-14,6504,559,1,0,0,0,a,a,1500.0,0.0,0.0,0,0.0,0.0,None,2015,2,14,7,1,Saturday
88,6,2015-02-14,1761,305,1,0,0,0,d,c,3000.0,3.0,2012.0,1,31.0,2009.0,"Feb,May,Aug,Nov",2015,2,14,7,1,Saturday
89,6,2015-02-14,9650,868,1,0,0,0,d,a,1500.0,9.0,0.0,1,31.0,2015.0,"Feb,May,Aug,Nov",2015,2,14,7,1,Saturday
90,6,2015-02-14,3601,413,1,0,0,0,d,c,1500.0,0.0,0.0,0,0.0,0.0,None,2015,2,14,7,1,Saturday
91,6,2015-02-14,4457,425,1,0,0,0,a,c,1500.0,3.0,2008.0,0,0.0,0.0,None,2015,2,14,7,1,Saturday
92,6,2015-02-14,4336,582,1,0,0,0,d,c,120.0,3.0,0.0,1,31.0,2009.0,"Feb,May,Aug,Nov",2015,2,14,7,1,Saturday
93,6,2015-02-14,5664,905,1,0,0,0,d,a,120.0,5.0,2005.0,0,0.0,0.0,None,2015,2,14,7,1,Saturday
94,6,2015-02-14,3768,323,1,0,0,0,c,a,500.0,11.0,2005.0,0,0.0,0.0,None,2015,2,14,7,1,Saturday
95,6,2015-02-14,6309,991,1,0,0,1,a,c,500.0,11.0,2005.0,1,31.0,2009.0,"Feb,May,Aug,Nov",2015,2,14,7,1,Saturday
96,6,2015-02-14,8076,904,1,0,0,0,d,c,500.0,7.0,2005.0,1,10.0,2009.0,"Feb,May,Aug,Nov",2015,2,14,7,1,Saturday
97,6,2015-02-14,3576,328,1,0,0,0,c,a,120.0,0.0,2008.0,0,0.0,0.0,None,2015,2,14,7,1,Saturday
98,6,2015-02-14,8880,780,1,0,0,0,c,a,500.0,3.0,2008.0,1,10.0,2009.0,"Feb,May,Aug,Nov",2015,2,14,7,1,Saturday
99,6,2015-02-14,3624,386,1,0,0,0,a,c,500.0,1.0,2012.0,0,0.0,0.0,None,2015,2,14,7,1,Saturday
100,6,2015-02-14,4074,417,1,0,0,0,b,c,500.0,9.0,2005.0,0,0.0,0.0,None,2015,2,14,7,1,Saturday
1,7,2015-02-15,0,0,0,0,0,0,a,c,3000.0,7.0,2012.0,0,0.0,0.0,None,2015,2,15,7,1,Sunday
2,7,2015-02-15,0,0,0,0,0,0,a,a,7500.0,5.0,2008.0,0,0.0,0.0,None,2015,2,15,7,1,Sunday
3,7,2015-02-15,0,0,0,0,0,1,d,c,500.0,5.0,2012.0,1,10.0,2011.0,"Jan,Apr,Jul,Oct",2015,2,15,7,1,Sunday
4,7,2015-02-15,0,0,0,0,0,0,a,a,1500.0,1.0,2010.0,1,40.0,2011.0,"Mar,Jun,Sept,Dec",2015,2,15,7,1,Sunday
5,7,2015-02-15,0,0,0,0,0,0,c,a,15000.0,0.0,2008.0,1,31.0,2009.0,"Mar,Jun,Sept,Dec",2015,2,15,7,1,Sunday
6,7,2015-02-15,0,0,0,0,0,1,a,c,1500.0,1.0,0.0,0,0.0,0.0,None,2015,2,15,7,1,Sunday
7,7,2015-02-15,0,0,0,0,0,0,a,a,1500.0,5.0,2012.0,1,14.0,2011.0,"Jan,Apr,Jul,Oct",2015,2,15,7,1,Sunday
8,7,2015-02-15,0,0,0,0,0,0,a,c,500.0,9.0,2014.0,1,40.0,2009.0,"Mar,Jun,Sept,Dec",2015,2,15,7,1,Sunday
9,7,2015-02-15,0,0,0,0,0,0,d,a,500.0,5.0,2014.0,1,40.0,2013.0,"Jan,Apr,Jul,Oct",2015,2,15,7,1,Sunday
10,7,2015-02-15,0,0,0,0,0,0,d,c,3000.0,11.0,2012.0,1,1.0,2015.0,"Jan,Apr,Jul,Oct",2015,2,15,7,1,Sunday
11,7,2015-02-15,0,0,0,0,0,0,a,c,120.0,11.0,0.0,1,22.0,2015.0,"Mar,Jun,Sept,Dec",2015,2,15,7,1,Sunday
12,7,2015-02-15,0,0,0,0,0,0,d,c,3000.0,0.0,2008.0,0,0.0,0.0,None,2015,2,15,7,1,Sunday
13,7,2015-02-15,0,0,0,0,0,0,a,a,7500.0,5.0,2005.0,0,0.0,0.0,None,2015,2,15,7,1,Sunday
14,7,2015-02-15,0,0,0,0,0,0,a,c,1500.0,5.0,2014.0,1,1.0,2013.0,"Jan,Apr,Jul,Oct",2015,2,15,7,1,Sunday
15,7,2015-02-15,0,0,0,0,0,0,d,c,3000.0,11.0,2014.0,1,1.0,2013.0,"Mar,Jun,Sept,Dec",2015,2,15,7,1,Sunday
16,7,2015-02-15,0,0,0,0,0,0,a,a,500.0,11.0,0.0,0,0.0,0.0,None,2015,2,15,7,1,Sunday
17,7,2015-02-15,0,0,0,0,0,0,a,c,500.0,7.0,2008.0,0,0.0,0.0,None,2015,2,15,7,1,Sunday
18,7,2015-02-15,0,0,0,0,0,1,d,c,1500.0,5.0,2005.0,1,40.0,2009.0,"Jan,Apr,Jul,Oct",2015,2,15,7,1,Sunday
19,7,2015-02-15,0,0,0,0,0,0,d,c,120.0,9.0,2014.0,1,10.0,2013.0,"Jan,Apr,Jul,Oct",2015,2,15,7,1,Sunday
20,7,2015-02-15,0,0,0,0,0,0,a,a,500.0,9.0,0.0,1,1.0,2013.0,"Mar,Jun,Sept,Dec",2015,2,15,7,1,Sunday
21,7,2015-02-15,0,0,0,0,0,0,a,c,1500.0,0.0,2008.0,0,0.0,0.0,None,2015,2,15,7,1,Sunday
22,7,2015-02-15,0,0,0,0,0,0,a,a,500.0,0.0,2010.0,0,0.0,0.0,None,2015,2,15,7,1,Sunday
23,7,2015-02-15,0,0,0,0,0,0,d,c,500.0,1.0,2008.0,0,0.0,0.0,None,2015,2,15,7,1,Sunday
24,7,2015-02-15,0,0,0,0,0,1,a,a,1500.0,1.0,2010.0,0,0.0,0.0,None,2015,2,15,7,1,Sunday
25,7,2015-02-15,0,0,0,0,0,0,a,c,500.0,1.0,2012.0,0,0.0,0.0,None,2015,2,15,7,1,Sunday
26,7,2015-02-15,0,0,0,0,0,1,d,a,1500.0,3.0,2008.0,0,0.0,0.0,None,2015,2,15,7,1,Sunday
27,7,2015-02-15,0,0,0,0,0,1,d,a,15000.0,9.0,2008.0,1,1.0,2009.0,"Mar,Jun,Sept,Dec",2015,2,15,7,1,Sunday
28,7,2015-02-15,0,0,0,0,0,0,a,a,1500.0,3.0,2010.0,0,0.0,0.0,None,2015,2,15,7,1,Sunday
29,7,2015-02-15,0,0,0,0,0,0,a,a,1500.0,5.0,0.0,1,10.0,2015.0,"Jan,Apr,Jul,Oct",2015,2,15,7,1,Sunday
30,7,2015-02-15,0,0,0,0,0,0,c,c,500.0,11.0,2014.0,1,22.0,2015.0,"Feb,May,Aug,Nov",2015,2,15,7,1,Sunday
31,7,2015-02-15,0,0,0,0,0,0,d,c,500.0,0.0,2014.0,1,31.0,2015.0,"Mar,Jun,Sept,Dec",2015,2,15,7,1,Sunday
32,7,2015-02-15,0,0,0,0,0,0,a,a,3000.0,3.0,2010.0,1,1.0,2015.0,"Mar,Jun,Sept,Dec",2015,2,15,7,1,Sunday
33,7,2015-02-15,0,0,0,0,0,1,d,c,1500.0,9.0,2008.0,0,0.0,0.0,None,2015,2,15,7,1,Sunday
34,7,2015-02-15,0,0,0,0,0,0,d,c,500.0,9.0,2005.0,0,0.0,0.0,None,2015,2,15,7,1,Sunday
35,7,2015-02-15,0,0,0,0,0,0,a,c,120.0,5.0,0.0,1,22.0,2015.0,"Mar,Jun,Sept,Dec",2015,2,15,7,1,Sunday
36,7,2015-02-15,0,0,0,0,0,0,d,a,1500.0,3.0,2008.0,1,40.0,2011.0,"Feb,May,Aug,Nov",2015,2,15,7,1,Sunday
37,7,2015-02-15,0,0,0,0,0,1,d,a,7500.0,3.0,2008.0,1,40.0,2009.0,"Mar,Jun,Sept,Dec",2015,2,15,7,1,Sunday
38,7,2015-02-15,0,0,0,0,0,0,a,a,3000.0,3.0,2010.0,0,0.0,0.0,None,2015,2,15,7,1,Sunday
39,7,2015-02-15,0,0,0,0,0,1,c,a,7500.0,7.0,2014.0,1,14.0,2015.0,"Jan,Apr,Jul,Oct",2015,2,15,7,1,Sunday
40,7,2015-02-15,0,0,0,0,0,1,d,a,1500.0,11.0,2008.0,1,22.0,2013.0,"Jan,Apr,Jul,Oct",2015,2,15,7,1,Sunday
41,7,2015-02-15,0,0,0,0,0,0,a,c,500.0,1.0,0.0,0,0.0,0.0,None,2015,2,15,7,1,Sunday
42,7,2015-02-15,0,0,0,0,0,0,d,c,120.0,1.0,2014.0,0,0.0,0.0,None,2015,2,15,7,1,Sunday
43,7,2015-02-15,0,0,0,0,0,0,a,a,500.0,0.0,0.0,1,31.0,2011.0,"Mar,Jun,Sept,Dec",2015,2,15,7,1,Sunday
44,7,2015-02-15,0,0,0,0,0,0,a,a,1500.0,5.0,2005.0,0,0.0,0.0,None,2015,2,15,7,1,Sunday
45,7,2015-02-15,0,0,0,0,0,0,c,a,120.0,9.0,2014.0,1,22.0,2011.0,"Feb,May,Aug,Nov",2015,2,15,7,1,Sunday
46,7,2015-02-15,0,0,0,0,0,0,a,c,500.0,1.0,2014.0,0,0.0,0.0,None,2015,2,15,7,1,Sunday
47,7,2015-02-15,0,0,0,0,0,0,c,a,1500.0,0.0,0.0,1,40.0,2013.0,"Jan,Apr,Jul,Oct",2015,2,15,7,1,Sunday
48,7,2015-02-15,0,0,0,0,0,0,a,c,500.0,7.0,2010.0,1,22.0,2011.0,"Mar,Jun,Sept,Dec",2015,2,15,7,1,Sunday
49,7,2015-02-15,0,0,0,0,0,0,d,a,120.0,1.0,2010.0,1,14.0,2009.0,"Mar,Jun,Sept,Dec",2015,2,15,7,1,Sunday
50,7,2015-02-15,0,0,0,0,0,0,a,c,500.0,1.0,2012.0,0,0.0,0.0,None,2015,2,15,7,1,Sunday
51,7,2015-02-15,0,0,0,0,0,0,a,c,120.0,1.0,0.0,0,0.0,0.0,None,2015,2,15,7,1,Sunday
52,7,2015-02-15,0,0,0,0,0,1,a,a,120.0,7.0,2012.0,1,31.0,2013.0,"Mar,Jun,Sept,Dec",2015,2,15,7,1,Sunday
53,7,2015-02-15,0,0,0,0,0,0,a,c,1500.0,0.0,0.0,1,14.0,2009.0,"Feb,May,Aug,Nov",2015,2,15,7,1,Sunday
54,7,2015-02-15,0,0,0,0,0,0,a,a,1500.0,0.0,0.0,0,0.0,0.0,None,2015,2,15,7,1,Sunday
55,7,2015-02-15,0,0,0,0,0,0,d,c,1500.0,1.0,2005.0,1,22.0,2009.0,"Feb,May,Aug,Nov",2015,2,15,7,1,Sunday
56,7,2015-02-15,0,0,0,0,0,1,a,a,1500.0,7.0,2010.0,0,0.0,0.0,None,2015,2,15,7,1,Sunday
57,7,2015-02-15,0,0,0,0,0,0,a,c,1500.0,0.0,2012.0,1,10.0,2009.0,"Mar,Jun,Sept,Dec",2015,2,15,7,1,Sunday
58,7,2015-02-15,0,0,0,0,0,0,d,c,1500.0,0.0,0.0,1,14.0,2009.0,"Mar,Jun,Sept,Dec",2015,2,15,7,1,Sunday
59,7,2015-02-15,0,0,0,0,0,0,d,c,500.0,7.0,2012.0,0,0.0,0.0,None,2015,2,15,7,1,Sunday
60,7,2015-02-15,0,0,0,0,0,0,a,a,1500.0,11.0,0.0,1,31.0,2011.0,"Feb,May,Aug,Nov",2015,2,15,7,1,Sunday
61,7,2015-02-15,0,0,0,0,0,1,a,c,500.0,5.0,2005.0,1,31.0,2013.0,"Jan,Apr,Jul,Oct",2015,2,15,7,1,Sunday
62,7,2015-02-15,0,0,0,0,0,0,a,a,15000.0,5.0,2005.0,0,0.0,0.0,None,2015,2,15,7,1,Sunday
63,7,2015-02-15,0,0,0,0,0,0,c,c,3000.0,5.0,2005.0,0,0.0,0.0,None,2015,2,15,7,1,Sunday
64,7,2015-02-15,0,0,0,0,0,0,c,c,1500.0,5.0,0.0,1,1.0,2013.0,"Jan,Apr,Jul,Oct",2015,2,15,7,1,Sunday
65,7,2015-02-15,0,0,0,0,0,0,a,c,1500.0,0.0,2014.0,0,0.0,0.0,None,2015,2,15,7,1,Sunday
66,7,2015-02-15,0,0,0,0,0,0,a,a,15000.0,3.0,2010.0,0,0.0,0.0,None,2015,2,15,7,1,Sunday
67,7,2015-02-15,0,0,0,0,0,0,d,c,1500.0,1.0,2012.0,0,0.0,0.0,None,2015,2,15,7,1,Sunday
68,7,2015-02-15,0,0,0,0,0,0,c,c,500.0,7.0,0.0,0,0.0,0.0,None,2015,2,15,7,1,Sunday
69,7,2015-02-15,0,0,0,0,0,0,d,c,15000.0,1.0,2012.0,1,31.0,2013.0,"Mar,Jun,Sept,Dec",2015,2,15,7,1,Sunday
70,7,2015-02-15,0,0,0,0,0,0,a,a,3000.0,5.0,0.0,0,0.0,0.0,None,2015,2,15,7,1,Sunday
71,7,2015-02-15,0,0,0,0,0,1,a,c,120.0,1.0,2008.0,1,31.0,2009.0,"Jan,Apr,Jul,Oct",2015,2,15,7,1,Sunday
72,7,2015-02-15,0,0,0,0,0,0,a,c,7500.0,9.0,2010.0,0,0.0,0.0,None,2015,2,15,7,1,Sunday
73,7,2015-02-15,0,0,0,0,0,0,d,c,500.0,5.0,2008.0,1,40.0,2013.0,"Mar,Jun,Sept,Dec",2015,2,15,7,1,Sunday
74,7,2015-02-15,0,0,0,0,0,0,a,a,500.0,7.0,2012.0,0,0.0,0.0,None,2015,2,15,7,1,Sunday
75,7,2015-02-15,0,0,0,0,0,0,c,c,3000.0,11.0,0.0,1,14.0,2009.0,"Feb,May,Aug,Nov",2015,2,15,7,1,Sunday
76,7,2015-02-15,0,0,0,0,0,1,a,a,120.0,0.0,2014.0,0,0.0,0.0,None,2015,2,15,7,1,Sunday
77,7,2015-02-15,0,0,0,0,0,0,d,c,1500.0,11.0,2012.0,0,0.0,0.0,None,2015,2,15,7,1,Sunday
78,7,2015-02-15,0,0,0,0,0,1,d,c,500.0,3.0,2010.0,0,0.0,0.0,None,2015,2,15,7,1,Sunday
79,7,2015-02-15,0,0,0,0,0,0,a,a,500.0,0.0,2012.0,1,14.0,2015.0,"Mar,Jun,Sept,Dec",2015,2,15,7,1,Sunday
80,7,2015-02-15,0,0,0,0,0,1,a,a,15000.0,9.0,2010.0,0,0.0,0.0,None,2015,2,15,7,1,Sunday
81,7,2015-02-15,0,0,0,0,0,0,a,a,1500.0,1.0,2010.0,1,22.0,2009.0,"Jan,Apr,Jul,Oct",2015,2,15,7,1,Sunday
82,7,2015-02-15,0,0,0,0,0,0,a,a,1500.0,0.0,0.0,0,0.0,0.0,None,2015,2,15,7,1,Sunday
83,7,2015-02-15,0,0,0,0,0,0,a,c,500.0,7.0,2014.0,0,0.0,0.0,None,2015,2,15,7,1,Sunday
84,7,2015-02-15,0,0,0,0,0,0,d,a,1500.0,0.0,2005.0,0,0.0,0.0,None,2015,2,15,7,1,Sunday
85,7,2015-02-15,0,0,0,0,0,0,d,c,120.0,0.0,2014.0,1,1.0,2013.0,"Jan,Apr,Jul,Oct",2015,2,15,7,1,Sunday
86,7,2015-02-15,0,0,0,0,0,1,d,a,3000.0,0.0,2012.0,0,0.0,0.0,None,2015,2,15,7,1,Sunday
87,7,2015-02-15,0,0,0,0,0,0,a,a,1500.0,0.0,0.0,0,0.0,0.0,None,2015,2,15,7,1,Sunday
88,7,2015-02-15,0,0,0,0,0,0,d,c,3000.0,3.0,2012.0,1,31.0,2009.0,"Feb,May,Aug,Nov",2015,2,15,7,1,Sunday
89,7,2015-02-15,0,0,0,0,0,1,d,a,1500.0,9.0,0.0,1,31.0,2015.0,"Feb,May,Aug,Nov",2015,2,15,7,1,Sunday
90,7,2015-02-15,0,0,0,0,0,0,d,c,1500.0,0.0,0.0,0,0.0,0.0,None,2015,2,15,7,1,Sunday
91,7,2015-02-15,0,0,0,0,0,0,a,c,1500.0,3.0,2008.0,0,0.0,0.0,None,2015,2,15,7,1,Sunday
92,7,2015-02-15,0,0,0,0,0,0,d,c,120.0,3.0,0.0,1,31.0,2009.0,"Feb,May,Aug,Nov",2015,2,15,7,1,Sunday
93,7,2015-02-15,0,0,0,0,0,0,d,a,120.0,5.0,2005.0,0,0.0,0.0,None,2015,2,15,7,1,Sunday
94,7,2015-02-15,0,0,0,0,0,1,c,a,500.0,11.0,2005.0,0,0.0,0.0,None,2015,2,15,7,1,Sunday
95,7,2015-02-15,0,0,0,0,0,1,a,c,500.0,11.0,2005.0,1,31.0,2009.0,"Feb,May,Aug,Nov",2015,2,15,7,1,Sunday
96,7,2015-02-15,0,0,0,0,0,0,d,c,500.0,7.0,2005.0,1,10.0,2009.0,"Feb,May,Aug,Nov",2015,2,15,7,1,Sunday
97,7,2015-02-15,0,0,0,0,0,0,c,a,120.0,0.0,2008.0,0,0.0,0.0,None,2015,2,15,7,1,Sunday
98,7,2015-02-15,0,0,0,0,0,0,c,a,500.0,3.0,2008.0,1,10.0,2009.0,"Feb,May,Aug,Nov",2015,2,15,7,1,Sunday
99,7,2015-02-15,0,0,0,0,0,1,a,c,500.0,1.0,2012.0,0,0.0,0.0,None,2015,2,15,7,1,Sunday
100,7,2015-02-15,0,0,0,0,0,0,b,c,500.0,9.0,2005.0,0,0.0,0.0,None,2015,2,15,7,1,Sunday
1,1,2015-02-16,6629,1054,1,0,0,0,a,c,3000.0,7.0,2012.0,0,0.0,0.0,None,2015,2,16,8,1,Monday
2,1,2015-02-16,5570,458,1,1,0,0,a,a,7500.0,5.0,2008.0,0,0.0,0.0,None,2015,2,16,8,1,Monday
3,1,2015-02-16,9329,990,1,1,0,0,d,c,500.0,5.0,2012.0,1,10.0,2011.0,"Jan,Apr,Jul,Oct",2015,2,16,8,1,Monday
4,1,2015-02-16,6425,438,1,1,0,1,a,a,1500.0,1.0,2010.0,1,40.0,2011.0,"Mar,Jun,Sept,Dec",2015,2,16,8,1,Monday
5,1,2015-02-16,8432,990,1,0,0,0,c,a,15000.0,0.0,2008.0,1,31.0,2009.0,"Mar,Jun,Sept,Dec",2015,2,16,8,1,Monday
6,1,2015-02-16,5432,533,1,1,0,0,a,c,1500.0,1.0,0.0,0,0.0,0.0,None,2015,2,16,8,1,Monday
7,1,2015-02-16,8793,931,1,0,0,0,a,a,1500.0,5.0,2012.0,1,14.0,2011.0,"Jan,Apr,Jul,Oct",2015,2,16,8,1,Monday
8,1,2015-02-16,6508,940,1,0,0,1,a,c,500.0,9.0,2014.0,1,40.0,2009.0,"Mar,Jun,Sept,Dec",2015,2,16,8,1,Monday
9,1,2015-02-16,4533,415,1,0,0,0,d,a,500.0,5.0,2014.0,1,40.0,2013.0,"Jan,Apr,Jul,Oct",2015,2,16,8,1,Monday
10,1,2015-02-16,7409,835,1,1,0,0,d,c,3000.0,11.0,2012.0,1,1.0,2015.0,"Jan,Apr,Jul,Oct",2015,2,16,8,1,Monday
11,1,2015-02-16,4779,793,1,0,0,0,a,c,120.0,11.0,0.0,1,22.0,2015.0,"Mar,Jun,Sept,Dec",2015,2,16,8,1,Monday
12,1,2015-02-16,11544,1111,1,1,0,1,d,c,3000.0,0.0,2008.0,0,0.0,0.0,None,2015,2,16,8,1,Monday
13,1,2015-02-16,5491,444,1,1,0,0,a,a,7500.0,5.0,2005.0,0,0.0,0.0,None,2015,2,16,8,1,Monday
14,1,2015-02-16,7240,926,1,0,0,1,a,c,1500.0,5.0,2014.0,1,1.0,2013.0,"Jan,Apr,Jul,Oct",2015,2,16,8,1,Monday
15,1,2015-02-16,12260,1142,1,1,0,0,d,c,3000.0,11.0,2014.0,1,1.0,2013.0,"Mar,Jun,Sept,Dec",2015,2,16,8,1,Monday
16,1,2015-02-16,2143,318,1,0,0,1,a,a,500.0,11.0,0.0,0,0.0,0.0,None,2015,2,16,8,1,Monday
17,1,2015-02-16,8711,976,1,1,0,0,a,c,500.0,7.0,2008.0,0,0.0,0.0,None,2015,2,16,8,1,Monday
18,1,2015-02-16,5419,854,1,1,0,0,d,c,1500.0,5.0,2005.0,1,40.0,2009.0,"Jan,Apr,Jul,Oct",2015,2,16,8,1,Monday
19,1,2015-02-16,2978,436,1,0,0,0,d,c,120.0,9.0,2014.0,1,10.0,2013.0,"Jan,Apr,Jul,Oct",2015,2,16,8,1,Monday
20,1,2015-02-16,4505,490,1,0,0,0,a,a,500.0,9.0,0.0,1,1.0,2013.0,"Mar,Jun,Sept,Dec",2015,2,16,8,1,Monday
21,1,2015-02-16,8755,1193,1,0,0,0,a,c,1500.0,0.0,2008.0,0,0.0,0.0,None,2015,2,16,8,1,Monday
22,1,2015-02-16,13116,1185,1,0,0,0,a,a,500.0,0.0,2010.0,0,0.0,0.0,None,2015,2,16,8,1,Monday
23,1,2015-02-16,13333,1007,1,1,0,0,d,c,500.0,1.0,2008.0,0,0.0,0.0,None,2015,2,16,8,1,Monday
24,1,2015-02-16,9623,854,1,1,0,0,a,a,1500.0,1.0,2010.0,0,0.0,0.0,None,2015,2,16,8,1,Monday
25,1,2015-02-16,6187,994,1,0,0,0,a,c,500.0,1.0,2012.0,0,0.0,0.0,None,2015,2,16,8,1,Monday
26,1,2015-02-16,8772,962,1,0,0,0,d,a,1500.0,3.0,2008.0,0,0.0,0.0,None,2015,2,16,8,1,Monday
27,1,2015-02-16,3974,433,1,0,0,0,d,a,15000.0,9.0,2008.0,1,1.0,2009.0,"Mar,Jun,Sept,Dec",2015,2,16,8,1,Monday
28,1,2015-02-16,5896,885,1,0,0,0,a,a,1500.0,3.0,2010.0,0,0.0,0.0,None,2015,2,16,8,1,Monday
29,1,2015-02-16,6702,555,1,1,0,0,a,a,1500.0,5.0,0.0,1,10.0,2015.0,"Jan,Apr,Jul,Oct",2015,2,16,8,1,Monday
30,1,2015-02-16,10230,827,1,1,0,0,c,c,500.0,11.0,2014.0,1,22.0,2015.0,"Feb,May,Aug,Nov",2015,2,16,8,1,Monday
31,1,2015-02-16,4608,392,1,1,0,0,d,c,500.0,0.0,2014.0,1,31.0,2015.0,"Mar,Jun,Sept,Dec",2015,2,16,8,1,Monday
32,1,2015-02-16,12762,1023,1,1,0,0,a,a,3000.0,3.0,2010.0,1,1.0,2015.0,"Mar,Jun,Sept,Dec",2015,2,16,8,1,Monday
33,1,2015-02-16,8081,676,1,1,0,0,d,c,1500.0,9.0,2008.0,0,0.0,0.0,None,2015,2,16,8,1,Monday
34,1,2015-02-16,3613,339,1,0,0,0,d,c,500.0,9.0,2005.0,0,0.0,0.0,None,2015,2,16,8,1,Monday
35,1,2015-02-16,7495,697,1,0,0,0,a,c,120.0,5.0,0.0,1,22.0,2015.0,"Mar,Jun,Sept,Dec",2015,2,16,8,1,Monday
36,1,2015-02-16,6936,643,1,1,0,0,d,a,1500.0,3.0,2008.0,1,40.0,2011.0,"Feb,May,Aug,Nov",2015,2,16,8,1,Monday
37,1,2015-02-16,8480,1040,1,0,0,1,d,a,7500.0,3.0,2008.0,1,40.0,2009.0,"Mar,Jun,Sept,Dec",2015,2,16,8,1,Monday
38,1,2015-02-16,6935,869,1,0,0,0,a,a,3000.0,3.0,2010.0,0,0.0,0.0,None,2015,2,16,8,1,Monday
39,1,2015-02-16,4065,595,1,0,0,0,c,a,7500.0,7.0,2014.0,1,14.0,2015.0,"Jan,Apr,Jul,Oct",2015,2,16,8,1,Monday
40,1,2015-02-16,2560,363,1,0,0,0,d,a,1500.0,11.0,2008.0,1,22.0,2013.0,"Jan,Apr,Jul,Oct",2015,2,16,8,1,Monday
41,1,2015-02-16,5707,751,1,1,0,1,a,c,500.0,1.0,0.0,0,0.0,0.0,None,2015,2,16,8,1,Monday
42,1,2015-02-16,7493,772,1,1,0,0,d,c,120.0,1.0,2014.0,0,0.0,0.0,None,2015,2,16,8,1,Monday
43,1,2015-02-16,7463,877,1,0,0,0,a,a,500.0,0.0,0.0,1,31.0,2011.0,"Mar,Jun,Sept,Dec",2015,2,16,8,1,Monday
44,1,2015-02-16,4620,656,1,1,0,0,a,a,1500.0,5.0,2005.0,0,0.0,0.0,None,2015,2,16,8,1,Monday
45,1,2015-02-16,10161,881,1,0,0,0,c,a,120.0,9.0,2014.0,1,22.0,2011.0,"Feb,May,Aug,Nov",2015,2,16,8,1,Monday
46,1,2015-02-16,13121,1195,1,0,0,1,a,c,500.0,1.0,2014.0,0,0.0,0.0,None,2015,2,16,8,1,Monday
47,1,2015-02-16,7124,845,1,0,0,1,c,a,1500.0,0.0,0.0,1,40.0,2013.0,"Jan,Apr,Jul,Oct",2015,2,16,8,1,Monday
48,1,2015-02-16,5235,667,1,1,0,0,a,c,500.0,7.0,2010.0,1,22.0,2011.0,"Mar,Jun,Sept,Dec",2015,2,16,8,1,Monday
49,1,2015-02-16,5132,471,1,0,0,1,d,a,120.0,1.0,2010.0,1,14.0,2009.0,"Mar,Jun,Sept,Dec",2015,2,16,8,1,Monday
50,1,2015-02-16,10952,1032,1,1,0,1,a,c,500.0,1.0,2012.0,0,0.0,0.0,None,2015,2,16,8,1,Monday
51,1,2015-02-16,5087,823,1,0,0,0,a,c,120.0,1.0,0.0,0,0.0,0.0,None,2015,2,16,8,1,Monday
52,1,2015-02-16,4016,413,1,0,0,0,a,a,120.0,7.0,2012.0,1,31.0,2013.0,"Mar,Jun,Sept,Dec",2015,2,16,8,1,Monday
53,1,2015-02-16,3732,312,1,0,0,0,a,c,1500.0,0.0,0.0,1,14.0,2009.0,"Feb,May,Aug,Nov",2015,2,16,8,1,Monday
54,1,2015-02-16,6764,615,1,1,0,1,a,a,1500.0,0.0,0.0,0,0.0,0.0,None,2015,2,16,8,1,Monday
55,1,2015-02-16,3091,346,1,0,0,0,d,c,1500.0,1.0,2005.0,1,22.0,2009.0,"Feb,May,Aug,Nov",2015,2,16,8,1,Monday
56,1,2015-02-16,4049,452,1,0,0,1,a,a,1500.0,7.0,2010.0,0,0.0,0.0,None,2015,2,16,8,1,Monday
57,1,2015-02-16,4824,477,1,0,0,0,a,c,1500.0,0.0,2012.0,1,10.0,2009.0,"Mar,Jun,Sept,Dec",2015,2,16,8,1,Monday
58,1,2015-02-16,8155,759,1,1,0,0,d,c,1500.0,0.0,0.0,1,14.0,2009.0,"Mar,Jun,Sept,Dec",2015,2,16,8,1,Monday
59,1,2015-02-16,8754,929,1,1,0,0,d,c,500.0,7.0,2012.0,0,0.0,0.0,None,2015,2,16,8,1,Monday
60,1,2015-02-16,4500,606,1,1,0,0,a,a,1500.0,11.0,0.0,1,31.0,2011.0,"Feb,May,Aug,Nov",2015,2,16,8,1,Monday
61,1,2015-02-16,12691,1085,1,0,0,0,a,c,500.0,5.0,2005.0,1,31.0,2013.0,"Jan,Apr,Jul,Oct",2015,2,16,8,1,Monday
62,1,2015-02-16,10057,1151,1,1,0,0,a,a,15000.0,5.0,2005.0,0,0.0,0.0,None,2015,2,16,8,1,Monday
63,1,2015-02-16,10460,1119,1,0,0,0,c,c,3000.0,5.0,2005.0,0,0.0,0.0,None,2015,2,16,8,1,Monday
64,1,2015-02-16,9735,1044,1,0,0,0,c,c,1500.0,5.0,0.0,1,1.0,2013.0,"Jan,Apr,Jul,Oct",2015,2,16,8,1,Monday
65,1,2015-02-16,7281,622,1,1,0,0,a,c,1500.0,0.0,2014.0,0,0.0,0.0,None,2015,2,16,8,1,Monday
66,1,2015-02-16,3921,449,1,0,0,0,a,a,15000.0,3.0,2010.0,0,0.0,0.0,None,2015,2,16,8,1,Monday
67,1,2015-02-16,2141,308,1,0,0,0,d,c,1500.0,1.0,2012.0,0,0.0,0.0,None,2015,2,16,8,1,Monday
68,1,2015-02-16,10914,984,1,0,0,0,c,c,500.0,7.0,0.0,0,0.0,0.0,None,2015,2,16,8,1,Monday
69,1,2015-02-16,6643,669,1,0,0,0,d,c,15000.0,1.0,2012.0,1,31.0,2013.0,"Mar,Jun,Sept,Dec",2015,2,16,8,1,Monday
70,1,2015-02-16,4201,314,1,1,0,1,a,a,3000.0,5.0,0.0,0,0.0,0.0,None,2015,2,16,8,1,Monday
71,1,2015-02-16,4309,436,1,0,0,0,a,c,120.0,1.0,2008.0,1,31.0,2009.0,"Jan,Apr,Jul,Oct",2015,2,16,8,1,Monday
72,1,2015-02-16,2790,427,1,0,0,0,a,c,7500.0,9.0,2010.0,0,0.0,0.0,None,2015,2,16,8,1,Monday
73,1,2015-02-16,10004,877,1,0,0,1,d,c,500.0,5.0,2008.0,1,40.0,2013.0,"Mar,Jun,Sept,Dec",2015,2,16,8,1,Monday
74,1,2015-02-16,7213,842,1,0,0,0,a,a,500.0,7.0,2012.0,0,0.0,0.0,None,2015,2,16,8,1,Monday
75,1,2015-02-16,5180,645,1,0,0,0,c,c,3000.0,11.0,0.0,1,14.0,2009.0,"Feb,May,Aug,Nov",2015,2,16,8,1,Monday
76,1,2015-02-16,8830,759,1,0,0,1,a,a,120.0,0.0,2014.0,0,0.0,0.0,None,2015,2,16,8,1,Monday
77,1,2015-02-16,5079,797,1,0,0,0,d,c,1500.0,11.0,2012.0,0,0.0,0.0,None,2015,2,16,8,1,Monday
78,1,2015-02-16,7027,1151,1,0,0,0,d,c,500.0,3.0,2010.0,0,0.0,0.0,None,2015,2,16,8,1,Monday
79,1,2015-02-16,3407,387,1,1,0,0,a,a,500.0,0.0,2012.0,1,14.0,2015.0,"Mar,Jun,Sept,Dec",2015,2,16,8,1,Monday
80,1,2015-02-16,4819,542,1,0,0,0,a,a,15000.0,9.0,2010.0,0,0.0,0.0,None,2015,2,16,8,1,Monday
81,1,2015-02-16,3597,334,1,0,0,0,a,a,1500.0,1.0,2010.0,1,22.0,2009.0,"Jan,Apr,Jul,Oct",2015,2,16,8,1,Monday
82,1,2015-02-16,7113,932,1,1,0,0,a,a,1500.0,0.0,0.0,0,0.0,0.0,None,2015,2,16,8,1,Monday
83,1,2015-02-16,4356,368,1,0,0,1,a,c,500.0,7.0,2014.0,0,0.0,0.0,None,2015,2,16,8,1,Monday
84,1,2015-02-16,11404,967,1,1,0,0,d,a,1500.0,0.0,2005.0,0,0.0,0.0,None,2015,2,16,8,1,Monday
85,1,2015-02-16,1794,303,1,0,0,1,d,c,120.0,0.0,2014.0,1,1.0,2013.0,"Jan,Apr,Jul,Oct",2015,2,16,8,1,Monday
86,1,2015-02-16,2988,324,1,0,0,0,d,a,3000.0,0.0,2012.0,0,0.0,0.0,None,2015,2,16,8,1,Monday
87,1,2015-02-16,6155,663,1,0,0,0,a,a,1500.0,0.0,0.0,0,0.0,0.0,None,2015,2,16,8,1,Monday
88,1,2015-02-16,5802,499,1,1,0,0,d,c,3000.0,3.0,2012.0,1,31.0,2009.0,"Feb,May,Aug,Nov",2015,2,16,8,1,Monday
89,1,2015-02-16,8013,1172,1,1,0,0,d,a,1500.0,9.0,0.0,1,31.0,2015.0,"Feb,May,Aug,Nov",2015,2,16,8,1,Monday
90,1,2015-02-16,3902,395,1,1,0,0,d,c,1500.0,0.0,0.0,0,0.0,0.0,None,2015,2,16,8,1,Monday
91,1,2015-02-16,5312,552,1,1,0,0,a,c,1500.0,3.0,2008.0,0,0.0,0.0,None,2015,2,16,8,1,Monday
92,1,2015-02-16,3933,425,1,0,0,1,d,c,120.0,3.0,0.0,1,31.0,2009.0,"Feb,May,Aug,Nov",2015,2,16,8,1,Monday
93,1,2015-02-16,8074,1075,1,0,0,0,d,a,120.0,5.0,2005.0,0,0.0,0.0,None,2015,2,16,8,1,Monday
94,1,2015-02-16,5366,361,1,1,0,0,c,a,500.0,11.0,2005.0,0,0.0,0.0,None,2015,2,16,8,1,Monday
95,1,2015-02-16,3824,455,1,0,0,0,a,c,500.0,11.0,2005.0,1,31.0,2009.0,"Feb,May,Aug,Nov",2015,2,16,8,1,Monday
96,1,2015-02-16,9321,888,1,1,0,0,d,c,500.0,7.0,2005.0,1,10.0,2009.0,"Feb,May,Aug,Nov",2015,2,16,8,1,Monday
97,1,2015-02-16,5097,639,1,0,0,0,c,a,120.0,0.0,2008.0,0,0.0,0.0,None,2015,2,16,8,1,Monday
98,1,2015-02-16,9598,937,1,0,0,0,c,a,500.0,3.0,2008.0,1,10.0,2009.0,"Feb,May,Aug,Nov",2015,2,16,8,1,Monday
99,1,2015-02-16,4376,322,1,1,0,0,a,c,500.0,1.0,2012.0,0,0.0,0.0,None,2015,2,16,8,1,Monday
100,1,2015-02-16,4747,843,1,0,0,0,b,c,500.0,9.0,2005.0,0,0.0,0.0,None,2015,2,16,8,1,Monday
1,2,2015-02-17,10155,1098,1,0,0,0,a,c,3000.0,7.0,2012.0,0,0.0,0.0,None,2015,2,17,8,1,Tuesday
2,2,2015-02-17,5646,931,1,0,0,0,a,a,7500.0,5.0,2008.0,0,0.0,0.0,None,2015,2,17,8,1,Tuesday
3,2,2015-02-17,6839,592,1,0,0,0,d,c,500.0,5.0,2012.0,1,10.0,2011.0,"Jan,Apr,Jul,Oct",2015,2,17,8,1,Tuesday
4,2,2015-02-17,4986,808,1,0,0,0,a,a,1500.0,1.0,2010.0,1,40.0,2011.0,"Mar,Jun,Sept,Dec",2015,2,17,8,1,Tuesday
5,2,2015-02-17,6531,732,1,1,0,0,c,a,15000.0,0.0,2008.0,1,31.0,2009.0,"Mar,Jun,Sept,Dec",2015,2,17,8,1,Tuesday
6,2,2015-02-17,2191,373,1,0,0,0,a,c,1500.0,1.0,0.0,0,0.0,0.0,None,2015,2,17,8,1,Tuesday
7,2,2015-02-17,3680,420,1,0,0,0,a,a,1500.0,5.0,2012.0,1,14.0,2011.0,"Jan,Apr,Jul,Oct",2015,2,17,8,1,Tuesday
8,2,2015-02-17,7641,722,1,0,0,1,a,c,500.0,9.0,2014.0,1,40.0,2009.0,"Mar,Jun,Sept,Dec",2015,2,17,8,1,Tuesday
9,2,2015-02-17,4639,401,1,0,0,0,d,a,500.0,5.0,2014.0,1,40.0,2013.0,"Jan,Apr,Jul,Oct",2015,2,17,8,1,Tuesday
10,2,2015-02-17,8444,642,1,1,0,0,d,c,3000.0,11.0,2012.0,1,1.0,2015.0,"Jan,Apr,Jul,Oct",2015,2,17,8,1,Tuesday
11,2,2015-02-17,5244,539,1,1,0,0,a,c,120.0,11.0,0.0,1,22.0,2015.0,"Mar,Jun,Sept,Dec",2015,2,17,8,1,Tuesday
12,2,2015-02-17,5452,879,1,1,0,0,d,c,3000.0,0.0,2008.0,0,0.0,0.0,None,2015,2,17,8,1,Tuesday
13,2,2015-02-17,6127,1013,1,0,0,0,a,a,7500.0,5.0,2005.0,0,0.0,0.0,None,2015,2,17,8,1,Tuesday
14,2,2015-02-17,5961,954,1,0,0,1,a,c,1500.0,5.0,2014.0,1,1.0,2013.0,"Jan,Apr,Jul,Oct",2015,2,17,8,1,Tuesday
15,2,2015-02-17,11340,989,1,1,0,0,d,c,3000.0,11.0,2014.0,1,1.0,2013.0,"Mar,Jun,Sept,Dec",2015,2,17,8,1,Tuesday
16,2,2015-02-17,13978,1171,1,0,0,0,a,a,500.0,11.0,0.0,0,0.0,0.0,None,2015,2,17,8,1,Tuesday
17,2,2015-02-17,3546,329,1,1,0,1,a,c,500.0,7.0,2008.0,0,0.0,0.0,None,2015,2,17,8,1,Tuesday
18,2,2015-02-17,9191,1152,1,1,0,0,d,c,1500.0,5.0,2005.0,1,40.0,2009.0,"Jan,Apr,Jul,Oct",2015,2,17,8,1,Tuesday
19,2,2015-02-17,6175,724,1,1,0,1,d,c,120.0,9.0,2014.0,1,10.0,2013.0,"Jan,Apr,Jul,Oct",2015,2,17,8,1,Tuesday
20,2,2015-02-17,6447,863,1,1,0,0,a,a,500.0,9.0,0.0,1,1.0,2013.0,"Mar,Jun,Sept,Dec",2015,2,17,8,1,Tuesday
21,2,2015-02-17,5871,626,1,1,0,0,a,c,1500.0,0.0,2008.0,0,0.0,0.0,None,2015,2,17,8,1,Tuesday
22,2,2015-02-17,7086,855,1,0,0,0,a,a,500.0,0.0,2010.0,0,0.0,0.0,None,2015,2,17,8,1,Tuesday
23,2,2015-02-17,12076,1066,1,0,0,0,d,c,500.0,1.0,2008.0,0,0.0,0.0,None,2015,2,17,8,1,Tuesday
24,2,2015-02-17,4824,605,1,1,0,0,a,a,1500.0,1.0,2010.0,0,0.0,0.0,None,2015,2,17,8,1,Tuesday
25,2,2015-02-17,6307,687,1,1,0,0,a,c,500.0,1.0,2012.0,0,0.0,0.0,None,2015,2,17,8,1,Tuesday
26,2,2015-02-17,3271,313,1,0,0,0,d,a,1500.0,3.0,2008.0,0,0.0,0.0,None,2015,2,17,8,1,Tuesday
27,2,2015-02-17,3787,559,1,0,0,1,d,a,15000.0,9.0,2008.0,1,1.0,2009.0,"Mar,Jun,Sept,Dec",2015,2,17,8,1,Tuesday
28,2,2015-02-17,2610,393,1,0,0,0,a,a,1500.0,3.0,2010.0,0,0.0,0.0,None,2015,2,17,8,1,Tuesday
29,2,2015-02-17,5686,919,1,0,0,0,a,a,1500.0,5.0,0.0,1,10.0,2015.0,"Jan,Apr,Jul,Oct",2015,2,17,8,1,Tuesday
30,2,2015-02-17,9639,1064,1,0,0,1,c,c,500.0,11.0,2014.0,1,22.0,2015.0,"Feb,May,Aug,Nov",2015,2,17,8,1,Tuesday
31,2,2015-02-17,11954,1129,1,1,0,1,d,c,500.0,0.0,2014.0,1,31.0,2015.0,"Mar,Jun,Sept,Dec",2015,2,17,8,1,Tuesday
32,2,2015-02-17,5432,528,1,0,0,0,a,a,3000.0,3.0,2010.0,1,1.0,2015.0,"Mar,Jun,Sept,Dec",2015,2,17,8,1,Tuesday
33,2,2015-02-17,5151,412,1,1,0,0,d,c,1500.0,9.0,2008.0,0,0.0,0.0,None,2015,2,17,8,1,Tuesday
34,2,2015-02-17,5582,793,1,0,0,0,d,c,500.0,9.0,2005.0,0,0.0,0.0,None,2015,2,17,8,1,Tuesday
35,2,2015-02-17,1908,332,1,0,0,0,a,c,120.0,5.0,0.0,1,22.0,2015.0,"Mar,Jun,Sept,Dec",2015,2,17,8,1,Tuesday
36,2,2015-02-17,7674,733,1,1,0,1,d,a,1500.0,3.0,2008.0,1,40.0,2011.0,"Feb,May,Aug,Nov",2015,2,17,8,1,Tuesday
37,2,2015-02-17,5350,450,1,0,0,0,d,a,7500.0,3.0,2008.0,1,40.0,2009.0,"Mar,Jun,Sept,Dec",2015,2,17,8,1,Tuesday
38,2,2015-02-17,10860,1070,1,1,0,1,a,a,3000.0,3.0,2010.0,0,0.0,0.0,None,2015,2,17,8,1,Tuesday
39,2,2015-02-17,7727,816,1,1,0,0,c,a,7500.0,7.0,2014.0,1,14.0,2015.0,"Jan,Apr,Jul,Oct",2015,2,17,8,1,Tuesday
40,2,2015-02-17,12020,1100,1,1,0,0,d,a,1500.0,11.0,2008.0,1,22.0,2013.0,"Jan,Apr,Jul,Oct",2015,2,17,8,1,Tuesday
41,2,2015-02-17,4227,588,1,1,0,1,a,c,500.0,1.0,0.0,0,0.0,0.0,None,2015,2,17,8,1,Tuesday
42,2,2015-02-17,11743,1034,1,0,0,1,d,c,120.0,1.0,2014.0,0,0.0,0.0,None,2015,2,17,8,1,Tuesday
43,2,2015-02-17,7326,673,1,1,0,0,a,a,500.0,0.0,0.0,1,31.0,2011.0,"Mar,Jun,Sept,Dec",2015,2,17,8,1,Tuesday
44,2,2015-02-17,8619,1163,1,0,0,1,a,a,1500.0,5.0,2005.0,0,0.0,0.0,None,2015,2,17,8,1,Tuesday
45,2,2015-02-17,9111,1185,1,1,0,0,c,a,120.0,9.0,2014.0,1,22.0,2011.0,"Feb,May,Aug,Nov",2015,2,17,8,1,Tuesday
46,2,2015-02-17,3521,308,1,0,0,0,a,c,500.0,1.0,2014.0,0,0.0,0.0,None,2015,2,17,8,1,Tuesday
47,2,2015-02-17,9263,976,1,1,0,0,c,a,1500.0,0.0,0.0,1,40.0,2013.0,"Jan,Apr,Jul,Oct",2015,2,17,8,1,Tuesday
48,2,2015-02-17,5081,784,1,0,0,0,a,c,500.0,7.0,2010.0,1,22.0,2011.0,"Mar,Jun,Sept,Dec",2015,2,17,8,1,Tuesday
49,2,2015-02-17,8943,850,1,0,0,1,d,a,120.0,1.0,2010.0,1,14.0,2009.0,"Mar,Jun,Sept,Dec",2015,2,17,8,1,Tuesday
50,2,2015-02-17,7177,790,1,0,0,1,a,c,500.0,1.0,2012.0,0,0.0,0.0,None,2015,2,17,8,1,Tuesday
51,2,2015-02-17,6564,679,1,0,0,0,a,c,120.0,1.0,0.0,0,0.0,0.0,None,2015,2,17,8,1,Tuesday
52,2,2015-02-17,7517,871,1,1,0,0,a,a,120.0,7.0,2012.0,1,31.0,2013.0,"Mar,Jun,Sept,Dec",2015,2,17,8,1,Tuesday
53,2,2015-02-17,9333,1064,1,1,0,1,a,c,1500.0,0.0,0.0,1,14.0,2009.0,"Feb,May,Aug,Nov",2015,2,17,8,1,Tuesday
54,2,2015-02-17,10775,996,1,0,0,1,a,a,1500.0,0.0,0.0,0,0.0,0.0,None,2015,2,17,8,1,Tuesday
55,2,2015-02-17,8413,944,1,1,0,0,d,c,1500.0,1.0,2005.0,1,22.0,2009.0,"Feb,May,Aug,Nov",2015,2,17,8,1,Tuesday
56,2,2015-02-17,0,0,0,1,0,0,a,a,1500.0,7.0,2010.0,0,0.0,0.0,None,2015,2,17,8,1,Tuesday
57,2,2015-02-17,10588,882,1,1,0,0,a,c,1500.0,0.0,2012.0,1,10.0,2009.0,"Mar,Jun,Sept,Dec",2015,2,17,8,1,Tuesday
58,2,2015-02-17,8975,979,1,1,0,0,d,c,1500.0,0.0,0.0,1,14.0,2009.0,"Mar,Jun,Sept,Dec",2015,2,17,8,1,Tuesday
59,2,2015-02-17,1992,354,1,0,0,0,d,c,500.0,7.0,2012.0,0,0.0,0.0,None,2015,2,17,8,1,Tuesday
60,2,2015-02-17,6229,674,1,0,0,0,a,a,1500.0,11.0,0.0,1,31.0,2011.0,"Feb,May,Aug,Nov",2015,2,17,8,1,Tuesday
61,2,2015-02-17,7457,984,1,0,0,1,a,c,500.0,5.0,2005.0,1,31.0,2013.0,"Jan,Apr,Jul,Oct",2015,2,17,8,1,Tuesday
62,2,2015-02-17,12406,1173,1,1,0,0,a,a,15000.0,5.0,2005.0,0,0.0,0.0,None,2015,2,17,8,1,Tuesday
63,2,2015-02-17,11917,1142,1,1,0,0,c,c,3000.0,5.0,2005.0,0,0.0,0.0,None,2015,2,17,8,1,Tuesday
64,2,2015-02-17,4058,395,1,1,0,0,c,c,1500.0,5.0,0.0,1,1.0,2013.0,"Jan,Apr,Jul,Oct",2015,2,17,8,1,Tuesday
65,2,2015-02-17,5270,632,1,0,0,1,a,c,1500.0,0.0,2014.0,0,0.0,0.0,None,2015,2,17,8,1,Tuesday
66,2,2015-02-17,9613,1188,1,1,0,0,a,a,15000.0,3.0,2010.0,0,0.0,0.0,None,2015,2,17,8,1,Tuesday
67,2,2015-02-17,4974,506,1,0,0,1,d,c,1500.0,1.0,2012.0,0,0.0,0.0,None,2015,2,17,8,1,Tuesday
68,2,2015-02-17,6466,566,1,0,0,0,c,c,500.0,7.0,0.0,0,0.0,0.0,None,2015,2,17,8,1,Tuesday
69,2,2015-02-17,8489,813,1,1,0,0,d,c,15000.0,1.0,2012.0,1,31.0,2013.0,"Mar,Jun,Sept,Dec",2015,2,17,8,1,Tuesday
70,2,2015-02-17,3432,382,1,1,0,0,a,a,3000.0,5.0,0.0,0,0.0,0.0,None,2015,2,17,8,1,Tuesday
71,2,2015-02-17,6940,773,1,0,0,0,a,c,120.0,1.0,2008.0,1,31.0,2009.0,"Jan,Apr,Jul,Oct",2015,2,17,8,1,Tuesday
72,2,2015-02-17,5286,954,1,0,0,0,a,c,7500.0,9.0,2010.0,0,0.0,0.0,None,2015,2,17,8,1,Tuesday
73,2,2015-02-17,8581,897,1,0,0,0,d,c,500.0,5.0,2008.0,1,40.0,2013.0,"Mar,Jun,Sept,Dec",2015,2,17,8,1,Tuesday
74,2,2015-02-17,10988,937,1,1,0,0,a,a,500.0,7.0,2012.0,0,0.0,0.0,None,2015,2,17,8,1,Tuesday
75,2,2015-02-17,10289,999,1,0,0,0,c,c,3000.0,11.0,0.0,1,14.0,2009.0,"Feb,May,Aug,Nov",2015,2,17,8,1,Tuesday
76,2,2015-02-17,4839,481,1,0,0,0,a,a,120.0,0.0,2014.0,0,0.0,0.0,None,2015,2,17,8,1,Tuesday
77,2,2015-02-17,6072,1078,1,0,0,1,d,c,1500.0,11.0,2012.0,0,0.0,0.0,None,2015,2,17,8,1,Tuesday
78,2,2015-02-17,8555,908,1,0,0,0,d,c,500.0,3.0,2010.0,0,0.0,0.0,None,2015,2,17,8,1,Tuesday
79,2,2015-02-17,5949,646,1,1,0,0,a,a,500.0,0.0,2012.0,1,14.0,2015.0,"Mar,Jun,Sept,Dec",2015,2,17,8,1,Tuesday
80,2,2015-02-17,2830,407,1,0,0,0,a,a,15000.0,9.0,2010.0,0,0.0,0.0,None,2015,2,17,8,1,Tuesday
81,2,2015-02-17,5787,1012,1,0,0,0,a,a,1500.0,1.0,2010.0,1,22.0,2009.0,"Jan,Apr,Jul,Oct",2015,2,17,8,1,Tuesday
82,2,2015-02-17,4009,420,1,0,0,0,a,a,1500.0,0.0,0.0,0,0.0,0.0,None,2015,2,17,8,1,Tuesday
83,2,2015-02-17,10088,957,1,0,0,1,a,c,500.0,7.0,2014.0,0,0.0,0.0,None,2015,2,17,8,1,Tuesday
84,2,2015-02-17,7917,775,1,0,0,0,d,a,1500.0,0.0,2005.0,0,0.0,0.0,None,2015,2,17,8,1,Tuesday
85,2,2015-02-17,5610,863,1,0,0,1,d,c,120.0,0.0,2014.0,1,1.0,2013.0,"Jan,Apr,Jul,Oct",2015,2,17,8,1,Tuesday
86,2,2015-02-17,3982,394,1,1,0,0,d,a,3000.0,0.0,2012.0,0,0.0,0.0,None,2015,2,17,8,1,Tuesday
87,2,2015-02-17,9310,1139,1,1,0,1,a,a,1500.0,0.0,0.0,0,0.0,0.0,None,2015,2,17,8,1,Tuesday
88,2,2015-02-17,4162,494,1,1,0,0,d,c,3000.0,3.0,2012.0,1,31.0,2009.0,"Feb,May,Aug,Nov",2015,2,17,8,1,Tuesday
89,2,2015-02-17,6170,1094,1,0,0,0,d,a,1500.0,9.0,0.0,1,31.0,2015.0,"Feb,May,Aug,Nov",2015,2,17,8,1,Tuesday
90,2,2015-02-17,4079,670,1,0,0,0,d,c,1500.0,0.0,0.0,0,0.0,0.0,None,2015,2,17,8,1,Tuesday
91,2,2015-02-17,4965,499,1,1,0,1,a,c,1500.0,3.0,2008.0,0,0.0,0.0,None,2015,2,17,8,1,Tuesday
92,2,2015-02-17,5928,953,1,0,0,1,d,c,120.0,3.0,0.0,1,31.0,2009.0,"Feb,May,Aug,Nov",2015,2,17,8,1,Tuesday
93,2,2015-02-17,3737,317,1,1,0,0,d,a,120.0,5.0,2005.0,0,0.0,0.0,None,2015,2,17,8,1,Tuesday
94,2,2015-02-17,13757,1075,1,1,0,0,c,a,500.0,11.0,2005.0,0,0.0,0.0,None,2015,2,17,8,1,Tuesday
95,2,2015-02-17,4661,645,1,0,0,0,a,c,500.0,11.0,2005.0,1,31.0,2009.0,"Feb,May,Aug,Nov",2015,2,17,8,1,Tuesday
96,2,2015-02-17,8929,925,1,1,0,0,d,c,500.0,7.0,2005.0,1,10.0,2009.0,"Feb,May,Aug,Nov",2015,2,17,8,1,Tuesday
97,2,2015-02-17,9919,928,1,0,0,0,c,a,120.0,0.0,2008.0,0,0.0,0.0,None,2015,2,17,8,1,Tuesday
98,2,2015-02-17,6855,898,1,0,0,0,c,a,500.0,3.0,2008.0,1,10.0,2009.0,"Feb,May,Aug,Nov",2015,2,17,8,1,Tuesday
99,2,2015-02-17,5734,745,1,0,0,0,a,c,500.0,1.0,2012.0,0,0.0,0.0,None,2015,2,17,8,1,Tuesday
100,2,2015-02-17,4227,354,1,0,0,0,b,c,500.0,9.0,2005.0,0,0.0,0.0,None,2015,2,17,8,1,Tuesday
1,3,2015-02-18,8431,729,1,0,0,1,a,c,3000.0,7.0,2012.0,0,0.0,0.0,None,2015,2,18,8,1,Wednesday
2,3,2015-02-18,5672,786,1,1,0,0,a,a,7500.0,5.0,2008.0,0,0.0,0.0,None,2015,2,18,8,1,Wednesday
3,3,2015-02-18,10162,870,1,1,0,0,d,c,500.0,5.0,2012.0,1,10.0,2011.0,"Jan,Apr,Jul,Oct",2015,2,18,8,1,Wednesday
4,3,2015-02-18,4508,524,1,0,0,0,a,a,1500.0,1.0,2010.0,1,40.0,2011.0,"Mar,Jun,Sept,Dec",2015,2,18,8,1,Wednesday
5,3,2015-02-18,6460,638,1,0,0,0,c,a,15000.0,0.0,2008.0,1,31.0,2009.0,"Mar,Jun,Sept,Dec",2015,2,18,8,1,Wednesday
6,3,2015-02-18,5853,517,1,1,0,0,a,c,1500.0,1.0,0.0,0,0.0,0.0,None,2015,2,18,8,1,Wednesday
7,3,2015-02-18,7562,1006,1,0,0,0,a,a,1500.0,5.0,2012.0,1,14.0,2011.0,"Jan,Apr,Jul,Oct",2015,2,18,8,1,Wednesday
8,3,2015-02-18,5773,755,1,0,0,0,a,c,500.0,9.0,2014.0,1,40.0,2009.0,"Mar,Jun,Sept,Dec",2015,2,18,8,1,Wednesday
9,3,2015-02-18,4436,411,1,0,0,0,d,a,500.0,5.0,2014.0,1,40.0,2013.0,"Jan,Apr,Jul,Oct",2015,2,18,8,1,Wednesday
10,3,2015-02-18,3059,487,1,0,0,0,d,c,3000.0,11.0,2012.0,1,1.0,2015.0,"Jan,Apr,Jul,Oct",2015,2,18,8,1,Wednesday
11,3,2015-02-18,11950,1017,1,1,0,0,a,c,120.0,11.0,0.0,1,22.0,2015.0,"Mar,Jun,Sept,Dec",2015,2,18,8,1,Wednesday
12,3,2015-02-18,5195,597,1,1,0,0,d,c,3000.0,0.0,2008.0,0,0.0,0.0,None,2015,2,18,8,1,Wednesday
13,3,2015-02-18,6867,910,1,0,0,1,a,a,7500.0,5.0,2005.0,0,0.0,0.0,None,2015,2,18,8,1,Wednesday
14,3,2015-02-18,9473,803,1,0,0,0,a,c,1500.0,5.0,2014.0,1,1.0,2013.0,"Jan,Apr,Jul,Oct",2015,2,18,8,1,Wednesday
15,3,2015-02-18,2663,307,1,1,0,1,d,c,3000.0,11.0,2014.0,1,1.0,2013.0,"Mar,Jun,Sept,Dec",2015,2,18,8,1,Wednesday
16,3,2015-02-18,7909,650,1,1,0,0,a,a,500.0,11.0,0.0,0,0.0,0.0,None,2015,2,18,8,1,Wednesday
17,3,2015-02-18,7054,734,1,0,0,0,a,c,500.0,7.0,2008.0,0,0.0,0.0,None,2015,2,18,8,1,Wednesday
18,3,2015-02-18,3652,619,1,0,0,1,d,c,1500.0,5.0,2005.0,1,40.0,2009.0,"Jan,Apr,Jul,Oct",2015,2,18,8,1,Wednesday
19,3,2015-02-18,3349,471,1,0,0,0,d,c,120.0,9.0,2014.0,1,10.0,2013.0,"Jan,Apr,Jul,Oct",2015,2,18,8,1,Wednesday
20,3,2015-02-18,5706,859,1,0,0,0,a,a,500.0,9.0,0.0,1,1.0,2013.0,"Mar,Jun,Sept,Dec",2015,2,18,8,1,Wednesday
21,3,2015-02-18,5331,416,1,1,0,0,a,c,1500.0,0.0,2008.0,0,0.0,0.0,None,2015,2,18,8,1,Wednesday
22,3,2015-02-18,7876,657,1,0,0,0,a,a,500.0,0.0,2010.0,0,0.0,0.0,None,2015,2,18,8,1,Wednesday
23,3,2015-02-18,6682,814,1,0,0,0,d,c,500.0,1.0,2008.0,0,0.0,0.0,None,2015,2,18,8,1,Wednesday
24,3,2015-02-18,7337,756,1,0,0,0,a,a,1500.0,1.0,2010.0,0,0.0,0.0,None,2015,2,18,8,1,Wednesday
25,3,2015-02-18,5299,378,1,1,0,0,a,c,500.0,1.0,2012.0,0,0.0,0.0,None,2015,2,18,8,1,Wednesday
26,3,2015-02-18,4229,458,1,0,0,0,d,a,1500.0,3.0,2008.0,0,0.0,0.0,None,2015,2,18,8,1,Wednesday
27,3,2015-02-18,5856,537,1,0,0,0,d,a,15000.0,9.0,2008.0,1,1.0,2009.0,"Mar,Jun,Sept,Dec",2015,2,18,8,1,Wednesday
28,3,2015-02-18,7359,1061,1,1,0,0,a,a,1500.0,3.0,2010.0,0,0.0,0.0,None,2015,2,18,8,1,Wednesday
29,3,2015-02-18,3837,501,1,1,0,1,a,a,1500.0,5.0,0.0,1,10.0,2015.0,"Jan,Apr,Jul,Oct",2015,2,18,8,1,Wednesday
30,3,2015-02-18,6698,471,1,1,0,0,c,c,500.0,11.0,2014.0,1,22.0,2015.0,"Feb,May,Aug,Nov",2015,2,18,8,1,Wednesday
31,3,2015-02-18,6269,492,1,1,0,0,d,c,500.0,0.0,2014.0,1,31.0,2015.0,"Mar,Jun,Sept,Dec",2015,2,18,8,1,Wednesday
32,3,2015-02-18,2301,335,1,0,0,0,a,a,3000.0,3.0,2010.0,1,1.0,2015.0,"Mar,Jun,Sept,Dec",2015,2,18,8,1,Wednesday
33,3,2015-02-18,4672,668,1,1,0,0,d,c,1500.0,9.0,2008.0,0,0.0,0.0,None,2015,2,18,8,1,Wednesday
34,3,2015-02-18,4594,440,1,1,0,0,d,c,500.0,9.0,2005.0,0,0.0,0.0,None,2015,2,18,8,1,Wednesday
35,3,2015-02-18,2859,365,1,0,0,1,a,c,120.0,5.0,0.0,1,22.0,2015.0,"Mar,Jun,Sept,Dec",2015,2,18,8,1,Wednesday
36,3,2015-02-18,2278,303,1,0,0,0,d,a,1500.0,3.0,2008.0,1,40.0,2011.0,"Feb,May,Aug,Nov",2015,2,18,8,1,Wednesday
37,3,2015-02-18,6669,752,1,0,0,0,d,a,7500.0,3.0,2008.0,1,40.0,2009.0,"Mar,Jun,Sept,Dec",2015,2,18,8,1,Wednesday
38,3,2015-02-18,4445,634,1,0,0,0,a,a,3000.0,3.0,2010.0,0,0.0,0.0,None,2015,2,18,8,1,Wednesday
39,3,2015-02-18,7486,698,1,1,0,0,c,a,7500.0,7.0,2014.0,1,14.0,2015.0,"Jan,Apr,Jul,Oct",2015,2,18,8,1,Wednesday
40,3,2015-02-18,6667,644,1,0,0,0,d,a,1500.0,11.0,2008.0,1,22.0,2013.0,"Jan,Apr,Jul,Oct",2015,2,18,8,1,Wednesday
41,3,2015-02-18,8363,968,1,1,0,0,a,c,500.0,1.0,0.0,0,0.0,0.0,None,2015,2,18,8,1,Wednesday
42,3,2015-02-18,4193,439,1,1,0,0,d,c,120.0,1.0,2014.0,0,0.0,0.0,None,2015,2,18,8,1,Wednesday
43,3,2015-02-18,6576,632,1,1,0,1,a,a,500.0,0.0,0.0,1,31.0,2011.0,"Mar,Jun,Sept,Dec",2015,2,18,8,1,Wednesday
44,3,2015-02-18,0,0,0,1,0,0,a,a,1500.0,5.0,2005.0,0,0.0,0.0,None,2015,2,18,8,1,Wednesday
45,3,2015-02-18,4120,679,1,0,0,1,c,a,120.0,9.0,2014.0,1,22.0,2011.0,"Feb,May,Aug,Nov",2015,2,18,8,1,Wednesday
46,3,2015-02-18,3779,549,1,1,0,1,a,c,500.0,1.0,2014.0,0,0.0,0.0,None,2015,2,18,8,1,Wednesday
47,3,2015-02-18,9841,910,1,1,0,0,c,a,1500.0,0.0,0.0,1,40.0,2013.0,"Jan,Apr,Jul,Oct",2015,2,18,8,1,Wednesday
48,3,2015-02-18,1850,329,1,0,0,0,a,c,500.0,7.0,2010.0,1,22.0,2011.0,"Mar,Jun,Sept,Dec",2015,2,18,8,1,Wednesday
49,3,2015-02-18,5979,1084,1,0,0,0,d,a,120.0,1.0,2010.0,1,14.0,2009.0,"Mar,Jun,Sept,Dec",2015,2,18,8,1,Wednesday
50,3,2015-02-18,11766,1197,1,0,0,0,a,c,500.0,1.0,2012.0,0,0.0,0.0,None,2015,2,18,8,1,Wednesday
51,3,2015-02-18,9214,980,1,0,0,0,a,c,120.0,1.0,0.0,0,0.0,0.0,None,2015,2,18,8,1,Wednesday
52,3,2015-02-18,8387,755,1,0,0,1,a,a,120.0,7.0,2012.0,1,31.0,2013.0,"Mar,Jun,Sept,Dec",2015,2,18,8,1,Wednesday
53,3,2015-02-18,4708,509,1,0,0,0,a,c,1500.0,0.0,0.0,1,14.0,2009.0,"Feb,May,Aug,Nov",2015,2,18,8,1,Wednesday
54,3,2015-02-18,12282,1148,1,0,0,0,a,a,1500.0,0.0,0.0,0,0.0,0.0,None,2015,2,18,8,1,Wednesday
55,3,2015-02-18,5988,963,1,0,0,0,d,c,1500.0,1.0,2005.0,1,22.0,2009.0,"Feb,May,Aug,Nov",2015,2,18,8,1,Wednesday
56,3,2015-02-18,4779,442,1,0,0,0,a,a,1500.0,7.0,2010.0,0,0.0,0.0,None,2015,2,18,8,1,Wednesday
57,3,2015-02-18,11437,1002,1,0,0,1,a,c,1500.0,0.0,2012.0,1,10.0,2009.0,"Mar,Jun,Sept,Dec",2015,2,18,8,1,Wednesday
58,3,2015-02-18,3342,338,1,0,0,0,d,c,1500.0,0.0,0.0,1,14.0,2009.0,"Mar,Jun,Sept,Dec",2015,2,18,8,1,Wednesday
59,3,2015-02-18,5451,539,1,1,0,0,d,c,500.0,7.0,2012.0,0,0.0,0.0,None,2015,2,18,8,1,Wednesday
60,3,2015-02-18,10735,1191,1,1,0,0,a,a,1500.0,11.0,0.0,1,31.0,2011.0,"Feb,May,Aug,Nov",2015,2,18,8,1,Wednesday
61,3,2015-02-18,7586,963,1,1,0,0,a,c,500.0,5.0,2005.0,1,31.0,2013.0,"Jan,Apr,Jul,Oct",2015,2,18,8,1,Wednesday
62,3,2015-02-18,6578,592,1,0,0,0,a,a,15000.0,5.0,2005.0,0,0.0,0.0,None,2015,2,18,8,1,Wednesday
63,3,2015-02-18,4638,574,1,0,0,0,c,c,3000.0,5.0,2005.0,0,0.0,0.0,None,2015,2,18,8,1,Wednesday
64,3,2015-02-18,8665,723,1,0,0,0,c,c,1500.0,5.0,0.0,1,1.0,2013.0,"Jan,Apr,Jul,Oct",2015,2,18,8,1,Wednesday
65,3,2015-02-18,5062,599,1,0,0,0,a,c,1500.0,0.0,2014.0,0,0.0,0.0,None,2015,2,18,8,1,Wednesday
66,3,2015-02-18,7325,631,1,1,0,0,a,a,15000.0,3.0,2010.0,0,0.0,0.0,None,2015,2,18,8,1,Wednesday
67,3,2015-02-18,13023,1071,1,1,0,0,d,c,1500.0,1.0,2012.0,0,0.0,0.0,None,2015,2,18,8,1,Wednesday
68,3,2015-02-18,4194,358,1,0,0,0,c,c,500.0,7.0,0.0,0,0.0,0.0,None,2015,2,18,8,1,Wednesday
69,3,2015-02-18,13122,1199,1,0,0,0,d,c,15000.0,1.0,2012.0,1,31.0,2013.0,"Mar,Jun,Sept,Dec",2015,2,18,8,1,Wednesday
70,3,2015-02-18,7096,706,1,0,0,0,a,a,3000.0,5.0,0.0,0,0.0,0.0,None,2015,2,18,8,1,Wednesday
71,3,2015-02-18,6240,698,1,1,0,0,a,c,120.0,1.0,2008.0,1,31.0,2009.0,"Jan,Apr,Jul,Oct",2015,2,18,8,1,Wednesday
72,3,2015-02-18,3560,402,1,1,0,0,a,c,7500.0,9.0,2010.0,0,0.0,0.0,None,2015,2,18,8,1,Wednesday
73,3,2015-02-18,7940,601,1,1,0,0,d,c,500.0,5.0,2008.0,1,40.0,2013.0,"Mar,Jun,Sept,Dec",2015,2,18,8,1,Wednesday
74,3,2015-02-18,3483,373,1,0,0,1,a,a,500.0,7.0,2012.0,0,0.0,0.0,None,2015,2,18,8,1,Wednesday
75,3,2015-02-18,10076,855,1,0,0,0,c,c,3000.0,11.0,0.0,1,14.0,2009.0,"Feb,May,Aug,Nov",2015,2,18,8,1,Wednesday
76,3,2015-02-18,10718,945,1,1,0,0,a,a,120.0,0.0,2014.0,0,0.0,0.0,None,2015,2,18,8,1,Wednesday
77,3,2015-02-18,4255,529,1,0,0,0,d,c,1500.0,11.0,2012.0,0,0.0,0.0,None,2015,2,18,8,1,Wednesday
78,3,2015-02-18,3297,301,1,1,0,0,d,c,500.0,3.0,2010.0,0,0.0,0.0,None,2015,2,18,8,1,Wednesday
79,3,2015-02-18,11276,1146,1,0,0,0,a,a,500.0,0.0,2012.0,1,14.0,2015.0,"Mar,Jun,Sept,Dec",2015,2,18,8,1,Wednesday
80,3,2015-02-18,13252,1199,1,1,0,0,a,a,15000.0,9.0,2010.0,0,0.0,0.0,None,2015,2,18,8,1,Wednesday
81,3,2015-02-18,10811,860,1,1,0,0,a,a,1500.0,1.0,2010.0,1,22.0,2009.0,"Jan,Apr,Jul,Oct",2015,2,18,8,1,Wednesday
82,3,2015-02-18,10190,999,1,1,0,0,a,a,1500.0,0.0,0.0,0,0.0,0.0,None,2015,2,18,8,1,Wednesday
83,3,2015-02-18,3925,460,1,1,0,0,a,c,500.0,7.0,2014.0,0,0.0,0.0,None,2015,2,18,8,1,Wednesday
84,3,2015-02-18,3670,339,1,0,0,1,d,a,1500.0,0.0,2005.0,0,0.0,0.0,None,2015,2,18,8,1,Wednesday
85,3,2015-02-18,4576,652,1,0,0,0,d,c,120.0,0.0,2014.0,1,1.0,2013.0,"Jan,Apr,Jul,Oct",2015,2,18,8,1,Wednesday
86,3,2015-02-18,6677,497,1,1,0,0,d,a,3000.0,0.0,2012.0,0,0.0,0.0,None,2015,2,18,8,1,Wednesday
87,3,2015-02-18,8540,1071,1,0,0,1,a,a,1500.0,0.0,0.0,0,0.0,0.0,None,2015,2,18,8,1,Wednesday
88,3,2015-02-18,5286,682,1,1,0,0,d,c,3000.0,3.0,2012.0,1,31.0,2009.0,"Feb,May,Aug,Nov",2015,2,18,8,1,Wednesday
89,3,2015-02-18,7310,936,1,1,0,0,d,a,1500.0,9.0,0.0,1,31.0,2015.0,"Feb,May,Aug,Nov",2015,2,18,8,1,Wednesday
90,3,2015-02-18,2901,346,1,1,0,0,d,c,1500.0,0.0,0.0,0,0.0,0.0,None,2015,2,18,8,1,Wednesday
91,3,2015-02-18,3242,386,1,1,0,0,a,c,1500.0,3.0,2008.0,0,0.0,0.0,None,2015,2,18,8,1,Wednesday
92,3,2015-02-18,4248,640,1,0,0,0,d,c,120.0,3.0,0.0,1,31.0,2009.0,"Feb,May,Aug,Nov",2015,2,18,8,1,Wednesday
93,3,2015-02-18,11987,947,1,1,0,0,d,a,120.0,5.0,2005.0,0,0.0,0.0,None,2015,2,18,8,1,Wednesday
94,3,2015-02-18,6766,654,1,1,0,0,c,a,500.0,11.0,2005.0,0,0.0,0.0,None,2015,2,18,8,1,Wednesday
95,3,2015-02-18,10184,1042,1,0,0,0,a,c,500.0,11.0,2005.0,1,31.0,2009.0,"Feb,May,Aug,Nov",2015,2,18,8,1,Wednesday
96,3,2015-02-18,8524,1056,1,0,0,0,d,c,500.0,7.0,2005.0,1,10.0,2009.0,"Feb,May,Aug,Nov",2015,2,18,8,1,Wednesday
97,3,2015-02-18,3589,429,1,0,0,0,c,a,120.0,0.0,2008.0,0,0.0,0.0,None,2015,2,18,8,1,Wednesday
98,3,2015-02-18,11503,1108,1,0,0,1,c,a,500.0,3.0,2008.0,1,10.0,2009.0,"Feb,May,Aug,Nov",2015,2,18,8,1,Wednesday
99,3,2015-02-18,7705,729,1,0,0,0,a,c,500.0,1.0,2012.0,0,0.0,0.0,None,2015,2,18,8,1,Wednesday
100,3,2015-02-18,4531,508,1,0,0,1,b,c,500.0,9.0,2005.0,0,0.0,0.0,None,2015,2,18,8,1,Wednesday
1,4,2015-02-19,3160,300,1,0,0,0,a,c,3000.0,7.0,2012.0,0,0.0,0.0,None,2015,2,19,8,1,Thursday
2,4,2015-02-19,0,0,0,1,0,0,a,a,7500.0,5.0,2008.0,0,0.0,0.0,None,2015,2,19,8,1,Thursday
3,4,2015-02-19,5045,568,1,0,0,0,d,c,500.0,5.0,2012.0,1,10.0,2011.0,"Jan,Apr,Jul,Oct",2015,2,19,8,1,Thursday
4,4,2015-02-19,6308,706,1,0,0,0,a,a,1500.0,1.0,2010.0,1,40.0,2011.0,"Mar,Jun,Sept,Dec",2015,2,19,8,1,Thursday
5,4,2015-02-19,0,0,0,1,0,0,c,a,15000.0,0.0,2008.0,1,31.0,2009.0,"Mar,Jun,Sept,Dec",2015,2,19,8,1,Thursday
6,4,2015-02-19,7670,1038,1,0,0,0,a,c,1500.0,1.0,0.0,0,0.0,0.0,None,2015,2,19,8,1,Thursday
7,4,2015-02-19,10231,1196,1,0,0,0,a,a,1500.0,5.0,2012.0,1,14.0,2011.0,"Jan,Apr,Jul,Oct",2015,2,19,8,1,Thursday
8,4,2015-02-19,3654,518,1,0,0,1,a,c,500.0,9.0,2014.0,1,40.0,2009.0,"Mar,Jun,Sept,Dec",2015,2,19,8,1,Thursday
9,4,2015-02-19,14415,1194,1,1,0,0,d,a,500.0,5.0,2014.0,1,40.0,2013.0,"Jan,Apr,Jul,Oct",2015,2,19,8,1,Thursday
10,4,2015-02-19,10322,1015,1,0,0,0,d,c,3000.0,11.0,2012.0,1,1.0,2015.0,"Jan,Apr,Jul,Oct",2015,2,19,8,1,Thursday
11,4,2015-02-19,7826,886,1,0,0,0,a,c,120.0,11.0,0.0,1,22.0,2015.0,"Mar,Jun,Sept,Dec",2015,2,19,8,1,Thursday
12,4,2015-02-19,11891,1065,1,1,0,1,d,c,3000.0,0.0,2008.0,0,0.0,0.0,None,2015,2,19,8,1,Thursday
13,4,2015-02-19,5678,638,1,0,0,0,a,a,7500.0,5.0,2005.0,0,0.0,0.0,None,2015,2,19,8,1,Thursday
14,4,2015-02-19,5410,721,1,0,0,0,a,c,1500.0,5.0,2014.0,1,1.0,2013.0,"Jan,Apr,Jul,Oct",2015,2,19,8,1,Thursday
15,4,2015-02-19,6793,679,1,0,0,0,d,c,3000.0,11.0,2014.0,1,1.0,2013.0,"Mar,Jun,Sept,Dec",2015,2,19,8,1,Thursday
16,4,2015-02-19,9686,768,1,1,0,0,a,a,500.0,11.0,0.0,0,0.0,0.0,None,2015,2,19,8,1,Thursday
17,4,2015-02-19,7071,778,1,1,0,0,a,c,500.0,7.0,2008.0,0,0.0,0.0,None,2015,2,19,8,1,Thursday
18,4,2015-02-19,4545,688,1,1,0,0,d,c,1500.0,5.0,2005.0,1,40.0,2009.0,"Jan,Apr,Jul,Oct",2015,2,19,8,1,Thursday
19,4,2015-02-19,7668,1111,1,1,0,1,d,c,120.0,9.0,2014.0,1,10.0,2013.0,"Jan,Apr,Jul,Oct",2015,2,19,8,1,Thursday
20,4,2015-02-19,5478,579,1,0,0,0,a,a,500.0,9.0,0.0,1,1.0,2013.0,"Mar,Jun,Sept,Dec",2015,2,19,8,1,Thursday
21,4,2015-02-19,8713,989,1,0,0,1,a,c,1500.0,0.0,2008.0,0,0.0,0.0,None,2015,2,19,8,1,Thursday
22,4,2015-02-19,7073,707,1,0,0,0,a,a,500.0,0.0,2010.0,0,0.0,0.0,None,2015,2,19,8,1,Thursday
23,4,2015-02-19,6039,608,1,0,0,0,d,c,500.0,1.0,2008.0,0,0.0,0.0,None,2015,2,19,8,1,Thursday
24,4,2015-02-19,4635,567,1,1,0,0,a,a,1500.0,1.0,2010.0,0,0.0,0.0,None,2015,2,19,8,1,Thursday
25,4,2015-02-19,4590,392,1,0,0,0,a,c,500.0,1.0,2012.0,0,0.0,0.0,None,2015,2,19,8,1,Thursday
26,4,2015-02-19,8738,987,1,0,0,1,d,a,1500.0,3.0,2008.0,0,0.0,0.0,None,2015,2,19,8,1,Thursday
27,4,2015-02-19,8351,661,1,1,0,0,d,a,15000.0,9.0,2008.0,1,1.0,2009.0,"Mar,Jun,Sept,Dec",2015,2,19,8,1,Thursday
28,4,2015-02-19,7479,880,1,0,0,0,a,a,1500.0,3.0,2010.0,0,0.0,0.0,None,2015,2,19,8,1,Thursday
29,4,2015-02-19,6215,695,1,1,0,0,a,a,1500.0,5.0,0.0,1,10.0,2015.0,"Jan,Apr,Jul,Oct",2015,2,19,8,1,Thursday
30,4,2015-02-19,10145,842,1,1,0,0,c,c,500.0,11.0,2014.0,1,22.0,2015.0,"Feb,May,Aug,Nov",2015,2,19,8,1,Thursday
31,4,2015-02-19,4392,381,1,0,0,0,d,c,500.0,0.0,2014.0,1,31.0,2015.0,"Mar,Jun,Sept,Dec",2015,2,19,8,1,Thursday
32,4,2015-02-19,7474,728,1,1,0,1,a,a,3000.0,3.0,2010.0,1,1.0,2015.0,"Mar,Jun,Sept,Dec",2015,2,19,8,1,Thursday
33,4,2015-02-19,10212,781,1,1,0,0,d,c,1500.0,9.0,2008.0,0,0.0,0.0,None,2015,2,19,8,1,Thursday
34,4,2015-02-19,6574,1195,1,0,0,0,d,c,500.0,9.0,2005.0,0,0.0,0.0,None,2015,2,19,8,1,Thursday
35,4,2015-02-19,2376,304,1,1,0,0,a,c,120.0,5.0,0.0,1,22.0,2015.0,"Mar,Jun,Sept,Dec",2015,2,19,8,1,Thursday
36,4,2015-02-19,8621,1183,1,0,0,0,d,a,1500.0,3.0,2008.0,1,40.0,2011.0,"Feb,May,Aug,Nov",2015,2,19,8,1,Thursday
37,4,2015-02-19,7326,925,1,0,0,1,d,a,7500.0,3.0,2008.0,1,40.0,2009.0,"Mar,Jun,Sept,Dec",2015,2,19,8,1,Thursday
38,4,2015-02-19,11196,1137,1,0,0,1,a,a,3000.0,3.0,2010.0,0,0.0,0.0,None,2015,2,19,8,1,Thursday
39,4,2015-02-19,10858,1081,1,0,0,1,c,a,7500.0,7.0,2014.0,1,14.0,2015.0,"Jan,Apr,Jul,Oct",2015,2,19,8,1,Thursday
40,4,2015-02-19,6946,621,1,1,0,1,d,a,1500.0,11.0,2008.0,1,22.0,2013.0,"Jan,Apr,Jul,Oct",2015,2,19,8,1,Thursday
41,4,2015-02-19,9521,732,1,1,0,0,a,c,500.0,1.0,0.0,0,0.0,0.0,None,2015,2,19,8,1,Thursday
42,4,2015-02-19,9263,702,1,1,0,0,d,c,120.0,1.0,2014.0,0,0.0,0.0,None,2015,2,19,8,1,Thursday
43,4,2015-02-19,6504,622,1,1,0,0,a,a,500.0,0.0,0.0,1,31.0,2011.0,"Mar,Jun,Sept,Dec",2015,2,19,8,1,Thursday
44,4,2015-02-19,7427,1004,1,0,0,0,a,a,1500.0,5.0,2005.0,0,0.0,0.0,None,2015,2,19,8,1,Thursday
45,4,2015-02-19,8903,764,1,0,0,0,c,a,120.0,9.0,2014.0,1,22.0,2011.0,"Feb,May,Aug,Nov",2015,2,19,8,1,Thursday
46,4,2015-02-19,6110,558,1,0,0,0,a,c,500.0,1.0,2014.0,0,0.0,0.0,None,2015,2,19,8,1,Thursday
47,4,2015-02-19,6283,510,1,1,0,0,c,a,1500.0,0.0,0.0,1,40.0,2013.0,"Jan,Apr,Jul,Oct",2015,2,19,8,1,Thursday
48,4,2015-02-19,7115,704,1,1,0,1,a,c,500.0,7.0,2010.0,1,22.0,2011.0,"Mar,Jun,Sept,Dec",2015,2,19,8,1,Thursday
49,4,2015-02-19,8846,655,1,1,0,0,d,a,120.0,1.0,2010.0,1,14.0,2009.0,"Mar,Jun,Sept,Dec",2015,2,19,8,1,Thursday
50,4,2015-02-19,5880,1061,1,0,0,0,a,c,500.0,1.0,2012.0,0,0.0,0.0,None,2015,2,19,8,1,Thursday
51,4,2015-02-19,4488,474,1,1,0,0,a,c,120.0,1.0,0.0,0,0.0,0.0,None,2015,2,19,8,1,Thursday
52,4,2015-02-19,6336,617,1,1,0,0,a,a,120.0,7.0,2012.0,1,31.0,2013.0,"Mar,Jun,Sept,Dec",2015,2,19,8,1,Thursday
53,4,2015-02-19,6121,655,1,0,0,1,a,c,1500.0,0.0,0.0,1,14.0,2009.0,"Feb,May,Aug,Nov",2015,2,19,8,1,Thursday
54,4,2015-02-19,5420,746,1,0,0,1,a,a,1500.0,0.0,0.0,0,0.0,0.0,None,2015,2,19,8,1,Thursday
55,4,2015-02-19,8417,830,1,0,0,0,d,c,1500.0,1.0,2005.0,1,22.0,2009.0,"Feb,May,Aug,Nov",2015,2,19,8,1,Thursday
56,4,2015-02-19,7815,1047,1,1,0,1,a,a,1500.0,7.0,2010.0,0,0.0,0.0,None,2015,2,19,8,1,Thursday
57,4,2015-02-19,9074,1062,1,0,0,0,a,c,1500.0,0.0,2012.0,1,10.0,2009.0,"Mar,Jun,Sept,Dec",2015,2,19,8,1,Thursday
58,4,2015-02-19,6732,501,1,1,0,0,d,c,1500.0,0.0,0.0,1,14.0,2009.0,"Mar,Jun,Sept,Dec",2015,2,19,8,1,Thursday
59,4,2015-02-19,3922,378,1,1,0,0,d,c,500.0,7.0,2012.0,0,0.0,0.0,None,2015,2,19,8,1,Thursday
60,4,2015-02-19,5924,744,1,1,0,0,a,a,1500.0,11.0,0.0,1,31.0,2011.0,"Feb,May,Aug,Nov",2015,2,19,8,1,Thursday
61,4,2015-02-19,5903,1069,1,0,0,1,a,c,500.0,5.0,2005.0,1,31.0,2013.0,"Jan,Apr,Jul,Oct",2015,2,19,8,1,Thursday
62,4,2015-02-19,12621,1146,1,0,0,0,a,a,15000.0,5.0,2005.0,0,0.0,0.0,None,2015,2,19,8,1,Thursday
63,4,2015-02-19,8256,1084,1,0,0,0,c,c,3000.0,5.0,2005.0,0,0.0,0.0,None,2015,2,19,8,1,Thursday
64,4,2015-02-19,10104,1162,1,0,0,1,c,c,1500.0,5.0,0.0,1,1.0,2013.0,"Jan,Apr,Jul,Oct",2015,2,19,8,1,Thursday
65,4,2015-02-19,5705,641,1,1,0,0,a,c,1500.0,0.0,2014.0,0,0.0,0.0,None,2015,2,19,8,1,Thursday
66,4,2015-02-19,8956,798,1,1,0,0,a,a,15000.0,3.0,2010.0,0,0.0,0.0,None,2015,2,19,8,1,Thursday
67,4,2015-02-19,8907,874,1,0,0,0,d,c,1500.0,1.0,2012.0,0,0.0,0.0,None,2015,2,19,8,1,Thursday
68,4,2015-02-19,9353,835,1,1,0,1,c,c,500.0,7.0,0.0,0,0.0,0.0,None,2015,2,19,8,1,Thursday
69,4,2015-02-19,6220,471,1,1,0,1,d,c,15000.0,1.0,2012.0,1,31.0,2013.0,"Mar,Jun,Sept,Dec",2015,2,19,8,1,Thursday
70,4,2015-02-19,7655,599,1,1,0,0,a,a,3000.0,5.0,0.0,0,0.0,0.0,None,2015,2,19,8,1,Thursday
71,4,2015-02-19,12275,1170,1,0,0,1,a,c,120.0,1.0,2008.0,1,31.0,2009.0,"Jan,Apr,Jul,Oct",2015,2,19,8,1,Thursday
72,4,2015-02-19,7617,942,1,0,0,0,a,c,7500.0,9.0,2010.0,0,0.0,0.0,None,2015,2,19,8,1,Thursday
73,4,2015-02-19,10402,1169,1,1,0,0,d,c,500.0,5.0,2008.0,1,40.0,2013.0,"Mar,Jun,Sept,Dec",2015,2,19,8,1,Thursday
74,4,2015-02-19,13461,1173,1,0,0,0,a,a,500.0,7.0,2012.0,0,0.0,0.0,None,2015,2,19,8,1,Thursday
75,4,2015-02-19,5505,466,1,0,0,0,c,c,3000.0,11.0,0.0,1,14.0,2009.0,"Feb,May,Aug,Nov",2015,2,19,8,1,Thursday
76,4,2015-02-19,5389,637,1,0,0,0,a,a,120.0,0.0,2014.0,0,0.0,0.0,None,2015,2,19,8,1,Thursday
77,4,2015-02-19,12217,959,1,1,0,0,d,c,1500.0,11.0,2012.0,0,0.0,0.0,None,2015,2,19,8,1,Thursday
78,4,2015-02-19,6941,590,1,0,0,0,d,c,500.0,3.0,2010.0,0,0.0,0.0,None,2015,2,19,8,1,Thursday
79,4,2015-02-19,2459,328,1,0,0,0,a,a,500.0,0.0,2012.0,1,14.0,2015.0,"Mar,Jun,Sept,Dec",2015,2,19,8,1,Thursday
80,4,2015-02-19,2844,320,1,0,0,0,a,a,15000.0,9.0,2010.0,0,0.0,0.0,None,2015,2,19,8,1,Thursday
81,4,2015-02-19,7805,774,1,0,0,0,a,a,1500.0,1.0,2010.0,1,22.0,2009.0,"Jan,Apr,Jul,Oct",2015,2,19,8,1,Thursday
82,4,2015-02-19,12694,1195,1,0,0,1,a,a,1500.0,0.0,0.0,0,0.0,0.0,None,2015,2,19,8,1,Thursday
83,4,2015-02-19,3640,320,1,0,0,0,a,c,500.0,7.0,2014.0,0,0.0,0.0,None,2015,2,19,8,1,Thursday
84,4,2015-02-19,6057,852,1,0,0,1,d,a,1500.0,0.0,2005.0,0,0.0,0.0,None,2015,2,19,8,1,Thursday
85,4,2015-02-19,3781,548,1,0,0,0,d,c,120.0,0.0,2014.0,1,1.0,2013.0,"Jan,Apr,Jul,Oct",2015,2,19,8,1,Thursday
86,4,2015-02-19,10283,932,1,1,0,0,d,a,3000.0,0.0,2012.0,0,0.0,0.0,None,2015,2,19,8,1,Thursday
87,4,2015-02-19,8766,937,1,1,0,0,a,a,1500.0,0.0,0.0,0,0.0,0.0,None,2015,2,19,8,1,Thursday
88,4,2015-02-19,5377,720,1,0,0,0,d,c,3000.0,3.0,2012.0,1,31.0,2009.0,"Feb,May,Aug,Nov",2015,2,19,8,1,Thursday
89,4,2015-02-19,7719,1116,1,1,0,1,d,a,1500.0,9.0,0.0,1,31.0,2015.0,"Feb,May,Aug,Nov",2015,2,19,8,1,Thursday
90,4,2015-02-19,7277,828,1,1,0,0,d,c,1500.0,0.0,0.0,0,0.0,0.0,None,2015,2,19,8,1,Thursday
91,4,2015-02-19,10622,937,1,0,0,0,a,c,1500.0,3.0,2008.0,0,0.0,0.0,None,2015,2,19,8,1,Thursday
92,4,2015-02-19,4991,862,1,0,0,0,d,c,120.0,3.0,0.0,1,31.0,2009.0,"Feb,May,Aug,Nov",2015,2,19,8,1,Thursday
93,4,2015-02-19,7964,1167,1,0,0,0,d,a,120.0,5.0,2005.0,0,0.0,0.0,None,2015,2,19,8,1,Thursday
94,4,2015-02-19,13097,1085,1,1,0,0,c,a,500.0,11.0,2005.0,0,0.0,0.0,None,2015,2,19,8,1,Thursday
95,4,2015-02-19,10739,1034,1,1,0,0,a,c,500.0,11.0,2005.0,1,31.0,2009.0,"Feb,May,Aug,Nov",2015,2,19,8,1,Thursday
96,4,2015-02-19,6366,432,1,1,0,0,d,c,500.0,7.0,2005.0,1,10.0,2009.0,"Feb,May,Aug,Nov",2015,2,19,8,1,Thursday
97,4,2015-02-19,6432,872,1,0,0,0,c,a,120.0,0.0,2008.0,0,0.0,0.0,None,2015,2,19,8,1,Thursday
98,4,2015-02-19,3579,497,1,1,0,0,c,a,500.0,3.0,2008.0,1,10.0,2009.0,"Feb,May,Aug,Nov",2015,2,19,8,1,Thursday
99,4,2015-02-19,11424,1019,1,0,0,0,a,c,500.0,1.0,2012.0,0,0.0,0.0,None,2015,2,19,8,1,Thursday
100,4,2015-02-19,10246,899,1,1,0,0,b,c,500.0,9.0,2005.0,0,0.0,0.0,None,2015,2,19,8,1,Thursday
1,5,2015-02-20,8953,1012,1,0,0,0,a,c,3000.0,7.0,2012.0,0,0.0,0.0,None,2015,2,20,8,1,Friday
2,5,2015-02-20,8777,1166,1,0,0,0,a,a,7500.0,5.0,2008.0,0,0.0,0.0,None,2015,2,20,8,1,Friday
3,5,2015-02-20,4917,325,1,1,0,0,d,c,500.0,5.0,2012.0,1,10.0,2011.0,"Jan,Apr,Jul,Oct",2015,2,20,8,1,Friday
4,5,2015-02-20,12136,1124,1,1,0,0,a,a,1500.0,1.0,2010.0,1,40.0,2011.0,"Mar,Jun,Sept,Dec",2015,2,20,8,1,Friday
5,5,2015-02-20,6643,829,1,1,0,0,c,a,15000.0,0.0,2008.0,1,31.0,2009.0,"Mar,Jun,Sept,Dec",2015,2,20,8,1,Friday
6,5,2015-02-20,6072,881,1,1,0,0,a,c,1500.0,1.0,0.0,0,0.0,0.0,None,2015,2,20,8,1,Friday
7,5,2015-02-20,10906,987,1,1,0,0,a,a,1500.0,5.0,2012.0,1,14.0,2011.0,"Jan,Apr,Jul,Oct",2015,2,20,8,1,Friday
8,5,2015-02-20,12331,1036,1,0,0,1,a,c,500.0,9.0,2014.0,1,40.0,2009.0,"Mar,Jun,Sept,Dec",2015,2,20,8,1,Friday
9,5,2015-02-20,4821,630,1,0,0,1,d,a,500.0,5.0,2014.0,1,40.0,2013.0,"Jan,Apr,Jul,Oct",2015,2,20,8,1,Friday
10,5,2015-02-20,0,0,0,0,0,0,d,c,3000.0,11.0,2012.0,1,1.0,2015.0,"Jan,Apr,Jul,Oct",2015,2,20,8,1,Friday
11,5,2015-02-20,10902,1055,1,0,0,0,a,c,120.0,11.0,0.0,1,22.0,2015.0,"Mar,Jun,Sept,Dec",2015,2,20,8,1,Friday
12,5,2015-02-20,8242,632,1,1,0,0,d,c,3000.0,0.0,2008.0,0,0.0,0.0,None,2015,2,20,8,1,Friday
13,5,2015-02-20,0,0,0,1,0,1,a,a,7500.0,5.0,2005.0,0,0.0,0.0,None,2015,2,20,8,1,Friday
14,5,2015-02-20,9611,843,1,1,0,1,a,c,1500.0,5.0,2014.0,1,1.0,2013.0,"Jan,Apr,Jul,Oct",2015,2,20,8,1,Friday
15,5,2015-02-20,7159,1025,1,1,0,0,d,c,3000.0,11.0,2014.0,1,1.0,2013.0,"Mar,Jun,Sept,Dec",2015,2,20,8,1,Friday
16,5,2015-02-20,9934,891,1,0,0,0,a,a,500.0,11.0,0.0,0,0.0,0.0,None,2015,2,20,8,1,Friday
17,5,2015-02-20,5203,723,1,1,0,0,a,c,500.0,7.0,2008.0,0,0.0,0.0,None,2015,2,20,8,1,Friday
18,5,2015-02-20,5733,524,1,1,0,0,d,c,1500.0,5.0,2005.0,1,40.0,2009.0,"Jan,Apr,Jul,Oct",2015,2,20,8,1,Friday
19,5,2015-02-20,4503,571,1,1,0,0,d,c,120.0,9.0,2014.0,1,10.0,2013.0,"Jan,Apr,Jul,Oct",2015,2,20,8,1,Friday
20,5,2015-02-20,7464,916,1,1,0,0,a,a,500.0,9.0,0.0,1,1.0,2013.0,"Mar,Jun,Sept,Dec",2015,2,20,8,1,Friday
21,5,2015-02-20,5651,451,1,1,0,1,a,c,1500.0,0.0,2008.0,0,0.0,0.0,None,2015,2,20,8,1,Friday
22,5,2015-02-20,5569,346,1,1,0,1,a,a,500.0,0.0,2010.0,0,0.0,0.0,None,2015,2,20,8,1,Friday
23,5,2015-02-20,10123,897,1,1,0,0,d,c,500.0,1.0,2008.0,0,0.0,0.0,None,2015,2,20,8,1,Friday
24,5,2015-02-20,4459,412,1,1,0,0,a,a,1500.0,1.0,2010.0,0,0.0,0.0,None,2015,2,20,8,1,Friday
25,5,2015-02-20,12986,1036,1,1,0,0,a,c,500.0,1.0,2012.0,0,0.0,0.0,None,2015,2,20,8,1,Friday
26,5,2015-02-20,4538,782,1,0,0,0,d,a,1500.0,3.0,2008.0,0,0.0,0.0,None,2015,2,20,8,1,Friday
27,5,2015-02-20,11360,1168,1,0,0,0,d,a,15000.0,9.0,2008.0,1,1.0,2009.0,"Mar,Jun,Sept,Dec",2015,2,20,8,1,Friday
28,5,2015-02-20,5946,780,1,1,0,0,a,a,1500.0,3.0,2010.0,0,0.0,0.0,None,2015,2,20,8,1,Friday
29,5,2015-02-20,14278,1194,1,0,0,0,a,a,1500.0,5.0,0.0,1,10.0,2015.0,"Jan,Apr,Jul,Oct",2015,2,20,8,1,Friday
30,5,2015-02-20,10005,862,1,0,0,0,c,c,500.0,11.0,2014.0,1,22.0,2015.0,"Feb,May,Aug,Nov",2015,2,20,8,1,Friday
31,5,2015-02-20,0,0,0,0,0,0,d,c,500.0,0.0,2014.0,1,31.0,2015.0,"Mar,Jun,Sept,Dec",2015,2,20,8,1,Friday
32,5,2015-02-20,6551,714,1,1,0,1,a,a,3000.0,3.0,2010.0,1,1.0,2015.0,"Mar,Jun,Sept,Dec",2015,2,20,8,1,Friday
33,5,2015-02-20,8042,803,1,0,0,0,d,c,1500.0,9.0,2008.0,0,0.0,0.0,None,2015,2,20,8,1,Friday
34,5,2015-02-20,9996,1031,1,1,0,0,d,c,500.0,9.0,2005.0,0,0.0,0.0,None,2015,2,20,8,1,Friday
35,5,2015-02-20,2977,479,1,0,0,0,a,c,120.0,5.0,0.0,1,22.0,2015.0,"Mar,Jun,Sept,Dec",2015,2,20,8,1,Friday
36,5,2015-02-20,11314,974,1,1,0,1,d,a,1500.0,3.0,2008.0,1,40.0,2011.0,"Feb,May,Aug,Nov",2015,2,20,8,1,Friday
37,5,2015-02-20,6862,857,1,0,0,1,d,a,7500.0,3.0,2008.0,1,40.0,2009.0,"Mar,Jun,Sept,Dec",2015,2,20,8,1,Friday
38,5,2015-02-20,4882,372,1,1,0,0,a,a,3000.0,3.0,2010.0,0,0.0,0.0,None,2015,2,20,8,1,Friday
39,5,2015-02-20,3181,432,1,1,0,0,c,a,7500.0,7.0,2014.0,1,14.0,2015.0,"Jan,Apr,Jul,Oct",2015,2,20,8,1,Friday
40,5,2015-02-20,10930,1194,1,0,0,0,d,a,1500.0,11.0,2008.0,1,22.0,2013.0,"Jan,Apr,Jul,Oct",2015,2,20,8,1,Friday
41,5,2015-02-20,3762,350,1,1,0,1,a,c,500.0,1.0,0.0,0,0.0,0.0,None,2015,2,20,8,1,Friday
42,5,2015-02-20,6876,584,1,1,0,0,d,c,120.0,1.0,2014.0,0,0.0,0.0,None,2015,2,20,8,1,Friday
43,5,2015-02-20,11892,1126,1,1,0,0,a,a,500.0,0.0,0.0,1,31.0,2011.0,"Mar,Jun,Sept,Dec",2015,2,20,8,1,Friday
44,5,2015-02-20,7900,799,1,0,0,0,a,a,1500.0,5.0,2005.0,0,0.0,0.0,None,2015,2,20,8,1,Friday
45,5,2015-02-20,6253,618,1,0,0,0,c,a,120.0,9.0,2014.0,1,22.0,2011.0,"Feb,May,Aug,Nov",2015,2,20,8,1,Friday
46,5,2015-02-20,3881,471,1,0,0,0,a,c,500.0,1.0,2014.0,0,0.0,0.0,None,2015,2,20,8,1,Friday
47,5,2015-02-20,3967,336,1,1,0,0,c,a,1500.0,0.0,0.0,1,40.0,2013.0,"Jan,Apr,Jul,Oct",2015,2,20,8,1,Friday
48,5,2015-02-20,8410,901,1,1,0,0,a,c,500.0,7.0,2010.0,1,22.0,2011.0,"Mar,Jun,Sept,Dec",2015,2,20,8,1,Friday
49,5,2015-02-20,3375,435,1,0,0,0,d,a,120.0,1.0,2010.0,1,14.0,2009.0,"Mar,Jun,Sept,Dec",2015,2,20,8,1,Friday
50,5,2015-02-20,6136,990,1,0,0,0,a,c,500.0,1.0,2012.0,0,0.0,0.0,None,2015,2,20,8,1,Friday
51,5,2015-02-20,10129,1035,1,0,0,0,a,c,120.0,1.0,0.0,0,0.0,0.0,None,2015,2,20,8,1,Friday
52,5,2015-02-20,7210,774,1,0,0,0,a,a,120.0,7.0,2012.0,1,31.0,2013.0,"Mar,Jun,Sept,Dec",2015,2,20,8,1,Friday
53,5,2015-02-20,7458,794,1,1,0,0,a,c,1500.0,0.0,0.0,1,14.0,2009.0,"Feb,May,Aug,Nov",2015,2,20,8,1,Friday
54,5,2015-02-20,0,0,0,0,0,0,a,a,1500.0,0.0,0.0,0,0.0,0.0,None,2015,2,20,8,1,Friday
55,5,2015-02-20,7369,586,1,1,0,1,d,c,1500.0,1.0,2005.0,1,22.0,2009.0,"Feb,May,Aug,Nov",2015,2,20,8,1,Friday
56,5,2015-02-20,3888,619,1,0,0,0,a,a,1500.0,7.0,2010.0,0,0.0,0.0,None,2015,2,20,8,1,Friday
57,5,2015-02-20,12729,1041,1,1,0,0,a,c,1500.0,0.0,2012.0,1,10.0,2009.0,"Mar,Jun,Sept,Dec",2015,2,20,8,1,Friday
58,5,2015-02-20,10028,1105,1,1,0,0,d,c,1500.0,0.0,0.0,1,14.0,2009.0,"Mar,Jun,Sept,Dec",2015,2,20,8,1,Friday
59,5,2015-02-20,5281,336,1,1,0,0,d,c,500.0,7.0,2012.0,0,0.0,0.0,None,2015,2,20,8,1,Friday
60,5,2015-02-20,3543,504,1,0,0,0,a,a,1500.0,11.0,0.0,1,31.0,2011.0,"Feb,May,Aug,Nov",2015,2,20,8,1,Friday
61,5,2015-02-20,8555,1127,1,0,0,0,a,c,500.0,5.0,2005.0,1,31.0,2013.0,"Jan,Apr,Jul,Oct",2015,2,20,8,1,Friday
62,5,2015-02-20,5144,410,1,1,0,1,a,a,15000.0,5.0,2005.0,0,0.0,0.0,None,2015,2,20,8,1,Friday
63,5,2015-02-20,8393,1017,1,0,0,0,c,c,3000.0,5.0,2005.0,0,0.0,0.0,None,2015,2,20,8,1,Friday
64,5,2015-02-20,9182,869,1,0,0,1,c,c,1500.0,5.0,0.0,1,1.0,2013.0,"Jan,Apr,Jul,Oct",2015,2,20,8,1,Friday
65,5,2015-02-20,11819,1187,1,0,0,0,a,c,1500.0,0.0,2014.0,0,0.0,0.0,None,2015,2,20,8,1,Friday
66,5,2015-02-20,3571,343,1,1,0,0,a,a,15000.0,3.0,2010.0,0,0.0,0.0,None,2015,2,20,8,1,Friday
67,5,2015-02-20,8300,975,1,1,0,0,d,c,1500.0,1.0,2012.0,0,0.0,0.0,None,2015,2,20,8,1,Friday
68,5,2015-02-20,0,0,0,0,0,0,c,c,500.0,7.0,0.0,0,0.0,0.0,None,2015,2,20,8,1,Friday
69,5,2015-02-20,3901,336,1,1,0,0,d,c,15000.0,1.0,2012.0,1,31.0,2013.0,"Mar,Jun,Sept,Dec",2015,2,20,8,1,Friday
70,5,2015-02-20,5139,410,1,1,0,0,a,a,3000.0,5.0,0.0,0,0.0,0.0,None,2015,2,20,8,1,Friday
71,5,2015-02-20,9080,763,1,1,0,0,a,c,120.0,1.0,2008.0,1,31.0,2009.0,"Jan,Apr,Jul,Oct",2015,2,20,8,1,Friday
72,5,2015-02-20,4981,516,1,1,0,0,a,c,7500.0,9.0,2010.0,0,0.0,0.0,None,2015,2,20,8,1,Friday
73,5,2015-02-20,10103,898,1,1,0,1,d,c,500.0,5.0,2008.0,1,40.0,2013.0,"Mar,Jun,Sept,Dec",2015,2,20,8,1,Friday
74,5,2015-02-20,6642,440,1,1,0,0,a,a,500.0,7.0,2012.0,0,0.0,0.0,None,2015,2,20,8,1,Friday
75,5,2015-02-20,6242,708,1,0,0,0,c,c,3000.0,11.0,0.0,1,14.0,2009.0,"Feb,May,Aug,Nov",2015,2,20,8,1,Friday
76,5,2015-02-20,14602,1109,1,1,0,0,a,a,120.0,0.0,2014.0,0,0.0,0.0,None,2015,2,20,8,1,Friday
77,5,2015-02-20,3879,499,1,0,0,0,d,c,1500.0,11.0,2012.0,0,0.0,0.0,None,2015,2,20,8,1,Friday
78,5,2015-02-20,3695,544,1,0,0,0,d,c,500.0,3.0,2010.0,0,0.0,0.0,None,2015,2,20,8,1,Friday
79,5,2015-02-20,0,0,0,0,0,0,a,a,500.0,0.0,2012.0,1,14.0,2015.0,"Mar,Jun,Sept,Dec",2015,2,20,8,1,Friday
80,5,2015-02-20,6871,829,1,1,0,0,a,a,15000.0,9.0,2010.0,0,0.0,0.0,None,2015,2,20,8,1,Friday
81,5,2015-02-20,9037,878,1,0,0,1,a,a,1500.0,1.0,2010.0,1,22.0,2009.0,"Jan,Apr,Jul,Oct",2015,2,20,8,1,Friday
82,5,2015-02-20,3160,432,1,0,0,0,a,a,1500.0,0.0,0.0,0,0.0,0.0,None,2015,2,20,8,1,Friday
83,5,2015-02-20,5664,512,1,0,0,0,a,c,500.0,7.0,2014.0,0,0.0,0.0,None,2015,2,20,8,1,Friday
84,5,2015-02-20,7936,662,1,1,0,0,d,a,1500.0,0.0,2005.0,0,0.0,0.0,None,2015,2,20,8,1,Friday
85,5,2015-02-20,3475,466,1,1,0,1,d,c,120.0,0.0,2014.0,1,1.0,2013.0,"Jan,Apr,Jul,Oct",2015,2,20,8,1,Friday
86,5,2015-02-20,10492,1147,1,1,0,0,d,a,3000.0,0.0,2012.0,0,0.0,0.0,None,2015,2,20,8,1,Friday
87,5,2015-02-20,4443,566,1,0,0,0,a,a,1500.0,0.0,0.0,0,0.0,0.0,None,2015,2,20,8,1,Friday
88,5,2015-02-20,2347,375,1,0,0,0,d,c,3000.0,3.0,2012.0,1,31.0,2009.0,"Feb,May,Aug,Nov",2015,2,20,8,1,Friday
89,5,2015-02-20,4427,481,1,0,0,0,d,a,1500.0,9.0,0.0,1,31.0,2015.0,"Feb,May,Aug,Nov",2015,2,20,8,1,Friday
90,5,2015-02-20,3615,591,1,0,0,0,d,c,1500.0,0.0,0.0,0,0.0,0.0,None,2015,2,20,8,1,Friday
91,5,2015-02-20,5557,535,1,1,0,1,a,c,1500.0,3.0,2008.0,0,0.0,0.0,None,2015,2,20,8,1,Friday
92,5,2015-02-20,6447,676,1,1,0,0,d,c,120.0,3.0,0.0,1,31.0,2009.0,"Feb,May,Aug,Nov",2015,2,20,8,1,Friday
93,5,2015-02-20,7553,1089,1,0,0,0,d,a,120.0,5.0,2005.0,0,0.0,0.0,None,2015,2,20,8,1,Friday
94,5,2015-02-20,5309,802,1,1,0,0,c,a,500.0,11.0,2005.0,0,0.0,0.0,None,2015,2,20,8,1,Friday
95,5,2015-02-20,0,0,0,1,0,0,a,c,500.0,11.0,2005.0,1,31.0,2009.0,"Feb,May,Aug,Nov",2015,2,20,8,1,Friday
96,5,2015-02-20,6962,618,1,0,0,0,d,c,500.0,7.0,2005.0,1,10.0,2009.0,"Feb,May,Aug,Nov",2015,2,20,8,1,Friday
97,5,2015-02-20,14126,1122,1,1,0,1,c,a,120.0,0.0,2008.0,0,0.0,0.0,None,2015,2,20,8,1,Friday
98,5,2015-02-20,11845,1141,1,0,0,0,c,a,500.0,3.0,2008.0,1,10.0,2009.0,"Feb,May,Aug,Nov",2015,2,20,8,1,Friday
99,5,2015-02-20,11028,999,1,0,0,0,a,c,500.0,1.0,2012.0,0,0.0,0.0,None,2015,2,20,8,1,Friday
100,5,2015-02-20,4483,577,1,1,0,0,b,c,500.0,9.0,2005.0,0,0.0,0.0,None,2015,2,20,8,1,Friday
1,6,2015-02-21,8321,1027,1,0,0,1,a,c,3000.0,7.0,2012.0,0,0.0,0.0,None,2015,2,21,8,1,Saturday
2,6,2015-02-21,5149,453,1,0,0,0,a,a,7500.0,5.0,2008.0,0,0.0,0.0,None,2015,2,21,8,1,Saturday
3,6,2015-02-21,8788,870,1,0,0,1,d,c,500.0,5.0,2012.0,1,10.0,2011.0,"Jan,Apr,Jul,Oct",2015,2,21,8,1,Saturday
4,6,2015-02-21,2292,361,1,0,0,0,a,a,1500.0,1.0,2010.0,1,40.0,2011.0,"Mar,Jun,Sept,Dec",2015,2,21,8,1,Saturday
5,6,2015-02-21,6291,827,1,0,0,0,c,a,15000.0,0.0,2008.0,1,31.0,2009.0,"Mar,Jun,Sept,Dec",2015,2,21,8,1,Saturday
6,6,2015-02-21,3168,316,1,0,0,0,a,c,1500.0,1.0,0.0,0,0.0,0.0,None,2015,2,21,8,1,Saturday
7,6,2015-02-21,7442,755,1,0,0,1,a,a,1500.0,5.0,2012.0,1,14.0,2011.0,"Jan,Apr,Jul,Oct",2015,2,21,8,1,Saturday
8,6,2015-02-21,4346,713,1,0,0,0,a,c,500.0,9.0,2014.0,1,40.0,2009.0,"Mar,Jun,Sept,Dec",2015,2,21,8,1,Saturday
9,6,2015-02-21,4359,472,1,0,0,0,d,a,500.0,5.0,2014.0,1,40.0,2013.0,"Jan,Apr,Jul,Oct",2015,2,21,8,1,Saturday
10,6,2015-02-21,5562,616,1,0,0,0,d,c,3000.0,11.0,2012.0,1,1.0,2015.0,"Jan,Apr,Jul,Oct",2015,2,21,8,1,Saturday
11,6,2015-02-21,6465,962,1,0,0,0,a,c,120.0,11.0,0.0,1,22.0,2015.0,"Mar,Jun,Sept,Dec",2015,2,21,8,1,Saturday
12,6,2015-02-21,8181,976,1,0,0,0,d,c,3000.0,0.0,2008.0,0,0.0,0.0,None,2015,2,21,8,1,Saturday
13,6,2015-02-21,6728,734,1,0,0,0,a,a,7500.0,5.0,2005.0,0,0.0,0.0,None,2015,2,21,8,1,Saturday
14,6,2015-02-21,3595,426,1,0,0,0,a,c,1500.0,5.0,2014.0,1,1.0,2013.0,"Jan,Apr,Jul,Oct",2015,2,21,8,1,Saturday
15,6,2015-02-21,10603,1164,1,0,0,0,d,c,3000.0,11.0,2014.0,1,1.0,2013.0,"Mar,Jun,Sept,Dec",2015,2,21,8,1,Saturday
16,6,2015-02-21,4897,665,1,0,0,0,a,a,500.0,11.0,0.0,0,0.0,0.0,None,2015,2,21,8,1,Saturday
17,6,2015-02-21,3879,628,1,0,0,0,a,c,500.0,7.0,2008.0,0,0.0,0.0,None,2015,2,21,8,1,Saturday
18,6,2015-02-21,4594,672,1,0,0,0,d,c,1500.0,5.0,2005.0,1,40.0,2009.0,"Jan,Apr,Jul,Oct",2015,2,21,8,1,Saturday
19,6,2015-02-21,13320,1182,1,0,0,0,d,c,120.0,9.0,2014.0,1,10.0,2013.0,"Jan,Apr,Jul,Oct",2015,2,21,8,1,Saturday
20,6,2015-02-21,3315,405,1,0,0,0,a,a,500.0,9.0,0.0,1,1.0,2013.0,"Mar,Jun,Sept,Dec",2015,2,21,8,1,Saturday
21,6,2015-02-21,3317,449,1,0,0,0,a,c,1500.0,0.0,2008.0,0,0.0,0.0,None,2015,2,21,8,1,Saturday
22,6,2015-02-21,3631,373,1,0,0,0,a,a,500.0,0.0,2010.0,0,0.0,0.0,None,2015,2,21,8,1,Saturday
23,6,2015-02-21,5849,694,1,0,0,0,d,c,500.0,1.0,2008.0,0,0.0,0.0,None,2015,2,21,8,1,Saturday
24,6,2015-02-21,4310,695,1,0,0,0,a,a,1500.0,1.0,2010.0,0,0.0,0.0,None,2015,2,21,8,1,Saturday
25,6,2015-02-21,0,0,0,0,0,0,a,c,500.0,1.0,2012.0,0,0.0,0.0,None,2015,2,21,8,1,Saturday
26,6,2015-02-21,6931,832,1,0,0,0,d,a,1500.0,3.0,2008.0,0,0.0,0.0,None,2015,2,21,8,1,Saturday
27,6,2015-02-21,7701,939,1,0,0,0,d,a,15000.0,9.0,2008.0,1,1.0,2009.0,"Mar,Jun,Sept,Dec",2015,2,21,8,1,Saturday
28,6,2015-02-21,9551,1103,1,0,0,0,a,a,1500.0,3.0,2010.0,0,0.0,0.0,None,2015,2,21,8,1,Saturday
29,6,2015-02-21,4868,750,1,0,0,0,a,a,1500.0,5.0,0.0,1,10.0,2015.0,"Jan,Apr,Jul,Oct",2015,2,21,8,1,Saturday
30,6,2015-02-21,0,0,0,0,0,0,c,c,500.0,11.0,2014.0,1,22.0,2015.0,"Feb,May,Aug,Nov",2015,2,21,8,1,Saturday
31,6,2015-02-21,7335,1181,1,0,0,0,d,c,500.0,0.0,2014.0,1,31.0,2015.0,"Mar,Jun,Sept,Dec",2015,2,21,8,1,Saturday
32,6,2015-02-21,12851,1141,1,0,0,0,a,a,3000.0,3.0,2010.0,1,1.0,2015.0,"Mar,Jun,Sept,Dec",2015,2,21,8,1,Saturday
33,6,2015-02-21,4654,843,1,0,0,0,d,c,1500.0,9.0,2008.0,0,0.0,0.0,None,2015,2,21,8,1,Saturday
34,6,2015-02-21,3875,396,1,0,0,0,d,c,500.0,9.0,2005.0,0,0.0,0.0,None,2015,2,21,8,1,Saturday
35,6,2015-02-21,10286,956,1,0,0,0,a,c,120.0,5.0,0.0,1,22.0,2015.0,"Mar,Jun,Sept,Dec",2015,2,21,8,1,Saturday
36,6,2015-02-21,2242,375,1,0,0,0,d,a,1500.0,3.0,2008.0,1,40.0,2011.0,"Feb,May,Aug,Nov",2015,2,21,8,1,Saturday
37,6,2015-02-21,2784,341,1,0,0,0,d,a,7500.0,3.0,2008.0,1,40.0,2009.0,"Mar,Jun,Sept,Dec",2015,2,21,8,1,Saturday
38,6,2015-02-21,9183,792,1,0,0,0,a,a,3000.0,3.0,2010.0,0,0.0,0.0,None,2015,2,21,8,1,Saturday
39,6,2015-02-21,3969,418,1,0,0,0,c,a,7500.0,7.0,2014.0,1,14.0,2015.0,"Jan,Apr,Jul,Oct",2015,2,21,8,1,Saturday
40,6,2015-02-21,6133,695,1,0,0,0,d,a,1500.0,11.0,2008.0,1,22.0,2013.0,"Jan,Apr,Jul,Oct",2015,2,21,8,1,Saturday
41,6,2015-02-21,6314,805,1,0,0,0,a,c,500.0,1.0,0.0,0,0.0,0.0,None,2015,2,21,8,1,Saturday
42,6,2015-02-21,8393,882,1,0,0,0,d,c,120.0,1.0,2014.0,0,0.0,0.0,None,2015,2,21,8,1,Saturday
43,6,2015-02-21,4379,698,1,0,0,0,a,a,500.0,0.0,0.0,1,31.0,2011.0,"Mar,Jun,Sept,Dec",2015,2,21,8,1,Saturday
44,6,2015-02-21,8616,1155,1,0,0,1,a,a,1500.0,5.0,2005.0,0,0.0,0.0,None,2015,2,21,8,1,Saturday
45,6,2015-02-21,6955,723,1,0,0,0,c,a,120.0,9.0,2014.0,1,22.0,2011.0,"Feb,May,Aug,Nov",2015,2,21,8,1,Saturday
46,6,2015-02-21,8757,1093,1,0,0,0,a,c,500.0,1.0,2014.0,0,0.0,0.0,None,2015,2,21,8,1,Saturday
47,6,2015-02-21,7484,1010,1,0,0,0,c,a,1500.0,0.0,0.0,1,40.0,2013.0,"Jan,Apr,Jul,Oct",2015,2,21,8,1,Saturday
48,6,2015-02-21,4882,827,1,0,0,1,a,c,500.0,7.0,2010.0,1,22.0,2011.0,"Mar,Jun,Sept,Dec",2015,2,21,8,1,Saturday
49,6,2015-02-21,7503,804,1,0,0,0,d,a,120.0,1.0,2010.0,1,14.0,2009.0,"Mar,Jun,Sept,Dec",2015,2,21,8,1,Saturday
50,6,2015-02-21,9812,909,1,0,0,0,a,c,500.0,1.0,2012.0,0,0.0,0.0,None,2015,2,21,8,1,Saturday
51,6,2015-02-21,8641,960,1,0,0,0,a,c,120.0,1.0,0.0,0,0.0,0.0,None,2015,2,21,8,1,Saturday
52,6,2015-02-21,6899,679,1,0,0,0,a,a,120.0,7.0,2012.0,1,31.0,2013.0,"Mar,Jun,Sept,Dec",2015,2,21,8,1,Saturday
53,6,2015-02-21,11538,1141,1,0,0,1,a,c,1500.0,0.0,0.0,1,14.0,2009.0,"Feb,May,Aug,Nov",2015,2,21,8,1,Saturday
54,6,2015-02-21,10032,882,1,0,0,1,a,a,1500.0,0.0,0.0,0,0.0,0.0,None,2015,2,21,8,1,Saturday
55,6,2015-02-21,6476,907,1,0,0,1,d,c,1500.0,1.0,2005.0,1,22.0,2009.0,"Feb,May,Aug,Nov",2015,2,21,8,1,Saturday
56,6,2015-02-21,7511,1188,1,0,0,0,a,a,1500.0,7.0,2010.0,0,0.0,0.0,None,2015,2,21,8,1,Saturday
57,6,2015-02-21,5563,715,1,0,0,0,a,c,1500.0,0.0,2012.0,1,10.0,2009.0,"Mar,Jun,Sept,Dec",2015,2,21,8,1,Saturday
58,6,2015-02-21,7048,677,1,0,0,1,d,c,1500.0,0.0,0.0,1,14.0,2009.0,"Mar,Jun,Sept,Dec",2015,2,21,8,1,Saturday
59,6,2015-02-21,3055,417,1,0,0,0,d,c,500.0,7.0,2012.0,0,0.0,0.0,None,2015,2,21,8,1,Saturday
60,6,2015-02-21,4806,647,1,0,0,0,a,a,1500.0,11.0,0.0,1,31.0,2011.0,"Feb,May,Aug,Nov",2015,2,21,8,1,Saturday
61,6,2015-02-21,3955,568,1,0,0,0,a,c,500.0,5.0,2005.0,1,31.0,2013.0,"Jan,Apr,Jul,Oct",2015,2,21,8,1,Saturday
62,6,2015-02-21,11392,966,1,0,0,0,a,a,15000.0,5.0,2005.0,0,0.0,0.0,None,2015,2,21,8,1,Saturday
63,6,2015-02-21,3882,699,1,0,0,0,c,c,3000.0,5.0,2005.0,0,0.0,0.0,None,2015,2,21,8,1,Saturday
64,6,2015-02-21,4871,720,1,0,0,0,c,c,1500.0,5.0,0.0,1,1.0,2013.0,"Jan,Apr,Jul,Oct",2015,2,21,8,1,Saturday
65,6,2015-02-21,12137,1044,1,0,0,0,a,c,1500.0,0.0,2014.0,0,0.0,0.0,None,2015,2,21,8,1,Saturday
66,6,2015-02-21,11307,1119,1,0,0,0,a,a,15000.0,3.0,2010.0,0,0.0,0.0,None,2015,2,21,8,1,Saturday
67,6,2015-02-21,3998,532,1,0,0,0,d,c,1500.0,1.0,2012.0,0,0.0,0.0,None,2015,2,21,8,1,Saturday
68,6,2015-02-21,8683,818,1,0,0,0,c,c,500.0,7.0,0.0,0,0.0,0.0,None,2015,2,21,8,1,Saturday
69,6,2015-02-21,8923,934,1,0,0,0,d,c,15000.0,1.0,2012.0,1,31.0,2013.0,"Mar,Jun,Sept,Dec",2015,2,21,8,1,Saturday
70,6,2015-02-21,8982,1064,1,0,0,0,a,a,3000.0,5.0,0.0,0,0.0,0.0,None,2015,2,21,8,1,Saturday
71,6,2015-02-21,3682,521,1,0,0,1,a,c,120.0,1.0,2008.0,1,31.0,2009.0,"Jan,Apr,Jul,Oct",2015,2,21,8,1,Saturday
72,6,2015-02-21,2489,318,1,0,0,0,a,c,7500.0,9.0,2010.0,0,0.0,0.0,None,2015,2,21,8,1,Saturday
73,6,2015-02-21,2386,379,1,0,0,1,d,c,500.0,5.0,2008.0,1,40.0,2013.0,"Mar,Jun,Sept,Dec",2015,2,21,8,1,Saturday
74,6,2015-02-21,9108,949,1,0,0,0,a,a,500.0,7.0,2012.0,0,0.0,0.0,None,2015,2,21,8,1,Saturday
75,6,2015-02-21,4963,841,1,0,0,1,c,c,3000.0,11.0,0.0,1,14.0,2009.0,"Feb,May,Aug,Nov",2015,2,21,8,1,Saturday
76,6,2015-02-21,4817,599,1,0,0,1,a,a,120.0,0.0,2014.0,0,0.0,0.0,None,2015,2,21,8,1,Saturday
77,6,2015-02-21,3116,305,1,0,0,0,d,c,1500.0,11.0,2012.0,0,0.0,0.0,None,2015,2,21,8,1,Saturday
78,6,2015-02-21,4194,444,1,0,0,1,d,c,500.0,3.0,2010.0,0,0.0,0.0,None,2015,2,21,8,1,Saturday
79,6,2015-02-21,6955,875,1,0,0,0,a,a,500.0,0.0,2012.0,1,14.0,2015.0,"Mar,Jun,Sept,Dec",2015,2,21,8,1,Saturday
80,6,2015-02-21,7695,941,1,0,0,0,a,a,15000.0,9.0,2010.0,0,0.0,0.0,None,2015,2,21,8,1,Saturday
81,6,2015-02-21,3824,680,1,0,0,0,a,a,1500.0,1.0,2010.0,1,22.0,2009.0,"Jan,Apr,Jul,Oct",2015,2,21,8,1,Saturday
82,6,2015-02-21,2641,463,1,0,0,0,a,a,1500.0,0.0,0.0,0,0.0,0.0,None,2015,2,21,8,1,Saturday
83,6,2015-02-21,7896,1197,1,0,0,0,a,c,500.0,7.0,2014.0,0,0.0,0.0,None,2015,2,21,8,1,Saturday
84,6,2015-02-21,7271,1026,1,0,0,0,d,a,1500.0,0.0,2005.0,0,0.0,0.0,None,2015,2,21,8,1,Saturday
85,6,2015-02-21,3831,376,1,0,0,1,d,c,120.0,0.0,2014.0,1,1.0,2013.0,"Jan,Apr,Jul,Oct",2015,2,21,8,1,Saturday
86,6,2015-02-21,11221,1009,1,0,0,0,d,a,3000.0,0.0,2012.0,0,0.0,0.0,None,2015,2,21,8,1,Saturday
87,6,2015-02-21,6786,755,1,0,0,0,a,a,1500.0,0.0,0.0,0,0.0,0.0,None,2015,2,21,8,1,Saturday
88,6,2015-02-21,8741,1187,1,0,0,0,d,c,3000.0,3.0,2012.0,1,31.0,2009.0,"Feb,May,Aug,Nov",2015,2,21,8,1,Saturday
89,6,2015-02-21,4932,570,1,0,0,0,d,a,1500.0,9.0,0.0,1,31.0,2015.0,"Feb,May,Aug,Nov",2015,2,21,8,1,Saturday
90,6,2015-02-21,2554,354,1,0,0,0,d,c,1500.0,0.0,0.0,0,0.0,0.0,None,2015,2,21,8,1,Saturday
91,6,2015-02-21,7853,777,1,0,0,0,a,c,1500.0,3.0,2008.0,0,0.0,0.0,None,2015,2,21,8,1,Saturday
92,6,2015-02-21,11466,1122,1,0,0,0,d,c,120.0,3.0,0.0,1,31.0,2009.0,"Feb,May,Aug,Nov",2015,2,21,8,1,Saturday
93,6,2015-02-21,4164,413,1,0,0,1,d,a,120.0,5.0,2005.0,0,0.0,0.0,None,2015,2,21,8,1,Saturday
94,6,2015-02-21,10505,1078,1,0,0,1,c,a,500.0,11.0,2005.0,0,0.0,0.0,None,2015,2,21,8,1,Saturday
95,6,2015-02-21,8011,993,1,0,0,0,a,c,500.0,11.0,2005.0,1,31.0,2009.0,"Feb,May,Aug,Nov",2015,2,21,8,1,Saturday
96,6,2015-02-21,5805,545,1,0,0,0,d,c,500.0,7.0,2005.0,1,10.0,2009.0,"Feb,May,Aug,Nov",2015,2,21,8,1,Saturday
97,6,2015-02-21,6281,599,1,0,0,1,c,a,120.0,0.0,2008.0,0,0.0,0.0,None,2015,2,21,8,1,Saturday
98,6,2015-02-21,7425,735,1,0,0,1,c,a,500.0,3.0,2008.0,1,10.0,2009.0,"Feb,May,Aug,Nov",2015,2,21,8,1,Saturday
99,6,2015-02-21,5690,639,1,0,0,0,a,c,500.0,1.0,2012.0,0,0.0,0.0,None,2015,2,21,8,1,Saturday
100,6,2015-02-21,2287,391,1,0,0,0,b,c,500.0,9.0,2005.0,0,0.0,0.0,None,2015,2,21,8,1,Saturday
1,7,2015-02-22,0,0,0,0,0,0,a,c,3000.0,7.0,2012.0,0,0.0,0.0,None,2015,2,22,8,1,Sunday
2,7,2015-02-22,0,0,0,0,0,0,a,a,7500.0,5.0,2008.0,0,0.0,0.0,None,2015,2,22,8,1,Sunday
3,7,2015-02-22,0,0,0,0,0,0,d,c,500.0,5.0,2012.0,1,10.0,2011.0,"Jan,Apr,Jul,Oct",2015,2,22,8,1,Sunday
4,7,2015-02-22,0,0,0,0,0,1,a,a,1500.0,1.0,2010.0,1,40.0,2011.0,"Mar,Jun,Sept,Dec",2015,2,22,8,1,Sunday
5,7,2015-02-22,0,0,0,0,0,0,c,a,15000.0,0.0,2008.0,1,31.0,2009.0,"Mar,Jun,Sept,Dec",2015,2,22,8,1,Sunday
6,7,2015-02-22,0,0,0,0,0,0,a,c,1500.0,1.0,0.0,0,0.0,0.0,None,2015,2,22,8,1,Sunday
7,7,2015-02-22,0,0,0,0,0,0,a,a,1500.0,5.0,2012.0,1,14.0,2011.0,"Jan,Apr,Jul,Oct",2015,2,22,8,1,Sunday
8,7,2015-02-22,0,0,0,0,0,0,a,c,500.0,9.0,2014.0,1,40.0,2009.0,"Mar,Jun,Sept,Dec",2015,2,22,8,1,Sunday
9,7,2015-02-22,0,0,0,0,0,0,d,a,500.0,5.0,2014.0,1,40.0,2013.0,"Jan,Apr,Jul,Oct",2015,2,22,8,1,Sunday
10,7,2015-02-22,0,0,0,0,0,0,d,c,3000.0,11.0,2012.0,1,1.0,2015.0,"Jan,Apr,Jul,Oct",2015,2,22,8,1,Sunday
11,7,2015-02-22,0,0,0,0,0,0,a,c,120.0,11.0,0.0,1,22.0,2015.0,"Mar,Jun,Sept,Dec",2015,2,22,8,1,Sunday
12,7,2015-02-22,0,0,0,0,0,0,d,c,3000.0,0.0,2008.0,0,0.0,0.0,None,2015,2,22,8,1,Sunday
13,7,2015-02-22,0,0,0,0,0,0,a,a,7500.0,5.0,2005.0,0,0.0,0.0,None,2015,2,22,8,1,Sunday
14,7,2015-02-22,0,0,0,0,0,0,a,c,1500.0,5.0,2014.0,1,1.0,2013.0,"Jan,Apr,Jul,Oct",2015,2,22,8,1,Sunday
15,7,2015-02-22,0,0,0,0,0,0,d,c,3000.0,11.0,2014.0,1,1.0,2013.0,"Mar,Jun,Sept,Dec",2015,2,22,8,1,Sunday
16,7,2015-02-22,0,0,0,0,0,1,a,a,500.0,11.0,0.0,0,0.0,0.0,None,2015,2,22,8,1,Sunday
17,7,2015-02-22,0,0,0,0,0,0,a,c,500.0,7.0,2008.0,0,0.0,0.0,None,2015,2,22,8,1,Sunday
18,7,2015-02-22,0,0,0,0,0,0,d,c,1500.0,5.0,2005.0,1,40.0,2009.0,"Jan,Apr,Jul,Oct",2015,2,22,8,1,Sunday
19,7,2015-02-22,0,0,0,0,0,0,d,c,120.0,9.0,2014.0,1,10.0,2013.0,"Jan,Apr,Jul,Oct",2015,2,22,8,1,Sunday
20,7,2015-02-22,0,0,0,0,0,0,a,a,500.0,9.0,0.0,1,1.0,2013.0,"Mar,Jun,Sept,Dec",2015,2,22,8,1,Sunday
21,7,2015-02-22,0,0,0,0,0,0,a,c,1500.0,0.0,2008.0,0,0.0,0.0,None,2015,2,22,8,1,Sunday
22,7,2015-02-22,0,0,0,0,0,0,a,a,500.0,0.0,2010.0,0,0.0,0.0,None,2015,2,22,8,1,Sunday
23,7,2015-02-22,0,0,0,0,0,0,d,c,500.0,1.0,2008.0,0,0.0,0.0,None,2015,2,22,8,1,Sunday
24,7,2015-02-22,0,0,0,0,0,0,a,a,1500.0,1.0,2010.0,0,0.0,0.0,None,2015,2,22,8,1,Sunday
25,7,2015-02-22,0,0,0,0,0,0,a,c,500.0,1.0,2012.0,0,0.0,0.0,None,2015,2,22,8,1,Sunday
26,7,2015-02-22,0,0,0,0,0,0,d,a,1500.0,3.0,2008.0,0,0.0,0.0,None,2015,2,22,8,1,Sunday
27,7,2015-02-22,0,0,0,0,0,0,d,a,15000.0,9.0,2008.0,1,1.0,2009.0,"Mar,Jun,Sept,Dec",2015,2,22,8,1,Sunday
28,7,2015-02-22,0,0,0,0,0,0,a,a,1500.0,3.0,2010.0,0,0.0,0.0,None,2015,2,22,8,1,Sunday
29,7,2015-02-22,0,0,0,0,0,0,a,a,1500.0,5.0,0.0,1,10.0,2015.0,"Jan,Apr,Jul,Oct",2015,2,22,8,1,Sunday
30,7,2015-02-22,0,0,0,0,0,0,c,c,500.0,11.0,2014.0,1,22.0,2015.0,"Feb,May,Aug,Nov",2015,2,22,8,1,Sunday
31,7,2015-02-22,0,0,0,0,0,0,d,c,500.0,0.0,2014.0,1,31.0,2015.0,"Mar,Jun,Sept,Dec",2015,2,22,8,1,Sunday
32,7,2015-02-22,0,0,0,0,0,1,a,a,3000.0,3.0,2010.0,1,1.0,2015.0,"Mar,Jun,Sept,Dec",2015,2,22,8,1,Sunday
33,7,2015-02-22,0,0,0,0,0,0,d,c,1500.0,9.0,2008.0,0,0.0,0.0,None,2015,2,22,8,1,Sunday
34,7,2015-02-22,0,0,0,0,0,0,d,c,500.0,9.0,2005.0,0,0.0,0.0,None,2015,2,22,8,1,Sunday
35,7,2015-02-22,0,0,0,0,0,0,a,c,120.0,5.0,0.0,1,22.0,2015.0,"Mar,Jun,Sept,Dec",2015,2,22,8,1,Sunday
36,7,2015-02-22,0,0,0,0,0,0,d,a,1500.0,3.0,2008.0,1,40.0,2011.0,"Feb,May,Aug,Nov",2015,2,22,8,1,Sunday
37,7,2015-02-22,0,0,0,0,0,1,d,a,7500.0,3.0,2008.0,1,40.0,2009.0,"Mar,Jun,Sept,Dec",2015,2,22,8,1,Sunday
38,7,2015-02-22,0,0,0,0,0,0,a,a,3000.0,3.0,2010.0,0,0.0,0.0,None,2015,2,22,8,1,Sunday
39,7,2015-02-22,0,0,0,0,0,0,c,a,7500.0,7.0,2014.0,1,14.0,2015.0,"Jan,Apr,Jul,Oct",2015,2,22,8,1,Sunday
40,7,2015-02-22,0,0,0,0,0,0,d,a,1500.0,11.0,2008.0,1,22.0,2013.0,"Jan,Apr,Jul,Oct",2015,2,22,8,1,Sunday
41,7,2015-02-22,0,0,0,0,0,0,a,c,500.0,1.0,0.0,0,0.0,0.0,None,2015,2,22,8,1,Sunday
42,7,2015-02-22,0,0,0,0,0,0,d,c,120.0,1.0,2014.0,0,0.0,0.0,None,2015,2,22,8,1,Sunday
43,7,2015-02-22,0,0,0,0,0,0,a,a,500.0,0.0,0.0,1,31.0,2011.0,"Mar,Jun,Sept,Dec",2015,2,22,8,1,Sunday
44,7,2015-02-22,0,0,0,0,0,0,a,a,1500.0,5.0,2005.0,0,0.0,0.0,None,2015,2,22,8,1,Sunday
45,7,2015-02-22,0,0,0,0,0,0,c,a,120.0,9.0,2014.0,1,22.0,2011.0,"Feb,May,Aug,Nov",2015,2,22,8,1,Sunday
46,7,2015-02-22,0,0,0,0,0,0,a,c,500.0,1.0,2014.0,0,0.0,0.0,None,2015,2,22,8,1,Sunday
47,7,2015-02-22,0,0,0,0,0,0,c,a,1500.0,0.0,0.0,1,40.0,2013.0,"Jan,Apr,Jul,Oct",2015,2,22,8,1,Sunday
48,7,2015-02-22,0,0,0,0,0,0,a,c,500.0,7.0,2010.0,1,22.0,2011.0,"Mar,Jun,Sept,Dec",2015,2,22,8,1,Sunday
49,7,2015-02-22,0,0,0,0,0,0,d,a,120.0,1.0,2010.0,1,14.0,2009.0,"Mar,Jun,Sept,Dec",2015,2,22,8,1,Sunday
50,7,2015-02-22,0,0,0,0,0,0,a,c,500.0,1.0,2012.0,0,0.0,0.0,None,2015,2,22,8,1,Sunday
51,7,2015-02-22,0,0,0,0,0,0,a,c,120.0,1.0,0.0,0,0.0,0.0,None,2015,2,22,8,1,Sunday
52,7,2015-02-22,0,0,0,0,0,0,a,a,120.0,7.0,2012.0,1,31.0,2013.0,"Mar,Jun,Sept,Dec",2015,2,22,8,1,Sunday
53,7,2015-02-22,0,0,0,0,0,0,a,c,1500.0,0.0,0.0,1,14.0,2009.0,"Feb,May,Aug,Nov",2015,2,22,8,1,Sunday
54,7,2015-02-22,0,0,0,0,0,0,a,a,1500.0,0.0,0.0,0,0.0,0.0,None,2015,2,22,8,1,Sunday
55,7,2015-02-22,0,0,0,0,0,1,d,c,1500.0,1.0,2005.0,1,22.0,2009.0,"Feb,May,Aug,Nov",2015,2,22,8,1,Sunday
56,7,2015-02-22,0,0,0,0,0,0,a,a,1500.0,7.0,2010.0,0,0.0,0.0,None,2015,2,22,8,1,Sunday
57,7,2015-02-22,0,0,0,0,0,0,a,c,1500.0,0.0,2012.0,1,10.0,2009.0,"Mar,Jun,Sept,Dec",2015,2,22,8,1,Sunday
58,7,2015-02-22,0,0,0,0,0,0,d,c,1500.0,0.0,0.0,1,14.0,2009.0,"Mar,Jun,Sept,Dec",2015,2,22,8,1,Sunday
59,7,2015-02-22,0,0,0,0,0,0,d,c,500.0,7.0,2012.0,0,0.0,0.0,None,2015,2,22,8,1,Sunday
60,7,2015-02-22,0,0,0,0,0,0,a,a,1500.0,11.0,0.0,1,31.0,2011.0,"Feb,May,Aug,Nov",2015,2,22,8,1,Sunday
61,7,2015-02-22,0,0,0,0,0,0,a,c,500.0,5.0,2005.0,1,31.0,2013.0,"Jan,Apr,Jul,Oct",2015,2,22,8,1,Sunday
62,7,2015-02-22,0,0,0,0,0,0,a,a,15000.0,5.0,2005.0,0,0.0,0.0,None,2015,2,22,8,1,Sunday
63,7,2015-02-22,0,0,0,0,0,0,c,c,3000.0,5.0,2005.0,0,0.0,0.0,None,2015,2,22,8,1,Sunday
64,7,2015-02-22,0,0,0,0,0,1,c,c,1500.0,5.0,0.0,1,1.0,2013.0,"Jan,Apr,Jul,Oct",2015,2,22,8,1,Sunday
65,7,2015-02-22,0,0,0,0,0,0,a,c,1500.0,0.0,2014.0,0,0.0,0.0,None,2015,2,22,8,1,Sunday
66,7,2015-02-22,0,0,0,0,0,0,a,a,15000.0,3.0,2010.0,0,0.0,0.0,None,2015,2,22,8,1,Sunday
67,7,2015-02-22,0,0,0,0,0,0,d,c,1500.0,1.0,2012.0,0,0.0,0.0,None,2015,2,22,8,1,Sunday
68,7,2015-02-22,0,0,0,0,0,0,c,c,500.0,7.0,0.0,0,0.0,0.0,None,2015,2,22,8,1,Sunday
69,7,2015-02-22,0,0,0,0,0,0,d,c,15000.0,1.0,2012.0,1,31.0,2013.0,"Mar,Jun,Sept,Dec",2015,2,22,8,1,Sunday
70,7,2015-02-22,0,0,0,0,0,0,a,a,3000.0,5.0,0.0,0,0.0,0.0,None,2015,2,22,8,1,Sunday
71,7,2015-02-22,0,0,0,0,0,0,a,c,120.0,1.0,2008.0,1,31.0,2009.0,"Jan,Apr,Jul,Oct",2015,2,22,8,1,Sunday
72,7,2015-02-22,0,0,0,0,0,0,a,c,7500.0,9.0,2010.0,0,0.0,0.0,None,2015,2,22,8,1,Sunday
73,7,2015-02-22,0,0,0,0,0,1,d,c,500.0,5.0,2008.0,1,40.0,2013.0,"Mar,Jun,Sept,Dec",2015,2,22,8,1,Sunday
74,7,2015-02-22,0,0,0,0,0,0,a,a,500.0,7.0,2012.0,0,0.0,0.0,None,2015,2,22,8,1,Sunday
75,7,2015-02-22,0,0,0,0,0,1,c,c,3000.0,11.0,0.0,1,14.0,2009.0,"Feb,May,Aug,Nov",2015,2,22,8,1,Sunday
76,7,2015-02-22,0,0,0,0,0,0,a,a,120.0,0.0,2014.0,0,0.0,0.0,None,2015,2,22,8,1,Sunday
77,7,2015-02-22,0,0,0,0,0,0,d,c,1500.0,11.0,2012.0,0,0.0,0.0,None,2015,2,22,8,1,Sunday
78,7,2015-02-22,0,0,0,0,0,1,d,c,500.0,3.0,2010.0,0,0.0,0.0,None,2015,2,22,8,1,Sunday
79,7,2015-02-22,0,0,0,0,0,0,a,a,500.0,0.0,2012.0,1,14.0,2015.0,"Mar,Jun,Sept,Dec",2015,2,22,8,1,Sunday
80,7,2015-02-22,0,0,0,0,0,1,a,a,15000.0,9.0,2010.0,0,0.0,0.0,None,2015,2,22,8,1,Sunday
81,7,2015-02-22,0,0,0,0,0,0,a,a,1500.0,1.0,2010.0,1,22.0,2009.0,"Jan,Apr,Jul,Oct",2015,2,22,8,1,Sunday
82,7,2015-02-22,0,0,0,0,0,1,a,a,1500.0,0.0,0.0,0,0.0,0.0,None,2015,2,22,8,1,Sunday
83,7,2015-02-22,0,0,0,0,0,0,a,c,500.0,7.0,2014.0,0,0.0,0.0,None,2015,2,22,8,1,Sunday
84,7,2015-02-22,0,0,0,0,0,0,d,a,1500.0,0.0,2005.0,0,0.0,0.0,None,2015,2,22,8,1,Sunday
85,7,2015-02-22,0,0,0,0,0,1,d,c,120.0,0.0,2014.0,1,1.0,2013.0,"Jan,Apr,Jul,Oct",2015,2,22,8,1,Sunday
86,7,2015-02-22,0,0,0,0,0,0,d,a,3000.0,0.0,2012.0,0,0.0,0.0,None,2015,2,22,8,1,Sunday
87,7,2015-02-22,0,0,0,0,0,0,a,a,1500.0,0.0,0.0,0,0.0,0.0,None,2015,2,22,8,1,Sunday
88,7,2015-02-22,0,0,0,0,0,0,d,c,3000.0,3.0,2012.0,1,31.0,2009.0,"Feb,May,Aug,Nov",2015,2,22,8,1,Sunday
89,7,2015-02-22,0,0,0,0,0,0,d,a,1500.0,9.0,0.0,1,31.0,2015.0,"Feb,May,Aug,Nov",2015,2,22,8,1,Sunday
90,7,2015-02-22,0,0,0,0,0,1,d,c,1500.0,0.0,0.0,0,0.0,0.0,None,2015,2,22,8,1,Sunday
91,7,2015-02-22,0,0,0,0,0,0,a,c,1500.0,3.0,2008.0,0,0.0,0.0,None,2015,2,22,8,1,Sunday
92,7,2015-02-22,0,0,0,0,0,0,d,c,120.0,3.0,0.0,1,31.0,2009.0,"Feb,May,Aug,Nov",2015,2,22,8,1,Sunday
93,7,2015-02-22,0,0,0,0,0,0,d,a,120.0,5.0,2005.0,0,0.0,0.0,None,2015,2,22,8,1,Sunday
94,7,2015-02-22,0,0,0,0,0,0,c,a,500.0,11.0,2005.0,0,0.0,0.0,None,2015,2,22,8,1,Sunday
95,7,2015-02-22,0,0,0,0,0,0,a,c,500.0,11.0,2005.0,1,31.0,2009.0,"Feb,May,Aug,Nov",2015,2,22,8,1,Sunday
96,7,2015-02-22,0,0,0,0,0,0,d,c,500.0,7.0,2005.0,1,10.0,2009.0,"Feb,May,Aug,Nov",2015,2,22,8,1,Sunday
97,7,2015-02-22,0,0,0,0,0,0,c,a,120.0,0.0,2008.0,0,0.0,0.0,None,2015,2,22,8,1,Sunday
98,7,2015-02-22,0,0,0,0,0,0,c,a,500.0,3.0,2008.0,1,10.0,2009.0,"Feb,May,Aug,Nov",2015,2,22,8,1,Sunday
99,7,2015-02-22,0,0,0,0,0,1,a,c,500.0,1.0,2012.0,0,0.0,0.0,None,2015,2,22,8,1,Sunday
100,7,2015-02-22,0,0,0,0,0,0,b,c,500.0,9.0,2005.0,0,0.0,0.0,None,2015,2,22,8,1,Sunday
1,1,2015-02-23,5166,572,1,0,0,0,a,c,3000.0,7.0,2012.0,0,0.0,0.0,None,2015,2,23,9,1,Monday
2,1,2015-02-23,5696,626,1,1,0,0,a,a,7500.0,5.0,2008.0,0,0.0,0.0,None,2015,2,23,9,1,Monday
3,1,2015-02-23,2546,302,1,1,0,0,d,c,500.0,5.0,2012.0,1,10.0,2011.0,"Jan,Apr,Jul,Oct",2015,2,23,9,1,Monday
4,1,2015-02-23,6151,654,1,0,0,1,a,a,1500.0,1.0,2010.0,1,40.0,2011.0,"Mar,Jun,Sept,Dec",2015,2,23,9,1,Monday
5,1,2015-02-23,5429,517,1,0,0,1,c,a,15000.0,0.0,2008.0,1,31.0,2009.0,"Mar,Jun,Sept,Dec",2015,2,23,9,1,Monday
6,1,2015-02-23,4568,597,1,0,0,0,a,c,1500.0,1.0,0.0,0,0.0,0.0,None,2015,2,23,9,1,Monday
7,1,2015-02-23,8030,950,1,0,0,1,a,a,1500.0,5.0,2012.0,1,14.0,2011.0,"Jan,Apr,Jul,Oct",2015,2,23,9,1,Monday
8,1,2015-02-23,0,0,0,0,0,0,a,c,500.0,9.0,2014.0,1,40.0,2009.0,"Mar,Jun,Sept,Dec",2015,2,23,9,1,Monday
9,1,2015-02-23,2321,338,1,0,0,0,d,a,500.0,5.0,2014.0,1,40.0,2013.0,"Jan,Apr,Jul,Oct",2015,2,23,9,1,Monday
10,1,2015-02-23,3564,499,1,1,0,0,d,c,3000.0,11.0,2012.0,1,1.0,2015.0,"Jan,Apr,Jul,Oct",2015,2,23,9,1,Monday
11,1,2015-02-23,7070,848,1,1,0,0,a,c,120.0,11.0,0.0,1,22.0,2015.0,"Mar,Jun,Sept,Dec",2015,2,23,9,1,Monday
12,1,2015-02-23,12114,1095,1,0,0,1,d,c,3000.0,0.0,2008.0,0,0.0,0.0,None,2015,2,23,9,1,Monday
13,1,2015-02-23,3122,508,1,0,0,0,a,a,7500.0,5.0,2005.0,0,0.0,0.0,None,2015,2,23,9,1,Monday
14,1,2015-02-23,5742,517,1,1,0,0,a,c,1500.0,5.0,2014.0,1,1.0,2013.0,"Jan,Apr,Jul,Oct",2015,2,23,9,1,Monday
15,1,2015-02-23,9428,922,1,0,0,0,d,c,3000.0,11.0,2014.0,1,1.0,2013.0,"Mar,Jun,Sept,Dec",2015,2,23,9,1,Monday
16,1,2015-02-23,4048,536,1,0,0,0,a,a,500.0,11.0,0.0,0,0.0,0.0,None,2015,2,23,9,1,Monday
17,1,2015-02-23,5511,680,1,1,0,0,a,c,500.0,7.0,2008.0,0,0.0,0.0,None,2015,2,23,9,1,Monday
18,1,2015-02-23,2381,369,1,0,0,0,d,c,1500.0,5.0,2005.0,1,40.0,2009.0,"Jan,Apr,Jul,Oct",2015,2,23,9,1,Monday
19,1,2015-02-23,12762,1159,1,0,0,0,d,c,120.0,9.0,2014.0,1,10.0,2013.0,"Jan,Apr,Jul,Oct",2015,2,23,9,1,Monday
20,1,2015-02-23,5620,662,1,0,0,0,a,a,500.0,9.0,0.0,1,1.0,2013.0,"Mar,Jun,Sept,Dec",2015,2,23,9,1,Monday
21,1,2015-02-23,9817,1067,1,1,0,0,a,c,1500.0,0.0,2008.0,0,0.0,0.0,None,2015,2,23,9,1,Monday
22,1,2015-02-23,6290,1038,1,0,0,0,a,a,500.0,0.0,2010.0,0,0.0,0.0,None,2015,2,23,9,1,Monday
23,1,2015-02-23,9349,703,1,1,0,1,d,c,500.0,1.0,2008.0,0,0.0,0.0,None,2015,2,23,9,1,Monday
24,1,2015-02-23,3577,316,1,1,0,0,a,a,1500.0,1.0,2010.0,0,0.0,0.0,None,2015,2,23,9,1,Monday
25,1,2015-02-23,5059,349,1,1,0,0,a,c,500.0,1.0,2012.0,0,0.0,0.0,None,2015,2,23,9,1,Monday
26,1,2015-02-23,5092,773,1,0,0,0,d,a,1500.0,3.0,2008.0,0,0.0,0.0,None,2015,2,23,9,1,Monday
27,1,2015-02-23,6629,748,1,0,0,0,d,a,15000.0,9.0,2008.0,1,1.0,2009.0,"Mar,Jun,Sept,Dec",2015,2,23,9,1,Monday
28,1,2015-02-23,6623,568,1,1,0,1,a,a,1500.0,3.0,2010.0,0,0.0,0.0,None,2015,2,23,9,1,Monday
29,1,2015-02-23,10017,971,1,1,0,0,a,a,1500.0,5.0,0.0,1,10.0,2015.0,"Jan,Apr,Jul,Oct",2015,2,23,9,1,Monday
30,1,2015-02-23,4050,380,1,1,0,0,c,c,500.0,11.0,2014.0,1,22.0,2015.0,"Feb,May,Aug,Nov",2015,2,23,9,1,Monday
31,1,2015-02-23,4689,437,1,0,0,0,d,c,500.0,0.0,2014.0,1,31.0,2015.0,"Mar,Jun,Sept,Dec",2015,2,23,9,1,Monday
32,1,2015-02-23,4736,696,1,0,0,0,a,a,3000.0,3.0,2010.0,1,1.0,2015.0,"Mar,Jun,Sept,Dec",2015,2,23,9,1,Monday
33,1,2015-02-23,9793,1045,1,1,0,1,d,c,1500.0,9.0,2008.0,0,0.0,0.0,None,2015,2,23,9,1,Monday
34,1,2015-02-23,3959,348,1,1,0,0,d,c,500.0,9.0,2005.0,0,0.0,0.0,None,2015,2,23,9,1,Monday
35,1,2015-02-23,9065,718,1,1,0,0,a,c,120.0,5.0,0.0,1,22.0,2015.0,"Mar,Jun,Sept,Dec",2015,2,23,9,1,Monday
36,1,2015-02-23,4976,611,1,1,0,0,d,a,1500.0,3.0,2008.0,1,40.0,2011.0,"Feb,May,Aug,Nov",2015,2,23,9,1,Monday
37,1,2015-02-23,9551,933,1,0,0,0,d,a,7500.0,3.0,2008.0,1,40.0,2009.0,"Mar,Jun,Sept,Dec",2015,2,23,9,1,Monday
38,1,2015-02-23,9149,752,1,1,0,0,a,a,3000.0,3.0,2010.0,0,0.0,0.0,None,2015,2,23,9,1,Monday
39,1,2015-02-23,3265,347,1,1,0,0,c,a,7500.0,7.0,2014.0,1,14.0,2015.0,"Jan,Apr,Jul,Oct",2015,2,23,9,1,Monday
40,1,2015-02-23,6278,563,1,0,0,1,d,a,1500.0,11.0,2008.0,1,22.0,2013.0,"Jan,Apr,Jul,Oct",2015,2,23,9,1,Monday
41,1,2015-02-23,13903,1132,1,1,0,0,a,c,500.0,1.0,0.0,0,0.0,0.0,None,2015,2,23,9,1,Monday
42,1,2015-02-23,4018,705,1,0,0,0,d,c,120.0,1.0,2014.0,0,0.0,0.0,None,2015,2,23,9,1,Monday
43,1,2015-02-23,8441,1042,1,1,0,1,a,a,500.0,0.0,0.0,1,31.0,2011.0,"Mar,Jun,Sept,Dec",2015,2,23,9,1,Monday
44,1,2015-02-23,4360,418,1,0,0,0,a,a,1500.0,5.0,2005.0,0,0.0,0.0,None,2015,2,23,9,1,Monday
45,1,2015-02-23,5518,632,1,1,0,0,c,a,120.0,9.0,2014.0,1,22.0,2011.0,"Feb,May,Aug,Nov",2015,2,23,9,1,Monday
46,1,2015-02-23,0,0,0,0,0,1,a,c,500.0,1.0,2014.0,0,0.0,0.0,None,2015,2,23,9,1,Monday
47,1,2015-02-23,3448,327,1,0,0,0,c,a,1500.0,0.0,0.0,1,40.0,2013.0,"Jan,Apr,Jul,Oct",2015,2,23,9,1,Monday
48,1,2015-02-23,8849,857,1,1,0,0,a,c,500.0,7.0,2010.0,1,22.0,2011.0,"Mar,Jun,Sept,Dec",2015,2,23,9,1,Monday
49,1,2015-02-23,7931,1034,1,1,0,1,d,a,120.0,1.0,2010.0,1,14.0,2009.0,"Mar,Jun,Sept,Dec",2015,2,23,9,1,Monday
50,1,2015-02-23,3211,317,1,0,0,0,a,c,500.0,1.0,2012.0,0,0.0,0.0,None,2015,2,23,9,1,Monday
51,1,2015-02-23,9913,948,1,1,0,1,a,c,120.0,1.0,0.0,0,0.0,0.0,None,2015,2,23,9,1,Monday
52,1,2015-02-23,11091,1097,1,0,0,0,a,a,120.0,7.0,2012.0,1,31.0,2013.0,"Mar,Jun,Sept,Dec",2015,2,23,9,1,Monday
53,1,2015-02-23,2951,337,1,1,0,0,a,c,1500.0,0.0,0.0,1,14.0,2009.0,"Feb,May,Aug,Nov",2015,2,23,9,1,Monday
54,1,2015-02-23,4138,388,1,0,0,1,a,a,1500.0,0.0,0.0,0,0.0,0.0,None,2015,2,23,9,1,Monday
55,1,2015-02-23,9659,1115,1,1,0,0,d,c,1500.0,1.0,2005.0,1,22.0,2009.0,"Feb,May,Aug,Nov",2015,2,23,9,1,Monday
56,1,2015-02-23,9457,1167,1,0,0,1,a,a,1500.0,7.0,2010.0,0,0.0,0.0,None,2015,2,23,9,1,Monday
57,1,2015-02-23,3787,387,1,0,0,0,a,c,1500.0,0.0,2012.0,1,10.0,2009.0,"Mar,Jun,Sept,Dec",2015,2,23,9,1,Monday
58,1,2015-02-23,5500,740,1,0,0,0,d,c,1500.0,0.0,0.0,1,14.0,2009.0,"Mar,Jun,Sept,Dec",2015,2,23,9,1,Monday
59,1,2015-02-23,0,0,0,1,0,0,d,c,500.0,7.0,2012.0,0,0.0,0.0,None,2015,2,23,9,1,Monday
60,1,2015-02-23,7972,992,1,0,0,0,a,a,1500.0,11.0,0.0,1,31.0,2011.0,"Feb,May,Aug,Nov",2015,2,23,9,1,Monday
61,1,2015-02-23,6243,736,1,0,0,1,a,c,500.0,5.0,2005.0,1,31.0,2013.0,"Jan,Apr,Jul,Oct",2015,2,23,9,1,Monday
62,1,2015-02-23,13174,1041,1,1,0,0,a,a,15000.0,5.0,2005.0,0,0.0,0.0,None,2015,2,23,9,1,Monday
63,1,2015-02-23,5738,1028,1,0,0,1,c,c,3000.0,5.0,2005.0,0,0.0,0.0,None,2015,2,23,9,1,Monday
64,1,2015-02-23,4751,396,1,0,0,0,c,c,1500.0,5.0,0.0,1,1.0,2013.0,"Jan,Apr,Jul,Oct",2015,2,23,9,1,Monday
65,1,2015-02-23,4131,553,1,0,0,0,a,c,1500.0,0.0,2014.0,0,0.0,0.0,None,2015,2,23,9,1,Monday
66,1,2015-02-23,5400,464,1,1,0,0,a,a,15000.0,3.0,2010.0,0,0.0,0.0,None,2015,2,23,9,1,Monday
67,1,2015-02-23,10002,897,1,0,0,0,d,c,1500.0,1.0,2012.0,0,0.0,0.0,None,2015,2,23,9,1,Monday
68,1,2015-02-23,12184,1199,1,0,0,0,c,c,500.0,7.0,0.0,0,0.0,0.0,None,2015,2,23,9,1,Monday
69,1,2015-02-23,5434,874,1,0,0,0,d,c,15000.0,1.0,2012.0,1,31.0,2013.0,"Mar,Jun,Sept,Dec",2015,2,23,9,1,Monday
70,1,2015-02-23,6100,718,1,0,0,0,a,a,3000.0,5.0,0.0,0,0.0,0.0,None,2015,2,23,9,1,Monday
71,1,2015-02-23,6106,793,1,1,0,0,a,c,120.0,1.0,2008.0,1,31.0,2009.0,"Jan,Apr,Jul,Oct",2015,2,23,9,1,Monday
72,1,2015-02-23,5348,633,1,0,0,0,a,c,7500.0,9.0,2010.0,0,0.0,0.0,None,2015,2,23,9,1,Monday
73,1,2015-02-23,6021,566,1,1,0,1,d,c,500.0,5.0,2008.0,1,40.0,2013.0,"Mar,Jun,Sept,Dec",2015,2,23,9,1,Monday
74,1,2015-02-23,12659,1014,1,1,0,0,a,a,500.0,7.0,2012.0,0,0.0,0.0,None,2015,2,23,9,1,Monday
75,1,2015-02-23,5286,499,1,0,0,0,c,c,3000.0,11.0,0.0,1,14.0,2009.0,"Feb,May,Aug,Nov",2015,2,23,9,1,Monday
76,1,2015-02-23,12505,1149,1,1,0,0,a,a,120.0,0.0,2014.0,0,0.0,0.0,None,2015,2,23,9,1,Monday
77,1,2015-02-23,7762,878,1,0,0,0,d,c,1500.0,11.0,2012.0,0,0.0,0.0,None,2015,2,23,9,1,Monday
78,1,2015-02-23,6227,580,1,1,0,0,d,c,500.0,3.0,2010.0,0,0.0,0.0,None,2015,2,23,9,1,Monday
79,1,2015-02-23,3269,343,1,0,0,1,a,a,500.0,0.0,2012.0,1,14.0,2015.0,"Mar,Jun,Sept,Dec",2015,2,23,9,1,Monday
80,1,2015-02-23,7263,730,1,1,0,0,a,a,15000.0,9.0,2010.0,0,0.0,0.0,None,2015,2,23,9,1,Monday
81,1,2015-02-23,5165,511,1,1,0,0,a,a,1500.0,1.0,2010.0,1,22.0,2009.0,"Jan,Apr,Jul,Oct",2015,2,23,9,1,Monday
82,1,2015-02-23,4090,345,1,0,0,0,a,a,1500.0,0.0,0.0,0,0.0,0.0,None,2015,2,23,9,1,Monday
83,1,2015-02-23,2554,350,1,0,0,0,a,c,500.0,7.0,2014.0,0,0.0,0.0,None,2015,2,23,9,1,Monday
84,1,2015-02-23,9184,1160,1,0,0,0,d,a,1500.0,0.0,2005.0,0,0.0,0.0,None,2015,2,23,9,1,Monday
85,1,2015-02-23,7229,682,1,1,0,1,d,c,120.0,0.0,2014.0,1,1.0,2013.0,"Jan,Apr,Jul,Oct",2015,2,23,9,1,Monday
86,1,2015-02-23,11393,1028,1,0,0,0,d,a,3000.0,0.0,2012.0,0,0.0,0.0,None,2015,2,23,9,1,Monday
87,1,2015-02-23,9223,784,1,0,0,0,a,a,1500.0,0.0,0.0,0,0.0,0.0,None,2015,2,23,9,1,Monday
88,1,2015-02-23,6840,572,1,0,0,0,d,c,3000.0,3.0,2012.0,1,31.0,2009.0,"Feb,May,Aug,Nov",2015,2,23,9,1,Monday
89,1,2015-02-23,8484,750,1,1,0,1,d,a,1500.0,9.0,0.0,1,31.0,2015.0,"Feb,May,Aug,Nov",2015,2,23,9,1,Monday
90,1,2015-02-23,6781,1016,1,0,0,0,d,c,1500.0,0.0,0.0,0,0.0,0.0,None,2015,2,23,9,1,Monday
91,1,2015-02-23,7760,960,1,0,0,0,a,c,1500.0,3.0,2008.0,0,0.0,0.0,None,2015,2,23,9,1,Monday
92,1,2015-02-23,3391,306,1,1,0,0,d,c,120.0,3.0,0.0,1,31.0,2009.0,"Feb,May,Aug,Nov",2015,2,23,9,1,Monday
93,1,2015-02-23,4983,426,1,0,0,0,d,a,120.0,5.0,2005.0,0,0.0,0.0,None,2015,2,23,9,1,Monday
94,1,2015-02-23,4646,381,1,1,0,0,c,a,500.0,11.0,2005.0,0,0.0,0.0,None,2015,2,23,9,1,Monday
95,1,2015-02-23,2720,304,1,0,0,0,a,c,500.0,11.0,2005.0,1,31.0,2009.0,"Feb,May,Aug,Nov",2015,2,23,9,1,Monday
96,1,2015-02-23,4132,434,1,1,0,0,d,c,500.0,7.0,2005.0,1,10.0,2009.0,"Feb,May,Aug,Nov",2015,2,23,9,1,Monday
97,1,2015-02-23,8904,1039,1,0,0,0,c,a,120.0,0.0,2008.0,0,0.0,0.0,None,2015,2,23,9,1,Monday
98,1,2015-02-23,11706,1093,1,0,0,0,c,a,500.0,3.0,2008.0,1,10.0,2009.0,"Feb,May,Aug,Nov",2015,2,23,9,1,Monday
99,1,2015-02-23,3104,381,1,1,0,1,a,c,500.0,1.0,2012.0,0,0.0,0.0,None,2015,2,23,9,1,Monday
100,1,2015-02-23,3302,330,1,0,0,0,b,c,500.0,9.0,2005.0,0,0.0,0.0,None,2015,2,23,9,1,Monday
1,2,2015-02-24,6324,872,1,1,0,0,a,c,3000.0,7.0,2012.0,0,0.0,0.0,None,2015,2,24,9,1,Tuesday
2,2,2015-02-24,2232,318,1,0,0,1,a,a,7500.0,5.0,2008.0,0,0.0,0.0,None,2015,2,24,9,1,Tuesday
3,2,2015-02-24,3812,462,1,1,0,0,d,c,500.0,5.0,2012.0,1,10.0,2011.0,"Jan,Apr,Jul,Oct",2015,2,24,9,1,Tuesday
4,2,2015-02-24,8220,601,1,1,0,0,a,a,1500.0,1.0,2010.0,1,40.0,2011.0,"Mar,Jun,Sept,Dec",2015,2,24,9,1,Tuesday
5,2,2015-02-24,5748,788,1,1,0,0,c,a,15000.0,0.0,2008.0,1,31.0,2009.0,"Mar,Jun,Sept,Dec",2015,2,24,9,1,Tuesday
6,2,2015-02-24,5923,916,1,0,0,0,a,c,1500.0,1.0,0.0,0,0.0,0.0,None,2015,2,24,9,1,Tuesday
7,2,2015-02-24,4347,423,1,0,0,0,a,a,1500.0,5.0,2012.0,1,14.0,2011.0,"Jan,Apr,Jul,Oct",2015,2,24,9,1,Tuesday
8,2,2015-02-24,6863,920,1,0,0,1,a,c,500.0,9.0,2014.0,1,40.0,2009.0,"Mar,Jun,Sept,Dec",2015,2,24,9,1,Tuesday
9,2,2015-02-24,4847,576,1,1,0,0,d,a,500.0,5.0,2014.0,1,40.0,2013.0,"Jan,Apr,Jul,Oct",2015,2,24,9,1,Tuesday
10,2,2015-02-24,8604,901,1,0,0,1,d,c,3000.0,11.0,2012.0,1,1.0,2015.0,"Jan,Apr,Jul,Oct",2015,2,24,9,1,Tuesday
11,2,2015-02-24,11505,986,1,1,0,0,a,c,120.0,11.0,0.0,1,22.0,2015.0,"Mar,Jun,Sept,Dec",2015,2,24,9,1,Tuesday
12,2,2015-02-24,6010,863,1,0,0,0,d,c,3000.0,0.0,2008.0,0,0.0,0.0,None,2015,2,24,9,1,Tuesday
13,2,2015-02-24,12584,1065,1,0,0,1,a,a,7500.0,5.0,2005.0,0,0.0,0.0,None,2015,2,24,9,1,Tuesday
14,2,2015-02-24,2692,398,1,0,0,0,a,c,1500.0,5.0,2014.0,1,1.0,2013.0,"Jan,Apr,Jul,Oct",2015,2,24,9,1,Tuesday
15,2,2015-02-24,4176,516,1,0,0,0,d,c,3000.0,11.0,2014.0,1,1.0,2013.0,"Mar,Jun,Sept,Dec",2015,2,24,9,1,Tuesday
16,2,2015-02-24,0,0,0,0,0,1,a,a,500.0,11.0,0.0,0,0.0,0.0,None,2015,2,24,9,1,Tuesday
17,2,2015-02-24,8500,758,1,1,0,0,a,c,500.0,7.0,2008.0,0,0.0,0.0,None,2015,2,24,9,1,Tuesday
18,2,2015-02-24,9737,797,1,1,0,0,d,c,1500.0,5.0,2005.0,1,40.0,2009.0,"Jan,Apr,Jul,Oct",2015,2,24,9,1,Tuesday
19,2,2015-02-24,3110,393,1,0,0,0,d,c,120.0,9.0,2014.0,1,10.0,2013.0,"Jan,Apr,Jul,Oct",2015,2,24,9,1,Tuesday
20,2,2015-02-24,3154,343,1,0,0,0,a,a,500.0,9.0,0.0,1,1.0,2013.0,"Mar,Jun,Sept,Dec",2015,2,24,9,1,Tuesday
21,2,2015-02-24,6813,716,1,0,0,0,a,c,1500.0,0.0,2008.0,0,0.0,0.0,None,2015,2,24,9,1,Tuesday
22,2,2015-02-24,5487,488,1,0,0,0,a,a,500.0,0.0,2010.0,0,0.0,0.0,None,2015,2,24,9,1,Tuesday
23,2,2015-02-24,9818,1077,1,0,0,0,d,c,500.0,1.0,2008.0,0,0.0,0.0,None,2015,2,24,9,1,Tuesday
24,2,2015-02-24,6876,934,1,0,0,0,a,a,1500.0,1.0,2010.0,0,0.0,0.0,None,2015,2,24,9,1,Tuesday
25,2,2015-02-24,6345,642,1,0,0,1,a,c,500.0,1.0,2012.0,0,0.0,0.0,None,2015,2,24,9,1,Tuesday
26,2,2015-02-24,9798,826,1,0,0,0,d,a,1500.0,3.0,2008.0,0,0.0,0.0,None,2015,2,24,9,1,Tuesday
27,2,2015-02-24,3013,344,1,0,0,0,d,a,15000.0,9.0,2008.0,1,1.0,2009.0,"Mar,Jun,Sept,Dec",2015,2,24,9,1,Tuesday
28,2,2015-02-24,10713,1185,1,0,0,0,a,a,1500.0,3.0,2010.0,0,0.0,0.0,None,2015,2,24,9,1,Tuesday
29,2,2015-02-24,4785,849,1,0,0,0,a,a,1500.0,5.0,0.0,1,10.0,2015.0,"Jan,Apr,Jul,Oct",2015,2,24,9,1,Tuesday
30,2,2015-02-24,3491,493,1,0,0,0,c,c,500.0,11.0,2014.0,1,22.0,2015.0,"Feb,May,Aug,Nov",2015,2,24,9,1,Tuesday
31,2,2015-02-24,4823,832,1,0,0,0,d,c,500.0,0.0,2014.0,1,31.0,2015.0,"Mar,Jun,Sept,Dec",2015,2,24,9,1,Tuesday
32,2,2015-02-24,4244,520,1,0,0,0,a,a,3000.0,3.0,2010.0,1,1.0,2015.0,"Mar,Jun,Sept,Dec",2015,2,24,9,1,Tuesday
33,2,2015-02-24,9081,1170,1,0,0,0,d,c,1500.0,9.0,2008.0,0,0.0,0.0,None,2015,2,24,9,1,Tuesday
34,2,2015-02-24,9420,793,1,1,0,0,d,c,500.0,9.0,2005.0,0,0.0,0.0,None,2015,2,24,9,1,Tuesday
35,2,2015-02-24,2834,330,1,0,0,0,a,c,120.0,5.0,0.0,1,22.0,2015.0,"Mar,Jun,Sept,Dec",2015,2,24,9,1,Tuesday
36,2,2015-02-24,4005,597,1,0,0,0,d,a,1500.0,3.0,2008.0,1,40.0,2011.0,"Feb,May,Aug,Nov",2015,2,24,9,1,Tuesday
37,2,2015-02-24,6377,528,1,1,0,0,d,a,7500.0,3.0,2008.0,1,40.0,2009.0,"Mar,Jun,Sept,Dec",2015,2,24,9,1,Tuesday
38,2,2015-02-24,9962,1125,1,0,0,0,a,a,3000.0,3.0,2010.0,0,0.0,0.0,None,2015,2,24,9,1,Tuesday
39,2,2015-02-24,8423,682,1,1,0,0,c,a,7500.0,7.0,2014.0,1,14.0,2015.0,"Jan,Apr,Jul,Oct",2015,2,24,9,1,Tuesday
40,2,2015-02-24,7088,733,1,1,0,0,d,a,1500.0,11.0,2008.0,1,22.0,2013.0,"Jan,Apr,Jul,Oct",2015,2,24,9,1,Tuesday
41,2,2015-02-24,2269,356,1,0,0,0,a,c,500.0,1.0,0.0,0,0.0,0.0,None,2015,2,24,9,1,Tuesday
42,2,2015-02-24,8343,1078,1,0,0,0,d,c,120.0,1.0,2014.0,0,0.0,0.0,None,2015,2,24,9,1,Tuesday
43,2,2015-02-24,12050,1025,1,0,0,1,a,a,500.0,0.0,0.0,1,31.0,2011.0,"Mar,Jun,Sept,Dec",2015,2,24,9,1,Tuesday
44,2,2015-02-24,5578,677,1,1,0,0,a,a,1500.0,5.0,2005.0,0,0.0,0.0,None,2015,2,24,9,1,Tuesday
45,2,2015-02-24,5008,359,1,1,0,0,c,a,120.0,9.0,2014.0,1,22.0,2011.0,"Feb,May,Aug,Nov",2015,2,24,9,1,Tuesday
46,2,2015-02-24,3441,320,1,1,0,0,a,c,500.0,1.0,2014.0,0,0.0,0.0,None,2015,2,24,9,1,Tuesday
47,2,2015-02-24,7844,845,1,0,0,0,c,a,1500.0,0.0,0.0,1,40.0,2013.0,"Jan,Apr,Jul,Oct",2015,2,24,9,1,Tuesday
48,2,2015-02-24,2319,332,1,0,0,0,a,c,500.0,7.0,2010.0,1,22.0,2011.0,"Mar,Jun,Sept,Dec",2015,2,24,9,1,Tuesday
49,2,2015-02-24,8308,1091,1,0,0,1,d,a,120.0,1.0,2010.0,1,14.0,2009.0,"Mar,Jun,Sept,Dec",2015,2,24,9,1,Tuesday
50,2,2015-02-24,1959,308,1,0,0,0,a,c,500.0,1.0,2012.0,0,0.0,0.0,None,2015,2,24,9,1,Tuesday
51,2,2015-02-24,6924,965,1,0,0,0,a,c,120.0,1.0,0.0,0,0.0,0.0,None,2015,2,24,9,1,Tuesday
52,2,2015-02-24,4300,628,1,0,0,0,a,a,120.0,7.0,2012.0,1,31.0,2013.0,"Mar,Jun,Sept,Dec",2015,2,24,9,1,Tuesday
53,2,2015-02-24,6137,870,1,1,0,0,a,c,1500.0,0.0,0.0,1,14.0,2009.0,"Feb,May,Aug,Nov",2015,2,24,9,1,Tuesday
54,2,2015-02-24,9215,1112,1,0,0,0,a,a,1500.0,0.0,0.0,0,0.0,0.0,None,2015,2,24,9,1,Tuesday
55,2,2015-02-24,3515,512,1,0,0,0,d,c,1500.0,1.0,2005.0,1,22.0,2009.0,"Feb,May,Aug,Nov",2015,2,24,9,1,Tuesday
56,2,2015-02-24,3328,310,1,0,0,0,a,a,1500.0,7.0,2010.0,0,0.0,0.0,None,2015,2,24,9,1,Tuesday
57,2,2015-02-24,4698,534,1,1,0,0,a,c,1500.0,0.0,2012.0,1,10.0,2009.0,"Mar,Jun,Sept,Dec",2015,2,24,9,1,Tuesday
58,2,2015-02-24,5738,955,1,0,0,1,d,c,1500.0,0.0,0.0,1,14.0,2009.0,"Mar,Jun,Sept,Dec",2015,2,24,9,1,Tuesday
59,2,2015-02-24,6662,718,1,0,0,0,d,c,500.0,7.0,2012.0,0,0.0,0.0,None,2015,2,24,9,1,Tuesday
60,2,2015-02-24,12774,1161,1,0,0,0,a,a,1500.0,11.0,0.0,1,31.0,2011.0,"Feb,May,Aug,Nov",2015,2,24,9,1,Tuesday
61,2,2015-02-24,0,0,0,1,0,0,a,c,500.0,5.0,2005.0,1,31.0,2013.0,"Jan,Apr,Jul,Oct",2015,2,24,9,1,Tuesday
62,2,2015-02-24,2621,341,1,0,0,0,a,a,15000.0,5.0,2005.0,0,0.0,0.0,None,2015,2,24,9,1,Tuesday
63,2,2015-02-24,5932,936,1,0,0,0,c,c,3000.0,5.0,2005.0,0,0.0,0.0,None,2015,2,24,9,1,Tuesday
64,2,2015-02-24,11595,1014,1,0,0,1,c,c,1500.0,5.0,0.0,1,1.0,2013.0,"Jan,Apr,Jul,Oct",2015,2,24,9,1,Tuesday
65,2,2015-02-24,9258,809,1,1,0,0,a,c,1500.0,0.0,2014.0,0,0.0,0.0,None,2015,2,24,9,1,Tuesday
66,2,2015-02-24,7415,737,1,1,0,0,a,a,15000.0,3.0,2010.0,0,0.0,0.0,None,2015,2,24,9,1,Tuesday
67,2,2015-02-24,2531,351,1,0,0,0,d,c,1500.0,1.0,2012.0,0,0.0,0.0,None,2015,2,24,9,1,Tuesday
68,2,2015-02-24,12463,1150,1,0,0,0,c,c,500.0,7.0,0.0,0,0.0,0.0,None,2015,2,24,9,1,Tuesday
69,2,2015-02-24,7616,803,1,1,0,0,d,c,15000.0,1.0,2012.0,1,31.0,2013.0,"Mar,Jun,Sept,Dec",2015,2,24,9,1,Tuesday
70,2,2015-02-24,4283,682,1,0,0,0,a,a,3000.0,5.0,0.0,0,0.0,0.0,None,2015,2,24,9,1,Tuesday
71,2,2015-02-24,6719,750,1,1,0,0,a,c,120.0,1.0,2008.0,1,31.0,2009.0,"Jan,Apr,Jul,Oct",2015,2,24,9,1,Tuesday
72,2,2015-02-24,9528,1003,1,0,0,0,a,c,7500.0,9.0,2010.0,0,0.0,0.0,None,2015,2,24,9,1,Tuesday
73,2,2015-02-24,7652,1168,1,0,0,1,d,c,500.0,5.0,2008.0,1,40.0,2013.0,"Mar,Jun,Sept,Dec",2015,2,24,9,1,Tuesday
74,2,2015-02-24,0,0,0,0,0,1,a,a,500.0,7.0,2012.0,0,0.0,0.0,None,2015,2,24,9,1,Tuesday
75,2,2015-02-24,5988,910,1,0,0,1,c,c,3000.0,11.0,0.0,1,14.0,2009.0,"Feb,May,Aug,Nov",2015,2,24,9,1,Tuesday
76,2,2015-02-24,9903,925,1,0,0,0,a,a,120.0,0.0,2014.0,0,0.0,0.0,None,2015,2,24,9,1,Tuesday
77,2,2015-02-24,8170,596,1,1,0,1,d,c,1500.0,11.0,2012.0,0,0.0,0.0,None,2015,2,24,9,1,Tuesday
78,2,2015-02-24,8396,796,1,0,0,1,d,c,500.0,3.0,2010.0,0,0.0,0.0,None,2015,2,24,9,1,Tuesday
79,2,2015-02-24,4409,516,1,0,0,0,a,a,500.0,0.0,2012.0,1,14.0,2015.0,"Mar,Jun,Sept,Dec",2015,2,24,9,1,Tuesday
80,2,2015-02-24,13263,1194,1,0,0,0,a,a,15000.0,9.0,2010.0,0,0.0,0.0,None,2015,2,24,9,1,Tuesday
81,2,2015-02-24,3449,451,1,1,0,0,a,a,1500.0,1.0,2010.0,1,22.0,2009.0,"Jan,Apr,Jul,Oct",2015,2,24,9,1,Tuesday
82,2,2015-02-24,5191,431,1,1,0,1,a,a,1500.0,0.0,0.0,0,0.0,0.0,None,2015,2,24,9,1,Tuesday
83,2,2015-02-24,8869,637,1,1,0,0,a,c,500.0,7.0,2014.0,0,0.0,0.0,None,2015,2,24,9,1,Tuesday
84,2,2015-02-24,9226,742,1,1,0,0,d,a,1500.0,0.0,2005.0,0,0.0,0.0,None,2015,2,24,9,1,Tuesday
85,2,2015-02-24,10592,879,1,1,0,1,d,c,120.0,0.0,2014.0,1,1.0,2013.0,"Jan,Apr,Jul,Oct",2015,2,24,9,1,Tuesday
86,2,2015-02-24,8951,891,1,0,0,0,d,a,3000.0,0.0,2012.0,0,0.0,0.0,None,2015,2,24,9,1,Tuesday
87,2,2015-02-24,5952,644,1,1,0,0,a,a,1500.0,0.0,0.0,0,0.0,0.0,None,2015,2,24,9,1,Tuesday
88,2,2015-02-24,9533,1025,1,0,0,1,d,c,3000.0,3.0,2012.0,1,31.0,2009.0,"Feb,May,Aug,Nov",2015,2,24,9,1,Tuesday
89,2,2015-02-24,8633,774,1,0,0,1,d,a,1500.0,9.0,0.0,1,31.0,2015.0,"Feb,May,Aug,Nov",2015,2,24,9,1,Tuesday
90,2,2015-02-24,7420,698,1,1,0,0,d,c,1500.0,0.0,0.0,0,0.0,0.0,None,2015,2,24,9,1,Tuesday
91,2,2015-02-24,7527,733,1,0,0,0,a,c,1500.0,3.0,2008.0,0,0.0,0.0,None,2015,2,24,9,1,Tuesday
92,2,2015-02-24,3595,425,1,0,0,1,d,c,120.0,3.0,0.0,1,31.0,2009.0,"Feb,May,Aug,Nov",2015,2,24,9,1,Tuesday
93,2,2015-02-24,6627,742,1,0,0,1,d,a,120.0,5.0,2005.0,0,0.0,0.0,None,2015,2,24,9,1,Tuesday
94,2,2015-02-24,5424,586,1,0,0,0,c,a,500.0,11.0,2005.0,0,0.0,0.0,None,2015,2,24,9,1,Tuesday
95,2,2015-02-24,10446,1190,1,0,0,0,a,c,500.0,11.0,2005.0,1,31.0,2009.0,"Feb,May,Aug,Nov",2015,2,24,9,1,Tuesday
96,2,2015-02-24,7176,1037,1,1,0,0,d,c,500.0,7.0,2005.0,1,10.0,2009.0,"Feb,May,Aug,Nov",2015,2,24,9,1,Tuesday
97,2,2015-02-24,10210,920,1,1,0,1,c,a,120.0,0.0,2008.0,0,0.0,0.0,None,2015,2,24,9,1,Tuesday
98,2,2015-02-24,4806,712,1,0,0,0,c,a,500.0,3.0,2008.0,1,10.0,2009.0,"Feb,May,Aug,Nov",2015,2,24,9,1,Tuesday
99,2,2015-02-24,8989,971,1,0,0,0,a,c,500.0,1.0,2012.0,0,0.0,0.0,None,2015,2,24,9,1,Tuesday
100,2,2015-02-24,6038,1092,1,0,0,0,b,c,500.0,9.0,2005.0,0,0.0,0.0,None,2015,2,24,9,1,Tuesday
1,3,2015-02-25,6155,1060,1,0,0,0,a,c,3000.0,7.0,2012.0,0,0.0,0.0,None,2015,2,25,9,1,Wednesday
2,3,2015-02-25,4629,505,1,0,0,0,a,a,7500.0,5.0,2008.0,0,0.0,0.0,None,2015,2,25,9,1,Wednesday
3,3,2015-02-25,7964,827,1,0,0,0,d,c,500.0,5.0,2012.0,1,10.0,2011.0,"Jan,Apr,Jul,Oct",2015,2,25,9,1,Wednesday
4,3,2015-02-25,6274,938,1,1,0,1,a,a,1500.0,1.0,2010.0,1,40.0,2011.0,"Mar,Jun,Sept,Dec",2015,2,25,9,1,Wednesday
5,3,2015-02-25,2947,390,1,0,0,0,c,a,15000.0,0.0,2008.0,1,31.0,2009.0,"Mar,Jun,Sept,Dec",2015,2,25,9,1,Wednesday
6,3,2015-02-25,6201,663,1,1,0,0,a,c,1500.0,1.0,0.0,0,0.0,0.0,None,2015,2,25,9,1,Wednesday
7,3,2015-02-25,5653,519,1,0,0,0,a,a,1500.0,5.0,2012.0,1,14.0,2011.0,"Jan,Apr,Jul,Oct",2015,2,25,9,1,Wednesday
8,3,2015-02-25,4886,471,1,0,0,0,a,c,500.0,9.0,2014.0,1,40.0,2009.0,"Mar,Jun,Sept,Dec",2015,2,25,9,1,Wednesday
9,3,2015-02-25,6140,610,1,0,0,0,d,a,500.0,5.0,2014.0,1,40.0,2013.0,"Jan,Apr,Jul,Oct",2015,2,25,9,1,Wednesday
10,3,2015-02-25,5411,799,1,0,0,0,d,c,3000.0,11.0,2012.0,1,1.0,2015.0,"Jan,Apr,Jul,Oct",2015,2,25,9,1,Wednesday
11,3,2015-02-25,3765,535,1,0,0,1,a,c,120.0,11.0,0.0,1,22.0,2015.0,"Mar,Jun,Sept,Dec",2015,2,25,9,1,Wednesday
12,3,2015-02-25,4813,640,1,1,0,0,d,c,3000.0,0.0,2008.0,0,0.0,0.0,None,2015,2,25,9,1,Wednesday
13,3,2015-02-25,8525,721,1,1,0,0,a,a,7500.0,5.0,2005.0,0,0.0,0.0,None,2015,2,25,9,1,Wednesday
14,3,2015-02-25,7799,943,1,0,0,0,a,c,1500.0,5.0,2014.0,1,1.0,2013.0,"Jan,Apr,Jul,Oct",2015,2,25,9,1,Wednesday
15,3,2015-02-25,3867,347,1,0,0,1,d,c,3000.0,11.0,2014.0,1,1.0,2013.0,"Mar,Jun,Sept,Dec",2015,2,25,9,1,Wednesday
16,3,2015-02-25,7001,642,1,0,0,1,a,a,500.0,11.0,0.0,0,0.0,0.0,None,2015,2,25,9,1,Wednesday
17,3,2015-02-25,10229,1009,1,0,0,0,a,c,500.0,7.0,2008.0,0,0.0,0.0,None,2015,2,25,9,1,Wednesday
18,3,2015-02-25,3220,556,1,0,0,1,d,c,1500.0,5.0,2005.0,1,40.0,2009.0,"Jan,Apr,Jul,Oct",2015,2,25,9,1,Wednesday
19,3,2015-02-25,7135,1020,1,0,0,1,d,c,120.0,9.0,2014.0,1,10.0,2013.0,"Jan,Apr,Jul,Oct",2015,2,25,9,1,Wednesday
20,3,2015-02-25,7490,878,1,0,0,0,a,a,500.0,9.0,0.0,1,1.0,2013.0,"Mar,Jun,Sept,Dec",2015,2,25,9,1,Wednesday
21,3,2015-02-25,6113,527,1,0,0,0,a,c,1500.0,0.0,2008.0,0,0.0,0.0,None,2015,2,25,9,1,Wednesday
22,3,2015-02-25,7113,725,1,0,0,0,a,a,500.0,0.0,2010.0,0,0.0,0.0,None,2015,2,25,9,1,Wednesday
23,3,2015-02-25,4645,556,1,0,0,0,d,c,500.0,1.0,2008.0,0,0.0,0.0,None,2015,2,25,9,1,Wednesday
24,3,2015-02-25,6182,730,1,1,0,0,a,a,1500.0,1.0,2010.0,0,0.0,0.0,None,2015,2,25,9,1,Wednesday
25,3,2015-02-25,3719,314,1,0,0,0,a,c,500.0,1.0,2012.0,0,0.0,0.0,None,2015,2,25,9,1,Wednesday
26,3,2015-02-25,9095,758,1,1,0,0,d,a,1500.0,3.0,2008.0,0,0.0,0.0,None,2015,2,25,9,1,Wednesday
27,3,2015-02-25,9056,988,1,0,0,0,d,a,15000.0,9.0,2008.0,1,1.0,2009.0,"Mar,Jun,Sept,Dec",2015,2,25,9,1,Wednesday
28,3,2015-02-25,8159,796,1,0,0,0,a,a,1500.0,3.0,2010.0,0,0.0,0.0,None,2015,2,25,9,1,Wednesday
29,3,2015-02-25,4352,391,1,0,0,0,a,a,1500.0,5.0,0.0,1,10.0,2015.0,"Jan,Apr,Jul,Oct",2015,2,25,9,1,Wednesday
30,3,2015-02-25,4780,732,1,0,0,0,c,c,500.0,11.0,2014.0,1,22.0,2015.0,"Feb,May,Aug,Nov",2015,2,25,9,1,Wednesday
31,3,2015-02-25,5738,482,1,1,0,0,d,c,500.0,0.0,2014.0,1,31.0,2015.0,"Mar,Jun,Sept,Dec",2015,2,25,9,1,Wednesday
32,3,2015-02-25,3152,499,1,0,0,0,a,a,3000.0,3.0,2010.0,1,1.0,2015.0,"Mar,Jun,Sept,Dec",2015,2,25,9,1,Wednesday
33,3,2015-02-25,6646,660,1,0,0,0,d,c,1500.0,9.0,2008.0,0,0.0,0.0,None,2015,2,25,9,1,Wednesday
34,3,2015-02-25,4316,436,1,1,0,0,d,c,500.0,9.0,2005.0,0,0.0,0.0,None,2015,2,25,9,1,Wednesday
35,3,2015-02-25,7999,987,1,0,0,0,a,c,120.0,5.0,0.0,1,22.0,2015.0,"Mar,Jun,Sept,Dec",2015,2,25,9,1,Wednesday
36,3,2015-02-25,7612,562,1,1,0,0,d,a,1500.0,3.0,2008.0,1,40.0,2011.0,"Feb,May,Aug,Nov",2015,2,25,9,1,Wednesday
37,3,2015-02-25,5578,676,1,1,0,0,d,a,7500.0,3.0,2008.0,1,40.0,2009.0,"Mar,Jun,Sept,Dec",2015,2,25,9,1,Wednesday
38,3,2015-02-25,6353,798,1,0,0,1,a,a,3000.0,3.0,2010.0,0,0.0,0.0,None,2015,2,25,9,1,Wednesday
39,3,2015-02-25,6210,640,1,0,0,0,c,a,7500.0,7.0,2014.0,1,14.0,2015.0,"Jan,Apr,Jul,Oct",2015,2,25,9,1,Wednesday
40,3,2015-02-25,12273,926,1,1,0,0,d,a,1500.0,11.0,2008.0,1,22.0,2013.0,"Jan,Apr,Jul,Oct",2015,2,25,9,1,Wednesday
41,3,2015-02-25,3411,325,1,1,0,0,a,c,500.0,1.0,0.0,0,0.0,0.0,None,2015,2,25,9,1,Wednesday
42,3,2015-02-25,3439,515,1,0,0,0,d,c,120.0,1.0,2014.0,0,0.0,0.0,None,2015,2,25,9,1,Wednesday
43,3,2015-02-25,7470,878,1,1,0,0,a,a,500.0,0.0,0.0,1,31.0,2011.0,"Mar,Jun,Sept,Dec",2015,2,25,9,1,Wednesday
44,3,2015-02-25,6406,642,1,0,0,1,a,a,1500.0,5.0,2005.0,0,0.0,0.0,None,2015,2,25,9,1,Wednesday
45,3,2015-02-25,6264,975,1,0,0,0,c,a,120.0,9.0,2014.0,1,22.0,2011.0,"Feb,May,Aug,Nov",2015,2,25,9,1,Wednesday
46,3,2015-02-25,2801,359,1,0,0,0,a,c,500.0,1.0,2014.0,0,0.0,0.0,None,2015,2,25,9,1,Wednesday
47,3,2015-02-25,8119,781,1,0,0,0,c,a,1500.0,0.0,0.0,1,40.0,2013.0,"Jan,Apr,Jul,Oct",2015,2,25,9,1,Wednesday
48,3,2015-02-25,11428,900,1,1,0,0,a,c,500.0,7.0,2010.0,1,22.0,2011.0,"Mar,Jun,Sept,Dec",2015,2,25,9,1,Wednesday
49,3,2015-02-25,5256,451,1,1,0,0,d,a,120.0,1.0,2010.0,1,14.0,2009.0,"Mar,Jun,Sept,Dec",2015,2,25,9,1,Wednesday
50,3,2015-02-25,8670,857,1,0,0,1,a,c,500.0,1.0,2012.0,0,0.0,0.0,None,2015,2,25,9,1,Wednesday
51,3,2015-02-25,4951,634,1,0,0,0,a,c,120.0,1.0,0.0,0,0.0,0.0,None,2015,2,25,9,1,Wednesday
52,3,2015-02-25,8401,776,1,1,0,0,a,a,120.0,7.0,2012.0,1,31.0,2013.0,"Mar,Jun,Sept,Dec",2015,2,25,9,1,Wednesday
53,3,2015-02-25,13170,1138,1,0,0,1,a,c,1500.0,0.0,0.0,1,14.0,2009.0,"Feb,May,Aug,Nov",2015,2,25,9,1,Wednesday
54,3,2015-02-25,4694,634,1,0,0,0,a,a,1500.0,0.0,0.0,0,0.0,0.0,None,2015,2,25,9,1,Wednesday
55,3,2015-02-25,12975,1075,1,1,0,1,d,c,1500.0,1.0,2005.0,1,22.0,2009.0,"Feb,May,Aug,Nov",2015,2,25,9,1,Wednesday
56,3,2015-02-25,8887,675,1,1,0,0,a,a,1500.0,7.0,2010.0,0,0.0,0.0,None,2015,2,25,9,1,Wednesday
57,3,2015-02-25,3927,565,1,0,0,0,a,c,1500.0,0.0,2012.0,1,10.0,2009.0,"Mar,Jun,Sept,Dec",2015,2,25,9,1,Wednesday
58,3,2015-02-25,6408,673,1,0,0,0,d,c,1500.0,0.0,0.0,1,14.0,2009.0,"Mar,Jun,Sept,Dec",2015,2,25,9,1,Wednesday
59,3,2015-02-25,3838,448,1,1,0,0,d,c,500.0,7.0,2012.0,0,0.0,0.0,None,2015,2,25,9,1,Wednesday
60,3,2015-02-25,5118,724,1,0,0,0,a,a,1500.0,11.0,0.0,1,31.0,2011.0,"Feb,May,Aug,Nov",2015,2,25,9,1,Wednesday
61,3,2015-02-25,12417,1077,1,1,0,0,a,c,500.0,5.0,2005.0,1,31.0,2013.0,"Jan,Apr,Jul,Oct",2015,2,25,9,1,Wednesday
62,3,2015-02-25,10339,859,1,1,0,0,a,a,15000.0,5.0,2005.0,0,0.0,0.0,None,2015,2,25,9,1,Wednesday
63,3,2015-02-25,5876,752,1,1,0,0,c,c,3000.0,5.0,2005.0,0,0.0,0.0,None,2015,2,25,9,1,Wednesday
64,3,2015-02-25,7034,913,1,0,0,1,c,c,1500.0,5.0,0.0,1,1.0,2013.0,"Jan,Apr,Jul,Oct",2015,2,25,9,1,Wednesday
65,3,2015-02-25,6335,921,1,0,0,0,a,c,1500.0,0.0,2014.0,0,0.0,0.0,None,2015,2,25,9,1,Wednesday
66,3,2015-02-25,4246,389,1,0,0,0,a,a,15000.0,3.0,2010.0,0,0.0,0.0,None,2015,2,25,9,1,Wednesday
67,3,2015-02-25,8572,1198,1,0,0,0,d,c,1500.0,1.0,2012.0,0,0.0,0.0,None,2015,2,25,9,1,Wednesday
68,3,2015-02-25,7607,830,1,0,0,1,c,c,500.0,7.0,0.0,0,0.0,0.0,None,2015,2,25,9,1,Wednesday
69,3,2015-02-25,5645,656,1,1,0,0,d,c,15000.0,1.0,2012.0,1,31.0,2013.0,"Mar,Jun,Sept,Dec",2015,2,25,9,1,Wednesday
70,3,2015-02-25,6194,924,1,0,0,0,a,a,3000.0,5.0,0.0,0,0.0,0.0,None,2015,2,25,9,1,Wednesday
71,3,2015-02-25,3744,572,1,0,0,0,a,c,120.0,1.0,2008.0,1,31.0,2009.0,"Jan,Apr,Jul,Oct",2015,2,25,9,1,Wednesday
72,3,2015-02-25,12442,1164,1,1,0,0,a,c,7500.0,9.0,2010.0,0,0.0,0.0,None,2015,2,25,9,1,Wednesday
73,3,2015-02-25,5084,622,1,1,0,1,d,c,500.0,5.0,2008.0,1,40.0,2013.0,"Mar,Jun,Sept,Dec",2015,2,25,9,1,Wednesday
74,3,2015-02-25,10604,804,1,1,0,0,a,a,500.0,7.0,2012.0,0,0.0,0.0,None,2015,2,25,9,1,Wednesday
75,3,2015-02-25,9780,713,1,1,0,0,c,c,3000.0,11.0,0.0,1,14.0,2009.0,"Feb,May,Aug,Nov",2015,2,25,9,1,Wednesday
76,3,2015-02-25,7189,720,1,1,0,0,a,a,120.0,0.0,2014.0,0,0.0,0.0,None,2015,2,25,9,1,Wednesday
77,3,2015-02-25,7103,769,1,1,0,0,d,c,1500.0,11.0,2012.0,0,0.0,0.0,None,2015,2,25,9,1,Wednesday
78,3,2015-02-25,10914,1173,1,1,0,1,d,c,500.0,3.0,2010.0,0,0.0,0.0,None,2015,2,25,9,1,Wednesday
79,3,2015-02-25,12262,955,1,1,0,0,a,a,500.0,0.0,2012.0,1,14.0,2015.0,"Mar,Jun,Sept,Dec",2015,2,25,9,1,Wednesday
80,3,2015-02-25,0,0,0,0,0,1,a,a,15000.0,9.0,2010.0,0,0.0,0.0,None,2015,2,25,9,1,Wednesday
81,3,2015-02-25,4942,448,1,0,0,0,a,a,1500.0,1.0,2010.0,1,22.0,2009.0,"Jan,Apr,Jul,Oct",2015,2,25,9,1,Wednesday
82,3,2015-02-25,7135,650,1,1,0,0,a,a,1500.0,0.0,0.0,0,0.0,0.0,None,2015,2,25,9,1,Wednesday
83,3,2015-02-25,6829,549,1,1,0,0,a,c,500.0,7.0,2014.0,0,0.0,0.0,None,2015,2,25,9,1,Wednesday
84,3,2015-02-25,5759,543,1,1,0,0,d,a,1500.0,0.0,2005.0,0,0.0,0.0,None,2015,2,25,9,1,Wednesday
85,3,2015-02-25,6161,732,1,0,0,0,d,c,120.0,0.0,2014.0,1,1.0,2013.0,"Jan,Apr,Jul,Oct",2015,2,25,9,1,Wednesday
86,3,2015-02-25,6528,1163,1,0,0,0,d,a,3000.0,0.0,2012.0,0,0.0,0.0,None,2015,2,25,9,1,Wednesday
87,3,2015-02-25,6854,646,1,1,0,0,a,a,1500.0,0.0,0.0,0,0.0,0.0,None,2015,2,25,9,1,Wednesday
88,3,2015-02-25,6939,954,1,1,0,0,d,c,3000.0,3.0,2012.0,1,31.0,2009.0,"Feb,May,Aug,Nov",2015,2,25,9,1,Wednesday
89,3,2015-02-25,2883,322,1,0,0,0,d,a,1500.0,9.0,0.0,1,31.0,2015.0,"Feb,May,Aug,Nov",2015,2,25,9,1,Wednesday
90,3,2015-02-25,4230,737,1,0,0,0,d,c,1500.0,0.0,0.0,0,0.0,0.0,None,2015,2,25,9,1,Wednesday
91,3,2015-02-25,7333,1020,1,1,0,0,a,c,1500.0,3.0,2008.0,0,0.0,0.0,None,2015,2,25,9,1,Wednesday
92,3,2015-02-25,4396,393,1,1,0,0,d,c,120.0,3.0,0.0,1,31.0,2009.0,"Feb,May,Aug,Nov",2015,2,25,9,1,Wednesday
93,3,2015-02-25,6579,530,1,1,0,1,d,a,120.0,5.0,2005.0,0,0.0,0.0,None,2015,2,25,9,1,Wednesday
94,3,2015-02-25,8121,1125,1,0,0,0,c,a,500.0,11.0,2005.0,0,0.0,0.0,None,2015,2,25,9,1,Wednesday
95,3,2015-02-25,9387,1039,1,0,0,1,a,c,500.0,11.0,2005.0,1,31.0,2009.0,"Feb,May,Aug,Nov",2015,2,25,9,1,Wednesday
96,3,2015-02-25,12387,1052,1,0,0,0,d,c,500.0,7.0,2005.0,1,10.0,2009.0,"Feb,May,Aug,Nov",2015,2,25,9,1,Wednesday
97,3,2015-02-25,9466,1155,1,0,0,1,c,a,120.0,0.0,2008.0,0,0.0,0.0,None,2015,2,25,9,1,Wednesday
98,3,2015-02-25,8120,739,1,0,0,0,c,a,500.0,3.0,2008.0,1,10.0,2009.0,"Feb,May,Aug,Nov",2015,2,25,9,1,Wednesday
99,3,2015-02-25,4511,481,1,0,0,1,a,c,500.0,1.0,2012.0,0,0.0,0.0,None,2015,2,25,9,1,Wednesday
100,3,2015-02-25,8487,783,1,0,0,0,b,c,500.0,9.0,2005.0,0,0.0,0.0,None,2015,2,25,9,1,Wednesday
1,4,2015-02-26,9677,896,1,0,0,0,a,c,3000.0,7.0,2012.0,0,0.0,0.0,None,2015,2,26,9,1,Thursday
2,4,2015-02-26,7070,926,1,1,0,0,a,a,7500.0,5.0,2008.0,0,0.0,0.0,None,2015,2,26,9,1,Thursday
3,4,2015-02-26,9087,821,1,1,0,0,d,c,500.0,5.0,2012.0,1,10.0,2011.0,"Jan,Apr,Jul,Oct",2015,2,26,9,1,Thursday
4,4,2015-02-26,9111,796,1,1,0,0,a,a,1500.0,1.0,2010.0,1,40.0,2011.0,"Mar,Jun,Sept,Dec",2015,2,26,9,1,Thursday
5,4,2015-02-26,5206,570,1,0,0,0,c,a,15000.0,0.0,2008.0,1,31.0,2009.0,"Mar,Jun,Sept,Dec",2015,2,26,9,1,Thursday
6,4,2015-02-26,9995,920,1,1,0,0,a,c,1500.0,1.0,0.0,0,0.0,0.0,None,2015,2,26,9,1,Thursday
7,4,2015-02-26,12193,1062,1,0,0,0,a,a,1500.0,5.0,2012.0,1,14.0,2011.0,"Jan,Apr,Jul,Oct",2015,2,26,9,1,Thursday
8,4,2015-02-26,5329,627,1,0,0,0,a,c,500.0,9.0,2014.0,1,40.0,2009.0,"Mar,Jun,Sept,Dec",2015,2,26,9,1,Thursday
9,4,2015-02-26,4295,556,1,0,0,0,d,a,500.0,5.0,2014.0,1,40.0,2013.0,"Jan,Apr,Jul,Oct",2015,2,26,9,1,Thursday
10,4,2015-02-26,4832,668,1,0,0,0,d,c,3000.0,11.0,2012.0,1,1.0,2015.0,"Jan,Apr,Jul,Oct",2015,2,26,9,1,Thursday
11,4,2015-02-26,10353,1180,1,0,0,0,a,c,120.0,11.0,0.0,1,22.0,2015.0,"Mar,Jun,Sept,Dec",2015,2,26,9,1,Thursday
12,4,2015-02-26,6606,624,1,0,0,1,d,c,3000.0,0.0,2008.0,0,0.0,0.0,None,2015,2,26,9,1,Thursday
13,4,2015-02-26,7371,615,1,1,0,1,a,a,7500.0,5.0,2005.0,0,0.0,0.0,None,2015,2,26,9,1,Thursday
14,4,2015-02-26,2799,323,1,0,0,0,a,c,1500.0,5.0,2014.0,1,1.0,2013.0,"Jan,Apr,Jul,Oct",2015,2,26,9,1,Thursday
15,4,2015-02-26,3490,338,1,0,0,1,d,c,3000.0,11.0,2014.0,1,1.0,2013.0,"Mar,Jun,Sept,Dec",2015,2,26,9,1,Thursday
16,4,2015-02-26,4901,709,1,0,0,0,a,a,500.0,11.0,0.0,0,0.0,0.0,None,2015,2,26,9,1,Thursday
17,4,2015-02-26,7149,822,1,1,0,0,a,c,500.0,7.0,2008.0,0,0.0,0.0,None,2015,2,26,9,1,Thursday
18,4,2015-02-26,4046,442,1,0,0,0,d,c,1500.0,5.0,2005.0,1,40.0,2009.0,"Jan,Apr,Jul,Oct",2015,2,26,9,1,Thursday
19,4,2015-02-26,6806,885,1,0,0,0,d,c,120.0,9.0,2014.0,1,10.0,2013.0,"Jan,Apr,Jul,Oct",2015,2,26,9,1,Thursday
20,4,2015-02-26,13103,1111,1,0,0,1,a,a,500.0,9.0,0.0,1,1.0,2013.0,"Mar,Jun,Sept,Dec",2015,2,26,9,1,Thursday
21,4,2015-02-26,7521,803,1,0,0,0,a,c,1500.0,0.0,2008.0,0,0.0,0.0,None,2015,2,26,9,1,Thursday
22,4,2015-02-26,6248,996,1,0,0,0,a,a,500.0,0.0,2010.0,0,0.0,0.0,None,2015,2,26,9,1,Thursday
23,4,2015-02-26,2309,365,1,0,0,0,d,c,500.0,1.0,2008.0,0,0.0,0.0,None,2015,2,26,9,1,Thursday
24,4,2015-02-26,10892,1155,1,1,0,0,a,a,1500.0,1.0,2010.0,0,0.0,0.0,None,2015,2,26,9,1,Thursday
25,4,2015-02-26,4821,808,1,0,0,1,a,c,500.0,1.0,2012.0,0,0.0,0.0,None,2015,2,26,9,1,Thursday
26,4,2015-02-26,9219,817,1,1,0,0,d,a,1500.0,3.0,2008.0,0,0.0,0.0,None,2015,2,26,9,1,Thursday
27,4,2015-02-26,12490,1045,1,0,0,0,d,a,15000.0,9.0,2008.0,1,1.0,2009.0,"Mar,Jun,Sept,Dec",2015,2,26,9,1,Thursday
28,4,2015-02-26,3470,380,1,0,0,0,a,a,1500.0,3.0,2010.0,0,0.0,0.0,None,2015,2,26,9,1,Thursday
29,4,2015-02-26,5147,644,1,0,0,0,a,a,1500.0,5.0,0.0,1,10.0,2015.0,"Jan,Apr,Jul,Oct",2015,2,26,9,1,Thursday
30,4,2015-02-26,5620,721,1,1,0,0,c,c,500.0,11.0,2014.0,1,22.0,2015.0,"Feb,May,Aug,Nov",2015,2,26,9,1,Thursday
31,4,2015-02-26,5832,372,1,1,0,0,d,c,500.0,0.0,2014.0,1,31.0,2015.0,"Mar,Jun,Sept,Dec",2015,2,26,9,1,Thursday
32,4,2015-02-26,7171,1074,1,0,0,1,a,a,3000.0,3.0,2010.0,1,1.0,2015.0,"Mar,Jun,Sept,Dec",2015,2,26,9,1,Thursday
33,4,2015-02-26,3567,347,1,1,0,1,d,c,1500.0,9.0,2008.0,0,0.0,0.0,None,2015,2,26,9,1,Thursday
34,4,2015-02-26,5539,517,1,1,0,0,d,c,500.0,9.0,2005.0,0,0.0,0.0,None,2015,2,26,9,1,Thursday
35,4,2015-02-26,6011,458,1,1,0,1,a,c,120.0,5.0,0.0,1,22.0,2015.0,"Mar,Jun,Sept,Dec",2015,2,26,9,1,Thursday
36,4,2015-02-26,9263,1166,1,0,0,0,d,a,1500.0,3.0,2008.0,1,40.0,2011.0,"Feb,May,Aug,Nov",2015,2,26,9,1,Thursday
37,4,2015-02-26,5113,864,1,0,0,1,d,a,7500.0,3.0,2008.0,1,40.0,2009.0,"Mar,Jun,Sept,Dec",2015,2,26,9,1,Thursday
38,4,2015-02-26,4803,548,1,0,0,0,a,a,3000.0,3.0,2010.0,0,0.0,0.0,None,2015,2,26,9,1,Thursday
39,4,2015-02-26,4917,561,1,0,0,0,c,a,7500.0,7.0,2014.0,1,14.0,2015.0,"Jan,Apr,Jul,Oct",2015,2,26,9,1,Thursday
40,4,2015-02-26,11810,948,1,1,0,0,d,a,1500.0,11.0,2008.0,1,22.0,2013.0,"Jan,Apr,Jul,Oct",2015,2,26,9,1,Thursday
41,4,2015-02-26,4327,457,1,1,0,0,a,c,500.0,1.0,0.0,0,0.0,0.0,None,2015,2,26,9,1,Thursday
42,4,2015-02-26,4040,419,1,0,0,0,d,c,120.0,1.0,2014.0,0,0.0,0.0,None,2015,2,26,9,1,Thursday
43,4,2015-02-26,7515,638,1,0,0,0,a,a,500.0,0.0,0.0,1,31.0,2011.0,"Mar,Jun,Sept,Dec",2015,2,26,9,1,Thursday
44,4,2015-02-26,5852,813,1,0,0,0,a,a,1500.0,5.0,2005.0,0,0.0,0.0,None,2015,2,26,9,1,Thursday
45,4,2015-02-26,5377,592,1,0,0,0,c,a,120.0,9.0,2014.0,1,22.0,2011.0,"Feb,May,Aug,Nov",2015,2,26,9,1,Thursday
46,4,2015-02-26,7809,725,1,0,0,0,a,c,500.0,1.0,2014.0,0,0.0,0.0,None,2015,2,26,9,1,Thursday
47,4,2015-02-26,5054,684,1,0,0,0,c,a,1500.0,0.0,0.0,1,40.0,2013.0,"Jan,Apr,Jul,Oct",2015,2,26,9,1,Thursday
48,4,2015-02-26,3746,512,1,0,0,0,a,c,500.0,7.0,2010.0,1,22.0,2011.0,"Mar,Jun,Sept,Dec",2015,2,26,9,1,Thursday
49,4,2015-02-26,8107,1034,1,1,0,0,d,a,120.0,1.0,2010.0,1,14.0,2009.0,"Mar,Jun,Sept,Dec",2015,2,26,9,1,Thursday
50,4,2015-02-26,3045,425,1,0,0,0,a,c,500.0,1.0,2012.0,0,0.0,0.0,None,2015,2,26,9,1,Thursday
51,4,2015-02-26,5276,739,1,0,0,0,a,c,120.0,1.0,0.0,0,0.0,0.0,None,2015,2,26,9,1,Thursday
52,4,2015-02-26,2327,423,1,0,0,0,a,a,120.0,7.0,2012.0,1,31.0,2013.0,"Mar,Jun,Sept,Dec",2015,2,26,9,1,Thursday
53,4,2015-02-26,3742,320,1,0,0,0,a,c,1500.0,0.0,0.0,1,14.0,2009.0,"Feb,May,Aug,Nov",2015,2,26,9,1,Thursday
54,4,2015-02-26,8214,1122,1,0,0,0,a,a,1500.0,0.0,0.0,0,0.0,0.0,None,2015,2,26,9,1,Thursday
55,4,2015-02-26,7632,928,1,1,0,0,d,c,1500.0,1.0,2005.0,1,22.0,2009.0,"Feb,May,Aug,Nov",2015,2,26,9,1,Thursday
56,4,2015-02-26,6237,885,1,0,0,0,a,a,1500.0,7.0,2010.0,0,0.0,0.0,None,2015,2,26,9,1,Thursday
57,4,2015-02-26,5472,622,1,1,0,0,a,c,1500.0,0.0,2012.0,1,10.0,2009.0,"Mar,Jun,Sept,Dec",2015,2,26,9,1,Thursday
58,4,2015-02-26,9188,782,1,0,0,0,d,c,1500.0,0.0,0.0,1,14.0,2009.0,"Mar,Jun,Sept,Dec",2015,2,26,9,1,Thursday
59,4,2015-02-26,11349,1090,1,0,0,1,d,c,500.0,7.0,2012.0,0,0.0,0.0,None,2015,2,26,9,1,Thursday
60,4,2015-02-26,7855,858,1,0,0,0,a,a,1500.0,11.0,0.0,1,31.0,2011.0,"Feb,May,Aug,Nov",2015,2,26,9,1,Thursday
61,4,2015-02-26,8157,984,1,1,0,1,a,c,500.0,5.0,2005.0,1,31.0,2013.0,"Jan,Apr,Jul,Oct",2015,2,26,9,1,Thursday
62,4,2015-02-26,6284,955,1,0,0,0,a,a,15000.0,5.0,2005.0,0,0.0,0.0,None,2015,2,26,9,1,Thursday
63,4,2015-02-26,6979,515,1,1,0,0,c,c,3000.0,5.0,2005.0,0,0.0,0.0,None,2015,2,26,9,1,Thursday
64,4,2015-02-26,8503,933,1,0,0,0,c,c,1500.0,5.0,0.0,1,1.0,2013.0,"Jan,Apr,Jul,Oct",2015,2,26,9,1,Thursday
65,4,2015-02-26,4863,658,1,1,0,0,a,c,1500.0,0.0,2014.0,0,0.0,0.0,None,2015,2,26,9,1,Thursday
66,4,2015-02-26,7186,861,1,0,0,0,a,a,15000.0,3.0,2010.0,0,0.0,0.0,None,2015,2,26,9,1,Thursday
67,4,2015-02-26,7880,647,1,1,0,0,d,c,1500.0,1.0,2012.0,0,0.0,0.0,None,2015,2,26,9,1,Thursday
68,4,2015-02-26,3090,479,1,0,0,0,c,c,500.0,7.0,0.0,0,0.0,0.0,None,2015,2,26,9,1,Thursday
69,4,2015-02-26,4008,417,1,1,0,0,d,c,15000.0,1.0,2012.0,1,31.0,2013.0,"Mar,Jun,Sept,Dec",2015,2,26,9,1,Thursday
70,4,2015-02-26,7256,763,1,0,0,1,a,a,3000.0,5.0,0.0,0,0.0,0.0,None,2015,2,26,9,1,Thursday
71,4,2015-02-26,5043,728,1,0,0,0,a,c,120.0,1.0,2008.0,1,31.0,2009.0,"Jan,Apr,Jul,Oct",2015,2,26,9,1,Thursday
72,4,2015-02-26,8721,976,1,0,0,0,a,c,7500.0,9.0,2010.0,0,0.0,0.0,None,2015,2,26,9,1,Thursday
73,4,2015-02-26,5597,548,1,0,0,0,d,c,500.0,5.0,2008.0,1,40.0,2013.0,"Mar,Jun,Sept,Dec",2015,2,26,9,1,Thursday
74,4,2015-02-26,7738,780,1,0,0,0,a,a,500.0,7.0,2012.0,0,0.0,0.0,None,2015,2,26,9,1,Thursday
75,4,2015-02-26,8334,1095,1,1,0,1,c,c,3000.0,11.0,0.0,1,14.0,2009.0,"Feb,May,Aug,Nov",2015,2,26,9,1,Thursday
76,4,2015-02-26,10222,1063,1,0,0,0,a,a,120.0,0.0,2014.0,0,0.0,0.0,None,2015,2,26,9,1,Thursday
77,4,2015-02-26,6258,870,1,1,0,1,d,c,1500.0,11.0,2012.0,0,0.0,0.0,None,2015,2,26,9,1,Thursday
78,4,2015-02-26,12978,1154,1,1,0,1,d,c,500.0,3.0,2010.0,0,0.0,0.0,None,2015,2,26,9,1,Thursday
79,4,2015-02-26,4210,545,1,0,0,0,a,a,500.0,0.0,2012.0,1,14.0,2015.0,"Mar,Jun,Sept,Dec",2015,2,26,9,1,Thursday
80,4,2015-02-26,3090,426,1,0,0,1,a,a,15000.0,9.0,2010.0,0,0.0,0.0,None,2015,2,26,9,1,Thursday
81,4,2015-02-26,9661,1195,1,1,0,0,a,a,1500.0,1.0,2010.0,1,22.0,2009.0,"Jan,Apr,Jul,Oct",2015,2,26,9,1,Thursday
82,4,2015-02-26,9458,828,1,1,0,0,a,a,1500.0,0.0,0.0,0,0.0,0.0,None,2015,2,26,9,1,Thursday
83,4,2015-02-26,7585,642,1,0,0,0,a,c,500.0,7.0,2014.0,0,0.0,0.0,None,2015,2,26,9,1,Thursday
84,4,2015-02-26,3200,405,1,1,0,0,d,a,1500.0,0.0,2005.0,0,0.0,0.0,None,2015,2,26,9,1,Thursday
85,4,2015-02-26,10459,904,1,0,0,0,d,c,120.0,0.0,2014.0,1,1.0,2013.0,"Jan,Apr,Jul,Oct",2015,2,26,9,1,Thursday
86,4,2015-02-26,4386,454,1,0,0,1,d,a,3000.0,0.0,2012.0,0,0.0,0.0,None,2015,2,26,9,1,Thursday
87,4,2015-02-26,5542,824,1,0,0,1,a,a,1500.0,0.0,0.0,0,0.0,0.0,None,2015,2,26,9,1,Thursday
88,4,2015-02-26,7092,840,1,0,0,0,d,c,3000.0,3.0,2012.0,1,31.0,2009.0,"Feb,May,Aug,Nov",2015,2,26,9,1,Thursday
89,4,2015-02-26,7574,642,1,1,0,0,d,a,1500.0,9.0,0.0,1,31.0,2015.0,"Feb,May,Aug,Nov",2015,2,26,9,1,Thursday
90,4,2015-02-26,5013,679,1,1,0,0,d,c,1500.0,0.0,0.0,0,0.0,0.0,None,2015,2,26,9,1,Thursday
91,4,2015-02-26,0,0,0,1,0,0,a,c,1500.0,3.0,2008.0,0,0.0,0.0,None,2015,2,26,9,1,Thursday
92,4,2015-02-26,6454,701,1,0,0,0,d,c,120.0,3.0,0.0,1,31.0,2009.0,"Feb,May,Aug,Nov",2015,2,26,9,1,Thursday
93,4,2015-02-26,10547,1166,1,1,0,0,d,a,120.0,5.0,2005.0,0,0.0,0.0,None,2015,2,26,9,1,Thursday
94,4,2015-02-26,6533,820,1,0,0,0,c,a,500.0,11.0,2005.0,0,0.0,0.0,None,2015,2,26,9,1,Thursday
95,4,2015-02-26,5759,956,1,0,0,0,a,c,500.0,11.0,2005.0,1,31.0,2009.0,"Feb,May,Aug,Nov",2015,2,26,9,1,Thursday
96,4,2015-02-26,11830,1082,1,0,0,0,d,c,500.0,7.0,2005.0,1,10.0,2009.0,"Feb,May,Aug,Nov",2015,2,26,9,1,Thursday
97,4,2015-02-26,8532,819,1,1,0,0,c,a,120.0,0.0,2008.0,0,0.0,0.0,None,2015,2,26,9,1,Thursday
98,4,2015-02-26,8155,832,1,0,0,0,c,a,500.0,3.0,2008.0,1,10.0,2009.0,"Feb,May,Aug,Nov",2015,2,26,9,1,Thursday
99,4,2015-02-26,5340,875,1,0,0,0,a,c,500.0,1.0,2012.0,0,0.0,0.0,None,2015,2,26,9,1,Thursday
100,4,2015-02-26,7470,1061,1,0,0,0,b,c,500.0,9.0,2005.0,0,0.0,0.0,None,2015,2,26,9,1,Thursday
1,5,2015-02-27,12679,1173,1,0,0,1,a,c,3000.0,7.0,2012.0,0,0.0,0.0,None,2015,2,27,9,1,Friday
2,5,2015-02-27,5212,474,1,1,0,0,a,a,7500.0,5.0,2008.0,0,0.0,0.0,None,2015,2,27,9,1,Friday
3,5,2015-02-27,6366,670,1,0,0,0,d,c,500.0,5.0,2012.0,1,10.0,2011.0,"Jan,Apr,Jul,Oct",2015,2,27,9,1,Friday
4,5,2015-02-27,4398,689,1,0,0,0,a,a,1500.0,1.0,2010.0,1,40.0,2011.0,"Mar,Jun,Sept,Dec",2015,2,27,9,1,Friday
5,5,2015-02-27,3807,602,1,0,0,0,c,a,15000.0,0.0,2008.0,1,31.0,2009.0,"Mar,Jun,Sept,Dec",2015,2,27,9,1,Friday
6,5,2015-02-27,6781,884,1,1,0,1,a,c,1500.0,1.0,0.0,0,0.0,0.0,None,2015,2,27,9,1,Friday
7,5,2015-02-27,3803,655,1,0,0,0,a,a,1500.0,5.0,2012.0,1,14.0,2011.0,"Jan,Apr,Jul,Oct",2015,2,27,9,1,Friday
8,5,2015-02-27,8807,851,1,0,0,1,a,c,500.0,9.0,2014.0,1,40.0,2009.0,"Mar,Jun,Sept,Dec",2015,2,27,9,1,Friday
9,5,2015-02-27,9648,806,1,1,0,1,d,a,500.0,5.0,2014.0,1,40.0,2013.0,"Jan,Apr,Jul,Oct",2015,2,27,9,1,Friday
10,5,2015-02-27,11337,974,1,1,0,0,d,c,3000.0,11.0,2012.0,1,1.0,2015.0,"Jan,Apr,Jul,Oct",2015,2,27,9,1,Friday
11,5,2015-02-27,11328,1070,1,1,0,0,a,c,120.0,11.0,0.0,1,22.0,2015.0,"Mar,Jun,Sept,Dec",2015,2,27,9,1,Friday
12,5,2015-02-27,6610,586,1,0,0,0,d,c,3000.0,0.0,2008.0,0,0.0,0.0,None,2015,2,27,9,1,Friday
13,5,2015-02-27,3888,632,1,0,0,0,a,a,7500.0,5.0,2005.0,0,0.0,0.0,None,2015,2,27,9,1,Friday
14,5,2015-02-27,7433,756,1,0,0,0,a,c,1500.0,5.0,2014.0,1,1.0,2013.0,"Jan,Apr,Jul,Oct",2015,2,27,9,1,Friday
15,5,2015-02-27,5166,434,1,0,0,0,d,c,3000.0,11.0,2014.0,1,1.0,2013.0,"Mar,Jun,Sept,Dec",2015,2,27,9,1,Friday
16,5,2015-02-27,7272,684,1,0,0,0,a,a,500.0,11.0,0.0,0,0.0,0.0,None,2015,2,27,9,1,Friday
17,5,2015-02-27,13045,1007,1,1,0,0,a,c,500.0,7.0,2008.0,0,0.0,0.0,None,2015,2,27,9,1,Friday
18,5,2015-02-27,7845,976,1,0,0,0,d,c,1500.0,5.0,2005.0,1,40.0,2009.0,"Jan,Apr,Jul,Oct",2015,2,27,9,1,Friday
19,5,2015-02-27,4626,592,1,0,0,0,d,c,120.0,9.0,2014.0,1,10.0,2013.0,"Jan,Apr,Jul,Oct",2015,2,27,9,1,Friday
20,5,2015-02-27,10789,957,1,1,0,0,a,a,500.0,9.0,0.0,1,1.0,2013.0,"Mar,Jun,Sept,Dec",2015,2,27,9,1,Friday
21,5,2015-02-27,5676,735,1,0,0,0,a,c,1500.0,0.0,2008.0,0,0.0,0.0,None,2015,2,27,9,1,Friday
22,5,2015-02-27,8773,635,1,1,0,0,a,a,500.0,0.0,2010.0,0,0.0,0.0,None,2015,2,27,9,1,Friday
23,5,2015-02-27,10562,1108,1,1,0,0,d,c,500.0,1.0,2008.0,0,0.0,0.0,None,2015,2,27,9,1,Friday
24,5,2015-02-27,8097,907,1,1,0,0,a,a,1500.0,1.0,2010.0,0,0.0,0.0,None,2015,2,27,9,1,Friday
25,5,2015-02-27,4682,508,1,1,0,0,a,c,500.0,1.0,2012.0,0,0.0,0.0,None,2015,2,27,9,1,Friday
26,5,2015-02-27,12871,1198,1,1,0,1,d,a,1500.0,3.0,2008.0,0,0.0,0.0,None,2015,2,27,9,1,Friday
27,5,2015-02-27,12704,1148,1,1,0,0,d,a,15000.0,9.0,2008.0,1,1.0,2009.0,"Mar,Jun,Sept,Dec",2015,2,27,9,1,Friday
28,5,2015-02-27,5536,757,1,1,0,0,a,a,1500.0,3.0,2010.0,0,0.0,0.0,None,2015,2,27,9,1,Friday
29,5,2015-02-27,15031,1190,1,1,0,0,a,a,1500.0,5.0,0.0,1,10.0,2015.0,"Jan,Apr,Jul,Oct",2015,2,27,9,1,Friday
30,5,2015-02-27,3413,547,1,0,0,0,c,c,500.0,11.0,2014.0,1,22.0,2015.0,"Feb,May,Aug,Nov",2015,2,27,9,1,Friday
31,5,2015-02-27,14631,1166,1,1,0,0,d,c,500.0,0.0,2014.0,1,31.0,2015.0,"Mar,Jun,Sept,Dec",2015,2,27,9,1,Friday
32,5,2015-02-27,5300,330,1,1,0,0,a,a,3000.0,3.0,2010.0,1,1.0,2015.0,"Mar,Jun,Sept,Dec",2015,2,27,9,1,Friday
33,5,2015-02-27,8484,749,1,0,0,0,d,c,1500.0,9.0,2008.0,0,0.0,0.0,None,2015,2,27,9,1,Friday
34,5,2015-02-27,8411,929,1,1,0,1,d,c,500.0,9.0,2005.0,0,0.0,0.0,None,2015,2,27,9,1,Friday
35,5,2015-02-27,7702,841,1,0,0,0,a,c,120.0,5.0,0.0,1,22.0,2015.0,"Mar,Jun,Sept,Dec",2015,2,27,9,1,Friday
36,5,2015-02-27,8394,758,1,0,0,0,d,a,1500.0,3.0,2008.0,1,40.0,2011.0,"Feb,May,Aug,Nov",2015,2,27,9,1,Friday
37,5,2015-02-27,4305,458,1,0,0,1,d,a,7500.0,3.0,2008.0,1,40.0,2009.0,"Mar,Jun,Sept,Dec",2015,2,27,9,1,Friday
38,5,2015-02-27,5322,703,1,0,0,0,a,a,3000.0,3.0,2010.0,0,0.0,0.0,None,2015,2,27,9,1,Friday
39,5,2015-02-27,4706,492,1,1,0,0,c,a,7500.0,7.0,2014.0,1,14.0,2015.0,"Jan,Apr,Jul,Oct",2015,2,27,9,1,Friday
40,5,2015-02-27,6809,822,1,0,0,0,d,a,1500.0,11.0,2008.0,1,22.0,2013.0,"Jan,Apr,Jul,Oct",2015,2,27,9,1,Friday
41,5,2015-02-27,9995,934,1,0,0,0,a,c,500.0,1.0,0.0,0,0.0,0.0,None,2015,2,27,9,1,Friday
42,5,2015-02-27,8228,1130,1,0,0,0,d,c,120.0,1.0,2014.0,0,0.0,0.0,None,2015,2,27,9,1,Friday
43,5,2015-02-27,3374,582,1,0,0,0,a,a,500.0,0.0,0.0,1,31.0,2011.0,"Mar,Jun,Sept,Dec",2015,2,27,9,1,Friday
44,5,2015-02-27,10743,957,1,1,0,0,a,a,1500.0,5.0,2005.0,0,0.0,0.0,None,2015,2,27,9,1,Friday
45,5,2015-02-27,7833,897,1,1,0,0,c,a,120.0,9.0,2014.0,1,22.0,2011.0,"Feb,May,Aug,Nov",2015,2,27,9,1,Friday
46,5,2015-02-27,8346,1033,1,0,0,0,a,c,500.0,1.0,2014.0,0,0.0,0.0,None,2015,2,27,9,1,Friday
47,5,2015-02-27,6262,805,1,1,0,0,c,a,1500.0,0.0,0.0,1,40.0,2013.0,"Jan,Apr,Jul,Oct",2015,2,27,9,1,Friday
48,5,2015-02-27,2887,304,1,1,0,0,a,c,500.0,7.0,2010.0,1,22.0,2011.0,"Mar,Jun,Sept,Dec",2015,2,27,9,1,Friday
49,5,2015-02-27,11288,1107,1,1,0,0,d,a,120.0,1.0,2010.0,1,14.0,2009.0,"Mar,Jun,Sept,Dec",2015,2,27,9,1,Friday
50,5,2015-02-27,3545,451,1,1,0,0,a,c,500.0,1.0,2012.0,0,0.0,0.0,None,2015,2,27,9,1,Friday
51,5,2015-02-27,13181,1178,1,0,0,1,a,c,120.0,1.0,0.0,0,0.0,0.0,None,2015,2,27,9,1,Friday
52,5,2015-02-27,8344,949,1,0,0,1,a,a,120.0,7.0,2012.0,1,31.0,2013.0,"Mar,Jun,Sept,Dec",2015,2,27,9,1,Friday
53,5,2015-02-27,3941,418,1,0,0,0,a,c,1500.0,0.0,0.0,1,14.0,2009.0,"Feb,May,Aug,Nov",2015,2,27,9,1,Friday
54,5,2015-02-27,6099,798,1,0,0,0,a,a,1500.0,0.0,0.0,0,0.0,0.0,None,2015,2,27,9,1,Friday
55,5,2015-02-27,10386,881,1,1,0,0,d,c,1500.0,1.0,2005.0,1,22.0,2009.0,"Feb,May,Aug,Nov",2015,2,27,9,1,Friday
56,5,2015-02-27,5051,896,1,0,0,1,a,a,1500.0,7.0,2010.0,0,0.0,0.0,None,2015,2,27,9,1,Friday
57,5,2015-02-27,0,0,0,1,0,1,a,c,1500.0,0.0,2012.0,1,10.0,2009.0,"Mar,Jun,Sept,Dec",2015,2,27,9,1,Friday
58,5,2015-02-27,7921,760,1,0,0,1,d,c,1500.0,0.0,0.0,1,14.0,2009.0,"Mar,Jun,Sept,Dec",2015,2,27,9,1,Friday
59,5,2015-02-27,3198,358,1,1,0,0,d,c,500.0,7.0,2012.0,0,0.0,0.0,None,2015,2,27,9,1,Friday
60,5,2015-02-27,5946,515,1,1,0,0,a,a,1500.0,11.0,0.0,1,31.0,2011.0,"Feb,May,Aug,Nov",2015,2,27,9,1,Friday
61,5,2015-02-27,2752,471,1,0,0,0,a,c,500.0,5.0,2005.0,1,31.0,2013.0,"Jan,Apr,Jul,Oct",2015,2,27,9,1,Friday
62,5,2015-02-27,5061,634,1,1,0,0,a,a,15000.0,5.0,2005.0,0,0.0,0.0,None,2015,2,27,9,1,Friday
63,5,2015-02-27,5827,844,1,1,0,0,c,c,3000.0,5.0,2005.0,0,0.0,0.0,None,2015,2,27,9,1,Friday
64,5,2015-02-27,5957,506,1,0,0,0,c,c,1500.0,5.0,0.0,1,1.0,2013.0,"Jan,Apr,Jul,Oct",2015,2,27,9,1,Friday
65,5,2015-02-27,6880,1015,1,0,0,0,a,c,1500.0,0.0,2014.0,0,0.0,0.0,None,2015,2,27,9,1,Friday
66,5,2015-02-27,8768,813,1,0,0,0,a,a,15000.0,3.0,2010.0,0,0.0,0.0,None,2015,2,27,9,1,Friday
67,5,2015-02-27,7684,652,1,1,0,0,d,c,1500.0,1.0,2012.0,0,0.0,0.0,None,2015,2,27,9,1,Friday
68,5,2015-02-27,7354,631,1,0,0,0,c,c,500.0,7.0,0.0,0,0.0,0.0,None,2015,2,27,9,1,Friday
69,5,2015-02-27,0,0,0,1,0,1,d,c,15000.0,1.0,2012.0,1,31.0,2013.0,"Mar,Jun,Sept,Dec",2015,2,27,9,1,Friday
70,5,2015-02-27,9782,1171,1,0,0,0,a,a,3000.0,5.0,0.0,0,0.0,0.0,None,2015,2,27,9,1,Friday
71,5,2015-02-27,7877,935,1,0,0,1,a,c,120.0,1.0,2008.0,1,31.0,2009.0,"Jan,Apr,Jul,Oct",2015,2,27,9,1,Friday
72,5,2015-02-27,6296,533,1,0,0,0,a,c,7500.0,9.0,2010.0,0,0.0,0.0,None,2015,2,27,9,1,Friday
73,5,2015-02-27,3872,593,1,1,0,1,d,c,500.0,5.0,2008.0,1,40.0,2013.0,"Mar,Jun,Sept,Dec",2015,2,27,9,1,Friday
74,5,2015-02-27,8010,840,1,0,0,0,a,a,500.0,7.0,2012.0,0,0.0,0.0,None,2015,2,27,9,1,Friday
75,5,2015-02-27,8171,1024,1,1,0,0,c,c,3000.0,11.0,0.0,1,14.0,2009.0,"Feb,May,Aug,Nov",2015,2,27,9,1,Friday
76,5,2015-02-27,5095,694,1,0,0,0,a,a,120.0,0.0,2014.0,0,0.0,0.0,None,2015,2,27,9,1,Friday
77,5,2015-02-27,6045,711,1,1,0,1,d,c,1500.0,11.0,2012.0,0,0.0,0.0,None,2015,2,27,9,1,Friday
78,5,2015-02-27,3822,347,1,1,0,0,d,c,500.0,3.0,2010.0,0,0.0,0.0,None,2015,2,27,9,1,Friday
79,5,2015-02-27,12121,1014,1,0,0,0,a,a,500.0,0.0,2012.0,1,14.0,2015.0,"Mar,Jun,Sept,Dec",2015,2,27,9,1,Friday
80,5,2015-02-27,9494,1060,1,0,0,1,a,a,15000.0,9.0,2010.0,0,0.0,0.0,None,2015,2,27,9,1,Friday
81,5,2015-02-27,14175,1182,1,0,0,0,a,a,1500.0,1.0,2010.0,1,22.0,2009.0,"Jan,Apr,Jul,Oct",2015,2,27,9,1,Friday
82,5,2015-02-27,12492,1171,1,1,0,0,a,a,1500.0,0.0,0.0,0,0.0,0.0,None,2015,2,27,9,1,Friday
83,5,2015-02-27,9908,862,1,0,0,0,a,c,500.0,7.0,2014.0,0,0.0,0.0,None,2015,2,27,9,1,Friday
84,5,2015-02-27,9241,805,1,0,0,0,d,a,1500.0,0.0,2005.0,0,0.0,0.0,None,2015,2,27,9,1,Friday
85,5,2015-02-27,7624,728,1,0,0,1,d,c,120.0,0.0,2014.0,1,1.0,2013.0,"Jan,Apr,Jul,Oct",2015,2,27,9,1,Friday
86,5,2015-02-27,7247,1071,1,1,0,0,d,a,3000.0,0.0,2012.0,0,0.0,0.0,None,2015,2,27,9,1,Friday
87,5,2015-02-27,0,0,0,0,0,0,a,a,1500.0,0.0,0.0,0,0.0,0.0,None,2015,2,27,9,1,Friday
88,5,2015-02-27,10462,1072,1,0,0,0,d,c,3000.0,3.0,2012.0,1,31.0,2009.0,"Feb,May,Aug,Nov",2015,2,27,9,1,Friday
89,5,2015-02-27,8813,1135,1,0,0,0,d,a,1500.0,9.0,0.0,1,31.0,2015.0,"Feb,May,Aug,Nov",2015,2,27,9,1,Friday
90,5,2015-02-27,10115,936,1,0,0,0,d,c,1500.0,0.0,0.0,0,0.0,0.0,None,2015,2,27,9,1,Friday
91,5,2015-02-27,5528,887,1,0,0,0,a,c,1500.0,3.0,2008.0,0,0.0,0.0,None,2015,2,27,9,1,Friday
92,5,2015-02-27,5482,745,1,1,0,0,d,c,120.0,3.0,0.0,1,31.0,2009.0,"Feb,May,Aug,Nov",2015,2,27,9,1,Friday
93,5,2015-02-27,2874,410,1,0,0,0,d,a,120.0,5.0,2005.0,0,0.0,0.0,None,2015,2,27,9,1,Friday
94,5,2015-02-27,2591,340,1,0,0,0,c,a,500.0,11.0,2005.0,0,0.0,0.0,None,2015,2,27,9,1,Friday
95,5,2015-02-27,10769,977,1,0,0,1,a,c,500.0,11.0,2005.0,1,31.0,2009.0,"Feb,May,Aug,Nov",2015,2,27,9,1,Friday
96,5,2015-02-27,3739,444,1,0,0,0,d,c,500.0,7.0,2005.0,1,10.0,2009.0,"Feb,May,Aug,Nov",2015,2,27,9,1,Friday
97,5,2015-02-27,5112,636,1,1,0,1,c,a,120.0,0.0,2008.0,0,0.0,0.0,None,2015,2,27,9,1,Friday
98,5,2015-02-27,10269,935,1,1,0,0,c,a,500.0,3.0,2008.0,1,10.0,2009.0,"Feb,May,Aug,Nov",2015,2,27,9,1,Friday
99,5,2015-02-27,4223,432,1,1,0,0,a,c,500.0,1.0,2012.0,0,0.0,0.0,None,2015,2,27,9,1,Friday
100,5,2015-02-27,6673,764,1,0,0,0,b,c,500.0,9.0,2005.0,0,0.0,0.0,None,2015,2,27,9,1,Friday
1,6,2015-02-28,7834,1010,1,0,0,0,a,c,3000.0,7.0,2012.0,0,0.0,0.0,None,2015,2,28,9,1,Saturday
2,6,2015-02-28,4299,400,1,0,0,0,a,a,7500.0,5.0,2008.0,0,0.0,0.0,None,2015,2,28,9,1,Saturday
3,6,2015-02-28,4748,539,1,0,0,0,d,c,500.0,5.0,2012.0,1,10.0,2011.0,"Jan,Apr,Jul,Oct",2015,2,28,9,1,Saturday
4,6,2015-02-28,9352,1000,1,0,0,0,a,a,1500.0,1.0,2010.0,1,40.0,2011.0,"Mar,Jun,Sept,Dec",2015,2,28,9,1,Saturday
5,6,2015-02-28,4811,626,1,0,0,0,c,a,15000.0,0.0,2008.0,1,31.0,2009.0,"Mar,Jun,Sept,Dec",2015,2,28,9,1,Saturday
6,6,2015-02-28,4611,456,1,0,0,0,a,c,1500.0,1.0,0.0,0,0.0,0.0,None,2015,2,28,9,1,Saturday
7,6,2015-02-28,7470,1031,1,0,0,1,a,a,1500.0,5.0,2012.0,1,14.0,2011.0,"Jan,Apr,Jul,Oct",2015,2,28,9,1,Saturday
8,6,2015-02-28,6499,674,1,0,0,0,a,c,500.0,9.0,2014.0,1,40.0,2009.0,"Mar,Jun,Sept,Dec",2015,2,28,9,1,Saturday
9,6,2015-02-28,5656,757,1,0,0,1,d,a,500.0,5.0,2014.0,1,40.0,2013.0,"Jan,Apr,Jul,Oct",2015,2,28,9,1,Saturday
10,6,2015-02-28,7637,662,1,0,0,0,d,c,3000.0,11.0,2012.0,1,1.0,2015.0,"Jan,Apr,Jul,Oct",2015,2,28,9,1,Saturday
11,6,2015-02-28,10566,1013,1,0,0,0,a,c,120.0,11.0,0.0,1,22.0,2015.0,"Mar,Jun,Sept,Dec",2015,2,28,9,1,Saturday
12,6,2015-02-28,7548,687,1,0,0,0,d,c,3000.0,0.0,2008.0,0,0.0,0.0,None,2015,2,28,9,1,Saturday
13,6,2015-02-28,8011,906,1,0,0,1,a,a,7500.0,5.0,2005.0,0,0.0,0.0,None,2015,2,28,9,1,Saturday
14,6,2015-02-28,9739,824,1,0,0,1,a,c,1500.0,5.0,2014.0,1,1.0,2013.0,"Jan,Apr,Jul,Oct",2015,2,28,9,1,Saturday
15,6,2015-02-28,4268,473,1,0,0,1,d,c,3000.0,11.0,2014.0,1,1.0,2013.0,"Mar,Jun,Sept,Dec",2015,2,28,9,1,Saturday
16,6,2015-02-28,5332,594,1,0,0,1,a,a,500.0,11.0,0.0,0,0.0,0.0,None,2015,2,28,9,1,Saturday
17,6,2015-02-28,7391,874,1,0,0,0,a,c,500.0,7.0,2008.0,0,0.0,0.0,None,2015,2,28,9,1,Saturday
18,6,2015-02-28,0,0,0,0,0,0,d,c,1500.0,5.0,2005.0,1,40.0,2009.0,"Jan,Apr,Jul,Oct",2015,2,28,9,1,Saturday
19,6,2015-02-28,3281,492,1,0,0,1,d,c,120.0,9.0,2014.0,1,10.0,2013.0,"Jan,Apr,Jul,Oct",2015,2,28,9,1,Saturday
20,6,2015-02-28,0,0,0,0,0,1,a,a,500.0,9.0,0.0,1,1.0,2013.0,"Mar,Jun,Sept,Dec",2015,2,28,9,1,Saturday
21,6,2015-02-28,7467,630,1,0,0,0,a,c,1500.0,0.0,2008.0,0,0.0,0.0,None,2015,2,28,9,1,Saturday
22,6,2015-02-28,7529,717,1,0,0,0,a,a,500.0,0.0,2010.0,0,0.0,0.0,None,2015,2,28,9,1,Saturday
23,6,2015-02-28,3576,378,1,0,0,1,d,c,500.0,1.0,2008.0,0,0.0,0.0,None,2015,2,28,9,1,Saturday
24,6,2015-02-28,8599,1015,1,0,0,0,a,a,1500.0,1.0,2010.0,0,0.0,0.0,None,2015,2,28,9,1,Saturday
25,6,2015-02-28,7495,1188,1,0,0,0,a,c,500.0,1.0,2012.0,0,0.0,0.0,None,2015,2,28,9,1,Saturday
26,6,2015-02-28,4289,479,1,0,0,1,d,a,1500.0,3.0,2008.0,0,0.0,0.0,None,2015,2,28,9,1,Saturday
27,6,2015-02-28,11338,1017,1,0,0,1,d,a,15000.0,9.0,2008.0,1,1.0,2009.0,"Mar,Jun,Sept,Dec",2015,2,28,9,1,Saturday
28,6,2015-02-28,3415,441,1,0,0,1,a,a,1500.0,3.0,2010.0,0,0.0,0.0,None,2015,2,28,9,1,Saturday
29,6,2015-02-28,6601,1039,1,0,0,0,a,a,1500.0,5.0,0.0,1,10.0,2015.0,"Jan,Apr,Jul,Oct",2015,2,28,9,1,Saturday
30,6,2015-02-28,7880,1145,1,0,0,1,c,c,500.0,11.0,2014.0,1,22.0,2015.0,"Feb,May,Aug,Nov",2015,2,28,9,1,Saturday
31,6,2015-02-28,6519,681,1,0,0,0,d,c,500.0,0.0,2014.0,1,31.0,2015.0,"Mar,Jun,Sept,Dec",2015,2,28,9,1,Saturday
32,6,2015-02-28,6984,776,1,0,0,0,a,a,3000.0,3.0,2010.0,1,1.0,2015.0,"Mar,Jun,Sept,Dec",2015,2,28,9,1,Saturday
33,6,2015-02-28,10385,910,1,0,0,0,d,c,1500.0,9.0,2008.0,0,0.0,0.0,None,2015,2,28,9,1,Saturday
34,6,2015-02-28,5204,850,1,0,0,1,d,c,500.0,9.0,2005.0,0,0.0,0.0,None,2015,2,28,9,1,Saturday
35,6,2015-02-28,3583,300,1,0,0,0,a,c,120.0,5.0,0.0,1,22.0,2015.0,"Mar,Jun,Sept,Dec",2015,2,28,9,1,Saturday
36,6,2015-02-28,7625,807,1,0,0,0,d,a,1500.0,3.0,2008.0,1,40.0,2011.0,"Feb,May,Aug,Nov",2015,2,28,9,1,Saturday
37,6,2015-02-28,5416,568,1,0,0,1,d,a,7500.0,3.0,2008.0,1,40.0,2009.0,"Mar,Jun,Sept,Dec",2015,2,28,9,1,Saturday
38,6,2015-02-28,7345,882,1,0,0,1,a,a,3000.0,3.0,2010.0,0,0.0,0.0,None,2015,2,28,9,1,Saturday
39,6,2015-02-28,12968,1150,1,0,0,1,c,a,7500.0,7.0,2014.0,1,14.0,2015.0,"Jan,Apr,Jul,Oct",2015,2,28,9,1,Saturday
40,6,2015-02-28,7262,858,1,0,0,0,d,a,1500.0,11.0,2008.0,1,22.0,2013.0,"Jan,Apr,Jul,Oct",2015,2,28,9,1,Saturday
41,6,2015-02-28,4604,597,1,0,0,0,a,c,500.0,1.0,0.0,0,0.0,0.0,None,2015,2,28,9,1,Saturday
42,6,2015-02-28,5608,634,1,0,0,1,d,c,120.0,1.0,2014.0,0,0.0,0.0,None,2015,2,28,9,1,Saturday
43,6,2015-02-28,8027,714,1,0,0,0,a,a,500.0,0.0,0.0,1,31.0,2011.0,"Mar,Jun,Sept,Dec",2015,2,28,9,1,Saturday
44,6,2015-02-28,8118,703,1,0,0,0,a,a,1500.0,5.0,2005.0,0,0.0,0.0,None,2015,2,28,9,1,Saturday
45,6,2015-02-28,10932,937,1,0,0,0,c,a,120.0,9.0,2014.0,1,22.0,2011.0,"Feb,May,Aug,Nov",2015,2,28,9,1,Saturday
46,6,2015-02-28,6193,832,1,0,0,0,a,c,500.0,1.0,2014.0,0,0.0,0.0,None,2015,2,28,9,1,Saturday
47,6,2015-02-28,8226,710,1,0,0,0,c,a,1500.0,0.0,0.0,1,40.0,2013.0,"Jan,Apr,Jul,Oct",2015,2,28,9,1,Saturday
48,6,2015-02-28,6137,766,1,0,0,0,a,c,500.0,7.0,2010.0,1,22.0,2011.0,"Mar,Jun,Sept,Dec",2015,2,28,9,1,Saturday
49,6,2015-02-28,11588,1119,1,0,0,0,d,a,120.0,1.0,2010.0,1,14.0,2009.0,"Mar,Jun,Sept,Dec",2015,2,28,9,1,Saturday
50,6,2015-02-28,6490,1094,1,0,0,1,a,c,500.0,1.0,2012.0,0,0.0,0.0,None,2015,2,28,9,1,Saturday
51,6,2015-02-28,12424,1139,1,0,0,0,a,c,120.0,1.0,0.0,0,0.0,0.0,None,2015,2,28,9,1,Saturday
52,6,2015-02-28,7111,708,1,0,0,0,a,a,120.0,7.0,2012.0,1,31.0,2013.0,"Mar,Jun,Sept,Dec",2015,2,28,9,1,Saturday
53,6,2015-02-28,6336,929,1,0,0,0,a,c,1500.0,0.0,0.0,1,14.0,2009.0,"Feb,May,Aug,Nov",2015,2,28,9,1,Saturday
54,6,2015-02-28,7490,708,1,0,0,0,a,a,1500.0,0.0,0.0,0,0.0,0.0,None,2015,2,28,9,1,Saturday
55,6,2015-02-28,4887,827,1,0,0,0,d,c,1500.0,1.0,2005.0,1,22.0,2009.0,"Feb,May,Aug,Nov",2015,2,28,9,1,Saturday
56,6,2015-02-28,7584,833,1,0,0,0,a,a,1500.0,7.0,2010.0,0,0.0,0.0,None,2015,2,28,9,1,Saturday
57,6,2015-02-28,0,0,0,0,0,0,a,c,1500.0,0.0,2012.0,1,10.0,2009.0,"Mar,Jun,Sept,Dec",2015,2,28,9,1,Saturday
58,6,2015-02-28,2295,352,1,0,0,1,d,c,1500.0,0.0,0.0,1,14.0,2009.0,"Mar,Jun,Sept,Dec",2015,2,28,9,1,Saturday
59,6,2015-02-28,5778,949,1,0,0,0,d,c,500.0,7.0,2012.0,0,0.0,0.0,None,2015,2,28,9,1,Saturday
60,6,2015-02-28,3837,454,1,0,0,0,a,a,1500.0,11.0,0.0,1,31.0,2011.0,"Feb,May,Aug,Nov",2015,2,28,9,1,Saturday
61,6,2015-02-28,6851,612,1,0,0,1,a,c,500.0,5.0,2005.0,1,31.0,2013.0,"Jan,Apr,Jul,Oct",2015,2,28,9,1,Saturday
62,6,2015-02-28,7321,693,1,0,0,0,a,a,15000.0,5.0,2005.0,0,0.0,0.0,None,2015,2,28,9,1,Saturday
63,6,2015-02-28,7585,1062,1,0,0,0,c,c,3000.0,5.0,2005.0,0,0.0,0.0,None,2015,2,28,9,1,Saturday
64,6,2015-02-28,7718,1135,1,0,0,0,c,c,1500.0,5.0,0.0,1,1.0,2013.0,"Jan,Apr,Jul,Oct",2015,2,28,9,1,Saturday
65,6,2015-02-28,3764,529,1,0,0,0,a,c,1500.0,0.0,2014.0,0,0.0,0.0,None,2015,2,28,9,1,Saturday
66,6,2015-02-28,4279,464,1,0,0,1,a,a,15000.0,3.0,2010.0,0,0.0,0.0,None,2015,2,28,9,1,Saturday
67,6,2015-02-28,2192,368,1,0,0,1,d,c,1500.0,1.0,2012.0,0,0.0,0.0,None,2015,2,28,9,1,Saturday
68,6,2015-02-28,5240,617,1,0,0,1,c,c,500.0,7.0,0.0,0,0.0,0.0,None,2015,2,28,9,1,Saturday
69,6,2015-02-28,10343,934,1,0,0,0,d,c,15000.0,1.0,2012.0,1,31.0,2013.0,"Mar,Jun,Sept,Dec",2015,2,28,9,1,Saturday
70,6,2015-02-28,8921,938,1,0,0,0,a,a,3000.0,5.0,0.0,0,0.0,0.0,None,2015,2,28,9,1,Saturday
71,6,2015-02-28,7996,1113,1,0,0,0,a,c,120.0,1.0,2008.0,1,31.0,2009.0,"Jan,Apr,Jul,Oct",2015,2,28,9,1,Saturday
72,6,2015-02-28,4706,584,1,0,0,0,a,c,7500.0,9.0,2010.0,0,0.0,0.0,None,2015,2,28,9,1,Saturday
73,6,2015-02-28,5108,840,1,0,0,1,d,c,500.0,5.0,2008.0,1,40.0,2013.0,"Mar,Jun,Sept,Dec",2015,2,28,9,1,Saturday
74,6,2015-02-28,3948,513,1,0,0,1,a,a,500.0,7.0,2012.0,0,0.0,0.0,None,2015,2,28,9,1,Saturday
75,6,2015-02-28,6381,1004,1,0,0,1,c,c,3000.0,11.0,0.0,1,14.0,2009.0,"Feb,May,Aug,Nov",2015,2,28,9,1,Saturday
76,6,2015-02-28,10007,1032,1,0,0,0,a,a,120.0,0.0,2014.0,0,0.0,0.0,None,2015,2,28,9,1,Saturday
77,6,2015-02-28,6896,742,1,0,0,0,d,c,1500.0,11.0,2012.0,0,0.0,0.0,None,2015,2,28,9,1,Saturday
78,6,2015-02-28,10195,1029,1,0,0,1,d,c,500.0,3.0,2010.0,0,0.0,0.0,None,2015,2,28,9,1,Saturday
79,6,2015-02-28,8086,776,1,0,0,0,a,a,500.0,0.0,2012.0,1,14.0,2015.0,"Mar,Jun,Sept,Dec",2015,2,28,9,1,Saturday
80,6,2015-02-28,9036,987,1,0,0,1,a,a,15000.0,9.0,2010.0,0,0.0,0.0,None,2015,2,28,9,1,Saturday
81,6,2015-02-28,6288,615,1,0,0,0,a,a,1500.0,1.0,2010.0,1,22.0,2009.0,"Jan,Apr,Jul,Oct",2015,2,28,9,1,Saturday
82,6,2015-02-28,7961,738,1,0,0,0,a,a,1500.0,0.0,0.0,0,0.0,0.0,None,2015,2,28,9,1,Saturday
83,6,2015-02-28,7452,1048,1,0,0,0,a,c,500.0,7.0,2014.0,0,0.0,0.0,None,2015,2,28,9,1,Saturday
84,6,2015-02-28,6966,607,1,0,0,0,d,a,1500.0,0.0,2005.0,0,0.0,0.0,None,2015,2,28,9,1,Saturday
85,6,2015-02-28,5756,751,1,0,0,0,d,c,120.0,0.0,2014.0,1,1.0,2013.0,"Jan,Apr,Jul,Oct",2015,2,28,9,1,Saturday
86,6,2015-02-28,6973,1058,1,0,0,0,d,a,3000.0,0.0,2012.0,0,0.0,0.0,None,2015,2,28,9,1,Saturday
87,6,2015-02-28,10549,1028,1,0,0,0,a,a,1500.0,0.0,0.0,0,0.0,0.0,None,2015,2,28,9,1,Saturday
88,6,2015-02-28,10716,925,1,0,0,0,d,c,3000.0,3.0,2012.0,1,31.0,2009.0,"Feb,May,Aug,Nov",2015,2,28,9,1,Saturday
89,6,2015-02-28,8248,882,1,0,0,0,d,a,1500.0,9.0,0.0,1,31.0,2015.0,"Feb,May,Aug,Nov",2015,2,28,9,1,Saturday
90,6,2015-02-28,6317,650,1,0,0,0,d,c,1500.0,0.0,0.0,0,0.0,0.0,None,2015,2,28,9,1,Saturday
91,6,2015-02-28,10543,932,1,0,0,0,a,c,1500.0,3.0,2008.0,0,0.0,0.0,None,2015,2,28,9,1,Saturday
92,6,2015-02-28,0,0,0,0,0,0,d,c,120.0,3.0,0.0,1,31.0,2009.0,"Feb,May,Aug,Nov",2015,2,28,9,1,Saturday
93,6,2015-02-28,6978,1159,1,0,0,0,d,a,120.0,5.0,2005.0,0,0.0,0.0,None,2015,2,28,9,1,Saturday
94,6,2015-02-28,9707,848,1,0,0,0,c,a,500.0,11.0,2005.0,0,0.0,0.0,None,2015,2,28,9,1,Saturday
95,6,2015-02-28,4194,510,1,0,0,0,a,c,500.0,11.0,2005.0,1,31.0,2009.0,"Feb,May,Aug,Nov",2015,2,28,9,1,Saturday
96,6,2015-02-28,12998,1105,1,0,0,0,d,c,500.0,7.0,2005.0,1,10.0,2009.0,"Feb,May,Aug,Nov",2015,2,28,9,1,Saturday
97,6,2015-02-28,6046,1014,1,0,0,0,c,a,120.0,0.0,2008.0,0,0.0,0.0,None,2015,2,28,9,1,Saturday
98,6,2015-02-28,5411,922,1,0,0,0,c,a,500.0,3.0,2008.0,1,10.0,2009.0,"Feb,May,Aug,Nov",2015,2,28,9,1,Saturday
99,6,2015-02-28,12591,1128,1,0,0,0,a,c,500.0,1.0,2012.0,0,0.0,0.0,None,2015,2,28,9,1,Saturday
100,6,2015-02-28,8190,804,1,0,0,0,b,c,500.0,9.0,2005.0,0,0.0,0.0,None,2015,2,28,9,1,Saturday
1,7,2015-03-01,0,0,0,0,0,0,a,c,3000.0,7.0,2012.0,0,0.0,0.0,None,2015,3,1,9,1,Sunday
2,7,2015-03-01,0,0,0,0,0,0,a,a,7500.0,5.0,2008.0,0,0.0,0.0,None,2015,3,1,9,1,Sunday
3,7,2015-03-01,0,0,0,0,0,1,d,c,500.0,5.0,2012.0,1,10.0,2011.0,"Jan,Apr,Jul,Oct",2015,3,1,9,1,Sunday
4,7,2015-03-01,0,0,0,0,0,0,a,a,1500.0,1.0,2010.0,1,40.0,2011.0,"Mar,Jun,Sept,Dec",2015,3,1,9,1,Sunday
5,7,2015-03-01,0,0,0,0,0,0,c,a,15000.0,0.0,2008.0,1,31.0,2009.0,"Mar,Jun,Sept,Dec",2015,3,1,9,1,Sunday
6,7,2015-03-01,0,0,0,0,0,1,a,c,1500.0,1.0,0.0,0,0.0,0.0,None,2015,3,1,9,1,Sunday
7,7,2015-03-01,0,0,0,0,0,0,a,a,1500.0,5.0,2012.0,1,14.0,2011.0,"Jan,Apr,Jul,Oct",2015,3,1,9,1,Sunday
8,7,2015-03-01,0,0,0,0,0,0,a,c,500.0,9.0,2014.0,1,40.0,2009.0,"Mar,Jun,Sept,Dec",2015,3,1,9,1,Sunday
9,7,2015-03-01,0,0,0,0,0,0,d,a,500.0,5.0,2014.0,1,40.0,2013.0,"Jan,Apr,Jul,Oct",2015,3,1,9,1,Sunday
10,7,2015-03-01,0,0,0,0,0,0,d,c,3000.0,11.0,2012.0,1,1.0,2015.0,"Jan,Apr,Jul,Oct",2015,3,1,9,1,Sunday
11,7,2015-03-01,0,0,0,0,0,0,a,c,120.0,11.0,0.0,1,22.0,2015.0,"Mar,Jun,Sept,Dec",2015,3,1,9,1,Sunday
12,7,2015-03-01,0,0,0,0,0,0,d,c,3000.0,0.0,2008.0,0,0.0,0.0,None,2015,3,1,9,1,Sunday
13,7,2015-03-01,0,0,0,0,0,0,a,a,7500.0,5.0,2005.0,0,0.0,0.0,None,2015,3,1,9,1,Sunday
14,7,2015-03-01,0,0,0,0,0,0,a,c,1500.0,5.0,2014.0,1,1.0,2013.0,"Jan,Apr,Jul,Oct",2015,3,1,9,1,Sunday
15,7,2015-03-01,0,0,0,0,0,1,d,c,3000.0,11.0,2014.0,1,1.0,2013.0,"Mar,Jun,Sept,Dec",2015,3,1,9,1,Sunday
16,7,2015-03-01,0,0,0,0,0,0,a,a,500.0,11.0,0.0,0,0.0,0.0,None,2015,3,1,9,1,Sunday
17,7,2015-03-01,0,0,0,0,0,0,a,c,500.0,7.0,2008.0,0,0.0,0.0,None,2015,3,1,9,1,Sunday
18,7,2015-03-01,0,0,0,0,0,0,d,c,1500.0,5.0,2005.0,1,40.0,2009.0,"Jan,Apr,Jul,Oct",2015,3,1,9,1,Sunday
19,7,2015-03-01,0,0,0,0,0,0,d,c,120.0,9.0,2014.0,1,10.0,2013.0,"Jan,Apr,Jul,Oct",2015,3,1,9,1,Sunday
20,7,2015-03-01,0,0,0,0,0,0,a,a,500.0,9.0,0.0,1,1.0,2013.0,"Mar,Jun,Sept,Dec",2015,3,1,9,1,Sunday
21,7,2015-03-01,0,0,0,0,0,0,a,c,1500.0,0.0,2008.0,0,0.0,0.0,None,2015,3,1,9,1,Sunday
22,7,2015-03-01,0,0,0,0,0,0,a,a,500.0,0.0,2010.0,0,0.0,0.0,None,2015,3,1,9,1,Sunday
23,7,2015-03-01,0,0,0,0,0,0,d,c,500.0,1.0,2008.0,0,0.0,0.0,None,2015,3,1,9,1,Sunday
24,7,2015-03-01,0,0,0,0,0,0,a,a,1500.0,1.0,2010.0,0,0.0,0.0,None,2015,3,1,9,1,Sunday
25,7,2015-03-01,0,0,0,0,0,0,a,c,500.0,1.0,2012.0,0,0.0,0.0,None,2015,3,1,9,1,Sunday
26,7,2015-03-01,0,0,0,0,0,0,d,a,1500.0,3.0,2008.0,0,0.0,0.0,None,2015,3,1,9,1,Sunday
27,7,2015-03-01,0,0,0,0,0,0,d,a,15000.0,9.0,2008.0,1,1.0,2009.0,"Mar,Jun,Sept,Dec",2015,3,1,9,1,Sunday
28,7,2015-03-01,0,0,0,0,0,0,a,a,1500.0,3.0,2010.0,0,0.0,0.0,None,2015,3,1,9,1,Sunday
29,7,2015-03-01,0,0,0,0,0,0,a,a,1500.0,5.0,0.0,1,10.0,2015.0,"Jan,Apr,Jul,Oct",2015,3,1,9,1,Sunday
30,7,2015-03-01,0,0,0,0,0,0,c,c,500.0,11.0,2014.0,1,22.0,2015.0,"Feb,May,Aug,Nov",2015,3,1,9,1,Sunday
31,7,2015-03-01,0,0,0,0,0,0,d,c,500.0,0.0,2014.0,1,31.0,2015.0,"Mar,Jun,Sept,Dec",2015,3,1,9,1,Sunday
32,7,2015-03-01,0,0,0,0,0,0,a,a,3000.0,3.0,2010.0,1,1.0,2015.0,"Mar,Jun,Sept,Dec",2015,3,1,9,1,Sunday
33,7,2015-03-01,0,0,0,0,0,0,d,c,1500.0,9.0,2008.0,0,0.0,0.0,None,2015,3,1,9,1,Sunday
34,7,2015-03-01,0,0,0,0,0,1,d,c,500.0,9.0,2005.0,0,0.0,0.0,None,2015,3,1,9,1,Sunday
35,7,2015-03-01,0,0,0,0,0,0,a,c,120.0,5.0,0.0,1,22.0,2015.0,"Mar,Jun,Sept,Dec",2015,3,1,9,1,Sunday
36,7,2015-03-01,0,0,0,0,0,0,d,a,1500.0,3.0,2008.0,1,40.0,2011.0,"Feb,May,Aug,Nov",2015,3,1,9,1,Sunday
37,7,2015-03-01,0,0,0,0,0,0,d,a,7500.0,3.0,2008.0,1,40.0,2009.0,"Mar,Jun,Sept,Dec",2015,3,1,9,1,Sunday
38,7,2015-03-01,0,0,0,0,0,1,a,a,3000.0,3.0,2010.0,0,0.0,0.0,None,2015,3,1,9,1,Sunday
39,7,2015-03-01,0,0,0,0,0,0,c,a,7500.0,7.0,2014.0,1,14.0,2015.0,"Jan,Apr,Jul,Oct",2015,3,1,9,1,Sunday
40,7,2015-03-01,0,0,0,0,0,1,d,a,1500.0,11.0,2008.0,1,22.0,2013.0,"Jan,Apr,Jul,Oct",2015,3,1,9,1,Sunday
41,7,2015-03-01,0,0,0,0,0,1,a,c,500.0,1.0,0.0,0,0.0,0.0,None,2015,3,1,9,1,Sunday
42,7,2015-03-01,0,0,0,0,0,1,d,c,120.0,1.0,2014.0,0,0.0,0.0,None,2015,3,1,9,1,Sunday
43,7,2015-03-01,0,0,0,0,0,1,a,a,500.0,0.0,0.0,1,31.0,2011.0,"Mar,Jun,Sept,Dec",2015,3,1,9,1,Sunday
44,7,2015-03-01,0,0,0,0,0,0,a,a,1500.0,5.0,2005.0,0,0.0,0.0,None,2015,3,1,9,1,Sunday
45,7,2015-03-01,0,0,0,0,0,1,c,a,120.0,9.0,2014.0,1,22.0,2011.0,"Feb,May,Aug,Nov",2015,3,1,9,1,Sunday
46,7,2015-03-01,0,0,0,0,0,0,a,c,500.0,1.0,2014.0,0,0.0,0.0,None,2015,3,1,9,1,Sunday
47,7,2015-03-01,0,0,0,0,0,1,c,a,1500.0,0.0,0.0,1,40.0,2013.0,"Jan,Apr,Jul,Oct",2015,3,1,9,1,Sunday
48,7,2015-03-01,0,0,0,0,0,0,a,c,500.0,7.0,2010.0,1,22.0,2011.0,"Mar,Jun,Sept,Dec",2015,3,1,9,1,Sunday
49,7,2015-03-01,0,0,0,0,0,0,d,a,120.0,1.0,2010.0,1,14.0,2009.0,"Mar,Jun,Sept,Dec",2015,3,1,9,1,Sunday
50,7,2015-03-01,0,0,0,0,0,0,a,c,500.0,1.0,2012.0,0,0.0,0.0,None,2015,3,1,9,1,Sunday
51,7,2015-03-01,0,0,0,0,0,0,a,c,120.0,1.0,0.0,0,0.0,0.0,None,2015,3,1,9,1,Sunday
52,7,2015-03-01,0,0,0,0,0,0,a,a,120.0,7.0,2012.0,1,31.0,2013.0,"Mar,Jun,Sept,Dec",2015,3,1,9,1,Sunday
53,7,2015-03-01,0,0,0,0,0,0,a,c,1500.0,0.0,0.0,1,14.0,2009.0,"Feb,May,Aug,Nov",2015,3,1,9,1,Sunday
54,7,2015-03-01,0,0,0,0,0,1,a,a,1500.0,0.0,0.0,0,0.0,0.0,None,2015,3,1,9,1,Sunday
55,7,2015-03-01,0,0,0,0,0,0,d,c,1500.0,1.0,2005.0,1,22.0,2009.0,"Feb,May,Aug,Nov",2015,3,1,9,1,Sunday
56,7,2015-03-01,0,0,0,0,0,0,a,a,1500.0,7.0,2010.0,0,0.0,0.0,None,2015,3,1,9,1,Sunday
57,7,2015-03-01,0,0,0,0,0,0,a,c,1500.0,0.0,2012.0,1,10.0,2009.0,"Mar,Jun,Sept,Dec",2015,3,1,9,1,Sunday
58,7,2015-03-01,0,0,0,0,0,0,d,c,1500.0,0.0,0.0,1,14.0,2009.0,"Mar,Jun,Sept,Dec",2015,3,1,9,1,Sunday
59,7,2015-03-01,0,0,0,0,0,0,d,c,500.0,7.0,2012.0,0,0.0,0.0,None,2015,3,1,9,1,Sunday
60,7,2015-03-01,0,0,0,0,0,1,a,a,1500.0,11.0,0.0,1,31.0,2011.0,"Feb,May,Aug,Nov",2015,3,1,9,1,Sunday
61,7,2015-03-01,0,0,0,0,0,0,a,c,500.0,5.0,2005.0,1,31.0,2013.0,"Jan,Apr,Jul,Oct",2015,3,1,9,1,Sunday
62,7,2015-03-01,0,0,0,0,0,0,a,a,15000.0,5.0,2005.0,0,0.0,0.0,None,2015,3,1,9,1,Sunday
63,7,2015-03-01,0,0,0,0,0,0,c,c,3000.0,5.0,2005.0,0,0.0,0.0,None,2015,3,1,9,1,Sunday
64,7,2015-03-01,0,0,0,0,0,1,c,c,1500.0,5.0,0.0,1,1.0,2013.0,"Jan,Apr,Jul,Oct",2015,3,1,9,1,Sunday
65,7,2015-03-01,0,0,0,0,0,0,a,c,1500.0,0.0,2014.0,0,0.0,0.0,None,2015,3,1,9,1,Sunday
66,7,2015-03-01,0,0,0,0,0,0,a,a,15000.0,3.0,2010.0,0,0.0,0.0,None,2015,3,1,9,1,Sunday
67,7,2015-03-01,0,0,0,0,0,0,d,c,1500.0,1.0,2012.0,0,0.0,0.0,None,2015,3,1,9,1,Sunday
68,7,2015-03-01,0,0,0,0,0,0,c,c,500.0,7.0,0.0,0,0.0,0.0,None,2015,3,1,9,1,Sunday
69,7,2015-03-01,0,0,0,0,0,1,d,c,15000.0,1.0,2012.0,1,31.0,2013.0,"Mar,Jun,Sept,Dec",2015,3,1,9,1,Sunday
70,7,2015-03-01,0,0,0,0,0,0,a,a,3000.0,5.0,0.0,0,0.0,0.0,None,2015,3,1,9,1,Sunday
71,7,2015-03-01,0,0,0,0,0,0,a,c,120.0,1.0,2008.0,1,31.0,2009.0,"Jan,Apr,Jul,Oct",2015,3,1,9,1,Sunday
72,7,2015-03-01,0,0,0,0,0,0,a,c,7500.0,9.0,2010.0,0,0.0,0.0,None,2015,3,1,9,1,Sunday
73,7,2015-03-01,0,0,0,0,0,0,d,c,500.0,5.0,2008.0,1,40.0,2013.0,"Mar,Jun,Sept,Dec",2015,3,1,9,1,Sunday
74,7,2015-03-01,0,0,0,0,0,0,a,a,500.0,7.0,2012.0,0,0.0,0.0,None,2015,3,1,9,1,Sunday
75,7,2015-03-01,0,0,0,0,0,0,c,c,3000.0,11.0,0.0,1,14.0,2009.0,"Feb,May,Aug,Nov",2015,3,1,9,1,Sunday
76,7,2015-03-01,0,0,0,0,0,0,a,a,120.0,0.0,2014.0,0,0.0,0.0,None,2015,3,1,9,1,Sunday
77,7,2015-03-01,0,0,0,0,0,1,d,c,1500.0,11.0,2012.0,0,0.0,0.0,None,2015,3,1,9,1,Sunday
78,7,2015-03-01,0,0,0,0,0,0,d,c,500.0,3.0,2010.0,0,0.0,0.0,None,2015,3,1,9,1,Sunday
79,7,2015-03-01,0,0,0,0,0,0,a,a,500.0,0.0,2012.0,1,14.0,2015.0,"Mar,Jun,Sept,Dec",2015,3,1,9,1,Sunday
80,7,2015-03-01,0,0,0,0,0,0,a,a,15000.0,9.0,2010.0,0,0.0,0.0,None,2015,3,1,9,1,Sunday
81,7,2015-03-01,0,0,0,0,0,0,a,a,1500.0,1.0,2010.0,1,22.0,2009.0,"Jan,Apr,Jul,Oct",2015,3,1,9,1,Sunday
82,7,2015-03-01,0,0,0,0,0,0,a,a,1500.0,0.0,0.0,0,0.0,0.0,None,2015,3,1,9,1,Sunday
83,7,2015-03-01,0,0,0,0,0,0,a,c,500.0,7.0,2014.0,0,0.0,0.0,None,2015,3,1,9,1,Sunday
84,7,2015-03-01,0,0,0,0,0,0,d,a,1500.0,0.0,2005.0,0,0.0,0.0,None,2015,3,1,9,1,Sunday
85,7,2015-03-01,0,0,0,0,0,1,d,c,120.0,0.0,2014.0,1,1.0,2013.0,"Jan,Apr,Jul,Oct",2015,3,1,9,1,Sunday
86,7,2015-03-01,0,0,0,0,0,0,d,a,3000.0,0.0,2012.0,0,0.0,0.0,None,2015,3,1,9,1,Sunday
87,7,2015-03-01,0,0,0,0,0,0,a,a,1500.0,0.0,0.0,0,0.0,0.0,None,2015,3,1,9,1,Sunday
88,7,2015-03-01,0,0,0,0,0,1,d,c,3000.0,3.0,2012.0,1,31.0,2009.0,"Feb,May,Aug,Nov",2015,3,1,9,1,Sunday
89,7,2015-03-01,0,0,0,0,0,0,d,a,1500.0,9.0,0.0,1,31.0,2015.0,"Feb,May,Aug,Nov",2015,3,1,9,1,Sunday
90,7,2015-03-01,0,0,0,0,0,0,d,c,1500.0,0.0,0.0,0,0.0,0.0,None,2015,3,1,9,1,Sunday
91,7,2015-03-01,0,0,0,0,0,0,a,c,1500.0,3.0,2008.0,0,0.0,0.0,None,2015,3,1,9,1,Sunday
92,7,2015-03-01,0,0,0,0,0,0,d,c,120.0,3.0,0.0,1,31.0,2009.0,"Feb,May,Aug,Nov",2015,3,1,9,1,Sunday
93,7,2015-03-01,0,0,0,0,0,1,d,a,120.0,5.0,2005.0,0,0.0,0.0,None,2015,3,1,9,1,Sunday
94,7,2015-03-01,0,0,0,0,0,0,c,a,500.0,11.0,2005.0,0,0.0,0.0,None,2015,3,1,9,1,Sunday
95,7,2015-03-01,0,0,0,0,0,0,a,c,500.0,11.0,2005.0,1,31.0,2009.0,"Feb,May,Aug,Nov",2015,3,1,9,1,Sunday
96,7,2015-03-01,0,0,0,0,0,0,d,c,500.0,7.0,2005.0,1,10.0,2009.0,"Feb,May,Aug,Nov",2015,3,1,9,1,Sunday
97,7,2015-03-01,0,0,0,0,0,0,c,a,120.0,0.0,2008.0,0,0.0,0.0,None,2015,3,1,9,1,Sunday
98,7,2015-03-01,0,0,0,0,0,0,c,a,500.0,3.0,2008.0,1,10.0,2009.0,"Feb,May,Aug,Nov",2015,3,1,9,1,Sunday
99,7,2015-03-01,0,0,0,0,0,0,a,c,500.0,1.0,2012.0,0,0.0,0.0,None,2015,3,1,9,1,Sunday
100,7,2015-03-01,0,0,0,0,0,0,b,c,500.0,9.0,2005.0,0,0.0,0.0,None,2015,3,1,9,1,Sunday
1,1,2015-03-02,5497,684,1,0,0,0,a,c,3000.0,7.0,2012.0,0,0.0,0.0,None,2015,3,2,10,1,Monday
2,1,2015-03-02,3242,465,1,0,0,0,a,a,7500.0,5.0,2008.0,0,0.0,0.0,None,2015,3,2,10,1,Monday
3,1,2015-03-02,3227,437,1,0,0,0,d,c,500.0,5.0,2012.0,1,10.0,2011.0,"Jan,Apr,Jul,Oct",2015,3,2,10,1,Monday
4,1,2015-03-02,6169,450,1,1,0,0,a,a,1500.0,1.0,2010.0,1,40.0,2011.0,"Mar,Jun,Sept,Dec",2015,3,2,10,1,Monday
5,1,2015-03-02,6902,919,1,0,0,0,c,a,15000.0,0.0,2008.0,1,31.0,2009.0,"Mar,Jun,Sept,Dec",2015,3,2,10,1,Monday
6,1,2015-03-02,7991,885,1,1,0,0,a,c,1500.0,1.0,0.0,0,0.0,0.0,None,2015,3,2,10,1,Monday
7,1,2015-03-02,10126,920,1,1,0,0,a,a,1500.0,5.0,2012.0,1,14.0,2011.0,"Jan,Apr,Jul,Oct",2015,3,2,10,1,Monday
8,1,2015-03-02,8034,952,1,1,0,0,a,c,500.0,9.0,2014.0,1,40.0,2009.0,"Mar,Jun,Sept,Dec",2015,3,2,10,1,Monday
9,1,2015-03-02,2924,416,1,0,0,0,d,a,500.0,5.0,2014.0,1,40.0,2013.0,"Jan,Apr,Jul,Oct",2015,3,2,10,1,Monday
10,1,2015-03-02,7381,531,1,1,0,0,d,c,3000.0,11.0,2012.0,1,1.0,2015.0,"Jan,Apr,Jul,Oct",2015,3,2,10,1,Monday
11,1,2015-03-02,5837,512,1,0,0,0,a,c,120.0,11.0,0.0,1,22.0,2015.0,"Mar,Jun,Sept,Dec",2015,3,2,10,1,Monday
12,1,2015-03-02,3826,319,1,1,0,0,d,c,3000.0,0.0,2008.0,0,0.0,0.0,None,2015,3,2,10,1,Monday
13,1,2015-03-02,4893,856,1,0,0,0,a,a,7500.0,5.0,2005.0,0,0.0,0.0,None,2015,3,2,10,1,Monday
14,1,2015-03-02,6735,646,1,0,0,0,a,c,1500.0,5.0,2014.0,1,1.0,2013.0,"Jan,Apr,Jul,Oct",2015,3,2,10,1,Monday
15,1,2015-03-02,5687,506,1,0,0,0,d,c,3000.0,11.0,2014.0,1,1.0,2013.0,"Mar,Jun,Sept,Dec",2015,3,2,10,1,Monday
16,1,2015-03-02,9795,965,1,0,0,0,a,a,500.0,11.0,0.0,0,0.0,0.0,None,2015,3,2,10,1,Monday
17,1,2015-03-02,7679,874,1,0,0,0,a,c,500.0,7.0,2008.0,0,0.0,0.0,None,2015,3,2,10,1,Monday
18,1,2015-03-02,6404,699,1,1,0,0,d,c,1500.0,5.0,2005.0,1,40.0,2009.0,"Jan,Apr,Jul,Oct",2015,3,2,10,1,Monday
19,1,2015-03-02,14402,1126,1,1,0,0,d,c,120.0,9.0,2014.0,1,10.0,2013.0,"Jan,Apr,Jul,Oct",2015,3,2,10,1,Monday
20,1,2015-03-02,6144,596,1,0,0,0,a,a,500.0,9.0,0.0,1,1.0,2013.0,"Mar,Jun,Sept,Dec",2015,3,2,10,1,Monday
21,1,2015-03-02,10456,1084,1,0,0,0,a,c,1500.0,0.0,2008.0,0,0.0,0.0,None,2015,3,2,10,1,Monday
22,1,2015-03-02,8389,1008,1,0,0,0,a,a,500.0,0.0,2010.0,0,0.0,0.0,None,2015,3,2,10,1,Monday
23,1,2015-03-02,6981,744,1,0,0,0,d,c,500.0,1.0,2008.0,0,0.0,0.0,None,2015,3,2,10,1,Monday
24,1,2015-03-02,3337,343,1,1,0,0,a,a,1500.0,1.0,2010.0,0,0.0,0.0,None,2015,3,2,10,1,Monday
25,1,2015-03-02,4713,570,1,0,0,0,a,c,500.0,1.0,2012.0,0,0.0,0.0,None,2015,3,2,10,1,Monday
26,1,2015-03-02,6168,649,1,0,0,0,d,a,1500.0,3.0,2008.0,0,0.0,0.0,None,2015,3,2,10,1,Monday
27,1,2015-03-02,3373,539,1,0,0,0,d,a,15000.0,9.0,2008.0,1,1.0,2009.0,"Mar,Jun,Sept,Dec",2015,3,2,10,1,Monday
28,1,2015-03-02,1824,321,1,0,0,1,a,a,1500.0,3.0,2010.0,0,0.0,0.0,None,2015,3,2,10,1,Monday
29,1,2015-03-02,4249,320,1,1,0,0,a,a,1500.0,5.0,0.0,1,10.0,2015.0,"Jan,Apr,Jul,Oct",2015,3,2,10,1,Monday
30,1,2015-03-02,8919,771,1,1,0,1,c,c,500.0,11.0,2014.0,1,22.0,2015.0,"Feb,May,Aug,Nov",2015,3,2,10,1,Monday
31,1,2015-03-02,5853,748,1,1,0,0,d,c,500.0,0.0,2014.0,1,31.0,2015.0,"Mar,Jun,Sept,Dec",2015,3,2,10,1,Monday
32,1,2015-03-02,4807,778,1,0,0,0,a,a,3000.0,3.0,2010.0,1,1.0,2015.0,"Mar,Jun,Sept,Dec",2015,3,2,10,1,Monday
33,1,2015-03-02,4988,529,1,0,0,0,d,c,1500.0,9.0,2008.0,0,0.0,0.0,None,2015,3,2,10,1,Monday
34,1,2015-03-02,5398,752,1,0,0,0,d,c,500.0,9.0,2005.0,0,0.0,0.0,None,2015,3,2,10,1,Monday
35,1,2015-03-02,9138,985,1,1,0,0,a,c,120.0,5.0,0.0,1,22.0,2015.0,"Mar,Jun,Sept,Dec",2015,3,2,10,1,Monday
36,1,2015-03-02,5031,485,1,0,0,0,d,a,1500.0,3.0,2008.0,1,40.0,2011.0,"Feb,May,Aug,Nov",2015,3,2,10,1,Monday
37,1,2015-03-02,7362,717,1,0,0,0,d,a,7500.0,3.0,2008.0,1,40.0,2009.0,"Mar,Jun,Sept,Dec",2015,3,2,10,1,Monday
38,1,2015-03-02,6033,644,1,0,0,0,a,a,3000.0,3.0,2010.0,0,0.0,0.0,None,2015,3,2,10,1,Monday
39,1,2015-03-02,8460,841,1,0,0,0,c,a,7500.0,7.0,2014.0,1,14.0,2015.0,"Jan,Apr,Jul,Oct",2015,3,2,10,1,Monday
40,1,2015-03-02,6587,705,1,0,0,0,d,a,1500.0,11.0,2008.0,1,22.0,2013.0,"Jan,Apr,Jul,Oct",2015,3,2,10,1,Monday
41,1,2015-03-02,7333,914,1,0,0,1,a,c,500.0,1.0,0.0,0,0.0,0.0,None,2015,3,2,10,1,Monday
42,1,2015-03-02,6105,816,1,1,0,0,d,c,120.0,1.0,2014.0,0,0.0,0.0,None,2015,3,2,10,1,Monday
43,1,2015-03-02,4068,463,1,1,0,1,a,a,500.0,0.0,0.0,1,31.0,2011.0,"Mar,Jun,Sept,Dec",2015,3,2,10,1,Monday
44,1,2015-03-02,10525,981,1,1,0,0,a,a,1500.0,5.0,2005.0,0,0.0,0.0,None,2015,3,2,10,1,Monday
45,1,2015-03-02,9740,998,1,0,0,0,c,a,120.0,9.0,2014.0,1,22.0,2011.0,"Feb,May,Aug,Nov",2015,3,2,10,1,Monday
46,1,2015-03-02,10488,1038,1,0,0,0,a,c,500.0,1.0,2014.0,0,0.0,0.0,None,2015,3,2,10,1,Monday
47,1,2015-03-02,6384,1117,1,0,0,0,c,a,1500.0,0.0,0.0,1,40.0,2013.0,"Jan,Apr,Jul,Oct",2015,3,2,10,1,Monday
48,1,2015-03-02,5530,749,1,0,0,0,a,c,500.0,7.0,2010.0,1,22.0,2011.0,"Mar,Jun,Sept,Dec",2015,3,2,10,1,Monday
49,1,2015-03-02,12210,1149,1,0,0,0,d,a,120.0,1.0,2010.0,1,14.0,2009.0,"Mar,Jun,Sept,Dec",2015,3,2,10,1,Monday
50,1,2015-03-02,8515,944,1,0,0,0,a,c,500.0,1.0,2012.0,0,0.0,0.0,None,2015,3,2,10,1,Monday
51,1,2015-03-02,6419,899,1,0,0,0,a,c,120.0,1.0,0.0,0,0.0,0.0,None,2015,3,2,10,1,Monday
52,1,2015-03-02,11581,909,1,1,0,0,a,a,120.0,7.0,2012.0,1,31.0,2013.0,"Mar,Jun,Sept,Dec",2015,3,2,10,1,Monday
53,1,2015-03-02,9109,1078,1,1,0,0,a,c,1500.0,0.0,0.0,1,14.0,2009.0,"Feb,May,Aug,Nov",2015,3,2,10,1,Monday
54,1,2015-03-02,2475,315,1,0,0,1,a,a,1500.0,0.0,0.0,0,0.0,0.0,None,2015,3,2,10,1,Monday
55,1,2015-03-02,10636,963,1,1,0,0,d,c,1500.0,1.0,2005.0,1,22.0,2009.0,"Feb,May,Aug,Nov",2015,3,2,10,1,Monday
56,1,2015-03-02,2647,348,1,0,0,0,a,a,1500.0,7.0,2010.0,0,0.0,0.0,None,2015,3,2,10,1,Monday
57,1,2015-03-02,4097,565,1,0,0,0,a,c,1500.0,0.0,2012.0,1,10.0,2009.0,"Mar,Jun,Sept,Dec",2015,3,2,10,1,Monday
58,1,2015-03-02,4473,413,1,0,0,0,d,c,1500.0,0.0,0.0,1,14.0,2009.0,"Mar,Jun,Sept,Dec",2015,3,2,10,1,Monday
59,1,2015-03-02,3474,334,1,0,0,0,d,c,500.0,7.0,2012.0,0,0.0,0.0,None,2015,3,2,10,1,Monday
60,1,2015-03-02,3175,571,1,0,0,0,a,a,1500.0,11.0,0.0,1,31.0,2011.0,"Feb,May,Aug,Nov",2015,3,2,10,1,Monday
61,1,2015-03-02,6320,513,1,1,0,0,a,c,500.0,5.0,2005.0,1,31.0,2013.0,"Jan,Apr,Jul,Oct",2015,3,2,10,1,Monday
62,1,2015-03-02,7517,823,1,1,0,0,a,a,15000.0,5.0,2005.0,0,0.0,0.0,None,2015,3,2,10,1,Monday
63,1,2015-03-02,5935,647,1,0,0,0,c,c,3000.0,5.0,2005.0,0,0.0,0.0,None,2015,3,2,10,1,Monday
64,1,2015-03-02,4218,404,1,0,0,1,c,c,1500.0,5.0,0.0,1,1.0,2013.0,"Jan,Apr,Jul,Oct",2015,3,2,10,1,Monday
65,1,2015-03-02,5755,802,1,0,0,1,a,c,1500.0,0.0,2014.0,0,0.0,0.0,None,2015,3,2,10,1,Monday
66,1,2015-03-02,2642,306,1,1,0,0,a,a,15000.0,3.0,2010.0,0,0.0,0.0,None,2015,3,2,10,1,Monday
67,1,2015-03-02,3241,428,1,0,0,0,d,c,1500.0,1.0,2012.0,0,0.0,0.0,None,2015,3,2,10,1,Monday
68,1,2015-03-02,7708,700,1,1,0,0,c,c,500.0,7.0,0.0,0,0.0,0.0,None,2015,3,2,10,1,Monday
69,1,2015-03-02,7003,549,1,1,0,1,d,c,15000.0,1.0,2012.0,1,31.0,2013.0,"Mar,Jun,Sept,Dec",2015,3,2,10,1,Monday
70,1,2015-03-02,10255,829,1,1,0,1,a,a,3000.0,5.0,0.0,0,0.0,0.0,None,2015,3,2,10,1,Monday
71,1,2015-03-02,9726,942,1,0,0,0,a,c,120.0,1.0,2008.0,1,31.0,2009.0,"Jan,Apr,Jul,Oct",2015,3,2,10,1,Monday
72,1,2015-03-02,9939,831,1,1,0,0,a,c,7500.0,9.0,2010.0,0,0.0,0.0,None,2015,3,2,10,1,Monday
73,1,2015-03-02,0,0,0,0,0,0,d,c,500.0,5.0,2008.0,1,40.0,2013.0,"Mar,Jun,Sept,Dec",2015,3,2,10,1,Monday
74,1,2015-03-02,6312,1103,1,0,0,0,a,a,500.0,7.0,2012.0,0,0.0,0.0,None,2015,3,2,10,1,Monday
75,1,2015-03-02,7882,657,1,0,0,0,c,c,3000.0,11.0,0.0,1,14.0,2009.0,"Feb,May,Aug,Nov",2015,3,2,10,1,Monday
76,1,2015-03-02,4356,468,1,1,0,0,a,a,120.0,0.0,2014.0,0,0.0,0.0,None,2015,3,2,10,1,Monday
77,1,2015-03-02,5996,613,1,0,0,0,d,c,1500.0,11.0,2012.0,0,0.0,0.0,None,2015,3,2,10,1,Monday
78,1,2015-03-02,7917,543,1,1,0,0,d,c,500.0,3.0,2010.0,0,0.0,0.0,None,2015,3,2,10,1,Monday
79,1,2015-03-02,3978,386,1,1,0,0,a,a,500.0,0.0,2012.0,1,14.0,2015.0,"Mar,Jun,Sept,Dec",2015,3,2,10,1,Monday
80,1,2015-03-02,3890,381,1,0,0,0,a,a,15000.0,9.0,2010.0,0,0.0,0.0,None,2015,3,2,10,1,Monday
81,1,2015-03-02,2603,473,1,0,0,0,a,a,1500.0,1.0,2010.0,1,22.0,2009.0,"Jan,Apr,Jul,Oct",2015,3,2,10,1,Monday
82,1,2015-03-02,7201,642,1,0,0,0,a,a,1500.0,0.0,0.0,0,0.0,0.0,None,2015,3,2,10,1,Monday
83,1,2015-03-02,5406,415,1,1,0,0,a,c,500.0,7.0,2014.0,0,0.0,0.0,None,2015,3,2,10,1,Monday
84,1,2015-03-02,7818,713,1,0,0,0,d,a,1500.0,0.0,2005.0,0,0.0,0.0,None,2015,3,2,10,1,Monday
85,1,2015-03-02,10204,980,1,1,0,1,d,c,120.0,0.0,2014.0,1,1.0,2013.0,"Jan,Apr,Jul,Oct",2015,3,2,10,1,Monday
86,1,2015-03-02,9387,1023,1,1,0,0,d,a,3000.0,0.0,2012.0,0,0.0,0.0,None,2015,3,2,10,1,Monday
87,1,2015-03-02,11157,1090,1,1,0,0,a,a,1500.0,0.0,0.0,0,0.0,0.0,None,2015,3,2,10,1,Monday
88,1,2015-03-02,11040,959,1,0,0,0,d,c,3000.0,3.0,2012.0,1,31.0,2009.0,"Feb,May,Aug,Nov",2015,3,2,10,1,Monday
89,1,2015-03-02,4822,446,1,1,0,0,d,a,1500.0,9.0,0.0,1,31.0,2015.0,"Feb,May,Aug,Nov",2015,3,2,10,1,Monday
90,1,2015-03-02,11214,1024,1,1,0,0,d,c,1500.0,0.0,0.0,0,0.0,0.0,None,2015,3,2,10,1,Monday
91,1,2015-03-02,4680,525,1,0,0,0,a,c,1500.0,3.0,2008.0,0,0.0,0.0,None,2015,3,2,10,1,Monday
92,1,2015-03-02,8575,811,1,0,0,0,d,c,120.0,3.0,0.0,1,31.0,2009.0,"Feb,May,Aug,Nov",2015,3,2,10,1,Monday
93,1,2015-03-02,4686,418,1,0,0,0,d,a,120.0,5.0,2005.0,0,0.0,0.0,None,2015,3,2,10,1,Monday
94,1,2015-03-02,7733,746,1,1,0,0,c,a,500.0,11.0,2005.0,0,0.0,0.0,None,2015,3,2,10,1,Monday
95,1,2015-03-02,12607,1164,1,1,0,0,a,c,500.0,11.0,2005.0,1,31.0,2009.0,"Feb,May,Aug,Nov",2015,3,2,10,1,Monday
96,1,2015-03-02,3779,486,1,0,0,0,d,c,500.0,7.0,2005.0,1,10.0,2009.0,"Feb,May,Aug,Nov",2015,3,2,10,1,Monday
97,1,2015-03-02,3578,621,1,0,0,1,c,a,120.0,0.0,2008.0,0,0.0,0.0,None,2015,3,2,10,1,Monday
98,1,2015-03-02,2354,361,1,0,0,1,c,a,500.0,3.0,2008.0,1,10.0,2009.0,"Feb,May,Aug,Nov",2015,3,2,10,1,Monday
99,1,2015-03-02,10606,1043,1,1,0,0,a,c,500.0,1.0,2012.0,0,0.0,0.0,None,2015,3,2,10,1,Monday
100,1,2015-03-02,6560,768,1,0,0,0,b,c,500.0,9.0,2005.0,0,0.0,0.0,None,2015,3,2,10,1,Monday
1,2,2015-03-03,4812,342,1,1,0,1,a,c,3000.0,7.0,2012.0,0,0.0,0.0,None,2015,3,3,10,1,Tuesday
2,2,2015-03-03,6559,688,1,0,0,0,a,a,7500.0,5.0,2008.0,0,0.0,0.0,None,2015,3,3,10,1,Tuesday
3,2,2015-03-03,9601,894,1,0,0,0,d,c,500.0,5.0,2012.0,1,10.0,2011.0,"Jan,Apr,Jul,Oct",2015,3,3,10,1,Tuesday
4,2,2015-03-03,6333,487,1,1,0,0,a,a,1500.0,1.0,2010.0,1,40.0,2011.0,"Mar,Jun,Sept,Dec",2015,3,3,10,1,Tuesday
5,2,2015-03-03,4177,545,1,1,0,0,c,a,15000.0,0.0,2008.0,1,31.0,2009.0,"Mar,Jun,Sept,Dec",2015,3,3,10,1,Tuesday
6,2,2015-03-03,4009,496,1,0,0,1,a,c,1500.0,1.0,0.0,0,0.0,0.0,None,2015,3,3,10,1,Tuesday
7,2,2015-03-03,0,0,0,0,0,0,a,a,1500.0,5.0,2012.0,1,14.0,2011.0,"Jan,Apr,Jul,Oct",2015,3,3,10,1,Tuesday
8,2,2015-03-03,13028,1108,1,0,0,0,a,c,500.0,9.0,2014.0,1,40.0,2009.0,"Mar,Jun,Sept,Dec",2015,3,3,10,1,Tuesday
9,2,2015-03-03,8481,738,1,0,0,0,d,a,500.0,5.0,2014.0,1,40.0,2013.0,"Jan,Apr,Jul,Oct",2015,3,3,10,1,Tuesday
10,2,2015-03-03,6177,831,1,0,0,1,d,c,3000.0,11.0,2012.0,1,1.0,2015.0,"Jan,Apr,Jul,Oct",2015,3,3,10,1,Tuesday
11,2,2015-03-03,9242,941,1,0,0,0,a,c,120.0,11.0,0.0,1,22.0,2015.0,"Mar,Jun,Sept,Dec",2015,3,3,10,1,Tuesday
12,2,2015-03-03,7191,928,1,1,0,0,d,c,3000.0,0.0,2008.0,0,0.0,0.0,None,2015,3,3,10,1,Tuesday
13,2,2015-03-03,8800,1146,1,0,0,0,a,a,7500.0,5.0,2005.0,0,0.0,0.0,None,2015,3,3,10,1,Tuesday
14,2,2015-03-03,6258,477,1,1,0,0,a,c,1500.0,5.0,2014.0,1,1.0,2013.0,"Jan,Apr,Jul,Oct",2015,3,3,10,1,Tuesday
15,2,2015-03-03,3333,516,1,0,0,0,d,c,3000.0,11.0,2014.0,1,1.0,2013.0,"Mar,Jun,Sept,Dec",2015,3,3,10,1,Tuesday
16,2,2015-03-03,7058,624,1,1,0,0,a,a,500.0,11.0,0.0,0,0.0,0.0,None,2015,3,3,10,1,Tuesday
17,2,2015-03-03,5230,797,1,0,0,0,a,c,500.0,7.0,2008.0,0,0.0,0.0,None,2015,3,3,10,1,Tuesday
18,2,2015-03-03,6969,934,1,0,0,0,d,c,1500.0,5.0,2005.0,1,40.0,2009.0,"Jan,Apr,Jul,Oct",2015,3,3,10,1,Tuesday
19,2,2015-03-03,4417,393,1,0,0,0,d,c,120.0,9.0,2014.0,1,10.0,2013.0,"Jan,Apr,Jul,Oct",2015,3,3,10,1,Tuesday
20,2,2015-03-03,10048,923,1,1,0,0,a,a,500.0,9.0,0.0,1,1.0,2013.0,"Mar,Jun,Sept,Dec",2015,3,3,10,1,Tuesday
21,2,2015-03-03,2811,300,1,0,0,0,a,c,1500.0,0.0,2008.0,0,0.0,0.0,None,2015,3,3,10,1,Tuesday
22,2,2015-03-03,7242,1095,1,0,0,1,a,a,500.0,0.0,2010.0,0,0.0,0.0,None,2015,3,3,10,1,Tuesday
23,2,2015-03-03,8545,964,1,0,0,0,d,c,500.0,1.0,2008.0,0,0.0,0.0,None,2015,3,3,10,1,Tuesday
24,2,2015-03-03,6730,737,1,0,0,1,a,a,1500.0,1.0,2010.0,0,0.0,0.0,None,2015,3,3,10,1,Tuesday
25,2,2015-03-03,3720,543,1,0,0,0,a,c,500.0,1.0,2012.0,0,0.0,0.0,None,2015,3,3,10,1,Tuesday
26,2,2015-03-03,6435,796,1,0,0,0,d,a,1500.0,3.0,2008.0,0,0.0,0.0,None,2015,3,3,10,1,Tuesday
27,2,2015-03-03,6454,544,1,0,0,0,d,a,15000.0,9.0,2008.0,1,1.0,2009.0,"Mar,Jun,Sept,Dec",2015,3,3,10,1,Tuesday
28,2,2015-03-03,7835,1028,1,1,0,0,a,a,1500.0,3.0,2010.0,0,0.0,0.0,None,2015,3,3,10,1,Tuesday
29,2,2015-03-03,4269,477,1,1,0,0,a,a,1500.0,5.0,0.0,1,10.0,2015.0,"Jan,Apr,Jul,Oct",2015,3,3,10,1,Tuesday
30,2,2015-03-03,5545,1008,1,0,0,0,c,c,500.0,11.0,2014.0,1,22.0,2015.0,"Feb,May,Aug,Nov",2015,3,3,10,1,Tuesday
31,2,2015-03-03,12774,1186,1,0,0,0,d,c,500.0,0.0,2014.0,1,31.0,2015.0,"Mar,Jun,Sept,Dec",2015,3,3,10,1,Tuesday
32,2,2015-03-03,6753,572,1,0,0,0,a,a,3000.0,3.0,2010.0,1,1.0,2015.0,"Mar,Jun,Sept,Dec",2015,3,3,10,1,Tuesday
33,2,2015-03-03,3707,538,1,0,0,1,d,c,1500.0,9.0,2008.0,0,0.0,0.0,None,2015,3,3,10,1,Tuesday
34,2,2015-03-03,8991,860,1,0,0,0,d,c,500.0,9.0,2005.0,0,0.0,0.0,None,2015,3,3,10,1,Tuesday
35,2,2015-03-03,5100,362,1,1,0,1,a,c,120.0,5.0,0.0,1,22.0,2015.0,"Mar,Jun,Sept,Dec",2015,3,3,10,1,Tuesday
36,2,2015-03-03,5466,969,1,0,0,0,d,a,1500.0,3.0,2008.0,1,40.0,2011.0,"Feb,May,Aug,Nov",2015,3,3,10,1,Tuesday
37,2,2015-03-03,3563,324,1,0,0,1,d,a,7500.0,3.0,2008.0,1,40.0,2009.0,"Mar,Jun,Sept,Dec",2015,3,3,10,1,Tuesday
38,2,2015-03-03,8276,707,1,1,0,0,a,a,3000.0,3.0,2010.0,0,0.0,0.0,None,2015,3,3,10,1,Tuesday
39,2,2015-03-03,6032,630,1,1,0,0,c,a,7500.0,7.0,2014.0,1,14.0,2015.0,"Jan,Apr,Jul,Oct",2015,3,3,10,1,Tuesday
40,2,2015-03-03,8295,645,1,1,0,0,d,a,1500.0,11.0,2008.0,1,22.0,2013.0,"Jan,Apr,Jul,Oct",2015,3,3,10,1,Tuesday
41,2,2015-03-03,6092,958,1,0,0,0,a,c,500.0,1.0,0.0,0,0.0,0.0,None,2015,3,3,10,1,Tuesday
42,2,2015-03-03,7504,1120,1,0,0,0,d,c,120.0,1.0,2014.0,0,0.0,0.0,None,2015,3,3,10,1,Tuesday
43,2,2015-03-03,5304,499,1,1,0,0,a,a,500.0,0.0,0.0,1,31.0,2011.0,"Mar,Jun,Sept,Dec",2015,3,3,10,1,Tuesday
44,2,2015-03-03,5246,456,1,0,0,0,a,a,1500.0,5.0,2005.0,0,0.0,0.0,None,2015,3,3,10,1,Tuesday
45,2,2015-03-03,5289,649,1,0,0,0,c,a,120.0,9.0,2014.0,1,22.0,2011.0,"Feb,May,Aug,Nov",2015,3,3,10,1,Tuesday
46,2,2015-03-03,5685,751,1,1,0,0,a,c,500.0,1.0,2014.0,0,0.0,0.0,None,2015,3,3,10,1,Tuesday
47,2,2015-03-03,4426,435,1,1,0,0,c,a,1500.0,0.0,0.0,1,40.0,2013.0,"Jan,Apr,Jul,Oct",2015,3,3,10,1,Tuesday
48,2,2015-03-03,9344,786,1,0,0,1,a,c,500.0,7.0,2010.0,1,22.0,2011.0,"Mar,Jun,Sept,Dec",2015,3,3,10,1,Tuesday
49,2,2015-03-03,7256,1031,1,1,0,0,d,a,120.0,1.0,2010.0,1,14.0,2009.0,"Mar,Jun,Sept,Dec",2015,3,3,10,1,Tuesday
50,2,2015-03-03,6184,1059,1,0,0,0,a,c,500.0,1.0,2012.0,0,0.0,0.0,None,2015,3,3,10,1,Tuesday
51,2,2015-03-03,3068,323,1,1,0,0,a,c,120.0,1.0,0.0,0,0.0,0.0,None,2015,3,3,10,1,Tuesday
52,2,2015-03-03,11496,1152,1,1,0,0,a,a,120.0,7.0,2012.0,1,31.0,2013.0,"Mar,Jun,Sept,Dec",2015,3,3,10,1,Tuesday
53,2,2015-03-03,7608,742,1,0,0,0,a,c,1500.0,0.0,0.0,1,14.0,2009.0,"Feb,May,Aug,Nov",2015,3,3,10,1,Tuesday
54,2,2015-03-03,13237,1150,1,0,0,1,a,a,1500.0,0.0,0.0,0,0.0,0.0,None,2015,3,3,10,1,Tuesday
55,2,2015-03-03,2829,445,1,0,0,0,d,c,1500.0,1.0,2005.0,1,22.0,2009.0,"Feb,May,Aug,Nov",2015,3,3,10,1,Tuesday
56,2,2015-03-03,2899,383,1,0,0,1,a,a,1500.0,7.0,2010.0,0,0.0,0.0,None,2015,3,3,10,1,Tuesday
57,2,2015-03-03,2473,386,1,0,0,0,a,c,1500.0,0.0,2012.0,1,10.0,2009.0,"Mar,Jun,Sept,Dec",2015,3,3,10,1,Tuesday
58,2,2015-03-03,4095,412,1,1,0,1,d,c,1500.0,0.0,0.0,1,14.0,2009.0,"Mar,Jun,Sept,Dec",2015,3,3,10,1,Tuesday
59,2,2015-03-03,3407,333,1,0,0,0,d,c,500.0,7.0,2012.0,0,0.0,0.0,None,2015,3,3,10,1,Tuesday
60,2,2015-03-03,6125,532,1,0,0,0,a,a,1500.0,11.0,0.0,1,31.0,2011.0,"Feb,May,Aug,Nov",2015,3,3,10,1,Tuesday
61,2,2015-03-03,4630,371,1,1,0,0,a,c,500.0,5.0,2005.0,1,31.0,2013.0,"Jan,Apr,Jul,Oct",2015,3,3,10,1,Tuesday
62,2,2015-03-03,5788,574,1,1,0,0,a,a,15000.0,5.0,2005.0,0,0.0,0.0,None,2015,3,3,10,1,Tuesday
63,2,2015-03-03,7174,699,1,0,0,1,c,c,3000.0,5.0,2005.0,0,0.0,0.0,None,2015,3,3,10,1,Tuesday
64,2,2015-03-03,6543,808,1,0,0,0,c,c,1500.0,5.0,0.0,1,1.0,2013.0,"Jan,Apr,Jul,Oct",2015,3,3,10,1,Tuesday
65,2,2015-03-03,5060,689,1,0,0,0,a,c,1500.0,0.0,2014.0,0,0.0,0.0,None,2015,3,3,10,1,Tuesday
66,2,2015-03-03,6334,569,1,1,0,0,a,a,15000.0,3.0,2010.0,0,0.0,0.0,None,2015,3,3,10,1,Tuesday
67,2,2015-03-03,6427,720,1,1,0,0,d,c,1500.0,1.0,2012.0,0,0.0,0.0,None,2015,3,3,10,1,Tuesday
68,2,2015-03-03,11190,1020,1,0,0,0,c,c,500.0,7.0,0.0,0,0.0,0.0,None,2015,3,3,10,1,Tuesday
69,2,2015-03-03,9409,904,1,1,0,1,d,c,15000.0,1.0,2012.0,1,31.0,2013.0,"Mar,Jun,Sept,Dec",2015,3,3,10,1,Tuesday
70,2,2015-03-03,6671,892,1,1,0,0,a,a,3000.0,5.0,0.0,0,0.0,0.0,None,2015,3,3,10,1,Tuesday
71,2,2015-03-03,12061,1162,1,1,0,0,a,c,120.0,1.0,2008.0,1,31.0,2009.0,"Jan,Apr,Jul,Oct",2015,3,3,10,1,Tuesday
72,2,2015-03-03,10243,1033,1,0,0,0,a,c,7500.0,9.0,2010.0,0,0.0,0.0,None,2015,3,3,10,1,Tuesday
73,2,2015-03-03,9549,1011,1,1,0,0,d,c,500.0,5.0,2008.0,1,40.0,2013.0,"Mar,Jun,Sept,Dec",2015,3,3,10,1,Tuesday
74,2,2015-03-03,10396,914,1,0,0,0,a,a,500.0,7.0,2012.0,0,0.0,0.0,None,2015,3,3,10,1,Tuesday
75,2,2015-03-03,4020,667,1,0,0,0,c,c,3000.0,11.0,0.0,1,14.0,2009.0,"Feb,May,Aug,Nov",2015,3,3,10,1,Tuesday
76,2,2015-03-03,5022,475,1,0,0,0,a,a,120.0,0.0,2014.0,0,0.0,0.0,None,2015,3,3,10,1,Tuesday
77,2,2015-03-03,3356,398,1,0,0,0,d,c,1500.0,11.0,2012.0,0,0.0,0.0,None,2015,3,3,10,1,Tuesday
78,2,2015-03-03,9329,1190,1,1,0,1,d,c,500.0,3.0,2010.0,0,0.0,0.0,None,2015,3,3,10,1,Tuesday
79,2,2015-03-03,7020,667,1,1,0,0,a,a,500.0,0.0,2012.0,1,14.0,2015.0,"Mar,Jun,Sept,Dec",2015,3,3,10,1,Tuesday
80,2,2015-03-03,10402,1186,1,0,0,0,a,a,15000.0,9.0,2010.0,0,0.0,0.0,None,2015,3,3,10,1,Tuesday
81,2,2015-03-03,6163,660,1,0,0,1,a,a,1500.0,1.0,2010.0,1,22.0,2009.0,"Jan,Apr,Jul,Oct",2015,3,3,10,1,Tuesday
82,2,2015-03-03,10397,977,1,0,0,0,a,a,1500.0,0.0,0.0,0,0.0,0.0,None,2015,3,3,10,1,Tuesday
83,2,2015-03-03,4827,404,1,1,0,0,a,c,500.0,7.0,2014.0,0,0.0,0.0,None,2015,3,3,10,1,Tuesday
84,2,2015-03-03,5214,494,1,0,0,0,d,a,1500.0,0.0,2005.0,0,0.0,0.0,None,2015,3,3,10,1,Tuesday
85,2,2015-03-03,9363,842,1,0,0,0,d,c,120.0,0.0,2014.0,1,1.0,2013.0,"Jan,Apr,Jul,Oct",2015,3,3,10,1,Tuesday
86,2,2015-03-03,9386,813,1,0,0,0,d,a,3000.0,0.0,2012.0,0,0.0,0.0,None,2015,3,3,10,1,Tuesday
87,2,2015-03-03,7890,666,1,1,0,0,a,a,1500.0,0.0,0.0,0,0.0,0.0,None,2015,3,3,10,1,Tuesday
88,2,2015-03-03,11973,1074,1,1,0,0,d,c,3000.0,3.0,2012.0,1,31.0,2009.0,"Feb,May,Aug,Nov",2015,3,3,10,1,Tuesday
89,2,2015-03-03,5285,472,1,1,0,0,d,a,1500.0,9.0,0.0,1,31.0,2015.0,"Feb,May,Aug,Nov",2015,3,3,10,1,Tuesday
90,2,2015-03-03,5534,690,1,1,0,0,d,c,1500.0,0.0,0.0,0,0.0,0.0,None,2015,3,3,10,1,Tuesday
91,2,2015-03-03,8953,1042,1,0,0,0,a,c,1500.0,3.0,2008.0,0,0.0,0.0,None,2015,3,3,10,1,Tuesday
92,2,2015-03-03,8071,1026,1,0,0,0,d,c,120.0,3.0,0.0,1,31.0,2009.0,"Feb,May,Aug,Nov",2015,3,3,10,1,Tuesday
93,2,2015-03-03,6087,1074,1,0,0,1,d,a,120.0,5.0,2005.0,0,0.0,0.0,None,2015,3,3,10,1,Tuesday
94,2,2015-03-03,3620,365,1,1,0,0,c,a,500.0,11.0,2005.0,0,0.0,0.0,None,2015,3,3,10,1,Tuesday
95,2,2015-03-03,4075,514,1,1,0,1,a,c,500.0,11.0,2005.0,1,31.0,2009.0,"Feb,May,Aug,Nov",2015,3,3,10,1,Tuesday
96,2,2015-03-03,4550,679,1,1,0,0,d,c,500.0,7.0,2005.0,1,10.0,2009.0,"Feb,May,Aug,Nov",2015,3,3,10,1,Tuesday
97,2,2015-03-03,7035,1169,1,0,0,0,c,a,120.0,0.0,2008.0,0,0.0,0.0,None,2015,3,3,10,1,Tuesday
98,2,2015-03-03,4158,569,1,0,0,0,c,a,500.0,3.0,2008.0,1,10.0,2009.0,"Feb,May,Aug,Nov",2015,3,3,10,1,Tuesday
99,2,2015-03-03,4987,822,1,0,0,1,a,c,500.0,1.0,2012.0,0,0.0,0.0,None,2015,3,3,10,1,Tuesday
100,2,2015-03-03,10411,772,1,1,0,0,b,c,500.0,9.0,2005.0,0,0.0,0.0,None,2015,3,3,10,1,Tuesday
1,3,2015-03-04,12310,1147,1,1,0,0,a,c,3000.0,7.0,2012.0,0,0.0,0.0,None,2015,3,4,10,1,Wednesday
2,3,2015-03-04,6430,924,1,1,0,0,a,a,7500.0,5.0,2008.0,0,0.0,0.0,None,2015,3,4,10,1,Wednesday
3,3,2015-03-04,7407,854,1,0,0,0,d,c,500.0,5.0,2012.0,1,10.0,2011.0,"Jan,Apr,Jul,Oct",2015,3,4,10,1,Wednesday
4,3,2015-03-04,6285,526,1,0,0,0,a,a,1500.0,1.0,2010.0,1,40.0,2011.0,"Mar,Jun,Sept,Dec",2015,3,4,10,1,Wednesday
5,3,2015-03-04,5104,569,1,0,0,1,c,a,15000.0,0.0,2008.0,1,31.0,2009.0,"Mar,Jun,Sept,Dec",2015,3,4,10,1,Wednesday
6,3,2015-03-04,0,0,0,1,0,0,a,c,1500.0,1.0,0.0,0,0.0,0.0,None,2015,3,4,10,1,Wednesday
7,3,2015-03-04,5339,441,1,1,0,1,a,a,1500.0,5.0,2012.0,1,14.0,2011.0,"Jan,Apr,Jul,Oct",2015,3,4,10,1,Wednesday
8,3,2015-03-04,3263,304,1,0,0,0,a,c,500.0,9.0,2014.0,1,40.0,2009.0,"Mar,Jun,Sept,Dec",2015,3,4,10,1,Wednesday
9,3,2015-03-04,6587,842,1,0,0,0,d,a,500.0,5.0,2014.0,1,40.0,2013.0,"Jan,Apr,Jul,Oct",2015,3,4,10,1,Wednesday
10,3,2015-03-04,4882,419,1,1,0,0,d,c,3000.0,11.0,2012.0,1,1.0,2015.0,"Jan,Apr,Jul,Oct",2015,3,4,10,1,Wednesday
11,3,2015-03-04,10512,1100,1,0,0,0,a,c,120.0,11.0,0.0,1,22.0,2015.0,"Mar,Jun,Sept,Dec",2015,3,4,10,1,Wednesday
12,3,2015-03-04,6405,802,1,0,0,1,d,c,3000.0,0.0,2008.0,0,0.0,0.0,None,2015,3,4,10,1,Wednesday
13,3,2015-03-04,11690,961,1,1,0,0,a,a,7500.0,5.0,2005.0,0,0.0,0.0,None,2015,3,4,10,1,Wednesday
14,3,2015-03-04,3641,354,1,0,0,0,a,c,1500.0,5.0,2014.0,1,1.0,2013.0,"Jan,Apr,Jul,Oct",2015,3,4,10,1,Wednesday
15,3,2015-03-04,5773,745,1,1,0,0,d,c,3000.0,11.0,2014.0,1,1.0,2013.0,"Mar,Jun,Sept,Dec",2015,3,4,10,1,Wednesday
16,3,2015-03-04,8072,982,1,0,0,1,a,a,500.0,11.0,0.0,0,0.0,0.0,None,2015,3,4,10,1,Wednesday
17,3,2015-03-04,6201,1006,1,0,0,0,a,c,500.0,7.0,2008.0,0,0.0,0.0,None,2015,3,4,10,1,Wednesday
18,3,2015-03-04,8982,833,1,1,0,0,d,c,1500.0,5.0,2005.0,1,40.0,2009.0,"Jan,Apr,Jul,Oct",2015,3,4,10,1,Wednesday
19,3,2015-03-04,6819,831,1,0,0,0,d,c,120.0,9.0,2014.0,1,10.0,2013.0,"Jan,Apr,Jul,Oct",2015,3,4,10,1,Wednesday
20,3,2015-03-04,2203,311,1,0,0,0,a,a,500.0,9.0,0.0,1,1.0,2013.0,"Mar,Jun,Sept,Dec",2015,3,4,10,1,Wednesday
21,3,2015-03-04,6165,675,1,0,0,0,a,c,1500.0,0.0,2008.0,0,0.0,0.0,None,2015,3,4,10,1,Wednesday
22,3,2015-03-04,11917,1082,1,0,0,0,a,a,500.0,0.0,2010.0,0,0.0,0.0,None,2015,3,4,10,1,Wednesday
23,3,2015-03-04,3679,336,1,0,0,1,d,c,500.0,1.0,2008.0,0,0.0,0.0,None,2015,3,4,10,1,Wednesday
24,3,2015-03-04,4534,458,1,0,0,0,a,a,1500.0,1.0,2010.0,0,0.0,0.0,None,2015,3,4,10,1,Wednesday
25,3,2015-03-04,12159,1014,1,1,0,0,a,c,500.0,1.0,2012.0,0,0.0,0.0,None,2015,3,4,10,1,Wednesday
26,3,2015-03-04,7374,1072,1,1,0,0,d,a,1500.0,3.0,2008.0,0,0.0,0.0,None,2015,3,4,10,1,Wednesday
27,3,2015-03-04,5021,373,1,1,0,1,d,a,15000.0,9.0,2008.0,1,1.0,2009.0,"Mar,Jun,Sept,Dec",2015,3,4,10,1,Wednesday
28,3,2015-03-04,8202,725,1,1,0,0,a,a,1500.0,3.0,2010.0,0,0.0,0.0,None,2015,3,4,10,1,Wednesday
29,3,2015-03-04,10989,944,1,0,0,0,a,a,1500.0,5.0,0.0,1,10.0,2015.0,"Jan,Apr,Jul,Oct",2015,3,4,10,1,Wednesday
30,3,2015-03-04,4184,397,1,1,0,0,c,c,500.0,11.0,2014.0,1,22.0,2015.0,"Feb,May,Aug,Nov",2015,3,4,10,1,Wednesday
31,3,2015-03-04,6942,803,1,0,0,1,d,c,500.0,0.0,2014.0,1,31.0,2015.0,"Mar,Jun,Sept,Dec",2015,3,4,10,1,Wednesday
32,3,2015-03-04,3376,414,1,1,0,0,a,a,3000.0,3.0,2010.0,1,1.0,2015.0,"Mar,Jun,Sept,Dec",2015,3,4,10,1,Wednesday
33,3,2015-03-04,6172,495,1,1,0,0,d,c,1500.0,9.0,2008.0,0,0.0,0.0,None,2015,3,4,10,1,Wednesday
34,3,2015-03-04,4587,560,1,0,0,0,d,c,500.0,9.0,2005.0,0,0.0,0.0,None,2015,3,4,10,1,Wednesday
35,3,2015-03-04,2571,446,1,0,0,1,a,c,120.0,5.0,0.0,1,22.0,2015.0,"Mar,Jun,Sept,Dec",2015,3,4,10,1,Wednesday
36,3,2015-03-04,7568,816,1,0,0,0,d,a,1500.0,3.0,2008.0,1,40.0,2011.0,"Feb,May,Aug,Nov",2015,3,4,10,1,Wednesday
37,3,2015-03-04,11009,981,1,0,0,0,d,a,7500.0,3.0,2008.0,1,40.0,2009.0,"Mar,Jun,Sept,Dec",2015,3,4,10,1,Wednesday
38,3,2015-03-04,7669,938,1,0,0,0,a,a,3000.0,3.0,2010.0,0,0.0,0.0,None,2015,3,4,10,1,Wednesday
39,3,2015-03-04,5107,795,1,0,0,0,c,a,7500.0,7.0,2014.0,1,14.0,2015.0,"Jan,Apr,Jul,Oct",2015,3,4,10,1,Wednesday
40,3,2015-03-04,7959,804,1,1,0,1,d,a,1500.0,11.0,2008.0,1,22.0,2013.0,"Jan,Apr,Jul,Oct",2015,3,4,10,1,Wednesday
41,3,2015-03-04,6124,786,1,0,0,0,a,c,500.0,1.0,0.0,0,0.0,0.0,None,2015,3,4,10,1,Wednesday
42,3,2015-03-04,5631,780,1,0,0,0,d,c,120.0,1.0,2014.0,0,0.0,0.0,None,2015,3,4,10,1,Wednesday
43,3,2015-03-04,4712,418,1,0,0,0,a,a,500.0,0.0,0.0,1,31.0,2011.0,"Mar,Jun,Sept,Dec",2015,3,4,10,1,Wednesday
44,3,2015-03-04,7123,696,1,1,0,1,a,a,1500.0,5.0,2005.0,0,0.0,0.0,None,2015,3,4,10,1,Wednesday
45,3,2015-03-04,8634,916,1,0,0,0,c,a,120.0,9.0,2014.0,1,22.0,2011.0,"Feb,May,Aug,Nov",2015,3,4,10,1,Wednesday
46,3,2015-03-04,13102,1131,1,0,0,0,a,c,500.0,1.0,2014.0,0,0.0,0.0,None,2015,3,4,10,1,Wednesday
47,3,2015-03-04,6324,585,1,0,0,0,c,a,1500.0,0.0,0.0,1,40.0,2013.0,"Jan,Apr,Jul,Oct",2015,3,4,10,1,Wednesday
48,3,2015-03-04,10036,1104,1,0,0,0,a,c,500.0,7.0,2010.0,1,22.0,2011.0,"Mar,Jun,Sept,Dec",2015,3,4,10,1,Wednesday
49,3,2015-03-04,4001,617,1,1,0,0,d,a,120.0,1.0,2010.0,1,14.0,2009.0,"Mar,Jun,Sept,Dec",2015,3,4,10,1,Wednesday
50,3,2015-03-04,7916,692,1,1,0,0,a,c,500.0,1.0,2012.0,0,0.0,0.0,None,2015,3,4,10,1,Wednesday
51,3,2015-03-04,7718,802,1,1,0,0,a,c,120.0,1.0,0.0,0,0.0,0.0,None,2015,3,4,10,1,Wednesday
52,3,2015-03-04,6552,597,1,0,0,0,a,a,120.0,7.0,2012.0,1,31.0,2013.0,"Mar,Jun,Sept,Dec",2015,3,4,10,1,Wednesday
53,3,2015-03-04,3708,320,1,1,0,0,a,c,1500.0,0.0,0.0,1,14.0,2009.0,"Feb,May,Aug,Nov",2015,3,4,10,1,Wednesday
54,3,2015-03-04,8412,795,1,1,0,0,a,a,1500.0,0.0,0.0,0,0.0,0.0,None,2015,3,4,10,1,Wednesday
55,3,2015-03-04,7635,649,1,0,0,1,d,c,1500.0,1.0,2005.0,1,22.0,2009.0,"Feb,May,Aug,Nov",2015,3,4,10,1,Wednesday
56,3,2015-03-04,9485,950,1,0,0,0,a,a,1500.0,7.0,2010.0,0,0.0,0.0,None,2015,3,4,10,1,Wednesday
57,3,2015-03-04,13601,1090,1,1,0,1,a,c,1500.0,0.0,2012.0,1,10.0,2009.0,"Mar,Jun,Sept,Dec",2015,3,4,10,1,Wednesday
58,3,2015-03-04,11056,948,1,1,0,0,d,c,1500.0,0.0,0.0,1,14.0,2009.0,"Mar,Jun,Sept,Dec",2015,3,4,10,1,Wednesday
59,3,2015-03-04,8211,1166,1,0,0,0,d,c,500.0,7.0,2012.0,0,0.0,0.0,None,2015,3,4,10,1,Wednesday
60,3,2015-03-04,7044,703,1,0,0,0,a,a,1500.0,11.0,0.0,1,31.0,2011.0,"Feb,May,Aug,Nov",2015,3,4,10,1,Wednesday
61,3,2015-03-04,5025,475,1,1,0,0,a,c,500.0,5.0,2005.0,1,31.0,2013.0,"Jan,Apr,Jul,Oct",2015,3,4,10,1,Wednesday
62,3,2015-03-04,9128,1061,1,1,0,0,a,a,15000.0,5.0,2005.0,0,0.0,0.0,None,2015,3,4,10,1,Wednesday
63,3,2015-03-04,6856,1147,1,0,0,0,c,c,3000.0,5.0,2005.0,0,0.0,0.0,None,2015,3,4,10,1,Wednesday
64,3,2015-03-04,10763,923,1,1,0,0,c,c,1500.0,5.0,0.0,1,1.0,2013.0,"Jan,Apr,Jul,Oct",2015,3,4,10,1,Wednesday
65,3,2015-03-04,7990,681,1,0,0,0,a,c,1500.0,0.0,2014.0,0,0.0,0.0,None,2015,3,4,10,1,Wednesday
66,3,2015-03-04,3285,465,1,0,0,0,a,a,15000.0,3.0,2010.0,0,0.0,0.0,None,2015,3,4,10,1,Wednesday
67,3,2015-03-04,9180,810,1,1,0,0,d,c,1500.0,1.0,2012.0,0,0.0,0.0,None,2015,3,4,10,1,Wednesday
68,3,2015-03-04,2271,389,1,0,0,0,c,c,500.0,7.0,0.0,0,0.0,0.0,None,2015,3,4,10,1,Wednesday
69,3,2015-03-04,3528,422,1,0,0,0,d,c,15000.0,1.0,2012.0,1,31.0,2013.0,"Mar,Jun,Sept,Dec",2015,3,4,10,1,Wednesday
70,3,2015-03-04,3890,380,1,1,0,1,a,a,3000.0,5.0,0.0,0,0.0,0.0,None,2015,3,4,10,1,Wednesday
71,3,2015-03-04,0,0,0,1,0,0,a,c,120.0,1.0,2008.0,1,31.0,2009.0,"Jan,Apr,Jul,Oct",2015,3,4,10,1,Wednesday
72,3,2015-03-04,8671,896,1,0,0,0,a,c,7500.0,9.0,2010.0,0,0.0,0.0,None,2015,3,4,10,1,Wednesday
73,3,2015-03-04,4511,454,1,0,0,0,d,c,500.0,5.0,2008.0,1,40.0,2013.0,"Mar,Jun,Sept,Dec",2015,3,4,10,1,Wednesday
74,3,2015-03-04,5197,739,1,1,0,0,a,a,500.0,7.0,2012.0,0,0.0,0.0,None,2015,3,4,10,1,Wednesday
75,3,2015-03-04,6952,942,1,0,0,0,c,c,3000.0,11.0,0.0,1,14.0,2009.0,"Feb,May,Aug,Nov",2015,3,4,10,1,Wednesday
76,3,2015-03-04,10790,861,1,1,0,0,a,a,120.0,0.0,2014.0,0,0.0,0.0,None,2015,3,4,10,1,Wednesday
77,3,2015-03-04,4126,664,1,0,0,0,d,c,1500.0,11.0,2012.0,0,0.0,0.0,None,2015,3,4,10,1,Wednesday
78,3,2015-03-04,2389,322,1,0,0,0,d,c,500.0,3.0,2010.0,0,0.0,0.0,None,2015,3,4,10,1,Wednesday
79,3,2015-03-04,7002,714,1,0,0,0,a,a,500.0,0.0,2012.0,1,14.0,2015.0,"Mar,Jun,Sept,Dec",2015,3,4,10,1,Wednesday
80,3,2015-03-04,7925,728,1,0,0,0,a,a,15000.0,9.0,2010.0,0,0.0,0.0,None,2015,3,4,10,1,Wednesday
81,3,2015-03-04,7283,738,1,0,0,0,a,a,1500.0,1.0,2010.0,1,22.0,2009.0,"Jan,Apr,Jul,Oct",2015,3,4,10,1,Wednesday
82,3,2015-03-04,4839,442,1,0,0,0,a,a,1500.0,0.0,0.0,0,0.0,0.0,None,2015,3,4,10,1,Wednesday
83,3,2015-03-04,10643,1141,1,0,0,0,a,c,500.0,7.0,2014.0,0,0.0,0.0,None,2015,3,4,10,1,Wednesday
84,3,2015-03-04,4443,476,1,0,0,1,d,a,1500.0,0.0,2005.0,0,0.0,0.0,None,2015,3,4,10,1,Wednesday
85,3,2015-03-04,7249,669,1,0,0,0,d,c,120.0,0.0,2014.0,1,1.0,2013.0,"Jan,Apr,Jul,Oct",2015,3,4,10,1,Wednesday
86,3,2015-03-04,8188,843,1,1,0,1,d,a,3000.0,0.0,2012.0,0,0.0,0.0,None,2015,3,4,10,1,Wednesday
87,3,2015-03-04,4208,375,1,0,0,0,a,a,1500.0,0.0,0.0,0,0.0,0.0,None,2015,3,4,10,1,Wednesday
88,3,2015-03-04,6408,577,1,0,0,1,d,c,3000.0,3.0,2012.0,1,31.0,2009.0,"Feb,May,Aug,Nov",2015,3,4,10,1,Wednesday
89,3,2015-03-04,7362,638,1,0,0,0,d,a,1500.0,9.0,0.0,1,31.0,2015.0,"Feb,May,Aug,Nov",2015,3,4,10,1,Wednesday
90,3,2015-03-04,6692,615,1,0,0,0,d,c,1500.0,0.0,0.0,0,0.0,0.0,None,2015,3,4,10,1,Wednesday
91,3,2015-03-04,5361,772,1,0,0,0,a,c,1500.0,3.0,2008.0,0,0.0,0.0,None,2015,3,4,10,1,Wednesday
92,3,2015-03-04,6306,1145,1,0,0,0,d,c,120.0,3.0,0.0,1,31.0,2009.0,"Feb,May,Aug,Nov",2015,3,4,10,1,Wednesday
93,3,2015-03-04,10791,992,1,0,0,1,d,a,120.0,5.0,2005.0,0,0.0,0.0,None,2015,3,4,10,1,Wednesday
94,3,2015-03-04,5517,520,1,1,0,0,c,a,500.0,11.0,2005.0,0,0.0,0.0,None,2015,3,4,10,1,Wednesday
95,3,2015-03-04,10366,846,1,1,0,0,a,c,500.0,11.0,2005.0,1,31.0,2009.0,"Feb,May,Aug,Nov",2015,3,4,10,1,Wednesday
96,3,2015-03-04,8150,783,1,0,0,1,d,c,500.0,7.0,2005.0,1,10.0,2009.0,"Feb,May,Aug,Nov",2015,3,4,10,1,Wednesday
97,3,2015-03-04,5383,877,1,0,0,0,c,a,120.0,0.0,2008.0,0,0.0,0.0,None,2015,3,4,10,1,Wednesday
98,3,2015-03-04,10544,966,1,0,0,0,c,a,500.0,3.0,2008.0,1,10.0,2009.0,"Feb,May,Aug,Nov",2015,3,4,10,1,Wednesday
99,3,2015-03-04,2850,405,1,0,0,0,a,c,500.0,1.0,2012.0,0,0.0,0.0,None,2015,3,4,10,1,Wednesday
100,3,2015-03-04,3876,332,1,1,0,0,b,c,500.0,9.0,2005.0,0,0.0,0.0,None,2015,3,4,10,1,Wednesday
1,4,2015-03-05,7982,666,1,1,0,0,a,c,3000.0,7.0,2012.0,0,0.0,0.0,None,2015,3,5,10,1,Thursday
2,4,2015-03-05,4002,368,1,1,0,0,a,a,7500.0,5.0,2008.0,0,0.0,0.0,None,2015,3,5,10,1,Thursday
3,4,2015-03-05,9275,718,1,1,0,0,d,c,500.0,5.0,2012.0,1,10.0,2011.0,"Jan,Apr,Jul,Oct",2015,3,5,10,1,Thursday
4,4,2015-03-05,13522,1147,1,1,0,0,a,a,1500.0,1.0,2010.0,1,40.0,2011.0,"Mar,Jun,Sept,Dec",2015,3,5,10,1,Thursday
5,4,2015-03-05,4281,677,1,0,0,0,c,a,15000.0,0.0,2008.0,1,31.0,2009.0,"Mar,Jun,Sept,Dec",2015,3,5,10,1,Thursday
6,4,2015-03-05,9156,1041,1,0,0,0,a,c,1500.0,1.0,0.0,0,0.0,0.0,None,2015,3,5,10,1,Thursday
7,4,2015-03-05,4936,703,1,1,0,0,a,a,1500.0,5.0,2012.0,1,14.0,2011.0,"Jan,Apr,Jul,Oct",2015,3,5,10,1,Thursday
8,4,2015-03-05,10314,902,1,0,0,0,a,c,500.0,9.0,2014.0,1,40.0,2009.0,"Mar,Jun,Sept,Dec",2015,3,5,10,1,Thursday
9,4,2015-03-05,6580,1104,1,0,0,0,d,a,500.0,5.0,2014.0,1,40.0,2013.0,"Jan,Apr,Jul,Oct",2015,3,5,10,1,Thursday
10,4,2015-03-05,4303,488,1,1,0,0,d,c,3000.0,11.0,2012.0,1,1.0,2015.0,"Jan,Apr,Jul,Oct",2015,3,5,10,1,Thursday
11,4,2015-03-05,4534,379,1,1,0,1,a,c,120.0,11.0,0.0,1,22.0,2015.0,"Mar,Jun,Sept,Dec",2015,3,5,10,1,Thursday
12,4,2015-03-05,4188,493,1,1,0,0,d,c,3000.0,0.0,2008.0,0,0.0,0.0,None,2015,3,5,10,1,Thursday
13,4,2015-03-05,7298,778,1,1,0,0,a,a,7500.0,5.0,2005.0,0,0.0,0.0,None,2015,3,5,10,1,Thursday
14,4,2015-03-05,4282,471,1,1,0,1,a,c,1500.0,5.0,2014.0,1,1.0,2013.0,"Jan,Apr,Jul,Oct",2015,3,5,10,1,Thursday
15,4,2015-03-05,8878,1195,1,0,0,0,d,c,3000.0,11.0,2014.0,1,1.0,2013.0,"Mar,Jun,Sept,Dec",2015,3,5,10,1,Thursday
16,4,2015-03-05,9295,920,1,0,0,0,a,a,500.0,11.0,0.0,0,0.0,0.0,None,2015,3,5,10,1,Thursday
17,4,2015-03-05,2088,338,1,0,0,0,a,c,500.0,7.0,2008.0,0,0.0,0.0,None,2015,3,5,10,1,Thursday
18,4,2015-03-05,8407,846,1,1,0,1,d,c,1500.0,5.0,2005.0,1,40.0,2009.0,"Jan,Apr,Jul,Oct",2015,3,5,10,1,Thursday
19,4,2015-03-05,6582,819,1,1,0,1,d,c,120.0,9.0,2014.0,1,10.0,2013.0,"Jan,Apr,Jul,Oct",2015,3,5,10,1,Thursday
20,4,2015-03-05,5328,500,1,0,0,0,a,a,500.0,9.0,0.0,1,1.0,2013.0,"Mar,Jun,Sept,Dec",2015,3,5,10,1,Thursday
21,4,2015-03-05,8527,829,1,0,0,0,a,c,1500.0,0.0,2008.0,0,0.0,0.0,None,2015,3,5,10,1,Thursday
22,4,2015-03-05,5000,735,1,0,0,0,a,a,500.0,0.0,2010.0,0,0.0,0.0,None,2015,3,5,10,1,Thursday
23,4,2015-03-05,8860,1145,1,1,0,0,d,c,500.0,1.0,2008.0,0,0.0,0.0,None,2015,3,5,10,1,Thursday
24,4,2015-03-05,5591,518,1,1,0,0,a,a,1500.0,1.0,2010.0,0,0.0,0.0,None,2015,3,5,10,1,Thursday
25,4,2015-03-05,7732,720,1,0,0,0,a,c,500.0,1.0,2012.0,0,0.0,0.0,None,2015,3,5,10,1,Thursday
26,4,2015-03-05,8713,838,1,1,0,0,d,a,1500.0,3.0,2008.0,0,0.0,0.0,None,2015,3,5,10,1,Thursday
27,4,2015-03-05,3232,330,1,0,0,0,d,a,15000.0,9.0,2008.0,1,1.0,2009.0,"Mar,Jun,Sept,Dec",2015,3,5,10,1,Thursday
28,4,2015-03-05,2874,456,1,0,0,0,a,a,1500.0,3.0,2010.0,0,0.0,0.0,None,2015,3,5,10,1,Thursday
29,4,2015-03-05,12037,1059,1,0,0,0,a,a,1500.0,5.0,0.0,1,10.0,2015.0,"Jan,Apr,Jul,Oct",2015,3,5,10,1,Thursday
30,4,2015-03-05,4204,413,1,0,0,0,c,c,500.0,11.0,2014.0,1,22.0,2015.0,"Feb,May,Aug,Nov",2015,3,5,10,1,Thursday
31,4,2015-03-05,10233,1100,1,0,0,0,d,c,500.0,0.0,2014.0,1,31.0,2015.0,"Mar,Jun,Sept,Dec",2015,3,5,10,1,Thursday
32,4,2015-03-05,9630,907,1,0,0,0,a,a,3000.0,3.0,2010.0,1,1.0,2015.0,"Mar,Jun,Sept,Dec",2015,3,5,10,1,Thursday
33,4,2015-03-05,11703,954,1,1,0,1,d,c,1500.0,9.0,2008.0,0,0.0,0.0,None,2015,3,5,10,1,Thursday
34,4,2015-03-05,5732,635,1,1,0,0,d,c,500.0,9.0,2005.0,0,0.0,0.0,None,2015,3,5,10,1,Thursday
35,4,2015-03-05,6692,729,1,0,0,0,a,c,120.0,5.0,0.0,1,22.0,2015.0,"Mar,Jun,Sept,Dec",2015,3,5,10,1,Thursday
36,4,2015-03-05,4703,509,1,0,0,0,d,a,1500.0,3.0,2008.0,1,40.0,2011.0,"Feb,May,Aug,Nov",2015,3,5,10,1,Thursday
37,4,2015-03-05,11410,944,1,1,0,1,d,a,7500.0,3.0,2008.0,1,40.0,2009.0,"Mar,Jun,Sept,Dec",2015,3,5,10,1,Thursday
38,4,2015-03-05,3759,382,1,1,0,0,a,a,3000.0,3.0,2010.0,0,0.0,0.0,None,2015,3,5,10,1,Thursday
39,4,2015-03-05,3217,396,1,0,0,0,c,a,7500.0,7.0,2014.0,1,14.0,2015.0,"Jan,Apr,Jul,Oct",2015,3,5,10,1,Thursday
40,4,2015-03-05,11733,1191,1,0,0,0,d,a,1500.0,11.0,2008.0,1,22.0,2013.0,"Jan,Apr,Jul,Oct",2015,3,5,10,1,Thursday
41,4,2015-03-05,8822,1043,1,0,0,0,a,c,500.0,1.0,0.0,0,0.0,0.0,None,2015,3,5,10,1,Thursday
42,4,2015-03-05,6784,617,1,0,0,1,d,c,120.0,1.0,2014.0,0,0.0,0.0,None,2015,3,5,10,1,Thursday
43,4,2015-03-05,7300,591,1,1,0,1,a,a,500.0,0.0,0.0,1,31.0,2011.0,"Mar,Jun,Sept,Dec",2015,3,5,10,1,Thursday
44,4,2015-03-05,8732,649,1,1,0,1,a,a,1500.0,5.0,2005.0,0,0.0,0.0,None,2015,3,5,10,1,Thursday
45,4,2015-03-05,12251,1000,1,1,0,0,c,a,120.0,9.0,2014.0,1,22.0,2011.0,"Feb,May,Aug,Nov",2015,3,5,10,1,Thursday
46,4,2015-03-05,3399,459,1,1,0,0,a,c,500.0,1.0,2014.0,0,0.0,0.0,None,2015,3,5,10,1,Thursday
47,4,2015-03-05,6958,686,1,1,0,0,c,a,1500.0,0.0,0.0,1,40.0,2013.0,"Jan,Apr,Jul,Oct",2015,3,5,10,1,Thursday
48,4,2015-03-05,8696,1197,1,1,0,0,a,c,500.0,7.0,2010.0,1,22.0,2011.0,"Mar,Jun,Sept,Dec",2015,3,5,10,1,Thursday
49,4,2015-03-05,7966,1074,1,1,0,0,d,a,120.0,1.0,2010.0,1,14.0,2009.0,"Mar,Jun,Sept,Dec",2015,3,5,10,1,Thursday
50,4,2015-03-05,5572,510,1,1,0,0,a,c,500.0,1.0,2012.0,0,0.0,0.0,None,2015,3,5,10,1,Thursday
51,4,2015-03-05,6138,529,1,1,0,0,a,c,120.0,1.0,0.0,0,0.0,0.0,None,2015,3,5,10,1,Thursday
52,4,2015-03-05,4192,353,1,1,0,0,a,a,120.0,7.0,2012.0,1,31.0,2013.0,"Mar,Jun,Sept,Dec",2015,3,5,10,1,Thursday
53,4,2015-03-05,13413,1153,1,1,0,0,a,c,1500.0,0.0,0.0,1,14.0,2009.0,"Feb,May,Aug,Nov",2015,3,5,10,1,Thursday
54,4,2015-03-05,10032,983,1,1,0,0,a,a,1500.0,0.0,0.0,0,0.0,0.0,None,2015,3,5,10,1,Thursday
55,4,2015-03-05,7909,860,1,0,0,0,d,c,1500.0,1.0,2005.0,1,22.0,2009.0,"Feb,May,Aug,Nov",2015,3,5,10,1,Thursday
56,4,2015-03-05,10472,820,1,1,0,0,a,a,1500.0,7.0,2010.0,0,0.0,0.0,None,2015,3,5,10,1,Thursday
57,4,2015-03-05,6140,726,1,1,0,0,a,c,1500.0,0.0,2012.0,1,10.0,2009.0,"Mar,Jun,Sept,Dec",2015,3,5,10,1,Thursday
58,4,2015-03-05,6300,786,1,0,0,1,d,c,1500.0,0.0,0.0,1,14.0,2009.0,"Mar,Jun,Sept,Dec",2015,3,5,10,1,Thursday
59,4,2015-03-05,9571,1176,1,0,0,0,d,c,500.0,7.0,2012.0,0,0.0,0.0,None,2015,3,5,10,1,Thursday
60,4,2015-03-05,8259,832,1,0,0,0,a,a,1500.0,11.0,0.0,1,31.0,2011.0,"Feb,May,Aug,Nov",2015,3,5,10,1,Thursday
61,4,2015-03-05,3563,308,1,0,0,1,a,c,500.0,5.0,2005.0,1,31.0,2013.0,"Jan,Apr,Jul,Oct",2015,3,5,10,1,Thursday
62,4,2015-03-05,11385,1123,1,0,0,0,a,a,15000.0,5.0,2005.0,0,0.0,0.0,None,2015,3,5,10,1,Thursday
63,4,2015-03-05,12404,1154,1,0,0,0,c,c,3000.0,5.0,2005.0,0,0.0,0.0,None,2015,3,5,10,1,Thursday
64,4,2015-03-05,9084,1056,1,0,0,0,c,c,1500.0,5.0,0.0,1,1.0,2013.0,"Jan,Apr,Jul,Oct",2015,3,5,10,1,Thursday
65,4,2015-03-05,6094,799,1,0,0,0,a,c,1500.0,0.0,2014.0,0,0.0,0.0,None,2015,3,5,10,1,Thursday
66,4,2015-03-05,9309,955,1,0,0,0,a,a,15000.0,3.0,2010.0,0,0.0,0.0,None,2015,3,5,10,1,Thursday
67,4,2015-03-05,5828,563,1,0,0,1,d,c,1500.0,1.0,2012.0,0,0.0,0.0,None,2015,3,5,10,1,Thursday
68,4,2015-03-05,3924,628,1,0,0,0,c,c,500.0,7.0,0.0,0,0.0,0.0,None,2015,3,5,10,1,Thursday
69,4,2015-03-05,4555,647,1,0,0,0,d,c,15000.0,1.0,2012.0,1,31.0,2013.0,"Mar,Jun,Sept,Dec",2015,3,5,10,1,Thursday
70,4,2015-03-05,4392,602,1,0,0,0,a,a,3000.0,5.0,0.0,0,0.0,0.0,None,2015,3,5,10,1,Thursday
71,4,2015-03-05,8292,756,1,0,0,0,a,c,120.0,1.0,2008.0,1,31.0,2009.0,"Jan,Apr,Jul,Oct",2015,3,5,10,1,Thursday
72,4,2015-03-05,13683,1149,1,0,0,0,a,c,7500.0,9.0,2010.0,0,0.0,0.0,None,2015,3,5,10,1,Thursday
73,4,2015-03-05,5570,829,1,0,0,1,d,c,500.0,5.0,2008.0,1,40.0,2013.0,"Mar,Jun,Sept,Dec",2015,3,5,10,1,Thursday
74,4,2015-03-05,4674,593,1,1,0,0,a,a,500.0,7.0,2012.0,0,0.0,0.0,None,2015,3,5,10,1,Thursday
75,4,2015-03-05,6211,617,1,1,0,1,c,c,3000.0,11.0,0.0,1,14.0,2009.0,"Feb,May,Aug,Nov",2015,3,5,10,1,Thursday
76,4,2015-03-05,3424,303,1,0,0,1,a,a,120.0,0.0,2014.0,0,0.0,0.0,None,2015,3,5,10,1,Thursday
77,4,2015-03-05,9432,1196,1,0,0,0,d,c,1500.0,11.0,2012.0,0,0.0,0.0,None,2015,3,5,10,1,Thursday
78,4,2015-03-05,5919,526,1,0,0,0,d,c,500.0,3.0,2010.0,0,0.0,0.0,None,2015,3,5,10,1,Thursday
79,4,2015-03-05,9676,932,1,0,0,0,a,a,500.0,0.0,2012.0,1,14.0,2015.0,"Mar,Jun,Sept,Dec",2015,3,5,10,1,Thursday
80,4,2015-03-05,11848,997,1,0,0,0,a,a,15000.0,9.0,2010.0,0,0.0,0.0,None,2015,3,5,10,1,Thursday
81,4,2015-03-05,5822,702,1,0,0,0,a,a,1500.0,1.0,2010.0,1,22.0,2009.0,"Jan,Apr,Jul,Oct",2015,3,5,10,1,Thursday
82,4,2015-03-05,3182,378,1,1,0,0,a,a,1500.0,0.0,0.0,0,0.0,0.0,None,2015,3,5,10,1,Thursday
83,4,2015-03-05,6628,901,1,0,0,0,a,c,500.0,7.0,2014.0,0,0.0,0.0,None,2015,3,5,10,1,Thursday
84,4,2015-03-05,11673,1009,1,1,0,0,d,a,1500.0,0.0,2005.0,0,0.0,0.0,None,2015,3,5,10,1,Thursday
85,4,2015-03-05,5722,725,1,0,0,0,d,c,120.0,0.0,2014.0,1,1.0,2013.0,"Jan,Apr,Jul,Oct",2015,3,5,10,1,Thursday
86,4,2015-03-05,6754,565,1,0,0,0,d,a,3000.0,0.0,2012.0,0,0.0,0.0,None,2015,3,5,10,1,Thursday
87,4,2015-03-05,7530,1158,1,0,0,1,a,a,1500.0,0.0,0.0,0,0.0,0.0,None,2015,3,5,10,1,Thursday
88,4,2015-03-05,4123,598,1,0,0,0,d,c,3000.0,3.0,2012.0,1,31.0,2009.0,"Feb,May,Aug,Nov",2015,3,5,10,1,Thursday
89,4,2015-03-05,2198,334,1,0,0,0,d,a,1500.0,9.0,0.0,1,31.0,2015.0,"Feb,May,Aug,Nov",2015,3,5,10,1,Thursday
90,4,2015-03-05,9002,864,1,0,0,0,d,c,1500.0,0.0,0.0,0,0.0,0.0,None,2015,3,5,10,1,Thursday
91,4,2015-03-05,5560,506,1,0,0,1,a,c,1500.0,3.0,2008.0,0,0.0,0.0,None,2015,3,5,10,1,Thursday
92,4,2015-03-05,8082,781,1,1,0,0,d,c,120.0,3.0,0.0,1,31.0,2009.0,"Feb,May,Aug,Nov",2015,3,5,10,1,Thursday
93,4,2015-03-05,9074,1080,1,0,0,0,d,a,120.0,5.0,2005.0,0,0.0,0.0,None,2015,3,5,10,1,Thursday
94,4,2015-03-05,4830,412,1,0,0,0,c,a,500.0,11.0,2005.0,0,0.0,0.0,None,2015,3,5,10,1,Thursday
95,4,2015-03-05,3714,396,1,0,0,1,a,c,500.0,11.0,2005.0,1,31.0,2009.0,"Feb,May,Aug,Nov",2015,3,5,10,1,Thursday
96,4,2015-03-05,9247,1111,1,1,0,1,d,c,500.0,7.0,2005.0,1,10.0,2009.0,"Feb,May,Aug,Nov",2015,3,5,10,1,Thursday
97,4,2015-03-05,7419,628,1,1,0,0,c,a,120.0,0.0,2008.0,0,0.0,0.0,None,2015,3,5,10,1,Thursday
98,4,2015-03-05,3499,310,1,0,0,0,c,a,500.0,3.0,2008.0,1,10.0,2009.0,"Feb,May,Aug,Nov",2015,3,5,10,1,Thursday
99,4,2015-03-05,3448,614,1,0,0,1,a,c,500.0,1.0,2012.0,0,0.0,0.0,None,2015,3,5,10,1,Thursday
100,4,2015-03-05,9599,1090,1,1,0,0,b,c,500.0,9.0,2005.0,0,0.0,0.0,None,2015,3,5,10,1,Thursday
1,5,2015-03-06,6199,510,1,1,0,0,a,c,3000.0,7.0,2012.0,0,0.0,0.0,None,2015,3,6,10,1,Friday
2,5,2015-03-06,10787,1129,1,0,0,0,a,a,7500.0,5.0,2008.0,0,0.0,0.0,None,2015,3,6,10,1,Friday
3,5,2015-03-06,8460,774,1,0,0,1,d,c,500.0,5.0,2012.0,1,10.0,2011.0,"Jan,Apr,Jul,Oct",2015,3,6,10,1,Friday
4,5,2015-03-06,4391,471,1,0,0,0,a,a,1500.0,1.0,2010.0,1,40.0,2011.0,"Mar,Jun,Sept,Dec",2015,3,6,10,1,Friday
5,5,2015-03-06,5372,788,1,1,0,0,c,a,15000.0,0.0,2008.0,1,31.0,2009.0,"Mar,Jun,Sept,Dec",2015,3,6,10,1,Friday
6,5,2015-03-06,4086,505,1,0,0,0,a,c,1500.0,1.0,0.0,0,0.0,0.0,None,2015,3,6,10,1,Friday
7,5,2015-03-06,0,0,0,0,0,0,a,a,1500.0,5.0,2012.0,1,14.0,2011.0,"Jan,Apr,Jul,Oct",2015,3,6,10,1,Friday
8,5,2015-03-06,8507,1151,1,1,0,0,a,c,500.0,9.0,2014.0,1,40.0,2009.0,"Mar,Jun,Sept,Dec",2015,3,6,10,1,Friday
9,5,2015-03-06,4726,724,1,0,0,1,d,a,500.0,5.0,2014.0,1,40.0,2013.0,"Jan,Apr,Jul,Oct",2015,3,6,10,1,Friday
10,5,2015-03-06,2624,375,1,0,0,0,d,c,3000.0,11.0,2012.0,1,1.0,2015.0,"Jan,Apr,Jul,Oct",2015,3,6,10,1,Friday
11,5,2015-03-06,7899,1085,1,1,0,0,a,c,120.0,11.0,0.0,1,22.0,2015.0,"Mar,Jun,Sept,Dec",2015,3,6,10,1,Friday
12,5,2015-03-06,3041,397,1,0,0,0,d,c,3000.0,0.0,2008.0,0,0.0,0.0,None,2015,3,6,10,1,Friday
13,5,2015-03-06,8181,886,1,0,0,0,a,a,7500.0,5.0,2005.0,0,0.0,0.0,None,2015,3,6,10,1,Friday
14,5,2015-03-06,8856,686,1,1,0,0,a,c,1500.0,5.0,2014.0,1,1.0,2013.0,"Jan,Apr,Jul,Oct",2015,3,6,10,1,Friday
15,5,2015-03-06,9433,1089,1,1,0,0,d,c,3000.0,11.0,2014.0,1,1.0,2013.0,"Mar,Jun,Sept,Dec",2015,3,6,10,1,Friday
16,5,2015-03-06,7137,842,1,1,0,0,a,a,500.0,11.0,0.0,0,0.0,0.0,None,2015,3,6,10,1,Friday
17,5,2015-03-06,5251,729,1,1,0,0,a,c,500.0,7.0,2008.0,0,0.0,0.0,None,2015,3,6,10,1,Friday
18,5,2015-03-06,7653,1025,1,0,0,0,d,c,1500.0,5.0,2005.0,1,40.0,2009.0,"Jan,Apr,Jul,Oct",2015,3,6,10,1,Friday
19,5,2015-03-06,8079,1044,1,1,0,0,d,c,120.0,9.0,2014.0,1,10.0,2013.0,"Jan,Apr,Jul,Oct",2015,3,6,10,1,Friday
20,5,2015-03-06,3732,301,1,1,0,0,a,a,500.0,9.0,0.0,1,1.0,2013.0,"Mar,Jun,Sept,Dec",2015,3,6,10,1,Friday
21,5,2015-03-06,4787,646,1,0,0,0,a,c,1500.0,0.0,2008.0,0,0.0,0.0,None,2015,3,6,10,1,Friday
22,5,2015-03-06,5483,512,1,0,0,0,a,a,500.0,0.0,2010.0,0,0.0,0.0,None,2015,3,6,10,1,Friday
23,5,2015-03-06,9050,1043,1,0,0,0,d,c,500.0,1.0,2008.0,0,0.0,0.0,None,2015,3,6,10,1,Friday
24,5,2015-03-06,2532,325,1,0,0,0,a,a,1500.0,1.0,2010.0,0,0.0,0.0,None,2015,3,6,10,1,Friday
25,5,2015-03-06,6965,1069,1,0,0,0,a,c,500.0,1.0,2012.0,0,0.0,0.0,None,2015,3,6,10,1,Friday
26,5,2015-03-06,6963,853,1,1,0,0,d,a,1500.0,3.0,2008.0,0,0.0,0.0,None,2015,3,6,10,1,Friday
27,5,2015-03-06,3783,305,1,1,0,1,d,a,15000.0,9.0,2008.0,1,1.0,2009.0,"Mar,Jun,Sept,Dec",2015,3,6,10,1,Friday
28,5,2015-03-06,10873,1162,1,0,0,0,a,a,1500.0,3.0,2010.0,0,0.0,0.0,None,2015,3,6,10,1,Friday
29,5,2015-03-06,8018,769,1,0,0,0,a,a,1500.0,5.0,0.0,1,10.0,2015.0,"Jan,Apr,Jul,Oct",2015,3,6,10,1,Friday
30,5,2015-03-06,8789,1011,1,0,0,0,c,c,500.0,11.0,2014.0,1,22.0,2015.0,"Feb,May,Aug,Nov",2015,3,6,10,1,Friday
31,5,2015-03-06,7070,910,1,0,0,1,d,c,500.0,0.0,2014.0,1,31.0,2015.0,"Mar,Jun,Sept,Dec",2015,3,6,10,1,Friday
32,5,2015-03-06,4870,327,1,1,0,0,a,a,3000.0,3.0,2010.0,1,1.0,2015.0,"Mar,Jun,Sept,Dec",2015,3,6,10,1,Friday
33,5,2015-03-06,3503,545,1,0,0,0,d,c,1500.0,9.0,2008.0,0,0.0,0.0,None,2015,3,6,10,1,Friday
34,5,2015-03-06,5101,372,1,1,0,0,d,c,500.0,9.0,2005.0,0,0.0,0.0,None,2015,3,6,10,1,Friday
35,5,2015-03-06,3716,451,1,0,0,0,a,c,120.0,5.0,0.0,1,22.0,2015.0,"Mar,Jun,Sept,Dec",2015,3,6,10,1,Friday
36,5,2015-03-06,4116,519,1,0,0,0,d,a,1500.0,3.0,2008.0,1,40.0,2011.0,"Feb,May,Aug,Nov",2015,3,6,10,1,Friday
37,5,2015-03-06,7380,875,1,0,0,0,d,a,7500.0,3.0,2008.0,1,40.0,2009.0,"Mar,Jun,Sept,Dec",2015,3,6,10,1,Friday
38,5,2015-03-06,8157,911,1,1,0,0,a,a,3000.0,3.0,2010.0,0,0.0,0.0,None,2015,3,6,10,1,Friday
39,5,2015-03-06,3151,337,1,0,0,0,c,a,7500.0,7.0,2014.0,1,14.0,2015.0,"Jan,Apr,Jul,Oct",2015,3,6,10,1,Friday
40,5,2015-03-06,2561,389,1,0,0,1,d,a,1500.0,11.0,2008.0,1,22.0,2013.0,"Jan,Apr,Jul,Oct",2015,3,6,10,1,Friday
41,5,2015-03-06,4763,538,1,0,0,0,a,c,500.0,1.0,0.0,0,0.0,0.0,None,2015,3,6,10,1,Friday
42,5,2015-03-06,6923,885,1,1,0,1,d,c,120.0,1.0,2014.0,0,0.0,0.0,None,2015,3,6,10,1,Friday
43,5,2015-03-06,4170,482,1,1,0,0,a,a,500.0,0.0,0.0,1,31.0,2011.0,"Mar,Jun,Sept,Dec",2015,3,6,10,1,Friday
44,5,2015-03-06,7426,737,1,1,0,0,a,a,1500.0,5.0,2005.0,0,0.0,0.0,None,2015,3,6,10,1,Friday
45,5,2015-03-06,6352,805,1,0,0,0,c,a,120.0,9.0,2014.0,1,22.0,2011.0,"Feb,May,Aug,Nov",2015,3,6,10,1,Friday
46,5,2015-03-06,3838,377,1,1,0,0,a,c,500.0,1.0,2014.0,0,0.0,0.0,None,2015,3,6,10,1,Friday
47,5,2015-03-06,10634,980,1,0,0,1,c,a,1500.0,0.0,0.0,1,40.0,2013.0,"Jan,Apr,Jul,Oct",2015,3,6,10,1,Friday
48,5,2015-03-06,6347,629,1,1,0,0,a,c,500.0,7.0,2010.0,1,22.0,2011.0,"Mar,Jun,Sept,Dec",2015,3,6,10,1,Friday
49,5,2015-03-06,4344,313,1,1,0,0,d,a,120.0,1.0,2010.0,1,14.0,2009.0,"Mar,Jun,Sept,Dec",2015,3,6,10,1,Friday
50,5,2015-03-06,6522,780,1,1,0,0,a,c,500.0,1.0,2012.0,0,0.0,0.0,None,2015,3,6,10,1,Friday
51,5,2015-03-06,9987,817,1,1,0,0,a,c,120.0,1.0,0.0,0,0.0,0.0,None,2015,3,6,10,1,Friday
52,5,2015-03-06,4130,486,1,0,0,0,a,a,120.0,7.0,2012.0,1,31.0,2013.0,"Mar,Jun,Sept,Dec",2015,3,6,10,1,Friday
53,5,2015-03-06,9875,955,1,1,0,0,a,c,1500.0,0.0,0.0,1,14.0,2009.0,"Feb,May,Aug,Nov",2015,3,6,10,1,Friday
54,5,2015-03-06,5126,479,1,1,0,0,a,a,1500.0,0.0,0.0,0,0.0,0.0,None,2015,3,6,10,1,Friday
55,5,2015-03-06,5741,548,1,1,0,0,d,c,1500.0,1.0,2005.0,1,22.0,2009.0,"Feb,May,Aug,Nov",2015,3,6,10,1,Friday
56,5,2015-03-06,9135,799,1,1,0,0,a,a,1500.0,7.0,2010.0,0,0.0,0.0,None,2015,3,6,10,1,Friday
57,5,2015-03-06,11131,1038,1,1,0,1,a,c,1500.0,0.0,2012.0,1,10.0,2009.0,"Mar,Jun,Sept,Dec",2015,3,6,10,1,Friday
58,5,2015-03-06,3931,616,1,0,0,1,d,c,1500.0,0.0,0.0,1,14.0,2009.0,"Mar,Jun,Sept,Dec",2015,3,6,10,1,Friday
59,5,2015-03-06,6214,523,1,0,0,0,d,c,500.0,7.0,2012.0,0,0.0,0.0,None,2015,3,6,10,1,Friday
60,5,2015-03-06,6453,881,1,1,0,0,a,a,1500.0,11.0,0.0,1,31.0,2011.0,"Feb,May,Aug,Nov",2015,3,6,10,1,Friday
61,5,2015-03-06,7752,899,1,0,0,0,a,c,500.0,5.0,2005.0,1,31.0,2013.0,"Jan,Apr,Jul,Oct",2015,3,6,10,1,Friday
62,5,2015-03-06,4712,489,1,0,0,1,a,a,15000.0,5.0,2005.0,0,0.0,0.0,None,2015,3,6,10,1,Friday
63,5,2015-03-06,8340,862,1,1,0,0,c,c,3000.0,5.0,2005.0,0,0.0,0.0,None,2015,3,6,10,1,Friday
64,5,2015-03-06,5423,384,1,1,0,0,c,c,1500.0,5.0,0.0,1,1.0,2013.0,"Jan,Apr,Jul,Oct",2015,3,6,10,1,Friday
65,5,2015-03-06,5710,616,1,1,0,1,a,c,1500.0,0.0,2014.0,0,0.0,0.0,None,2015,3,6,10,1,Friday
66,5,2015-03-06,12652,1165,1,1,0,0,a,a,15000.0,3.0,2010.0,0,0.0,0.0,None,2015,3,6,10,1,Friday
67,5,2015-03-06,2622,448,1,0,0,0,d,c,1500.0,1.0,2012.0,0,0.0,0.0,None,2015,3,6,10,1,Friday
68,5,2015-03-06,6915,824,1,1,0,0,c,c,500.0,7.0,0.0,0,0.0,0.0,None,2015,3,6,10,1,Friday
69,5,2015-03-06,8265,954,1,1,0,1,d,c,15000.0,1.0,2012.0,1,31.0,2013.0,"Mar,Jun,Sept,Dec",2015,3,6,10,1,Friday
70,5,2015-03-06,5143,476,1,0,0,0,a,a,3000.0,5.0,0.0,0,0.0,0.0,None,2015,3,6,10,1,Friday
71,5,2015-03-06,6108,1082,1,0,0,0,a,c,120.0,1.0,2008.0,1,31.0,2009.0,"Jan,Apr,Jul,Oct",2015,3,6,10,1,Friday
72,5,2015-03-06,7731,1097,1,1,0,0,a,c,7500.0,9.0,2010.0,0,0.0,0.0,None,2015,3,6,10,1,Friday
73,5,2015-03-06,6770,889,1,0,0,0,d,c,500.0,5.0,2008.0,1,40.0,2013.0,"Mar,Jun,Sept,Dec",2015,3,6,10,1,Friday
74,5,2015-03-06,7550,1051,1,0,0,0,a,a,500.0,7.0,2012.0,0,0.0,0.0,None,2015,3,6,10,1,Friday
75,5,2015-03-06,10269,1031,1,0,0,0,c,c,3000.0,11.0,0.0,1,14.0,2009.0,"Feb,May,Aug,Nov",2015,3,6,10,1,Friday
76,5,2015-03-06,4810,702,1,0,0,0,a,a,120.0,0.0,2014.0,0,0.0,0.0,None,2015,3,6,10,1,Friday
77,5,2015-03-06,5452,599,1,0,0,0,d,c,1500.0,11.0,2012.0,0,0.0,0.0,None,2015,3,6,10,1,Friday
78,5,2015-03-06,8896,1048,1,0,0,0,d,c,500.0,3.0,2010.0,0,0.0,0.0,None,2015,3,6,10,1,Friday
79,5,2015-03-06,6201,500,1,1,0,0,a,a,500.0,0.0,2012.0,1,14.0,2015.0,"Mar,Jun,Sept,Dec",2015,3,6,10,1,Friday
80,5,2015-03-06,6039,638,1,0,0,0,a,a,15000.0,9.0,2010.0,0,0.0,0.0,None,2015,3,6,10,1,Friday
81,5,2015-03-06,8189,780,1,0,0,0,a,a,1500.0,1.0,2010.0,1,22.0,2009.0,"Jan,Apr,Jul,Oct",2015,3,6,10,1,Friday
82,5,2015-03-06,8567,1099,1,0,0,0,a,a,1500.0,0.0,0.0,0,0.0,0.0,None,2015,3,6,10,1,Friday
83,5,2015-03-06,10301,870,1,1,0,0,a,c,500.0,7.0,2014.0,0,0.0,0.0,None,2015,3,6,10,1,Friday
84,5,2015-03-06,4807,513,1,1,0,1,d,a,1500.0,0.0,2005.0,0,0.0,0.0,None,2015,3,6,10,1,Friday
85,5,2015-03-06,4837,595,1,0,0,0,d,c,120.0,0.0,2014.0,1,1.0,2013.0,"Jan,Apr,Jul,Oct",2015,3,6,10,1,Friday
86,5,2015-03-06,6679,747,1,1,0,0,d,a,3000.0,0.0,2012.0,0,0.0,0.0,None,2015,3,6,10,1,Friday
87,5,2015-03-06,7660,732,1,0,0,1,a,a,1500.0,0.0,0.0,0,0.0,0.0,None,2015,3,6,10,1,Friday
88,5,2015-03-06,5971,507,1,0,0,0,d,c,3000.0,3.0,2012.0,1,31.0,2009.0,"Feb,May,Aug,Nov",2015,3,6,10,1,Friday
89,5,2015-03-06,9708,1091,1,1,0,1,d,a,1500.0,9.0,0.0,1,31.0,2015.0,"Feb,May,Aug,Nov",2015,3,6,10,1,Friday
90,5,2015-03-06,6367,989,1,1,0,0,d,c,1500.0,0.0,0.0,0,0.0,0.0,None,2015,3,6,10,1,Friday
91,5,2015-03-06,0,0,0,0,0,0,a,c,1500.0,3.0,2008.0,0,0.0,0.0,None,2015,3,6,10,1,Friday
92,5,2015-03-06,3584,399,1,1,0,0,d,c,120.0,3.0,0.0,1,31.0,2009.0,"Feb,May,Aug,Nov",2015,3,6,10,1,Friday
93,5,2015-03-06,3915,411,1,0,0,0,d,a,120.0,5.0,2005.0,0,0.0,0.0,None,2015,3,6,10,1,Friday
94,5,2015-03-06,13277,1113,1,1,0,0,c,a,500.0,11.0,2005.0,0,0.0,0.0,None,2015,3,6,10,1,Friday
95,5,2015-03-06,4926,417,1,1,0,0,a,c,500.0,11.0,2005.0,1,31.0,2009.0,"Feb,May,Aug,Nov",2015,3,6,10,1,Friday
96,5,2015-03-06,4471,377,1,0,0,1,d,c,500.0,7.0,2005.0,1,10.0,2009.0,"Feb,May,Aug,Nov",2015,3,6,10,1,Friday
97,5,2015-03-06,8381,792,1,0,0,0,c,a,120.0,0.0,2008.0,0,0.0,0.0,None,2015,3,6,10,1,Friday
98,5,2015-03-06,5017,444,1,0,0,0,c,a,500.0,3.0,2008.0,1,10.0,2009.0,"Feb,May,Aug,Nov",2015,3,6,10,1,Friday
99,5,2015-03-06,6775,1199,1,0,0,0,a,c,500.0,1.0,2012.0,0,0.0,0.0,None,2015,3,6,10,1,Friday
100,5,2015-03-06,6304,588,1,1,0,0,b,c,500.0,9.0,2005.0,0,0.0,0.0,None,2015,3,6,10,1,Friday
1,6,2015-03-07,5604,573,1,0,0,0,a,c,3000.0,7.0,2012.0,0,0.0,0.0,None,2015,3,7,10,1,Saturday
2,6,2015-03-07,7449,1158,1,0,0,0,a,a,7500.0,5.0,2008.0,0,0.0,0.0,None,2015,3,7,10,1,Saturday
3,6,2015-03-07,7588,1099,1,0,0,0,d,c,500.0,5.0,2012.0,1,10.0,2011.0,"Jan,Apr,Jul,Oct",2015,3,7,10,1,Saturday
4,6,2015-03-07,7351,659,1,0,0,0,a,a,1500.0,1.0,2010.0,1,40.0,2011.0,"Mar,Jun,Sept,Dec",2015,3,7,10,1,Saturday
5,6,2015-03-07,2716,493,1,0,0,0,c,a,15000.0,0.0,2008.0,1,31.0,2009.0,"Mar,Jun,Sept,Dec",2015,3,7,10,1,Saturday
6,6,2015-03-07,5144,506,1,0,0,0,a,c,1500.0,1.0,0.0,0,0.0,0.0,None,2015,3,7,10,1,Saturday
7,6,2015-03-07,3437,369,1,0,0,0,a,a,1500.0,5.0,2012.0,1,14.0,2011.0,"Jan,Apr,Jul,Oct",2015,3,7,10,1,Saturday
8,6,2015-03-07,5847,501,1,0,0,0,a,c,500.0,9.0,2014.0,1,40.0,2009.0,"Mar,Jun,Sept,Dec",2015,3,7,10,1,Saturday
9,6,2015-03-07,4460,395,1,0,0,0,d,a,500.0,5.0,2014.0,1,40.0,2013.0,"Jan,Apr,Jul,Oct",2015,3,7,10,1,Saturday
10,6,2015-03-07,4739,789,1,0,0,0,d,c,3000.0,11.0,2012.0,1,1.0,2015.0,"Jan,Apr,Jul,Oct",2015,3,7,10,1,Saturday
11,6,2015-03-07,9841,1190,1,0,0,0,a,c,120.0,11.0,0.0,1,22.0,2015.0,"Mar,Jun,Sept,Dec",2015,3,7,10,1,Saturday
12,6,2015-03-07,5219,540,1,0,0,0,d,c,3000.0,0.0,2008.0,0,0.0,0.0,None,2015,3,7,10,1,Saturday
13,6,2015-03-07,5675,624,1,0,0,1,a,a,7500.0,5.0,2005.0,0,0.0,0.0,None,2015,3,7,10,1,Saturday
14,6,2015-03-07,7860,771,1,0,0,0,a,c,1500.0,5.0,2014.0,1,1.0,2013.0,"Jan,Apr,Jul,Oct",2015,3,7,10,1,Saturday
15,6,2015-03-07,8512,1015,1,0,0,0,d,c,3000.0,11.0,2014.0,1,1.0,2013.0,"Mar,Jun,Sept,Dec",2015,3,7,10,1,Saturday
16,6,2015-03-07,13157,1175,1,0,0,0,a,a,500.0,11.0,0.0,0,0.0,0.0,None,2015,3,7,10,1,Saturday
17,6,2015-03-07,12741,1115,1,0,0,0,a,c,500.0,7.0,2008.0,0,0.0,0.0,None,2015,3,7,10,1,Saturday
18,6,2015-03-07,8800,1053,1,0,0,0,d,c,1500.0,5.0,2005.0,1,40.0,2009.0,"Jan,Apr,Jul,Oct",2015,3,7,10,1,Saturday
19,6,2015-03-07,7373,744,1,0,0,0,d,c,120.0,9.0,2014.0,1,10.0,2013.0,"Jan,Apr,Jul,Oct",2015,3,7,10,1,Saturday
20,6,2015-03-07,3946,578,1,0,0,0,a,a,500.0,9.0,0.0,1,1.0,2013.0,"Mar,Jun,Sept,Dec",2015,3,7,10,1,Saturday
21,6,2015-03-07,7409,914,1,0,0,1,a,c,1500.0,0.0,2008.0,0,0.0,0.0,None,2015,3,7,10,1,Saturday
22,6,2015-03-07,4097,348,1,0,0,0,a,a,500.0,0.0,2010.0,0,0.0,0.0,None,2015,3,7,10,1,Saturday
23,6,2015-03-07,3654,454,1,0,0,1,d,c,500.0,1.0,2008.0,0,0.0,0.0,None,2015,3,7,10,1,Saturday
24,6,2015-03-07,6029,754,1,0,0,0,a,a,1500.0,1.0,2010.0,0,0.0,0.0,None,2015,3,7,10,1,Saturday
25,6,2015-03-07,5418,918,1,0,0,0,a,c,500.0,1.0,2012.0,0,0.0,0.0,None,2015,3,7,10,1,Saturday
26,6,2015-03-07,7044,778,1,0,0,0,d,a,1500.0,3.0,2008.0,0,0.0,0.0,None,2015,3,7,10,1,Saturday
27,6,2015-03-07,3299,467,1,0,0,0,d,a,15000.0,9.0,2008.0,1,1.0,2009.0,"Mar,Jun,Sept,Dec",2015,3,7,10,1,Saturday
28,6,2015-03-07,3167,473,1,0,0,0,a,a,1500.0,3.0,2010.0,0,0.0,0.0,None,2015,3,7,10,1,Saturday
29,6,2015-03-07,7886,897,1,0,0,0,a,a,1500.0,5.0,0.0,1,10.0,2015.0,"Jan,Apr,Jul,Oct",2015,3,7,10,1,Saturday
30,6,2015-03-07,5426,859,1,0,0,0,c,c,500.0,11.0,2014.0,1,22.0,2015.0,"Feb,May,Aug,Nov",2015,3,7,10,1,Saturday
31,6,2015-03-07,7469,1114,1,0,0,0,d,c,500.0,0.0,2014.0,1,31.0,2015.0,"Mar,Jun,Sept,Dec",2015,3,7,10,1,Saturday
32,6,2015-03-07,4578,409,1,0,0,0,a,a,3000.0,3.0,2010.0,1,1.0,2015.0,"Mar,Jun,Sept,Dec",2015,3,7,10,1,Saturday
33,6,2015-03-07,5009,508,1,0,0,1,d,c,1500.0,9.0,2008.0,0,0.0,0.0,None,2015,3,7,10,1,Saturday
34,6,2015-03-07,5254,493,1,0,0,0,d,c,500.0,9.0,2005.0,0,0.0,0.0,None,2015,3,7,10,1,Saturday
35,6,2015-03-07,12846,1160,1,0,0,0,a,c,120.0,5.0,0.0,1,22.0,2015.0,"Mar,Jun,Sept,Dec",2015,3,7,10,1,Saturday
36,6,2015-03-07,10730,937,1,0,0,0,d,a,1500.0,3.0,2008.0,1,40.0,2011.0,"Feb,May,Aug,Nov",2015,3,7,10,1,Saturday
37,6,2015-03-07,10454,881,1,0,0,1,d,a,7500.0,3.0,2008.0,1,40.0,2009.0,"Mar,Jun,Sept,Dec",2015,3,7,10,1,Saturday
38,6,2015-03-07,9021,862,1,0,0,1,a,a,3000.0,3.0,2010.0,0,0.0,0.0,None,2015,3,7,10,1,Saturday
39,6,2015-03-07,5352,891,1,0,0,0,c,a,7500.0,7.0,2014.0,1,14.0,2015.0,"Jan,Apr,Jul,Oct",2015,3,7,10,1,Saturday
40,6,2015-03-07,5000,439,1,0,0,1,d,a,1500.0,11.0,2008.0,1,22.0,2013.0,"Jan,Apr,Jul,Oct",2015,3,7,10,1,Saturday
41,6,2015-03-07,4441,800,1,0,0,0,a,c,500.0,1.0,0.0,0,0.0,0.0,None,2015,3,7,10,1,Saturday
42,6,2015-03-07,3198,391,1,0,0,0,d,c,120.0,1.0,2014.0,0,0.0,0.0,None,2015,3,7,10,1,Saturday
43,6,2015-03-07,12410,1056,1,0,0,0,a,a,500.0,0.0,0.0,1,31.0,2011.0,"Mar,Jun,Sept,Dec",2015,3,7,10,1,Saturday
44,6,2015-03-07,4239,431,1,0,0,0,a,a,1500.0,5.0,2005.0,0,0.0,0.0,None,2015,3,7,10,1,Saturday
45,6,2015-03-07,9225,801,1,0,0,0,c,a,120.0,9.0,2014.0,1,22.0,2011.0,"Feb,May,Aug,Nov",2015,3,7,10,1,Saturday
46,6,2015-03-07,2984,444,1,0,0,0,a,c,500.0,1.0,2014.0,0,0.0,0.0,None,2015,3,7,10,1,Saturday
47,6,2015-03-07,2938,300,1,0,0,0,c,a,1500.0,0.0,0.0,1,40.0,2013.0,"Jan,Apr,Jul,Oct",2015,3,7,10,1,Saturday
48,6,2015-03-07,12103,1118,1,0,0,0,a,c,500.0,7.0,2010.0,1,22.0,2011.0,"Mar,Jun,Sept,Dec",2015,3,7,10,1,Saturday
49,6,2015-03-07,6887,1022,1,0,0,0,d,a,120.0,1.0,2010.0,1,14.0,2009.0,"Mar,Jun,Sept,Dec",2015,3,7,10,1,Saturday
50,6,2015-03-07,7528,1173,1,0,0,0,a,c,500.0,1.0,2012.0,0,0.0,0.0,None,2015,3,7,10,1,Saturday
51,6,2015-03-07,3572,347,1,0,0,1,a,c,120.0,1.0,0.0,0,0.0,0.0,None,2015,3,7,10,1,Saturday
52,6,2015-03-07,6233,739,1,0,0,0,a,a,120.0,7.0,2012.0,1,31.0,2013.0,"Mar,Jun,Sept,Dec",2015,3,7,10,1,Saturday
53,6,2015-03-07,5078,563,1,0,0,0,a,c,1500.0,0.0,0.0,1,14.0,2009.0,"Feb,May,Aug,Nov",2015,3,7,10,1,Saturday
54,6,2015-03-07,5633,566,1,0,0,0,a,a,1500.0,0.0,0.0,0,0.0,0.0,None,2015,3,7,10,1,Saturday
55,6,2015-03-07,6913,584,1,0,0,0,d,c,1500.0,1.0,2005.0,1,22.0,2009.0,"Feb,May,Aug,Nov",2015,3,7,10,1,Saturday
56,6,2015-03-07,2827,509,1,0,0,1,a,a,1500.0,7.0,2010.0,0,0.0,0.0,None,2015,3,7,10,1,Saturday
57,6,2015-03-07,12680,1180,1,0,0,0,a,c,1500.0,0.0,2012.0,1,10.0,2009.0,"Mar,Jun,Sept,Dec",2015,3,7,10,1,Saturday
58,6,2015-03-07,10353,925,1,0,0,0,d,c,1500.0,0.0,0.0,1,14.0,2009.0,"Mar,Jun,Sept,Dec",2015,3,7,10,1,Saturday
59,6,2015-03-07,4362,766,1,0,0,0,d,c,500.0,7.0,2012.0,0,0.0,0.0,None,2015,3,7,10,1,Saturday
60,6,2015-03-07,3321,513,1,0,0,0,a,a,1500.0,11.0,0.0,1,31.0,2011.0,"Feb,May,Aug,Nov",2015,3,7,10,1,Saturday
61,6,2015-03-07,8367,965,1,0,0,0,a,c,500.0,5.0,2005.0,1,31.0,2013.0,"Jan,Apr,Jul,Oct",2015,3,7,10,1,Saturday
62,6,2015-03-07,3867,399,1,0,0,0,a,a,15000.0,5.0,2005.0,0,0.0,0.0,None,2015,3,7,10,1,Saturday
63,6,2015-03-07,6171,814,1,0,0,0,c,c,3000.0,5.0,2005.0,0,0.0,0.0,None,2015,3,7,10,1,Saturday
64,6,2015-03-07,11753,1029,1,0,0,0,c,c,1500.0,5.0,0.0,1,1.0,2013.0,"Jan,Apr,Jul,Oct",2015,3,7,10,1,Saturday
65,6,2015-03-07,4944,817,1,0,0,0,a,c,1500.0,0.0,2014.0,0,0.0,0.0,None,2015,3,7,10,1,Saturday
66,6,2015-03-07,4302,368,1,0,0,0,a,a,15000.0,3.0,2010.0,0,0.0,0.0,None,2015,3,7,10,1,Saturday
67,6,2015-03-07,10911,1012,1,0,0,0,d,c,1500.0,1.0,2012.0,0,0.0,0.0,None,2015,3,7,10,1,Saturday
68,6,2015-03-07,10402,881,1,0,0,0,c,c,500.0,7.0,0.0,0,0.0,0.0,None,2015,3,7,10,1,Saturday
69,6,2015-03-07,6676,747,1,0,0,1,d,c,15000.0,1.0,2012.0,1,31.0,2013.0,"Mar,Jun,Sept,Dec",2015,3,7,10,1,Saturday
70,6,2015-03-07,7298,715,1,0,0,0,a,a,3000.0,5.0,0.0,0,0.0,0.0,None,2015,3,7,10,1,Saturday
71,6,2015-03-07,11476,1049,1,0,0,1,a,c,120.0,1.0,2008.0,1,31.0,2009.0,"Jan,Apr,Jul,Oct",2015,3,7,10,1,Saturday
72,6,2015-03-07,2484,438,1,0,0,0,a,c,7500.0,9.0,2010.0,0,0.0,0.0,None,2015,3,7,10,1,Saturday
73,6,2015-03-07,4904,627,1,0,0,0,d,c,500.0,5.0,2008.0,1,40.0,2013.0,"Mar,Jun,Sept,Dec",2015,3,7,10,1,Saturday
74,6,2015-03-07,9103,1197,1,0,0,0,a,a,500.0,7.0,2012.0,0,0.0,0.0,None,2015,3,7,10,1,Saturday
75,6,2015-03-07,4522,597,1,0,0,1,c,c,3000.0,11.0,0.0,1,14.0,2009.0,"Feb,May,Aug,Nov",2015,3,7,10,1,Saturday
76,6,2015-03-07,5558,769,1,0,0,0,a,a,120.0,0.0,2014.0,0,0.0,0.0,None,2015,3,7,10,1,Saturday
77,6,2015-03-07,13320,1176,1,0,0,0,d,c,1500.0,11.0,2012.0,0,0.0,0.0,None,2015,3,7,10,1,Saturday
78,6,2015-03-07,3323,302,1,0,0,0,d,c,500.0,3.0,2010.0,0,0.0,0.0,None,2015,3,7,10,1,Saturday
79,6,2015-03-07,8951,1116,1,0,0,0,a,a,500.0,0.0,2012.0,1,14.0,2015.0,"Mar,Jun,Sept,Dec",2015,3,7,10,1,Saturday
80,6,2015-03-07,12125,1107,1,0,0,0,a,a,15000.0,9.0,2010.0,0,0.0,0.0,None,2015,3,7,10,1,Saturday
81,6,2015-03-07,7608,1171,1,0,0,1,a,a,1500.0,1.0,2010.0,1,22.0,2009.0,"Jan,Apr,Jul,Oct",2015,3,7,10,1,Saturday
82,6,2015-03-07,6152,549,1,0,0,0,a,a,1500.0,0.0,0.0,0,0.0,0.0,None,2015,3,7,10,1,Saturday
83,6,2015-03-07,2714,311,1,0,0,0,a,c,500.0,7.0,2014.0,0,0.0,0.0,None,2015,3,7,10,1,Saturday
84,6,2015-03-07,10541,964,1,0,0,0,d,a,1500.0,0.0,2005.0,0,0.0,0.0,None,2015,3,7,10,1,Saturday
85,6,2015-03-07,5900,746,1,0,0,0,d,c,120.0,0.0,2014.0,1,1.0,2013.0,"Jan,Apr,Jul,Oct",2015,3,7,10,1,Saturday
86,6,2015-03-07,4753,477,1,0,0,0,d,a,3000.0,0.0,2012.0,0,0.0,0.0,None,2015,3,7,10,1,Saturday
87,6,2015-03-07,5874,645,1,0,0,0,a,a,1500.0,0.0,0.0,0,0.0,0.0,None,2015,3,7,10,1,Saturday
88,6,2015-03-07,2906,458,1,0,0,0,d,c,3000.0,3.0,2012.0,1,31.0,2009.0,"Feb,May,Aug,Nov",2015,3,7,10,1,Saturday
89,6,2015-03-07,5046,857,1,0,0,0,d,a,1500.0,9.0,0.0,1,31.0,2015.0,"Feb,May,Aug,Nov",2015,3,7,10,1,Saturday
90,6,2015-03-07,6052,723,1,0,0,0,d,c,1500.0,0.0,0.0,0,0.0,0.0,None,2015,3,7,10,1,Saturday
91,6,2015-03-07,8728,882,1,0,0,0,a,c,1500.0,3.0,2008.0,0,0.0,0.0,None,2015,3,7,10,1,Saturday
92,6,2015-03-07,11183,1026,1,0,0,0,d,c,120.0,3.0,0.0,1,31.0,2009.0,"Feb,May,Aug,Nov",2015,3,7,10,1,Saturday
93,6,2015-03-07,4787,696,1,0,0,0,d,a,120.0,5.0,2005.0,0,0.0,0.0,None,2015,3,7,10,1,Saturday
94,6,2015-03-07,4152,388,1,0,0,0,c,a,500.0,11.0,2005.0,0,0.0,0.0,None,2015,3,7,10,1,Saturday
95,6,2015-03-07,3336,370,1,0,0,1,a,c,500.0,11.0,2005.0,1,31.0,2009.0,"Feb,May,Aug,Nov",2015,3,7,10,1,Saturday
96,6,2015-03-07,3061,520,1,0,0,0,d,c,500.0,7.0,2005.0,1,10.0,2009.0,"Feb,May,Aug,Nov",2015,3,7,10,1,Saturday
97,6,2015-03-07,6183,517,1,0,0,0,c,a,120.0,0.0,2008.0,0,0.0,0.0,None,2015,3,7,10,1,Saturday
98,6,2015-03-07,9071,917,1,0,0,0,c,a,500.0,3.0,2008.0,1,10.0,2009.0,"Feb,May,Aug,Nov",2015,3,7,10,1,Saturday
99,6,2015-03-07,4730,451,1,0,0,0,a,c,500.0,1.0,2012.0,0,0.0,0.0,None,2015,3,7,10,1,Saturday
100,6,2015-03-07,4245,399,1,0,0,0,b,c,500.0,9.0,2005.0,0,0.0,0.0,None,2015,3,7,10,1,Saturday
1,7,2015-03-08,0,0,0,0,0,0,a,c,3000.0,7.0,2012.0,0,0.0,0.0,None,2015,3,8,10,1,Sunday
2,7,2015-03-08,0,0,0,0,0,0,a,a,7500.0,5.0,2008.0,0,0.0,0.0,None,2015,3,8,10,1,Sunday
3,7,2015-03-08,0,0,0,0,0,0,d,c,500.0,5.0,2012.0,1,10.0,2011.0,"Jan,Apr,Jul,Oct",2015,3,8,10,1,Sunday
4,7,2015-03-08,0,0,0,0,0,0,a,a,1500.0,1.0,2010.0,1,40.0,2011.0,"Mar,Jun,Sept,Dec",2015,3,8,10,1,Sunday
5,7,2015-03-08,0,0,0,0,0,0,c,a,15000.0,0.0,2008.0,1,31.0,2009.0,"Mar,Jun,Sept,Dec",2015,3,8,10,1,Sunday
6,7,2015-03-08,0,0,0,0,0,0,a,c,1500.0,1.0,0.0,0,0.0,0.0,None,2015,3,8,10,1,Sunday
7,7,2015-03-08,0,0,0,0,0,1,a,a,1500.0,5.0,2012.0,1,14.0,2011.0,"Jan,Apr,Jul,Oct",2015,3,8,10,1,Sunday
8,7,2015-03-08,0,0,0,0,0,0,a,c,500.0,9.0,2014.0,1,40.0,2009.0,"Mar,Jun,Sept,Dec",2015,3,8,10,1,Sunday
9,7,2015-03-08,0,0,0,0,0,0,d,a,500.0,5.0,2014.0,1,40.0,2013.0,"Jan,Apr,Jul,Oct",2015,3,8,10,1,Sunday
10,7,2015-03-08,0,0,0,0,0,0,d,c,3000.0,11.0,2012.0,1,1.0,2015.0,"Jan,Apr,Jul,Oct",2015,3,8,10,1,Sunday
11,7,2015-03-08,0,0,0,0,0,0,a,c,120.0,11.0,0.0,1,22.0,2015.0,"Mar,Jun,Sept,Dec",2015,3,8,10,1,Sunday
12,7,2015-03-08,0,0,0,0,0,0,d,c,3000.0,0.0,2008.0,0,0.0,0.0,None,2015,3,8,10,1,Sunday
13,7,2015-03-08,0,0,0,0,0,0,a,a,7500.0,5.0,2005.0,0,0.0,0.0,None,2015,3,8,10,1,Sunday
14,7,2015-03-08,0,0,0,0,0,0,a,c,1500.0,5.0,2014.0,1,1.0,2013.0,"Jan,Apr,Jul,Oct",2015,3,8,10,1,Sunday
15,7,2015-03-08,0,0,0,0,0,0,d,c,3000.0,11.0,2014.0,1,1.0,2013.0,"Mar,Jun,Sept,Dec",2015,3,8,10,1,Sunday
16,7,2015-03-08,0,0,0,0,0,0,a,a,500.0,11.0,0.0,0,0.0,0.0,None,2015,3,8,10,1,Sunday
17,7,2015-03-08,0,0,0,0,0,0,a,c,500.0,7.0,2008.0,0,0.0,0.0,None,2015,3,8,10,1,Sunday
18,7,2015-03-08,0,0,0,0,0,0,d,c,1500.0,5.0,2005.0,1,40.0,2009.0,"Jan,Apr,Jul,Oct",2015,3,8,10,1,Sunday
19,7,2015-03-08,0,0,0,0,0,1,d,c,120.0,9.0,2014.0,1,10.0,2013.0,"Jan,Apr,Jul,Oct",2015,3,8,10,1,Sunday
20,7,2015-03-08,0,0,0,0,0,0,a,a,500.0,9.0,0.0,1,1.0,2013.0,"Mar,Jun,Sept,Dec",2015,3,8,10,1,Sunday
21,7,2015-03-08,0,0,0,0,0,0,a,c,1500.0,0.0,2008.0,0,0.0,0.0,None,2015,3,8,10,1,Sunday
22,7,2015-03-08,0,0,0,0,0,0,a,a,500.0,0.0,2010.0,0,0.0,0.0,None,2015,3,8,10,1,Sunday
23,7,2015-03-08,0,0,0,0,0,0,d,c,500.0,1.0,2008.0,0,0.0,0.0,None,2015,3,8,10,1,Sunday
24,7,2015-03-08,0,0,0,0,0,0,a,a,1500.0,1.0,2010.0,0,0.0,0.0,None,2015,3,8,10,1,Sunday
25,7,2015-03-08,0,0,0,0,0,1,a,c,500.0,1.0,2012.0,0,0.0,0.0,None,2015,3,8,10,1,Sunday
26,7,2015-03-08,0,0,0,0,0,0,d,a,1500.0,3.0,2008.0,0,0.0,0.0,None,2015,3,8,10,1,Sunday
27,7,2015-03-08,0,0,0,0,0,0,d,a,15000.0,9.0,2008.0,1,1.0,2009.0,"Mar,Jun,Sept,Dec",2015,3,8,10,1,Sunday
28,7,2015-03-08,0,0,0,0,0,1,a,a,1500.0,3.0,2010.0,0,0.0,0.0,None,2015,3,8,10,1,Sunday
29,7,2015-03-08,0,0,0,0,0,1,a,a,1500.0,5.0,0.0,1,10.0,2015.0,"Jan,Apr,Jul,Oct",2015,3,8,10,1,Sunday
30,7,2015-03-08,0,0,0,0,0,0,c,c,500.0,11.0,2014.0,1,22.0,2015.0,"Feb,May,Aug,Nov",2015,3,8,10,1,Sunday
31,7,2015-03-08,0,0,0,0,0,0,d,c,500.0,0.0,2014.0,1,31.0,2015.0,"Mar,Jun,Sept,Dec",2015,3,8,10,1,Sunday
32,7,2015-03-08,0,0,0,0,0,0,a,a,3000.0,3.0,2010.0,1,1.0,2015.0,"Mar,Jun,Sept,Dec",2015,3,8,10,1,Sunday
33,7,2015-03-08,0,0,0,0,0,0,d,c,1500.0,9.0,2008.0,0,0.0,0.0,None,2015,3,8,10,1,Sunday
34,7,2015-03-08,0,0,0,0,0,1,d,c,500.0,9.0,2005.0,0,0.0,0.0,None,2015,3,8,10,1,Sunday
35,7,2015-03-08,0,0,0,0,0,0,a,c,120.0,5.0,0.0,1,22.0,2015.0,"Mar,Jun,Sept,Dec",2015,3,8,10,1,Sunday
36,7,2015-03-08,0,0,0,0,0,0,d,a,1500.0,3.0,2008.0,1,40.0,2011.0,"Feb,May,Aug,Nov",2015,3,8,10,1,Sunday
37,7,2015-03-08,0,0,0,0,0,0,d,a,7500.0,3.0,2008.0,1,40.0,2009.0,"Mar,Jun,Sept,Dec",2015,3,8,10,1,Sunday
38,7,2015-03-08,0,0,0,0,0,0,a,a,3000.0,3.0,2010.0,0,0.0,0.0,None,2015,3,8,10,1,Sunday
39,7,2015-03-08,0,0,0,0,0,0,c,a,7500.0,7.0,2014.0,1,14.0,2015.0,"Jan,Apr,Jul,Oct",2015,3,8,10,1,Sunday
40,7,2015-03-08,0,0,0,0,0,1,d,a,1500.0,11.0,2008.0,1,22.0,2013.0,"Jan,Apr,Jul,Oct",2015,3,8,10,1,Sunday
41,7,2015-03-08,0,0,0,0,0,0,a,c,500.0,1.0,0.0,0,0.0,0.0,None,2015,3,8,10,1,Sunday
42,7,2015-03-08,0,0,0,0,0,0,d,c,120.0,1.0,2014.0,0,0.0,0.0,None,2015,3,8,10,1,Sunday
43,7,2015-03-08,0,0,0,0,0,0,a,a,500.0,0.0,0.0,1,31.0,2011.0,"Mar,Jun,Sept,Dec",2015,3,8,10,1,Sunday
44,7,2015-03-08,0,0,0,0,0,0,a,a,1500.0,5.0,2005.0,0,0.0,0.0,None,2015,3,8,10,1,Sunday
45,7,2015-03-08,0,0,0,0,0,0,c,a,120.0,9.0,2014.0,1,22.0,2011.0,"Feb,May,Aug,Nov",2015,3,8,10,1,Sunday
46,7,2015-03-08,0,0,0,0,0,0,a,c,500.0,1.0,2014.0,0,0.0,0.0,None,2015,3,8,10,1,Sunday
47,7,2015-03-08,0,0,0,0,0,0,c,a,1500.0,0.0,0.0,1,40.0,2013.0,"Jan,Apr,Jul,Oct",2015,3,8,10,1,Sunday
48,7,2015-03-08,0,0,0,0,0,0,a,c,500.0,7.0,2010.0,1,22.0,2011.0,"Mar,Jun,Sept,Dec",2015,3,8,10,1,Sunday
49,7,2015-03-08,0,0,0,0,0,0,d,a,120.0,1.0,2010.0,1,14.0,2009.0,"Mar,Jun,Sept,Dec",2015,3,8,10,1,Sunday
50,7,2015-03-08,0,0,0,0,0,0,a,c,500.0,1.0,2012.0,0,0.0,0.0,None,2015,3,8,10,1,Sunday
51,7,2015-03-08,0,0,0,0,0,0,a,c,120.0,1.0,0.0,0,0.0,0.0,None,2015,3,8,10,1,Sunday
52,7,2015-03-08,0,0,0,0,0,0,a,a,120.0,7.0,2012.0,1,31.0,2013.0,"Mar,Jun,Sept,Dec",2015,3,8,10,1,Sunday
53,7,2015-03-08,0,0,0,0,0,0,a,c,1500.0,0.0,0.0,1,14.0,2009.0,"Feb,May,Aug,Nov",2015,3,8,10,1,Sunday
54,7,2015-03-08,0,0,0,0,0,0,a,a,1500.0,0.0,0.0,0,0.0,0.0,None,2015,3,8,10,1,Sunday
55,7,2015-03-08,0,0,0,0,0,0,d,c,1500.0,1.0,2005.0,1,22.0,2009.0,"Feb,May,Aug,Nov",2015,3,8,10,1,Sunday
56,7,2015-03-08,0,0,0,0,0,1,a,a,1500.0,7.0,2010.0,0,0.0,0.0,None,2015,3,8,10,1,Sunday
57,7,2015-03-08,0,0,0,0,0,0,a,c,1500.0,0.0,2012.0,1,10.0,2009.0,"Mar,Jun,Sept,Dec",2015,3,8,10,1,Sunday
58,7,2015-03-08,0,0,0,0,0,0,d,c,1500.0,0.0,0.0,1,14.0,2009.0,"Mar,Jun,Sept,Dec",2015,3,8,10,1,Sunday
59,7,2015-03-08,0,0,0,0,0,0,d,c,500.0,7.0,2012.0,0,0.0,0.0,None,2015,3,8,10,1,Sunday
60,7,2015-03-08,0,0,0,0,0,1,a,a,1500.0,11.0,0.0,1,31.0,2011.0,"Feb,May,Aug,Nov",2015,3,8,10,1,Sunday
61,7,2015-03-08,0,0,0,0,0,0,a,c,500.0,5.0,2005.0,1,31.0,2013.0,"Jan,Apr,Jul,Oct",2015,3,8,10,1,Sunday
62,7,2015-03-08,0,0,0,0,0,0,a,a,15000.0,5.0,2005.0,0,0.0,0.0,None,2015,3,8,10,1,Sunday
63,7,2015-03-08,0,0,0,0,0,0,c,c,3000.0,5.0,2005.0,0,0.0,0.0,None,2015,3,8,10,1,Sunday
64,7,2015-03-08,0,0,0,0,0,0,c,c,1500.0,5.0,0.0,1,1.0,2013.0,"Jan,Apr,Jul,Oct",2015,3,8,10,1,Sunday
65,7,2015-03-08,0,0,0,0,0,0,a,c,1500.0,0.0,2014.0,0,0.0,0.0,None,2015,3,8,10,1,Sunday
66,7,2015-03-08,0,0,0,0,0,1,a,a,15000.0,3.0,2010.0,0,0.0,0.0,None,2015,3,8,10,1,Sunday
67,7,2015-03-08,0,0,0,0,0,1,d,c,1500.0,1.0,2012.0,0,0.0,0.0,None,2015,3,8,10,1,Sunday
68,7,2015-03-08,0,0,0,0,0,0,c,c,500.0,7.0,0.0,0,0.0,0.0,None,2015,3,8,10,1,Sunday
69,7,2015-03-08,0,0,0,0,0,0,d,c,15000.0,1.0,2012.0,1,31.0,2013.0,"Mar,Jun,Sept,Dec",2015,3,8,10,1,Sunday
70,7,2015-03-08,0,0,0,0,0,0,a,a,3000.0,5.0,0.0,0,0.0,0.0,None,2015,3,8,10,1,Sunday
71,7,2015-03-08,0,0,0,0,0,0,a,c,120.0,1.0,2008.0,1,31.0,2009.0,"Jan,Apr,Jul,Oct",2015,3,8,10,1,Sunday
72,7,2015-03-08,0,0,0,0,0,0,a,c,7500.0,9.0,2010.0,0,0.0,0.0,None,2015,3,8,10,1,Sunday
73,7,2015-03-08,0,0,0,0,0,0,d,c,500.0,5.0,2008.0,1,40.0,2013.0,"Mar,Jun,Sept,Dec",2015,3,8,10,1,Sunday
74,7,2015-03-08,0,0,0,0,0,0,a,a,500.0,7.0,2012.0,0,0.0,0.0,None,2015,3,8,10,1,Sunday
75,7,2015-03-08,0,0,0,0,0,0,c,c,3000.0,11.0,0.0,1,14.0,2009.0,"Feb,May,Aug,Nov",2015,3,8,10,1,Sunday
76,7,2015-03-08,0,0,0,0,0,0,a,a,120.0,0.0,2014.0,0,0.0,0.0,None,2015,3,8,10,1,Sunday
77,7,2015-03-08,0,0,0,0,0,0,d,c,1500.0,11.0,2012.0,0,0.0,0.0,None,2015,3,8,10,1,Sunday
78,7,2015-03-08,0,0,0,0,0,0,d,c,500.0,3.0,2010.0,0,0.0,0.0,None,2015,3,8,10,1,Sunday
79,7,2015-03-08,0,0,0,0,0,0,a,a,500.0,0.0,2012.0,1,14.0,2015.0,"Mar,Jun,Sept,Dec",2015,3,8,10,1,Sunday
80,7,2015-03-08,0,0,0,0,0,0,a,a,15000.0,9.0,2010.0,0,0.0,0.0,None,2015,3,8,10,1,Sunday
81,7,2015-03-08,0,0,0,0,0,0,a,a,1500.0,1.0,2010.0,1,22.0,2009.0,"Jan,Apr,Jul,Oct",2015,3,8,10,1,Sunday
82,7,2015-03-08,0,0,0,0,0,1,a,a,1500.0,0.0,0.0,0,0.0,0.0,None,2015,3,8,10,1,Sunday
83,7,2015-03-08,0,0,0,0,0,0,a,c,500.0,7.0,2014.0,0,0.0,0.0,None,2015,3,8,10,1,Sunday
84,7,2015-03-08,0,0,0,0,0,0,d,a,1500.0,0.0,2005.0,0,0.0,0.0,None,2015,3,8,10,1,Sunday
85,7,2015-03-08,0,0,0,0,0,0,d,c,120.0,0.0,2014.0,1,1.0,2013.0,"Jan,Apr,Jul,Oct",2015,3,8,10,1,Sunday
86,7,2015-03-08,0,0,0,0,0,0,d,a,3000.0,0.0,2012.0,0,0.0,0.0,None,2015,3,8,10,1,Sunday
87,7,2015-03-08,0,0,0,0,0,0,a,a,1500.0,0.0,0.0,0,0.0,0.0,None,2015,3,8,10,1,Sunday
88,7,2015-03-08,0,0,0,0,0,0,d,c,3000.0,3.0,2012.0,1,31.0,2009.0,"Feb,May,Aug,Nov",2015,3,8,10,1,Sunday
89,7,2015-03-08,0,0,0,0,0,0,d,a,1500.0,9.0,0.0,1,31.0,2015.0,"Feb,May,Aug,Nov",2015,3,8,10,1,Sunday
90,7,2015-03-08,0,0,0,0,0,0,d,c,1500.0,0.0,0.0,0,0.0,0.0,None,2015,3,8,10,1,Sunday
91,7,2015-03-08,0,0,0,0,0,0,a,c,1500.0,3.0,2008.0,0,0.0,0.0,None,2015,3,8,10,1,Sunday
92,7,2015-03-08,0,0,0,0,0,0,d,c,120.0,3.0,0.0,1,31.0,2009.0,"Feb,May,Aug,Nov",2015,3,8,10,1,Sunday
93,7,2015-03-08,0,0,0,0,0,0,d,a,120.0,5.0,2005.0,0,0.0,0.0,None,2015,3,8,10,1,Sunday
94,7,2015-03-08,0,0,0,0,0,0,c,a,500.0,11.0,2005.0,0,0.0,0.0,None,2015,3,8,10,1,Sunday
95,7,2015-03-08,0,0,0,0,0,0,a,c,500.0,11.0,2005.0,1,31.0,2009.0,"Feb,May,Aug,Nov",2015,3,8,10,1,Sunday
96,7,2015-03-08,0,0,0,0,0,0,d,c,500.0,7.0,2005.0,1,10.0,2009.0,"Feb,May,Aug,Nov",2015,3,8,10,1,Sunday
97,7,2015-03-08,0,0,0,0,0,1,c,a,120.0,0.0,2008.0,0,0.0,0.0,None,2015,3,8,10,1,Sunday
98,7,2015-03-08,0,0,0,0,0,0,c,a,500.0,3.0,2008.0,1,10.0,2009.0,"Feb,May,Aug,Nov",2015,3,8,10,1,Sunday
99,7,2015-03-08,0,0,0,0,0,0,a,c,500.0,1.0,2012.0,0,0.0,0.0,None,2015,3,8,10,1,Sunday
100,7,2015-03-08,0,0,0,0,0,0,b,c,500.0,9.0,2005.0,0,0.0,0.0,None,2015,3,8,10,1,Sunday
1,1,2015-03-09,10580,1197,1,1,0,0,a,c,3000.0,7.0,2012.0,0,0.0,0.0,None,2015,3,9,11,1,Monday
2,1,2015-03-09,4427,657,1,0,0,0,a,a,7500.0,5.0,2008.0,0,0.0,0.0,None,2015,3,9,11,1,Monday
3,1,2015-03-09,14276,1135,1,1,0,1,d,c,500.0,5.0,2012.0,1,10.0,2011.0,"Jan,Apr,Jul,Oct",2015,3,9,11,1,Monday
4,1,2015-03-09,9104,1163,1,1,0,0,a,a,1500.0,1.0,2010.0,1,40.0,2011.0,"Mar,Jun,Sept,Dec",2015,3,9,11,1,Monday
5,1,2015-03-09,11992,1083,1,1,0,0,c,a,15000.0,0.0,2008.0,1,31.0,2009.0,"Mar,Jun,Sept,Dec",2015,3,9,11,1,Monday
6,1,2015-03-09,4675,795,1,0,0,1,a,c,1500.0,1.0,0.0,0,0.0,0.0,None,2015,3,9,11,1,Monday
7,1,2015-03-09,7624,1048,1,1,0,0,a,a,1500.0,5.0,2012.0,1,14.0,2011.0,"Jan,Apr,Jul,Oct",2015,3,9,11,1,Monday
8,1,2015-03-09,6621,800,1,0,0,1,a,c,500.0,9.0,2014.0,1,40.0,2009.0,"Mar,Jun,Sept,Dec",2015,3,9,11,1,Monday
9,1,2015-03-09,11303,1179,1,0,0,0,d,a,500.0,5.0,2014.0,1,40.0,2013.0,"Jan,Apr,Jul,Oct",2015,3,9,11,1,Monday
10,1,2015-03-09,7258,749,1,0,0,1,d,c,3000.0,11.0,2012.0,1,1.0,2015.0,"Jan,Apr,Jul,Oct",2015,3,9,11,1,Monday
11,1,2015-03-09,6412,483,1,1,0,1,a,c,120.0,11.0,0.0,1,22.0,2015.0,"Mar,Jun,Sept,Dec",2015,3,9,11,1,Monday
12,1,2015-03-09,11085,1092,1,0,0,0,d,c,3000.0,0.0,2008.0,0,0.0,0.0,None,2015,3,9,11,1,Monday
13,1,2015-03-09,0,0,0,1,0,0,a,a,7500.0,5.0,2005.0,0,0.0,0.0,None,2015,3,9,11,1,Monday
14,1,2015-03-09,6799,932,1,1,0,0,a,c,1500.0,5.0,2014.0,1,1.0,2013.0,"Jan,Apr,Jul,Oct",2015,3,9,11,1,Monday
15,1,2015-03-09,9303,1085,1,0,0,0,d,c,3000.0,11.0,2014.0,1,1.0,2013.0,"Mar,Jun,Sept,Dec",2015,3,9,11,1,Monday
16,1,2015-03-09,2843,345,1,0,0,0,a,a,500.0,11.0,0.0,0,0.0,0.0,None,2015,3,9,11,1,Monday
17,1,2015-03-09,6707,699,1,0,0,0,a,c,500.0,7.0,2008.0,0,0.0,0.0,None,2015,3,9,11,1,Monday
18,1,2015-03-09,3703,343,1,0,0,0,d,c,1500.0,5.0,2005.0,1,40.0,2009.0,"Jan,Apr,Jul,Oct",2015,3,9,11,1,Monday
19,1,2015-03-09,2585,368,1,0,0,0,d,c,120.0,9.0,2014.0,1,10.0,2013.0,"Jan,Apr,Jul,Oct",2015,3,9,11,1,Monday
20,1,2015-03-09,9869,1195,1,0,0,0,a,a,500.0,9.0,0.0,1,1.0,2013.0,"Mar,Jun,Sept,Dec",2015,3,9,11,1,Monday
21,1,2015-03-09,6224,486,1,1,0,0,a,c,1500.0,0.0,2008.0,0,0.0,0.0,None,2015,3,9,11,1,Monday
22,1,2015-03-09,2197,395,1,0,0,0,a,a,500.0,0.0,2010.0,0,0.0,0.0,None,2015,3,9,11,1,Monday
23,1,2015-03-09,7445,901,1,0,0,0,d,c,500.0,1.0,2008.0,0,0.0,0.0,None,2015,3,9,11,1,Monday
24,1,2015-03-09,3127,376,1,1,0,1,a,a,1500.0,1.0,2010.0,0,0.0,0.0,None,2015,3,9,11,1,Monday
25,1,2015-03-09,3140,428,1,0,0,0,a,c,500.0,1.0,2012.0,0,0.0,0.0,None,2015,3,9,11,1,Monday
26,1,2015-03-09,4636,662,1,0,0,1,d,a,1500.0,3.0,2008.0,0,0.0,0.0,None,2015,3,9,11,1,Monday
27,1,2015-03-09,6663,1155,1,0,0,0,d,a,15000.0,9.0,2008.0,1,1.0,2009.0,"Mar,Jun,Sept,Dec",2015,3,9,11,1,Monday
28,1,2015-03-09,7753,1199,1,0,0,1,a,a,1500.0,3.0,2010.0,0,0.0,0.0,None,2015,3,9,11,1,Monday
29,1,2015-03-09,6257,718,1,0,0,0,a,a,1500.0,5.0,0.0,1,10.0,2015.0,"Jan,Apr,Jul,Oct",2015,3,9,11,1,Monday
30,1,2015-03-09,10317,929,1,1,0,0,c,c,500.0,11.0,2014.0,1,22.0,2015.0,"Feb,May,Aug,Nov",2015,3,9,11,1,Monday
31,1,2015-03-09,3493,504,1,1,0,1,d,c,500.0,0.0,2014.0,1,31.0,2015.0,"Mar,Jun,Sept,Dec",2015,3,9,11,1,Monday
32,1,2015-03-09,6744,716,1,1,0,0,a,a,3000.0,3.0,2010.0,1,1.0,2015.0,"Mar,Jun,Sept,Dec",2015,3,9,11,1,Monday
33,1,2015-03-09,3332,491,1,0,0,0,d,c,1500.0,9.0,2008.0,0,0.0,0.0,None,2015,3,9,11,1,Monday
34,1,2015-03-09,6453,978,1,0,0,1,d,c,500.0,9.0,2005.0,0,0.0,0.0,None,2015,3,9,11,1,Monday
35,1,2015-03-09,8928,939,1,1,0,0,a,c,120.0,5.0,0.0,1,22.0,2015.0,"Mar,Jun,Sept,Dec",2015,3,9,11,1,Monday
36,1,2015-03-09,8752,1144,1,0,0,0,d,a,1500.0,3.0,2008.0,1,40.0,2011.0,"Feb,May,Aug,Nov",2015,3,9,11,1,Monday
37,1,2015-03-09,3491,372,1,1,0,1,d,a,7500.0,3.0,2008.0,1,40.0,2009.0,"Mar,Jun,Sept,Dec",2015,3,9,11,1,Monday
38,1,2015-03-09,7928,926,1,0,0,1,a,a,3000.0,3.0,2010.0,0,0.0,0.0,None,2015,3,9,11,1,Monday
39,1,2015-03-09,4198,336,1,1,0,0,c,a,7500.0,7.0,2014.0,1,14.0,2015.0,"Jan,Apr,Jul,Oct",2015,3,9,11,1,Monday
40,1,2015-03-09,0,0,0,0,0,1,d,a,1500.0,11.0,2008.0,1,22.0,2013.0,"Jan,Apr,Jul,Oct",2015,3,9,11,1,Monday
41,1,2015-03-09,10314,1186,1,1,0,0,a,c,500.0,1.0,0.0,0,0.0,0.0,None,2015,3,9,11,1,Monday
42,1,2015-03-09,5350,438,1,1,0,0,d,c,120.0,1.0,2014.0,0,0.0,0.0,None,2015,3,9,11,1,Monday
43,1,2015-03-09,6974,890,1,0,0,0,a,a,500.0,0.0,0.0,1,31.0,2011.0,"Mar,Jun,Sept,Dec",2015,3,9,11,1,Monday
44,1,2015-03-09,3914,410,1,1,0,1,a,a,1500.0,5.0,2005.0,0,0.0,0.0,None,2015,3,9,11,1,Monday
45,1,2015-03-09,8622,727,1,0,0,0,c,a,120.0,9.0,2014.0,1,22.0,2011.0,"Feb,May,Aug,Nov",2015,3,9,11,1,Monday
46,1,2015-03-09,4742,436,1,0,0,0,a,c,500.0,1.0,2014.0,0,0.0,0.0,None,2015,3,9,11,1,Monday
47,1,2015-03-09,12141,1036,1,0,0,0,c,a,1500.0,0.0,0.0,1,40.0,2013.0,"Jan,Apr,Jul,Oct",2015,3,9,11,1,Monday
48,1,2015-03-09,7056,1121,1,0,0,0,a,c,500.0,7.0,2010.0,1,22.0,2011.0,"Mar,Jun,Sept,Dec",2015,3,9,11,1,Monday
49,1,2015-03-09,6812,714,1,0,0,0,d,a,120.0,1.0,2010.0,1,14.0,2009.0,"Mar,Jun,Sept,Dec",2015,3,9,11,1,Monday
50,1,2015-03-09,6766,906,1,1,0,1,a,c,500.0,1.0,2012.0,0,0.0,0.0,None,2015,3,9,11,1,Monday
51,1,2015-03-09,3604,582,1,0,0,1,a,c,120.0,1.0,0.0,0,0.0,0.0,None,2015,3,9,11,1,Monday
52,1,2015-03-09,7215,900,1,0,0,0,a,a,120.0,7.0,2012.0,1,31.0,2013.0,"Mar,Jun,Sept,Dec",2015,3,9,11,1,Monday
53,1,2015-03-09,8257,639,1,1,0,0,a,c,1500.0,0.0,0.0,1,14.0,2009.0,"Feb,May,Aug,Nov",2015,3,9,11,1,Monday
54,1,2015-03-09,5987,520,1,1,0,0,a,a,1500.0,0.0,0.0,0,0.0,0.0,None,2015,3,9,11,1,Monday
55,1,2015-03-09,6497,1086,1,0,0,0,d,c,1500.0,1.0,2005.0,1,22.0,2009.0,"Feb,May,Aug,Nov",2015,3,9,11,1,Monday
56,1,2015-03-09,8715,817,1,1,0,0,a,a,1500.0,7.0,2010.0,0,0.0,0.0,None,2015,3,9,11,1,Monday
57,1,2015-03-09,10029,996,1,0,0,0,a,c,1500.0,0.0,2012.0,1,10.0,2009.0,"Mar,Jun,Sept,Dec",2015,3,9,11,1,Monday
58,1,2015-03-09,4924,628,1,0,0,0,d,c,1500.0,0.0,0.0,1,14.0,2009.0,"Mar,Jun,Sept,Dec",2015,3,9,11,1,Monday
59,1,2015-03-09,9261,848,1,1,0,1,d,c,500.0,7.0,2012.0,0,0.0,0.0,None,2015,3,9,11,1,Monday
60,1,2015-03-09,11932,1187,1,0,0,1,a,a,1500.0,11.0,0.0,1,31.0,2011.0,"Feb,May,Aug,Nov",2015,3,9,11,1,Monday
61,1,2015-03-09,6407,571,1,1,0,0,a,c,500.0,5.0,2005.0,1,31.0,2013.0,"Jan,Apr,Jul,Oct",2015,3,9,11,1,Monday
62,1,2015-03-09,2308,317,1,0,0,0,a,a,15000.0,5.0,2005.0,0,0.0,0.0,None,2015,3,9,11,1,Monday
63,1,2015-03-09,8950,1014,1,1,0,0,c,c,3000.0,5.0,2005.0,0,0.0,0.0,None,2015,3,9,11,1,Monday
64,1,2015-03-09,5396,508,1,0,0,0,c,c,1500.0,5.0,0.0,1,1.0,2013.0,"Jan,Apr,Jul,Oct",2015,3,9,11,1,Monday
65,1,2015-03-09,7378,841,1,0,0,0,a,c,1500.0,0.0,2014.0,0,0.0,0.0,None,2015,3,9,11,1,Monday
66,1,2015-03-09,11197,1159,1,0,0,0,a,a,15000.0,3.0,2010.0,0,0.0,0.0,None,2015,3,9,11,1,Monday
67,1,2015-03-09,6971,756,1,0,0,0,d,c,1500.0,1.0,2012.0,0,0.0,0.0,None,2015,3,9,11,1,Monday
68,1,2015-03-09,5677,406,1,1,0,1,c,c,500.0,7.0,0.0,0,0.0,0.0,None,2015,3,9,11,1,Monday
69,1,2015-03-09,8177,1022,1,0,0,1,d,c,15000.0,1.0,2012.0,1,31.0,2013.0,"Mar,Jun,Sept,Dec",2015,3,9,11,1,Monday
70,1,2015-03-09,3361,518,1,0,0,1,a,a,3000.0,5.0,0.0,0,0.0,0.0,None,2015,3,9,11,1,Monday
71,1,2015-03-09,10080,1041,1,0,0,0,a,c,120.0,1.0,2008.0,1,31.0,2009.0,"Jan,Apr,Jul,Oct",2015,3,9,11,1,Monday
72,1,2015-03-09,9099,853,1,1,0,0,a,c,7500.0,9.0,2010.0,0,0.0,0.0,None,2015,3,9,11,1,Monday
73,1,2015-03-09,5964,810,1,1,0,0,d,c,500.0,5.0,2008.0,1,40.0,2013.0,"Mar,Jun,Sept,Dec",2015,3,9,11,1,Monday
74,1,2015-03-09,8347,785,1,0,0,1,a,a,500.0,7.0,2012.0,0,0.0,0.0,None,2015,3,9,11,1,Monday
75,1,2015-03-09,12559,1053,1,0,0,1,c,c,3000.0,11.0,0.0,1,14.0,2009.0,"Feb,May,Aug,Nov",2015,3,9,11,1,Monday
76,1,2015-03-09,6430,729,1,1,0,1,a,a,120.0,0.0,2014.0,0,0.0,0.0,None,2015,3,9,11,1,Monday
77,1,2015-03-09,8012,708,1,1,0,0,d,c,1500.0,11.0,2012.0,0,0.0,0.0,None,2015,3,9,11,1,Monday
78,1,2015-03-09,3659,466,1,0,0,0,d,c,500.0,3.0,2010.0,0,0.0,0.0,None,2015,3,9,11,1,Monday
79,1,2015-03-09,5576,793,1,0,0,0,a,a,500.0,0.0,2012.0,1,14.0,2015.0,"Mar,Jun,Sept,Dec",2015,3,9,11,1,Monday
80,1,2015-03-09,7043,746,1,0,0,0,a,a,15000.0,9.0,2010.0,0,0.0,0.0,None,2015,3,9,11,1,Monday
81,1,2015-03-09,5866,677,1,0,0,0,a,a,1500.0,1.0,2010.0,1,22.0,2009.0,"Jan,Apr,Jul,Oct",2015,3,9,11,1,Monday
82,1,2015-03-09,9273,1023,1,0,0,0,a,a,1500.0,0.0,0.0,0,0.0,0.0,None,2015,3,9,11,1,Monday
83,1,2015-03-09,4545,321,1,1,0,0,a,c,500.0,7.0,2014.0,0,0.0,0.0,None,2015,3,9,11,1,Monday
84,1,2015-03-09,6712,819,1,0,0,1,d,a,1500.0,0.0,2005.0,0,0.0,0.0,None,2015,3,9,11,1,Monday
85,1,2015-03-09,5822,580,1,1,0,0,d,c,120.0,0.0,2014.0,1,1.0,2013.0,"Jan,Apr,Jul,Oct",2015,3,9,11,1,Monday
86,1,2015-03-09,12687,1002,1,1,0,1,d,a,3000.0,0.0,2012.0,0,0.0,0.0,None,2015,3,9,11,1,Monday
87,1,2015-03-09,7122,601,1,1,0,0,a,a,1500.0,0.0,0.0,0,0.0,0.0,None,2015,3,9,11,1,Monday
88,1,2015-03-09,2876,463,1,0,0,0,d,c,3000.0,3.0,2012.0,1,31.0,2009.0,"Feb,May,Aug,Nov",2015,3,9,11,1,Monday
89,1,2015-03-09,11058,943,1,0,0,0,d,a,1500.0,9.0,0.0,1,31.0,2015.0,"Feb,May,Aug,Nov",2015,3,9,11,1,Monday
90,1,2015-03-09,8483,893,1,0,0,0,d,c,1500.0,0.0,0.0,0,0.0,0.0,None,2015,3,9,11,1,Monday
91,1,2015-03-09,5706,752,1,0,0,0,a,c,1500.0,3.0,2008.0,0,0.0,0.0,None,2015,3,9,11,1,Monday
92,1,2015-03-09,10086,884,1,0,0,0,d,c,120.0,3.0,0.0,1,31.0,2009.0,"Feb,May,Aug,Nov",2015,3,9,11,1,Monday
93,1,2015-03-09,10576,990,1,0,0,1,d,a,120.0,5.0,2005.0,0,0.0,0.0,None,2015,3,9,11,1,Monday
94,1,2015-03-09,9241,895,1,0,0,1,c,a,500.0,11.0,2005.0,0,0.0,0.0,None,2015,3,9,11,1,Monday
95,1,2015-03-09,12208,1106,1,0,0,1,a,c,500.0,11.0,2005.0,1,31.0,2009.0,"Feb,May,Aug,Nov",2015,3,9,11,1,Monday
96,1,2015-03-09,8054,830,1,1,0,0,d,c,500.0,7.0,2005.0,1,10.0,2009.0,"Feb,May,Aug,Nov",2015,3,9,11,1,Monday
97,1,2015-03-09,6058,610,1,0,0,0,c,a,120.0,0.0,2008.0,0,0.0,0.0,None,2015,3,9,11,1,Monday
98,1,2015-03-09,8441,754,1,0,0,0,c,a,500.0,3.0,2008.0,1,10.0,2009.0,"Feb,May,Aug,Nov",2015,3,9,11,1,Monday
99,1,2015-03-09,6295,812,1,0,0,0,a,c,500.0,1.0,2012.0,0,0.0,0.0,None,2015,3,9,11,1,Monday
100,1,2015-03-09,7079,832,1,1,0,0,b,c,500.0,9.0,2005.0,0,0.0,0.0,None,2015,3,9,11,1,Monday
1,2,2015-03-10,4667,511,1,1,0,1,a,c,3000.0,7.0,2012.0,0,0.0,0.0,None,2015,3,10,11,1,Tuesday
2,2,2015-03-10,9747,982,1,0,0,0,a,a,7500.0,5.0,2008.0,0,0.0,0.0,None,2015,3,10,11,1,Tuesday
3,2,2015-03-10,2991,391,1,0,0,1,d,c,500.0,5.0,2012.0,1,10.0,2011.0,"Jan,Apr,Jul,Oct",2015,3,10,11,1,Tuesday
4,2,2015-03-10,10678,979,1,1,0,0,a,a,1500.0,1.0,2010.0,1,40.0,2011.0,"Mar,Jun,Sept,Dec",2015,3,10,11,1,Tuesday
5,2,2015-03-10,4385,534,1,0,0,0,c,a,15000.0,0.0,2008.0,1,31.0,2009.0,"Mar,Jun,Sept,Dec",2015,3,10,11,1,Tuesday
6,2,2015-03-10,10385,1194,1,1,0,0,a,c,1500.0,1.0,0.0,0,0.0,0.0,None,2015,3,10,11,1,Tuesday
7,2,2015-03-10,5930,553,1,0,0,1,a,a,1500.0,5.0,2012.0,1,14.0,2011.0,"Jan,Apr,Jul,Oct",2015,3,10,11,1,Tuesday
8,2,2015-03-10,6520,1026,1,0,0,0,a,c,500.0,9.0,2014.0,1,40.0,2009.0,"Mar,Jun,Sept,Dec",2015,3,10,11,1,Tuesday
9,2,2015-03-10,7913,746,1,0,0,0,d,a,500.0,5.0,2014.0,1,40.0,2013.0,"Jan,Apr,Jul,Oct",2015,3,10,11,1,Tuesday
10,2,2015-03-10,10490,802,1,1,0,1,d,c,3000.0,11.0,2012.0,1,1.0,2015.0,"Jan,Apr,Jul,Oct",2015,3,10,11,1,Tuesday
11,2,2015-03-10,8204,1093,1,1,0,0,a,c,120.0,11.0,0.0,1,22.0,2015.0,"Mar,Jun,Sept,Dec",2015,3,10,11,1,Tuesday
12,2,2015-03-10,5409,489,1,1,0,0,d,c,3000.0,0.0,2008.0,0,0.0,0.0,None,2015,3,10,11,1,Tuesday
13,2,2015-03-10,4877,689,1,0,0,0,a,a,7500.0,5.0,2005.0,0,0.0,0.0,None,2015,3,10,11,1,Tuesday
14,2,2015-03-10,8386,863,1,0,0,0,a,c,1500.0,5.0,2014.0,1,1.0,2013.0,"Jan,Apr,Jul,Oct",2015,3,10,11,1,Tuesday
15,2,2015-03-10,7195,906,1,1,0,0,d,c,3000.0,11.0,2014.0,1,1.0,2013.0,"Mar,Jun,Sept,Dec",2015,3,10,11,1,Tuesday
16,2,2015-03-10,6419,867,1,1,0,0,a,a,500.0,11.0,0.0,0,0.0,0.0,None,2015,3,10,11,1,Tuesday
17,2,2015-03-10,7314,604,1,1,0,0,a,c,500.0,7.0,2008.0,0,0.0,0.0,None,2015,3,10,11,1,Tuesday
18,2,2015-03-10,5543,729,1,0,0,0,d,c,1500.0,5.0,2005.0,1,40.0,2009.0,"Jan,Apr,Jul,Oct",2015,3,10,11,1,Tuesday
19,2,2015-03-10,5916,812,1,0,0,0,d,c,120.0,9.0,2014.0,1,10.0,2013.0,"Jan,Apr,Jul,Oct",2015,3,10,11,1,Tuesday
20,2,2015-03-10,7701,659,1,0,0,0,a,a,500.0,9.0,0.0,1,1.0,2013.0,"Mar,Jun,Sept,Dec",2015,3,10,11,1,Tuesday
21,2,2015-03-10,9115,798,1,0,0,0,a,c,1500.0,0.0,2008.0,0,0.0,0.0,None,2015,3,10,11,1,Tuesday
22,2,2015-03-10,7167,657,1,1,0,0,a,a,500.0,0.0,2010.0,0,0.0,0.0,None,2015,3,10,11,1,Tuesday
23,2,2015-03-10,5941,922,1,0,0,0,d,c,500.0,1.0,2008.0,0,0.0,0.0,None,2015,3,10,11,1,Tuesday
24,2,2015-03-10,5916,446,1,1,0,0,a,a,1500.0,1.0,2010.0,0,0.0,0.0,None,2015,3,10,11,1,Tuesday
25,2,2015-03-10,6586,705,1,1,0,0,a,c,500.0,1.0,2012.0,0,0.0,0.0,None,2015,3,10,11,1,Tuesday
26,2,2015-03-10,6497,514,1,1,0,0,d,a,1500.0,3.0,2008.0,0,0.0,0.0,None,2015,3,10,11,1,Tuesday
27,2,2015-03-10,12505,956,1,1,0,0,d,a,15000.0,9.0,2008.0,1,1.0,2009.0,"Mar,Jun,Sept,Dec",2015,3,10,11,1,Tuesday
28,2,2015-03-10,4410,737,1,0,0,1,a,a,1500.0,3.0,2010.0,0,0.0,0.0,None,2015,3,10,11,1,Tuesday
29,2,2015-03-10,11816,1076,1,0,0,0,a,a,1500.0,5.0,0.0,1,10.0,2015.0,"Jan,Apr,Jul,Oct",2015,3,10,11,1,Tuesday
30,2,2015-03-10,5099,470,1,0,0,0,c,c,500.0,11.0,2014.0,1,22.0,2015.0,"Feb,May,Aug,Nov",2015,3,10,11,1,Tuesday
31,2,2015-03-10,11968,1030,1,1,0,0,d,c,500.0,0.0,2014.0,1,31.0,2015.0,"Mar,Jun,Sept,Dec",2015,3,10,11,1,Tuesday
32,2,2015-03-10,9160,1008,1,0,0,0,a,a,3000.0,3.0,2010.0,1,1.0,2015.0,"Mar,Jun,Sept,Dec",2015,3,10,11,1,Tuesday
33,2,2015-03-10,12258,1122,1,1,0,0,d,c,1500.0,9.0,2008.0,0,0.0,0.0,None,2015,3,10,11,1,Tuesday
34,2,2015-03-10,4471,305,1,1,0,0,d,c,500.0,9.0,2005.0,0,0.0,0.0,None,2015,3,10,11,1,Tuesday
35,2,2015-03-10,3669,526,1,1,0,1,a,c,120.0,5.0,0.0,1,22.0,2015.0,"Mar,Jun,Sept,Dec",2015,3,10,11,1,Tuesday
36,2,2015-03-10,3798,596,1,0,0,1,d,a,1500.0,3.0,2008.0,1,40.0,2011.0,"Feb,May,Aug,Nov",2015,3,10,11,1,Tuesday
37,2,2015-03-10,9887,882,1,1,0,0,d,a,7500.0,3.0,2008.0,1,40.0,2009.0,"Mar,Jun,Sept,Dec",2015,3,10,11,1,Tuesday
38,2,2015-03-10,10123,884,1,1,0,0,a,a,3000.0,3.0,2010.0,0,0.0,0.0,None,2015,3,10,11,1,Tuesday
39,2,2015-03-10,5022,844,1,0,0,0,c,a,7500.0,7.0,2014.0,1,14.0,2015.0,"Jan,Apr,Jul,Oct",2015,3,10,11,1,Tuesday
40,2,2015-03-10,5909,737,1,1,0,0,d,a,1500.0,11.0,2008.0,1,22.0,2013.0,"Jan,Apr,Jul,Oct",2015,3,10,11,1,Tuesday
41,2,2015-03-10,0,0,0,0,0,1,a,c,500.0,1.0,0.0,0,0.0,0.0,None,2015,3,10,11,1,Tuesday
42,2,2015-03-10,11048,943,1,0,0,0,d,c,120.0,1.0,2014.0,0,0.0,0.0,None,2015,3,10,11,1,Tuesday
43,2,2015-03-10,5351,654,1,0,0,0,a,a,500.0,0.0,0.0,1,31.0,2011.0,"Mar,Jun,Sept,Dec",2015,3,10,11,1,Tuesday
44,2,2015-03-10,8937,931,1,0,0,1,a,a,1500.0,5.0,2005.0,0,0.0,0.0,None,2015,3,10,11,1,Tuesday
45,2,2015-03-10,3115,331,1,1,0,0,c,a,120.0,9.0,2014.0,1,22.0,2011.0,"Feb,May,Aug,Nov",2015,3,10,11,1,Tuesday
46,2,2015-03-10,2188,370,1,0,0,1,a,c,500.0,1.0,2014.0,0,0.0,0.0,None,2015,3,10,11,1,Tuesday
47,2,2015-03-10,7256,1135,1,0,0,0,c,a,1500.0,0.0,0.0,1,40.0,2013.0,"Jan,Apr,Jul,Oct",2015,3,10,11,1,Tuesday
48,2,2015-03-10,3252,506,1,0,0,0,a,c,500.0,7.0,2010.0,1,22.0,2011.0,"Mar,Jun,Sept,Dec",2015,3,10,11,1,Tuesday
49,2,2015-03-10,3883,317,1,1,0,1,d,a,120.0,1.0,2010.0,1,14.0,2009.0,"Mar,Jun,Sept,Dec",2015,3,10,11,1,Tuesday
50,2,2015-03-10,5512,479,1,0,0,0,a,c,500.0,1.0,2012.0,0,0.0,0.0,None,2015,3,10,11,1,Tuesday
51,2,2015-03-10,6946,591,1,1,0,1,a,c,120.0,1.0,0.0,0,0.0,0.0,None,2015,3,10,11,1,Tuesday
52,2,2015-03-10,4657,329,1,1,0,1,a,a,120.0,7.0,2012.0,1,31.0,2013.0,"Mar,Jun,Sept,Dec",2015,3,10,11,1,Tuesday
53,2,2015-03-10,11443,938,1,1,0,1,a,c,1500.0,0.0,0.0,1,14.0,2009.0,"Feb,May,Aug,Nov",2015,3,10,11,1,Tuesday
54,2,2015-03-10,5170,613,1,1,0,0,a,a,1500.0,0.0,0.0,0,0.0,0.0,None,2015,3,10,11,1,Tuesday
55,2,2015-03-10,8317,865,1,1,0,0,d,c,1500.0,1.0,2005.0,1,22.0,2009.0,"Feb,May,Aug,Nov",2015,3,10,11,1,Tuesday
56,2,2015-03-10,3331,336,1,0,0,0,a,a,1500.0,7.0,2010.0,0,0.0,0.0,None,2015,3,10,11,1,Tuesday
57,2,2015-03-10,3635,442,1,0,0,0,a,c,1500.0,0.0,2012.0,1,10.0,2009.0,"Mar,Jun,Sept,Dec",2015,3,10,11,1,Tuesday
58,2,2015-03-10,5844,687,1,0,0,0,d,c,1500.0,0.0,0.0,1,14.0,2009.0,"Mar,Jun,Sept,Dec",2015,3,10,11,1,Tuesday
59,2,2015-03-10,10729,1047,1,1,0,0,d,c,500.0,7.0,2012.0,0,0.0,0.0,None,2015,3,10,11,1,Tuesday
60,2,2015-03-10,5337,496,1,0,0,0,a,a,1500.0,11.0,0.0,1,31.0,2011.0,"Feb,May,Aug,Nov",2015,3,10,11,1,Tuesday
61,2,2015-03-10,5578,539,1,0,0,1,a,c,500.0,5.0,2005.0,1,31.0,2013.0,"Jan,Apr,Jul,Oct",2015,3,10,11,1,Tuesday
62,2,2015-03-10,4200,432,1,1,0,1,a,a,15000.0,5.0,2005.0,0,0.0,0.0,None,2015,3,10,11,1,Tuesday
63,2,2015-03-10,4370,397,1,0,0,0,c,c,3000.0,5.0,2005.0,0,0.0,0.0,None,2015,3,10,11,1,Tuesday
64,2,2015-03-10,4779,431,1,0,0,0,c,c,1500.0,5.0,0.0,1,1.0,2013.0,"Jan,Apr,Jul,Oct",2015,3,10,11,1,Tuesday
65,2,2015-03-10,10013,1017,1,1,0,0,a,c,1500.0,0.0,2014.0,0,0.0,0.0,None,2015,3,10,11,1,Tuesday
66,2,2015-03-10,5809,893,1,0,0,0,a,a,15000.0,3.0,2010.0,0,0.0,0.0,None,2015,3,10,11,1,Tuesday
67,2,2015-03-10,7871,726,1,0,0,0,d,c,1500.0,1.0,2012.0,0,0.0,0.0,None,2015,3,10,11,1,Tuesday
68,2,2015-03-10,8645,990,1,1,0,0,c,c,500.0,7.0,0.0,0,0.0,0.0,None,2015,3,10,11,1,Tuesday
69,2,2015-03-10,10054,1098,1,0,0,0,d,c,15000.0,1.0,2012.0,1,31.0,2013.0,"Mar,Jun,Sept,Dec",2015,3,10,11,1,Tuesday
70,2,2015-03-10,2387,358,1,0,0,0,a,a,3000.0,5.0,0.0,0,0.0,0.0,None,2015,3,10,11,1,Tuesday
71,2,2015-03-10,5906,730,1,0,0,0,a,c,120.0,1.0,2008.0,1,31.0,2009.0,"Jan,Apr,Jul,Oct",2015,3,10,11,1,Tuesday
72,2,2015-03-10,12400,1052,1,0,0,0,a,c,7500.0,9.0,2010.0,0,0.0,0.0,None,2015,3,10,11,1,Tuesday
73,2,2015-03-10,6760,870,1,0,0,0,d,c,500.0,5.0,2008.0,1,40.0,2013.0,"Mar,Jun,Sept,Dec",2015,3,10,11,1,Tuesday
74,2,2015-03-10,3603,323,1,0,0,1,a,a,500.0,7.0,2012.0,0,0.0,0.0,None,2015,3,10,11,1,Tuesday
75,2,2015-03-10,4783,488,1,0,0,0,c,c,3000.0,11.0,0.0,1,14.0,2009.0,"Feb,May,Aug,Nov",2015,3,10,11,1,Tuesday
76,2,2015-03-10,7126,803,1,0,0,0,a,a,120.0,0.0,2014.0,0,0.0,0.0,None,2015,3,10,11,1,Tuesday
77,2,2015-03-10,7724,969,1,1,0,0,d,c,1500.0,11.0,2012.0,0,0.0,0.0,None,2015,3,10,11,1,Tuesday
78,2,2015-03-10,8775,1014,1,0,0,0,d,c,500.0,3.0,2010.0,0,0.0,0.0,None,2015,3,10,11,1,Tuesday
79,2,2015-03-10,8448,750,1,0,0,0,a,a,500.0,0.0,2012.0,1,14.0,2015.0,"Mar,Jun,Sept,Dec",2015,3,10,11,1,Tuesday
80,2,2015-03-10,3978,420,1,1,0,0,a,a,15000.0,9.0,2010.0,0,0.0,0.0,None,2015,3,10,11,1,Tuesday
81,2,2015-03-10,5419,978,1,0,0,0,a,a,1500.0,1.0,2010.0,1,22.0,2009.0,"Jan,Apr,Jul,Oct",2015,3,10,11,1,Tuesday
82,2,2015-03-10,8683,629,1,1,0,1,a,a,1500.0,0.0,0.0,0,0.0,0.0,None,2015,3,10,11,1,Tuesday
83,2,2015-03-10,8306,838,1,0,0,0,a,c,500.0,7.0,2014.0,0,0.0,0.0,None,2015,3,10,11,1,Tuesday
84,2,2015-03-10,3924,342,1,1,0,0,d,a,1500.0,0.0,2005.0,0,0.0,0.0,None,2015,3,10,11,1,Tuesday
85,2,2015-03-10,2220,347,1,0,0,0,d,c,120.0,0.0,2014.0,1,1.0,2013.0,"Jan,Apr,Jul,Oct",2015,3,10,11,1,Tuesday
86,2,2015-03-10,4162,565,1,0,0,0,d,a,3000.0,0.0,2012.0,0,0.0,0.0,None,2015,3,10,11,1,Tuesday
87,2,2015-03-10,5543,785,1,0,0,1,a,a,1500.0,0.0,0.0,0,0.0,0.0,None,2015,3,10,11,1,Tuesday
88,2,2015-03-10,5971,503,1,0,0,0,d,c,3000.0,3.0,2012.0,1,31.0,2009.0,"Feb,May,Aug,Nov",2015,3,10,11,1,Tuesday
89,2,2015-03-10,3663,642,1,0,0,0,d,a,1500.0,9.0,0.0,1,31.0,2015.0,"Feb,May,Aug,Nov",2015,3,10,11,1,Tuesday
90,2,2015-03-10,9508,1040,1,0,0,0,d,c,1500.0,0.0,0.0,0,0.0,0.0,None,2015,3,10,11,1,Tuesday
91,2,2015-03-10,4153,523,1,0,0,1,a,c,1500.0,3.0,2008.0,0,0.0,0.0,None,2015,3,10,11,1,Tuesday
92,2,2015-03-10,7502,667,1,1,0,1,d,c,120.0,3.0,0.0,1,31.0,2009.0,"Feb,May,Aug,Nov",2015,3,10,11,1,Tuesday
93,2,2015-03-10,6712,1009,1,0,0,0,d,a,120.0,5.0,2005.0,0,0.0,0.0,None,2015,3,10,11,1,Tuesday
94,2,2015-03-10,4291,658,1,0,0,1,c,a,500.0,11.0,2005.0,0,0.0,0.0,None,2015,3,10,11,1,Tuesday
95,2,2015-03-10,4385,599,1,0,0,0,a,c,500.0,11.0,2005.0,1,31.0,2009.0,"Feb,May,Aug,Nov",2015,3,10,11,1,Tuesday
96,2,2015-03-10,11146,1040,1,0,0,0,d,c,500.0,7.0,2005.0,1,10.0,2009.0,"Feb,May,Aug,Nov",2015,3,10,11,1,Tuesday
97,2,2015-03-10,4951,530,1,1,0,0,c,a,120.0,0.0,2008.0,0,0.0,0.0,None,2015,3,10,11,1,Tuesday
98,2,2015-03-10,4650,406,1,0,0,1,c,a,500.0,3.0,2008.0,1,10.0,2009.0,"Feb,May,Aug,Nov",2015,3,10,11,1,Tuesday
99,2,2015-03-10,9009,1099,1,0,0,0,a,c,500.0,1.0,2012.0,0,0.0,0.0,None,2015,3,10,11,1,Tuesday
100,2,2015-03-10,11135,1019,1,1,0,0,b,c,500.0,9.0,2005.0,0,0.0,0.0,None,2015,3,10,11,1,Tuesday
1,3,2015-03-11,2435,351,1,0,0,0,a,c,3000.0,7.0,2012.0,0,0.0,0.0,None,2015,3,11,11,1,Wednesday
2,3,2015-03-11,4924,569,1,0,0,0,a,a,7500.0,5.0,2008.0,0,0.0,0.0,None,2015,3,11,11,1,Wednesday
3,3,2015-03-11,5834,731,1,1,0,0,d,c,500.0,5.0,2012.0,1,10.0,2011.0,"Jan,Apr,Jul,Oct",2015,3,11,11,1,Wednesday
4,3,2015-03-11,6694,775,1,0,0,1,a,a,1500.0,1.0,2010.0,1,40.0,2011.0,"Mar,Jun,Sept,Dec",2015,3,11,11,1,Wednesday
5,3,2015-03-11,5985,1067,1,0,0,0,c,a,15000.0,0.0,2008.0,1,31.0,2009.0,"Mar,Jun,Sept,Dec",2015,3,11,11,1,Wednesday
6,3,2015-03-11,12312,1176,1,0,0,1,a,c,1500.0,1.0,0.0,0,0.0,0.0,None,2015,3,11,11,1,Wednesday
7,3,2015-03-11,6560,589,1,0,0,0,a,a,1500.0,5.0,2012.0,1,14.0,2011.0,"Jan,Apr,Jul,Oct",2015,3,11,11,1,Wednesday
8,3,2015-03-11,11993,1060,1,1,0,0,a,c,500.0,9.0,2014.0,1,40.0,2009.0,"Mar,Jun,Sept,Dec",2015,3,11,11,1,Wednesday
9,3,2015-03-11,4797,425,1,0,0,1,d,a,500.0,5.0,2014.0,1,40.0,2013.0,"Jan,Apr,Jul,Oct",2015,3,11,11,1,Wednesday
10,3,2015-03-11,6903,636,1,0,0,0,d,c,3000.0,11.0,2012.0,1,1.0,2015.0,"Jan,Apr,Jul,Oct",2015,3,11,11,1,Wednesday
11,3,2015-03-11,9613,969,1,1,0,0,a,c,120.0,11.0,0.0,1,22.0,2015.0,"Mar,Jun,Sept,Dec",2015,3,11,11,1,Wednesday
12,3,2015-03-11,11679,1158,1,1,0,0,d,c,3000.0,0.0,2008.0,0,0.0,0.0,None,2015,3,11,11,1,Wednesday
13,3,2015-03-11,2247,405,1,0,0,1,a,a,7500.0,5.0,2005.0,0,0.0,0.0,None,2015,3,11,11,1,Wednesday
14,3,2015-03-11,4458,637,1,0,0,0,a,c,1500.0,5.0,2014.0,1,1.0,2013.0,"Jan,Apr,Jul,Oct",2015,3,11,11,1,Wednesday
15,3,2015-03-11,12521,1196,1,0,0,0,d,c,3000.0,11.0,2014.0,1,1.0,2013.0,"Mar,Jun,Sept,Dec",2015,3,11,11,1,Wednesday
16,3,2015-03-11,10727,1008,1,0,0,0,a,a,500.0,11.0,0.0,0,0.0,0.0,None,2015,3,11,11,1,Wednesday
17,3,2015-03-11,5052,474,1,1,0,0,a,c,500.0,7.0,2008.0,0,0.0,0.0,None,2015,3,11,11,1,Wednesday
18,3,2015-03-11,4302,340,1,1,0,1,d,c,1500.0,5.0,2005.0,1,40.0,2009.0,"Jan,Apr,Jul,Oct",2015,3,11,11,1,Wednesday
19,3,2015-03-11,2855,502,1,0,0,1,d,c,120.0,9.0,2014.0,1,10.0,2013.0,"Jan,Apr,Jul,Oct",2015,3,11,11,1,Wednesday
20,3,2015-03-11,0,0,0,0,0,1,a,a,500.0,9.0,0.0,1,1.0,2013.0,"Mar,Jun,Sept,Dec",2015,3,11,11,1,Wednesday
21,3,2015-03-11,9948,951,1,0,0,0,a,c,1500.0,0.0,2008.0,0,0.0,0.0,None,2015,3,11,11,1,Wednesday
22,3,2015-03-11,5086,423,1,1,0,0,a,a,500.0,0.0,2010.0,0,0.0,0.0,None,2015,3,11,11,1,Wednesday
23,3,2015-03-11,11563,1070,1,0,0,0,d,c,500.0,1.0,2008.0,0,0.0,0.0,None,2015,3,11,11,1,Wednesday
24,3,2015-03-11,3564,459,1,0,0,0,a,a,1500.0,1.0,2010.0,0,0.0,0.0,None,2015,3,11,11,1,Wednesday
25,3,2015-03-11,5874,557,1,1,0,0,a,c,500.0,1.0,2012.0,0,0.0,0.0,None,2015,3,11,11,1,Wednesday
26,3,2015-03-11,7855,929,1,1,0,0,d,a,1500.0,3.0,2008.0,0,0.0,0.0,None,2015,3,11,11,1,Wednesday
27,3,2015-03-11,9789,1042,1,1,0,0,d,a,15000.0,9.0,2008.0,1,1.0,2009.0,"Mar,Jun,Sept,Dec",2015,3,11,11,1,Wednesday
28,3,2015-03-11,5184,930,1,0,0,0,a,a,1500.0,3.0,2010.0,0,0.0,0.0,None,2015,3,11,11,1,Wednesday
29,3,2015-03-11,7822,857,1,1,0,0,a,a,1500.0,5.0,0.0,1,10.0,2015.0,"Jan,Apr,Jul,Oct",2015,3,11,11,1,Wednesday
30,3,2015-03-11,5190,617,1,0,0,0,c,c,500.0,11.0,2014.0,1,22.0,2015.0,"Feb,May,Aug,Nov",2015,3,11,11,1,Wednesday
31,3,2015-03-11,8072,697,1,0,0,0,d,c,500.0,0.0,2014.0,1,31.0,2015.0,"Mar,Jun,Sept,Dec",2015,3,11,11,1,Wednesday
32,3,2015-03-11,7448,572,1,1,0,0,a,a,3000.0,3.0,2010.0,1,1.0,2015.0,"Mar,Jun,Sept,Dec",2015,3,11,11,1,Wednesday
33,3,2015-03-11,3399,472,1,0,0,1,d,c,1500.0,9.0,2008.0,0,0.0,0.0,None,2015,3,11,11,1,Wednesday
34,3,2015-03-11,7742,619,1,1,0,0,d,c,500.0,9.0,2005.0,0,0.0,0.0,None,2015,3,11,11,1,Wednesday
35,3,2015-03-11,4885,678,1,1,0,0,a,c,120.0,5.0,0.0,1,22.0,2015.0,"Mar,Jun,Sept,Dec",2015,3,11,11,1,Wednesday
36,3,2015-03-11,6874,590,1,0,0,0,d,a,1500.0,3.0,2008.0,1,40.0,2011.0,"Feb,May,Aug,Nov",2015,3,11,11,1,Wednesday
37,3,2015-03-11,11126,1041,1,1,0,0,d,a,7500.0,3.0,2008.0,1,40.0,2009.0,"Mar,Jun,Sept,Dec",2015,3,11,11,1,Wednesday
38,3,2015-03-11,6250,605,1,1,0,0,a,a,3000.0,3.0,2010.0,0,0.0,0.0,None,2015,3,11,11,1,Wednesday
39,3,2015-03-11,5634,584,1,1,0,0,c,a,7500.0,7.0,2014.0,1,14.0,2015.0,"Jan,Apr,Jul,Oct",2015,3,11,11,1,Wednesday
40,3,2015-03-11,3710,441,1,0,0,0,d,a,1500.0,11.0,2008.0,1,22.0,2013.0,"Jan,Apr,Jul,Oct",2015,3,11,11,1,Wednesday
41,3,2015-03-11,4810,338,1,1,0,1,a,c,500.0,1.0,0.0,0,0.0,0.0,None,2015,3,11,11,1,Wednesday
42,3,2015-03-11,9218,735,1,1,0,1,d,c,120.0,1.0,2014.0,0,0.0,0.0,None,2015,3,11,11,1,Wednesday
43,3,2015-03-11,10076,988,1,1,0,0,a,a,500.0,0.0,0.0,1,31.0,2011.0,"Mar,Jun,Sept,Dec",2015,3,11,11,1,Wednesday
44,3,2015-03-11,13792,1177,1,1,0,0,a,a,1500.0,5.0,2005.0,0,0.0,0.0,None,2015,3,11,11,1,Wednesday
45,3,2015-03-11,8404,1003,1,0,0,0,c,a,120.0,9.0,2014.0,1,22.0,2011.0,"Feb,May,Aug,Nov",2015,3,11,11,1,Wednesday
46,3,2015-03-11,4285,751,1,0,0,0,a,c,500.0,1.0,2014.0,0,0.0,0.0,None,2015,3,11,11,1,Wednesday
47,3,2015-03-11,3538,499,1,0,0,0,c,a,1500.0,0.0,0.0,1,40.0,2013.0,"Jan,Apr,Jul,Oct",2015,3,11,11,1,Wednesday
48,3,2015-03-11,3088,358,1,1,0,0,a,c,500.0,7.0,2010.0,1,22.0,2011.0,"Mar,Jun,Sept,Dec",2015,3,11,11,1,Wednesday
49,3,2015-03-11,6949,764,1,0,0,1,d,a,120.0,1.0,2010.0,1,14.0,2009.0,"Mar,Jun,Sept,Dec",2015,3,11,11,1,Wednesday
50,3,2015-03-11,9657,791,1,1,0,0,a,c,500.0,1.0,2012.0,0,0.0,0.0,None,2015,3,11,11,1,Wednesday
51,3,2015-03-11,7867,666,1,1,0,0,a,c,120.0,1.0,0.0,0,0.0,0.0,None,2015,3,11,11,1,Wednesday
52,3,2015-03-11,8653,1075,1,1,0,0,a,a,120.0,7.0,2012.0,1,31.0,2013.0,"Mar,Jun,Sept,Dec",2015,3,11,11,1,Wednesday
53,3,2015-03-11,6921,878,1,0,0,0,a,c,1500.0,0.0,0.0,1,14.0,2009.0,"Feb,May,Aug,Nov",2015,3,11,11,1,Wednesday
54,3,2015-03-11,8284,679,1,1,0,0,a,a,1500.0,0.0,0.0,0,0.0,0.0,None,2015,3,11,11,1,Wednesday
55,3,2015-03-11,3326,509,1,0,0,0,d,c,1500.0,1.0,2005.0,1,22.0,2009.0,"Feb,May,Aug,Nov",2015,3,11,11,1,Wednesday
56,3,2015-03-11,7038,513,1,1,0,0,a,a,1500.0,7.0,2010.0,0,0.0,0.0,None,2015,3,11,11,1,Wednesday
57,3,2015-03-11,2871,319,1,0,0,1,a,c,1500.0,0.0,2012.0,1,10.0,2009.0,"Mar,Jun,Sept,Dec",2015,3,11,11,1,Wednesday
58,3,2015-03-11,6650,618,1,1,0,0,d,c,1500.0,0.0,0.0,1,14.0,2009.0,"Mar,Jun,Sept,Dec",2015,3,11,11,1,Wednesday
59,3,2015-03-11,6882,761,1,1,0,0,d,c,500.0,7.0,2012.0,0,0.0,0.0,None,2015,3,11,11,1,Wednesday
60,3,2015-03-11,5002,644,1,0,0,0,a,a,1500.0,11.0,0.0,1,31.0,2011.0,"Feb,May,Aug,Nov",2015,3,11,11,1,Wednesday
61,3,2015-03-11,13694,1195,1,1,0,0,a,c,500.0,5.0,2005.0,1,31.0,2013.0,"Jan,Apr,Jul,Oct",2015,3,11,11,1,Wednesday
62,3,2015-03-11,6356,789,1,0,0,0,a,a,15000.0,5.0,2005.0,0,0.0,0.0,None,2015,3,11,11,1,Wednesday
63,3,2015-03-11,7513,802,1,0,0,0,c,c,3000.0,5.0,2005.0,0,0.0,0.0,None,2015,3,11,11,1,Wednesday
64,3,2015-03-11,7053,969,1,0,0,0,c,c,1500.0,5.0,0.0,1,1.0,2013.0,"Jan,Apr,Jul,Oct",2015,3,11,11,1,Wednesday
65,3,2015-03-11,7677,884,1,1,0,1,a,c,1500.0,0.0,2014.0,0,0.0,0.0,None,2015,3,11,11,1,Wednesday
66,3,2015-03-11,6813,906,1,0,0,0,a,a,15000.0,3.0,2010.0,0,0.0,0.0,None,2015,3,11,11,1,Wednesday
67,3,2015-03-11,8951,752,1,0,0,0,d,c,1500.0,1.0,2012.0,0,0.0,0.0,None,2015,3,11,11,1,Wednesday
68,3,2015-03-11,3599,466,1,1,0,1,c,c,500.0,7.0,0.0,0,0.0,0.0,None,2015,3,11,11,1,Wednesday
69,3,2015-03-11,7686,761,1,0,0,0,d,c,15000.0,1.0,2012.0,1,31.0,2013.0,"Mar,Jun,Sept,Dec",2015,3,11,11,1,Wednesday
70,3,2015-03-11,6528,630,1,1,0,0,a,a,3000.0,5.0,0.0,0,0.0,0.0,None,2015,3,11,11,1,Wednesday
71,3,2015-03-11,4705,521,1,1,0,0,a,c,120.0,1.0,2008.0,1,31.0,2009.0,"Jan,Apr,Jul,Oct",2015,3,11,11,1,Wednesday
72,3,2015-03-11,5595,751,1,1,0,1,a,c,7500.0,9.0,2010.0,0,0.0,0.0,None,2015,3,11,11,1,Wednesday
73,3,2015-03-11,7313,962,1,1,0,0,d,c,500.0,5.0,2008.0,1,40.0,2013.0,"Mar,Jun,Sept,Dec",2015,3,11,11,1,Wednesday
74,3,2015-03-11,12758,1160,1,1,0,0,a,a,500.0,7.0,2012.0,0,0.0,0.0,None,2015,3,11,11,1,Wednesday
75,3,2015-03-11,8737,843,1,1,0,0,c,c,3000.0,11.0,0.0,1,14.0,2009.0,"Feb,May,Aug,Nov",2015,3,11,11,1,Wednesday
76,3,2015-03-11,5246,589,1,0,0,0,a,a,120.0,0.0,2014.0,0,0.0,0.0,None,2015,3,11,11,1,Wednesday
77,3,2015-03-11,7675,737,1,0,0,0,d,c,1500.0,11.0,2012.0,0,0.0,0.0,None,2015,3,11,11,1,Wednesday
78,3,2015-03-11,13284,1115,1,0,0,0,d,c,500.0,3.0,2010.0,0,0.0,0.0,None,2015,3,11,11,1,Wednesday
79,3,2015-03-11,12534,1026,1,1,0,0,a,a,500.0,0.0,2012.0,1,14.0,2015.0,"Mar,Jun,Sept,Dec",2015,3,11,11,1,Wednesday
80,3,2015-03-11,2550,461,1,0,0,1,a,a,15000.0,9.0,2010.0,0,0.0,0.0,None,2015,3,11,11,1,Wednesday
81,3,2015-03-11,3903,337,1,1,0,0,a,a,1500.0,1.0,2010.0,1,22.0,2009.0,"Jan,Apr,Jul,Oct",2015,3,11,11,1,Wednesday
82,3,2015-03-11,5898,665,1,0,0,0,a,a,1500.0,0.0,0.0,0,0.0,0.0,None,2015,3,11,11,1,Wednesday
83,3,2015-03-11,5758,595,1,1,0,0,a,c,500.0,7.0,2014.0,0,0.0,0.0,None,2015,3,11,11,1,Wednesday
84,3,2015-03-11,9611,914,1,1,0,0,d,a,1500.0,0.0,2005.0,0,0.0,0.0,None,2015,3,11,11,1,Wednesday
85,3,2015-03-11,13343,1147,1,1,0,0,d,c,120.0,0.0,2014.0,1,1.0,2013.0,"Jan,Apr,Jul,Oct",2015,3,11,11,1,Wednesday
86,3,2015-03-11,9566,1073,1,0,0,0,d,a,3000.0,0.0,2012.0,0,0.0,0.0,None,2015,3,11,11,1,Wednesday
87,3,2015-03-11,9971,1025,1,0,0,0,a,a,1500.0,0.0,0.0,0,0.0,0.0,None,2015,3,11,11,1,Wednesday
88,3,2015-03-11,7237,1110,1,0,0,0,d,c,3000.0,3.0,2012.0,1,31.0,2009.0,"Feb,May,Aug,Nov",2015,3,11,11,1,Wednesday
89,3,2015-03-11,6312,593,1,0,0,0,d,a,1500.0,9.0,0.0,1,31.0,2015.0,"Feb,May,Aug,Nov",2015,3,11,11,1,Wednesday
90,3,2015-03-11,9826,1080,1,0,0,1,d,c,1500.0,0.0,0.0,0,0.0,0.0,None,2015,3,11,11,1,Wednesday
91,3,2015-03-11,4912,352,1,1,0,0,a,c,1500.0,3.0,2008.0,0,0.0,0.0,None,2015,3,11,11,1,Wednesday
92,3,2015-03-11,6894,678,1,1,0,0,d,c,120.0,3.0,0.0,1,31.0,2009.0,"Feb,May,Aug,Nov",2015,3,11,11,1,Wednesday
93,3,2015-03-11,10749,1062,1,0,0,0,d,a,120.0,5.0,2005.0,0,0.0,0.0,None,2015,3,11,11,1,Wednesday
94,3,2015-03-11,3024,420,1,0,0,0,c,a,500.0,11.0,2005.0,0,0.0,0.0,None,2015,3,11,11,1,Wednesday
95,3,2015-03-11,9926,919,1,1,0,0,a,c,500.0,11.0,2005.0,1,31.0,2009.0,"Feb,May,Aug,Nov",2015,3,11,11,1,Wednesday
96,3,2015-03-11,9177,1061,1,1,0,0,d,c,500.0,7.0,2005.0,1,10.0,2009.0,"Feb,May,Aug,Nov",2015,3,11,11,1,Wednesday
97,3,2015-03-11,4561,585,1,0,0,1,c,a,120.0,0.0,2008.0,0,0.0,0.0,None,2015,3,11,11,1,Wednesday
98,3,2015-03-11,6411,759,1,1,0,1,c,a,500.0,3.0,2008.0,1,10.0,2009.0,"Feb,May,Aug,Nov",2015,3,11,11,1,Wednesday
99,3,2015-03-11,8222,1054,1,1,0,1,a,c,500.0,1.0,2012.0,0,0.0,0.0,None,2015,3,11,11,1,Wednesday
100,3,2015-03-11,2187,341,1,0,0,0,b,c,500.0,9.0,2005.0,0,0.0,0.0,None,2015,3,11,11,1,Wednesday
1,4,2015-03-12,5993,519,1,0,0,0,a,c,3000.0,7.0,2012.0,0,0.0,0.0,None,2015,3,12,11,1,Thursday
2,4,2015-03-12,6860,783,1,0,0,1,a,a,7500.0,5.0,2008.0,0,0.0,0.0,None,2015,3,12,11,1,Thursday
3,4,2015-03-12,4771,826,1,0,0,0,d,c,500.0,5.0,2012.0,1,10.0,2011.0,"Jan,Apr,Jul,Oct",2015,3,12,11,1,Thursday
4,4,2015-03-12,6409,761,1,0,0,0,a,a,1500.0,1.0,2010.0,1,40.0,2011.0,"Mar,Jun,Sept,Dec",2015,3,12,11,1,Thursday
5,4,2015-03-12,6871,1064,1,1,0,0,c,a,15000.0,0.0,2008.0,1,31.0,2009.0,"Mar,Jun,Sept,Dec",2015,3,12,11,1,Thursday
6,4,2015-03-12,5624,747,1,0,0,0,a,c,1500.0,1.0,0.0,0,0.0,0.0,None,2015,3,12,11,1,Thursday
7,4,2015-03-12,7454,1154,1,0,0,0,a,a,1500.0,5.0,2012.0,1,14.0,2011.0,"Jan,Apr,Jul,Oct",2015,3,12,11,1,Thursday
8,4,2015-03-12,4490,497,1,0,0,0,a,c,500.0,9.0,2014.0,1,40.0,2009.0,"Mar,Jun,Sept,Dec",2015,3,12,11,1,Thursday
9,4,2015-03-12,6624,681,1,0,0,0,d,a,500.0,5.0,2014.0,1,40.0,2013.0,"Jan,Apr,Jul,Oct",2015,3,12,11,1,Thursday
10,4,2015-03-12,8062,720,1,0,0,0,d,c,3000.0,11.0,2012.0,1,1.0,2015.0,"Jan,Apr,Jul,Oct",2015,3,12,11,1,Thursday
11,4,2015-03-12,6498,724,1,0,0,1,a,c,120.0,11.0,0.0,1,22.0,2015.0,"Mar,Jun,Sept,Dec",2015,3,12,11,1,Thursday
12,4,2015-03-12,8188,777,1,1,0,1,d,c,3000.0,0.0,2008.0,0,0.0,0.0,None,2015,3,12,11,1,Thursday
13,4,2015-03-12,6689,737,1,0,0,1,a,a,7500.0,5.0,2005.0,0,0.0,0.0,None,2015,3,12,11,1,Thursday
14,4,2015-03-12,6191,650,1,1,0,0,a,c,1500.0,5.0,2014.0,1,1.0,2013.0,"Jan,Apr,Jul,Oct",2015,3,12,11,1,Thursday
15,4,2015-03-12,2784,410,1,0,0,1,d,c,3000.0,11.0,2014.0,1,1.0,2013.0,"Mar,Jun,Sept,Dec",2015,3,12,11,1,Thursday
16,4,2015-03-12,9466,903,1,1,0,0,a,a,500.0,11.0,0.0,0,0.0,0.0,None,2015,3,12,11,1,Thursday
17,4,2015-03-12,5968,628,1,1,0,0,a,c,500.0,7.0,2008.0,0,0.0,0.0,None,2015,3,12,11,1,Thursday
18,4,2015-03-12,4752,697,1,1,0,1,d,c,1500.0,5.0,2005.0,1,40.0,2009.0,"Jan,Apr,Jul,Oct",2015,3,12,11,1,Thursday
19,4,2015-03-12,2988,409,1,0,0,0,d,c,120.0,9.0,2014.0,1,10.0,2013.0,"Jan,Apr,Jul,Oct",2015,3,12,11,1,Thursday
20,4,2015-03-12,3736,615,1,0,0,1,a,a,500.0,9.0,0.0,1,1.0,2013.0,"Mar,Jun,Sept,Dec",2015,3,12,11,1,Thursday
21,4,2015-03-12,5444,675,1,0,0,1,a,c,1500.0,0.0,2008.0,0,0.0,0.0,None,2015,3,12,11,1,Thursday
22,4,2015-03-12,5221,657,1,1,0,0,a,a,500.0,0.0,2010.0,0,0.0,0.0,None,2015,3,12,11,1,Thursday
23,4,2015-03-12,4553,346,1,1,0,0,d,c,500.0,1.0,2008.0,0,0.0,0.0,None,2015,3,12,11,1,Thursday
24,4,2015-03-12,4388,737,1,0,0,1,a,a,1500.0,1.0,2010.0,0,0.0,0.0,None,2015,3,12,11,1,Thursday
25,4,2015-03-12,7831,1167,1,0,0,0,a,c,500.0,1.0,2012.0,0,0.0,0.0,None,2015,3,12,11,1,Thursday
26,4,2015-03-12,6329,866,1,1,0,0,d,a,1500.0,3.0,2008.0,0,0.0,0.0,None,2015,3,12,11,1,Thursday
27,4,2015-03-12,8199,837,1,1,0,0,d,a,15000.0,9.0,2008.0,1,1.0,2009.0,"Mar,Jun,Sept,Dec",2015,3,12,11,1,Thursday
28,4,2015-03-12,7319,812,1,0,0,0,a,a,1500.0,3.0,2010.0,0,0.0,0.0,None,2015,3,12,11,1,Thursday
29,4,2015-03-12,10490,851,1,1,0,0,a,a,1500.0,5.0,0.0,1,10.0,2015.0,"Jan,Apr,Jul,Oct",2015,3,12,11,1,Thursday
30,4,2015-03-12,9108,697,1,1,0,0,c,c,500.0,11.0,2014.0,1,22.0,2015.0,"Feb,May,Aug,Nov",2015,3,12,11,1,Thursday
31,4,2015-03-12,13385,1087,1,1,0,0,d,c,500.0,0.0,2014.0,1,31.0,2015.0,"Mar,Jun,Sept,Dec",2015,3,12,11,1,Thursday
32,4,2015-03-12,10207,1151,1,1,0,0,a,a,3000.0,3.0,2010.0,1,1.0,2015.0,"Mar,Jun,Sept,Dec",2015,3,12,11,1,Thursday
33,4,2015-03-12,6768,771,1,0,0,1,d,c,1500.0,9.0,2008.0,0,0.0,0.0,None,2015,3,12,11,1,Thursday
34,4,2015-03-12,2106,316,1,0,0,0,d,c,500.0,9.0,2005.0,0,0.0,0.0,None,2015,3,12,11,1,Thursday
35,4,2015-03-12,4717,305,1,1,0,0,a,c,120.0,5.0,0.0,1,22.0,2015.0,"Mar,Jun,Sept,Dec",2015,3,12,11,1,Thursday
36,4,2015-03-12,9284,1153,1,1,0,1,d,a,1500.0,3.0,2008.0,1,40.0,2011.0,"Feb,May,Aug,Nov",2015,3,12,11,1,Thursday
37,4,2015-03-12,2837,349,1,1,0,0,d,a,7500.0,3.0,2008.0,1,40.0,2009.0,"Mar,Jun,Sept,Dec",2015,3,12,11,1,Thursday
38,4,2015-03-12,11632,1155,1,0,0,0,a,a,3000.0,3.0,2010.0,0,0.0,0.0,None,2015,3,12,11,1,Thursday
39,4,2015-03-12,6324,488,1,1,0,0,c,a,7500.0,7.0,2014.0,1,14.0,2015.0,"Jan,Apr,Jul,Oct",2015,3,12,11,1,Thursday
40,4,2015-03-12,7745,1083,1,0,0,0,d,a,1500.0,11.0,2008.0,1,22.0,2013.0,"Jan,Apr,Jul,Oct",2015,3,12,11,1,Thursday
41,4,2015-03-12,12532,1076,1,0,0,0,a,c,500.0,1.0,0.0,0,0.0,0.0,None,2015,3,12,11,1,Thursday
42,4,2015-03-12,9579,834,1,1,0,1,d,c,120.0,1.0,2014.0,0,0.0,0.0,None,2015,3,12,11,1,Thursday
43,4,2015-03-12,9859,1186,1,0,0,0,a,a,500.0,0.0,0.0,1,31.0,2011.0,"Mar,Jun,Sept,Dec",2015,3,12,11,1,Thursday
44,4,2015-03-12,11311,922,1,1,0,0,a,a,1500.0,5.0,2005.0,0,0.0,0.0,None,2015,3,12,11,1,Thursday
45,4,2015-03-12,7257,1111,1,0,0,0,c,a,120.0,9.0,2014.0,1,22.0,2011.0,"Feb,May,Aug,Nov",2015,3,12,11,1,Thursday
46,4,2015-03-12,12499,1057,1,0,0,0,a,c,500.0,1.0,2014.0,0,0.0,0.0,None,2015,3,12,11,1,Thursday
47,4,2015-03-12,2104,330,1,0,0,0,c,a,1500.0,0.0,0.0,1,40.0,2013.0,"Jan,Apr,Jul,Oct",2015,3,12,11,1,Thursday
48,4,2015-03-12,0,0,0,0,0,0,a,c,500.0,7.0,2010.0,1,22.0,2011.0,"Mar,Jun,Sept,Dec",2015,3,12,11,1,Thursday
49,4,2015-03-12,6053,726,1,1,0,0,d,a,120.0,1.0,2010.0,1,14.0,2009.0,"Mar,Jun,Sept,Dec",2015,3,12,11,1,Thursday
50,4,2015-03-12,6078,905,1,0,0,0,a,c,500.0,1.0,2012.0,0,0.0,0.0,None,2015,3,12,11,1,Thursday
51,4,2015-03-12,5489,588,1,1,0,0,a,c,120.0,1.0,0.0,0,0.0,0.0,None,2015,3,12,11,1,Thursday
52,4,2015-03-12,2900,373,1,0,0,0,a,a,120.0,7.0,2012.0,1,31.0,2013.0,"Mar,Jun,Sept,Dec",2015,3,12,11,1,Thursday
53,4,2015-03-12,10822,1091,1,0,0,1,a,c,1500.0,0.0,0.0,1,14.0,2009.0,"Feb,May,Aug,Nov",2015,3,12,11,1,Thursday
54,4,2015-03-12,3545,370,1,1,0,0,a,a,1500.0,0.0,0.0,0,0.0,0.0,None,2015,3,12,11,1,Thursday
55,4,2015-03-12,12540,1128,1,0,0,0,d,c,1500.0,1.0,2005.0,1,22.0,2009.0,"Feb,May,Aug,Nov",2015,3,12,11,1,Thursday
56,4,2015-03-12,0,0,0,0,0,0,a,a,1500.0,7.0,2010.0,0,0.0,0.0,None,2015,3,12,11,1,Thursday
57,4,2015-03-12,10485,823,1,1,0,0,a,c,1500.0,0.0,2012.0,1,10.0,2009.0,"Mar,Jun,Sept,Dec",2015,3,12,11,1,Thursday
58,4,2015-03-12,6949,677,1,1,0,0,d,c,1500.0,0.0,0.0,1,14.0,2009.0,"Mar,Jun,Sept,Dec",2015,3,12,11,1,Thursday
59,4,2015-03-12,3935,540,1,0,0,1,d,c,500.0,7.0,2012.0,0,0.0,0.0,None,2015,3,12,11,1,Thursday
60,4,2015-03-12,4912,358,1,1,0,1,a,a,1500.0,11.0,0.0,1,31.0,2011.0,"Feb,May,Aug,Nov",2015,3,12,11,1,Thursday
61,4,2015-03-12,14089,1186,1,1,0,1,a,c,500.0,5.0,2005.0,1,31.0,2013.0,"Jan,Apr,Jul,Oct",2015,3,12,11,1,Thursday
62,4,2015-03-12,6553,806,1,0,0,0,a,a,15000.0,5.0,2005.0,0,0.0,0.0,None,2015,3,12,11,1,Thursday
63,4,2015-03-12,9868,967,1,1,0,0,c,c,3000.0,5.0,2005.0,0,0.0,0.0,None,2015,3,12,11,1,Thursday
64,4,2015-03-12,4123,378,1,0,0,0,c,c,1500.0,5.0,0.0,1,1.0,2013.0,"Jan,Apr,Jul,Oct",2015,3,12,11,1,Thursday
65,4,2015-03-12,11045,1077,1,0,0,0,a,c,1500.0,0.0,2014.0,0,0.0,0.0,None,2015,3,12,11,1,Thursday
66,4,2015-03-12,7984,1136,1,1,0,0,a,a,15000.0,3.0,2010.0,0,0.0,0.0,None,2015,3,12,11,1,Thursday
67,4,2015-03-12,5582,468,1,1,0,0,d,c,1500.0,1.0,2012.0,0,0.0,0.0,None,2015,3,12,11,1,Thursday
68,4,2015-03-12,9503,812,1,1,0,0,c,c,500.0,7.0,0.0,0,0.0,0.0,None,2015,3,12,11,1,Thursday
69,4,2015-03-12,6942,898,1,1,0,0,d,c,15000.0,1.0,2012.0,1,31.0,2013.0,"Mar,Jun,Sept,Dec",2015,3,12,11,1,Thursday
70,4,2015-03-12,10966,1143,1,0,0,0,a,a,3000.0,5.0,0.0,0,0.0,0.0,None,2015,3,12,11,1,Thursday
71,4,2015-03-12,4559,356,1,1,0,0,a,c,120.0,1.0,2008.0,1,31.0,2009.0,"Jan,Apr,Jul,Oct",2015,3,12,11,1,Thursday
72,4,2015-03-12,11735,1188,1,1,0,0,a,c,7500.0,9.0,2010.0,0,0.0,0.0,None,2015,3,12,11,1,Thursday
73,4,2015-03-12,5120,909,1,0,0,0,d,c,500.0,5.0,2008.0,1,40.0,2013.0,"Mar,Jun,Sept,Dec",2015,3,12,11,1,Thursday
74,4,2015-03-12,9535,1010,1,1,0,0,a,a,500.0,7.0,2012.0,0,0.0,0.0,None,2015,3,12,11,1,Thursday
75,4,2015-03-12,5072,773,1,0,0,0,c,c,3000.0,11.0,0.0,1,14.0,2009.0,"Feb,May,Aug,Nov",2015,3,12,11,1,Thursday
76,4,2015-03-12,4341,676,1,0,0,0,a,a,120.0,0.0,2014.0,0,0.0,0.0,None,2015,3,12,11,1,Thursday
77,4,2015-03-12,0,0,0,0,0,0,d,c,1500.0,11.0,2012.0,0,0.0,0.0,None,2015,3,12,11,1,Thursday
78,4,2015-03-12,10678,920,1,0,0,0,d,c,500.0,3.0,2010.0,0,0.0,0.0,None,2015,3,12,11,1,Thursday
79,4,2015-03-12,3885,427,1,1,0,0,a,a,500.0,0.0,2012.0,1,14.0,2015.0,"Mar,Jun,Sept,Dec",2015,3,12,11,1,Thursday
80,4,2015-03-12,10169,829,1,1,0,0,a,a,15000.0,9.0,2010.0,0,0.0,0.0,None,2015,3,12,11,1,Thursday
81,4,2015-03-12,6772,559,1,1,0,0,a,a,1500.0,1.0,2010.0,1,22.0,2009.0,"Jan,Apr,Jul,Oct",2015,3,12,11,1,Thursday
82,4,2015-03-12,6061,708,1,0,0,0,a,a,1500.0,0.0,0.0,0,0.0,0.0,None,2015,3,12,11,1,Thursday
83,4,2015-03-12,7626,682,1,1,0,0,a,c,500.0,7.0,2014.0,0,0.0,0.0,None,2015,3,12,11,1,Thursday
84,4,2015-03-12,3558,360,1,1,0,0,d,a,1500.0,0.0,2005.0,0,0.0,0.0,None,2015,3,12,11,1,Thursday
85,4,2015-03-12,3796,618,1,0,0,0,d,c,120.0,0.0,2014.0,1,1.0,2013.0,"Jan,Apr,Jul,Oct",2015,3,12,11,1,Thursday
86,4,2015-03-12,12634,1154,1,0,0,0,d,a,3000.0,0.0,2012.0,0,0.0,0.0,None,2015,3,12,11,1,Thursday
87,4,2015-03-12,7190,560,1,1,0,0,a,a,1500.0,0.0,0.0,0,0.0,0.0,None,2015,3,12,11,1,Thursday
88,4,2015-03-12,2384,328,1,0,0,0,d,c,3000.0,3.0,2012.0,1,31.0,2009.0,"Feb,May,Aug,Nov",2015,3,12,11,1,Thursday
89,4,2015-03-12,6389,857,1,1,0,0,d,a,1500.0,9.0,0.0,1,31.0,2015.0,"Feb,May,Aug,Nov",2015,3,12,11,1,Thursday
90,4,2015-03-12,3271,425,1,1,0,0,d,c,1500.0,0.0,0.0,0,0.0,0.0,None,2015,3,12,11,1,Thursday
91,4,2015-03-12,11401,1165,1,0,0,0,a,c,1500.0,3.0,2008.0,0,0.0,0.0,None,2015,3,12,11,1,Thursday
92,4,2015-03-12,5438,369,1,1,0,0,d,c,120.0,3.0,0.0,1,31.0,2009.0,"Feb,May,Aug,Nov",2015,3,12,11,1,Thursday
93,4,2015-03-12,9686,1130,1,0,0,0,d,a,120.0,5.0,2005.0,0,0.0,0.0,None,2015,3,12,11,1,Thursday
94,4,2015-03-12,3881,657,1,0,0,0,c,a,500.0,11.0,2005.0,0,0.0,0.0,None,2015,3,12,11,1,Thursday
95,4,2015-03-12,5318,695,1,1,0,0,a,c,500.0,11.0,2005.0,1,31.0,2009.0,"Feb,May,Aug,Nov",2015,3,12,11,1,Thursday
96,4,2015-03-12,5398,621,1,0,0,0,d,c,500.0,7.0,2005.0,1,10.0,2009.0,"Feb,May,Aug,Nov",2015,3,12,11,1,Thursday
97,4,2015-03-12,3219,392,1,0,0,0,c,a,120.0,0.0,2008.0,0,0.0,0.0,None,2015,3,12,11,1,Thursday
98,4,2015-03-12,4484,789,1,0,0,0,c,a,500.0,3.0,2008.0,1,10.0,2009.0,"Feb,May,Aug,Nov",2015,3,12,11,1,Thursday
99,4,2015-03-12,7549,663,1,0,0,1,a,c,500.0,1.0,2012.0,0,0.0,0.0,None,2015,3,12,11,1,Thursday
100,4,2015-03-12,6137,645,1,1,0,0,b,c,500.0,9.0,2005.0,0,0.0,0.0,None,2015,3,12,11,1,Thursday
1,5,2015-03-13,6840,538,1,1,0,0,a,c,3000.0,7.0,2012.0,0,0.0,0.0,None,2015,3,13,11,1,Friday
2,5,2015-03-13,10535,809,1,1,0,0,a,a,7500.0,5.0,2008.0,0,0.0,0.0,None,2015,3,13,11,1,Friday
3,5,2015-03-13,4091,358,1,0,0,0,d,c,500.0,5.0,2012.0,1,10.0,2011.0,"Jan,Apr,Jul,Oct",2015,3,13,11,1,Friday
4,5,2015-03-13,14208,1115,1,1,0,0,a,a,1500.0,1.0,2010.0,1,40.0,2011.0,"Mar,Jun,Sept,Dec",2015,3,13,11,1,Friday
5,5,2015-03-13,5256,484,1,1,0,0,c,a,15000.0,0.0,2008.0,1,31.0,2009.0,"Mar,Jun,Sept,Dec",2015,3,13,11,1,Friday
6,5,2015-03-13,4230,481,1,0,0,0,a,c,1500.0,1.0,0.0,0,0.0,0.0,None,2015,3,13,11,1,Friday
7,5,2015-03-13,6509,599,1,0,0,1,a,a,1500.0,5.0,2012.0,1,14.0,2011.0,"Jan,Apr,Jul,Oct",2015,3,13,11,1,Friday
8,5,2015-03-13,11476,913,1,1,0,0,a,c,500.0,9.0,2014.0,1,40.0,2009.0,"Mar,Jun,Sept,Dec",2015,3,13,11,1,Friday
9,5,2015-03-13,8800,959,1,1,0,0,d,a,500.0,5.0,2014.0,1,40.0,2013.0,"Jan,Apr,Jul,Oct",2015,3,13,11,1,Friday
10,5,2015-03-13,6647,620,1,0,0,0,d,c,3000.0,11.0,2012.0,1,1.0,2015.0,"Jan,Apr,Jul,Oct",2015,3,13,11,1,Friday
11,5,2015-03-13,6208,1113,1,0,0,1,a,c,120.0,11.0,0.0,1,22.0,2015.0,"Mar,Jun,Sept,Dec",2015,3,13,11,1,Friday
12,5,2015-03-13,6685,845,1,1,0,0,d,c,3000.0,0.0,2008.0,0,0.0,0.0,None,2015,3,13,11,1,Friday
13,5,2015-03-13,8691,1068,1,1,0,0,a,a,7500.0,5.0,2005.0,0,0.0,0.0,None,2015,3,13,11,1,Friday
14,5,2015-03-13,8058,852,1,1,0,0,a,c,1500.0,5.0,2014.0,1,1.0,2013.0,"Jan,Apr,Jul,Oct",2015,3,13,11,1,Friday
15,5,2015-03-13,8800,987,1,0,0,0,d,c,3000.0,11.0,2014.0,1,1.0,2013.0,"Mar,Jun,Sept,Dec",2015,3,13,11,1,Friday
16,5,2015-03-13,8369,1129,1,0,0,0,a,a,500.0,11.0,0.0,0,0.0,0.0,None,2015,3,13,11,1,Friday
17,5,2015-03-13,4528,777,1,0,0,1,a,c,500.0,7.0,2008.0,0,0.0,0.0,None,2015,3,13,11,1,Friday
18,5,2015-03-13,7892,1063,1,0,0,1,d,c,1500.0,5.0,2005.0,1,40.0,2009.0,"Jan,Apr,Jul,Oct",2015,3,13,11,1,Friday
19,5,2015-03-13,12861,1159,1,1,0,1,d,c,120.0,9.0,2014.0,1,10.0,2013.0,"Jan,Apr,Jul,Oct",2015,3,13,11,1,Friday
20,5,2015-03-13,12608,1117,1,0,0,0,a,a,500.0,9.0,0.0,1,1.0,2013.0,"Mar,Jun,Sept,Dec",2015,3,13,11,1,Friday
21,5,2015-03-13,7634,632,1,1,0,1,a,c,1500.0,0.0,2008.0,0,0.0,0.0,None,2015,3,13,11,1,Friday
22,5,2015-03-13,4017,337,1,1,0,0,a,a,500.0,0.0,2010.0,0,0.0,0.0,None,2015,3,13,11,1,Friday
23,5,2015-03-13,5994,805,1,0,0,0,d,c,500.0,1.0,2008.0,0,0.0,0.0,None,2015,3,13,11,1,Friday
24,5,2015-03-13,6148,1034,1,0,0,1,a,a,1500.0,1.0,2010.0,0,0.0,0.0,None,2015,3,13,11,1,Friday
25,5,2015-03-13,8804,1072,1,1,0,0,a,c,500.0,1.0,2012.0,0,0.0,0.0,None,2015,3,13,11,1,Friday
26,5,2015-03-13,4696,403,1,0,0,0,d,a,1500.0,3.0,2008.0,0,0.0,0.0,None,2015,3,13,11,1,Friday
27,5,2015-03-13,13599,1195,1,1,0,1,d,a,15000.0,9.0,2008.0,1,1.0,2009.0,"Mar,Jun,Sept,Dec",2015,3,13,11,1,Friday
28,5,2015-03-13,9255,1167,1,0,0,0,a,a,1500.0,3.0,2010.0,0,0.0,0.0,None,2015,3,13,11,1,Friday
29,5,2015-03-13,10411,953,1,0,0,0,a,a,1500.0,5.0,0.0,1,10.0,2015.0,"Jan,Apr,Jul,Oct",2015,3,13,11,1,Friday
30,5,2015-03-13,4767,517,1,1,0,0,c,c,500.0,11.0,2014.0,1,22.0,2015.0,"Feb,May,Aug,Nov",2015,3,13,11,1,Friday
31,5,2015-03-13,6712,1157,1,0,0,1,d,c,500.0,0.0,2014.0,1,31.0,2015.0,"Mar,Jun,Sept,Dec",2015,3,13,11,1,Friday
32,5,2015-03-13,9498,921,1,1,0,1,a,a,3000.0,3.0,2010.0,1,1.0,2015.0,"Mar,Jun,Sept,Dec",2015,3,13,11,1,Friday
33,5,2015-03-13,5319,706,1,0,0,0,d,c,1500.0,9.0,2008.0,0,0.0,0.0,None,2015,3,13,11,1,Friday
34,5,2015-03-13,4686,587,1,1,0,0,d,c,500.0,9.0,2005.0,0,0.0,0.0,None,2015,3,13,11,1,Friday
35,5,2015-03-13,5467,470,1,0,0,0,a,c,120.0,5.0,0.0,1,22.0,2015.0,"Mar,Jun,Sept,Dec",2015,3,13,11,1,Friday
36,5,2015-03-13,8798,884,1,1,0,0,d,a,1500.0,3.0,2008.0,1,40.0,2011.0,"Feb,May,Aug,Nov",2015,3,13,11,1,Friday
37,5,2015-03-13,3359,376,1,0,0,0,d,a,7500.0,3.0,2008.0,1,40.0,2009.0,"Mar,Jun,Sept,Dec",2015,3,13,11,1,Friday
38,5,2015-03-13,6094,796,1,0,0,0,a,a,3000.0,3.0,2010.0,0,0.0,0.0,None,2015,3,13,11,1,Friday
39,5,2015-03-13,2360,378,1,0,0,0,c,a,7500.0,7.0,2014.0,1,14.0,2015.0,"Jan,Apr,Jul,Oct",2015,3,13,11,1,Friday
40,5,2015-03-13,5374,899,1,0,0,1,d,a,1500.0,11.0,2008.0,1,22.0,2013.0,"Jan,Apr,Jul,Oct",2015,3,13,11,1,Friday
41,5,2015-03-13,5589,574,1,0,0,0,a,c,500.0,1.0,0.0,0,0.0,0.0,None,2015,3,13,11,1,Friday
42,5,2015-03-13,6648,986,1,1,0,0,d,c,120.0,1.0,2014.0,0,0.0,0.0,None,2015,3,13,11,1,Friday
43,5,2015-03-13,4707,594,1,0,0,0,a,a,500.0,0.0,0.0,1,31.0,2011.0,"Mar,Jun,Sept,Dec",2015,3,13,11,1,Friday
44,5,2015-03-13,8564,1150,1,0,0,0,a,a,1500.0,5.0,2005.0,0,0.0,0.0,None,2015,3,13,11,1,Friday
45,5,2015-03-13,10456,884,1,0,0,0,c,a,120.0,9.0,2014.0,1,22.0,2011.0,"Feb,May,Aug,Nov",2015,3,13,11,1,Friday
46,5,2015-03-13,6314,484,1,1,0,0,a,c,500.0,1.0,2014.0,0,0.0,0.0,None,2015,3,13,11,1,Friday
47,5,2015-03-13,12597,960,1,1,0,0,c,a,1500.0,0.0,0.0,1,40.0,2013.0,"Jan,Apr,Jul,Oct",2015,3,13,11,1,Friday
48,5,2015-03-13,7558,706,1,0,0,0,a,c,500.0,7.0,2010.0,1,22.0,2011.0,"Mar,Jun,Sept,Dec",2015,3,13,11,1,Friday
49,5,2015-03-13,2693,310,1,0,0,0,d,a,120.0,1.0,2010.0,1,14.0,2009.0,"Mar,Jun,Sept,Dec",2015,3,13,11,1,Friday
50,5,2015-03-13,7404,1122,1,0,0,0,a,c,500.0,1.0,2012.0,0,0.0,0.0,None,2015,3,13,11,1,Friday
51,5,2015-03-13,9667,960,1,0,0,0,a,c,120.0,1.0,0.0,0,0.0,0.0,None,2015,3,13,11,1,Friday
52,5,2015-03-13,3155,489,1,0,0,0,a,a,120.0,7.0,2012.0,1,31.0,2013.0,"Mar,Jun,Sept,Dec",2015,3,13,11,1,Friday
53,5,2015-03-13,6710,1180,1,0,0,0,a,c,1500.0,0.0,0.0,1,14.0,2009.0,"Feb,May,Aug,Nov",2015,3,13,11,1,Friday
54,5,2015-03-13,10705,1136,1,0,0,0,a,a,1500.0,0.0,0.0,0,0.0,0.0,None,2015,3,13,11,1,Friday
55,5,2015-03-13,7097,759,1,1,0,1,d,c,1500.0,1.0,2005.0,1,22.0,2009.0,"Feb,May,Aug,Nov",2015,3,13,11,1,Friday
56,5,2015-03-13,9885,878,1,0,0,0,a,a,1500.0,7.0,2010.0,0,0.0,0.0,None,2015,3,13,11,1,Friday
57,5,2015-03-13,4693,420,1,1,0,1,a,c,1500.0,0.0,2012.0,1,10.0,2009.0,"Mar,Jun,Sept,Dec",2015,3,13,11,1,Friday
58,5,2015-03-13,13847,1169,1,1,0,0,d,c,1500.0,0.0,0.0,1,14.0,2009.0,"Mar,Jun,Sept,Dec",2015,3,13,11,1,Friday
59,5,2015-03-13,3173,309,1,1,0,0,d,c,500.0,7.0,2012.0,0,0.0,0.0,None,2015,3,13,11,1,Friday
60,5,2015-03-13,8024,635,1,1,0,0,a,a,1500.0,11.0,0.0,1,31.0,2011.0,"Feb,May,Aug,Nov",2015,3,13,11,1,Friday
61,5,2015-03-13,12680,1074,1,1,0,0,a,c,500.0,5.0,2005.0,1,31.0,2013.0,"Jan,Apr,Jul,Oct",2015,3,13,11,1,Friday
62,5,2015-03-13,5991,1089,1,0,0,0,a,a,15000.0,5.0,2005.0,0,0.0,0.0,None,2015,3,13,11,1,Friday
63,5,2015-03-13,13331,1185,1,1,0,0,c,c,3000.0,5.0,2005.0,0,0.0,0.0,None,2015,3,13,11,1,Friday
64,5,2015-03-13,8042,1063,1,1,0,0,c,c,1500.0,5.0,0.0,1,1.0,2013.0,"Jan,Apr,Jul,Oct",2015,3,13,11,1,Friday
65,5,2015-03-13,6552,719,1,1,0,1,a,c,1500.0,0.0,2014.0,0,0.0,0.0,None,2015,3,13,11,1,Friday
66,5,2015-03-13,8802,799,1,1,0,0,a,a,15000.0,3.0,2010.0,0,0.0,0.0,None,2015,3,13,11,1,Friday
67,5,2015-03-13,2147,372,1,0,0,0,d,c,1500.0,1.0,2012.0,0,0.0,0.0,None,2015,3,13,11,1,Friday
68,5,2015-03-13,5118,506,1,1,0,0,c,c,500.0,7.0,0.0,0,0.0,0.0,None,2015,3,13,11,1,Friday
69,5,2015-03-13,7051,715,1,0,0,0,d,c,15000.0,1.0,2012.0,1,31.0,2013.0,"Mar,Jun,Sept,Dec",2015,3,13,11,1,Friday
70,5,2015-03-13,6752,876,1,0,0,0,a,a,3000.0,5.0,0.0,0,0.0,0.0,None,2015,3,13,11,1,Friday
71,5,2015-03-13,7191,799,1,1,0,0,a,c,120.0,1.0,2008.0,1,31.0,2009.0,"Jan,Apr,Jul,Oct",2015,3,13,11,1,Friday
72,5,2015-03-13,11189,1067,1,0,0,1,a,c,7500.0,9.0,2010.0,0,0.0,0.0,None,2015,3,13,11,1,Friday
73,5,2015-03-13,9233,930,1,0,0,0,d,c,500.0,5.0,2008.0,1,40.0,2013.0,"Mar,Jun,Sept,Dec",2015,3,13,11,1,Friday
74,5,2015-03-13,6133,617,1,0,0,1,a,a,500.0,7.0,2012.0,0,0.0,0.0,None,2015,3,13,11,1,Friday
75,5,2015-03-13,13866,1080,1,1,0,0,c,c,3000.0,11.0,0.0,1,14.0,2009.0,"Feb,May,Aug,Nov",2015,3,13,11,1,Friday
76,5,2015-03-13,12631,1081,1,0,0,0,a,a,120.0,0.0,2014.0,0,0.0,0.0,None,2015,3,13,11,1,Friday
77,5,2015-03-13,4120,672,1,0,0,0,d,c,1500.0,11.0,2012.0,0,0.0,0.0,None,2015,3,13,11,1,Friday
78,5,2015-03-13,9282,806,1,0,0,1,d,c,500.0,3.0,2010.0,0,0.0,0.0,None,2015,3,13,11,1,Friday
79,5,2015-03-13,4609,329,1,1,0,0,a,a,500.0,0.0,2012.0,1,14.0,2015.0,"Mar,Jun,Sept,Dec",2015,3,13,11,1,Friday
80,5,2015-03-13,6553,551,1,1,0,0,a,a,15000.0,9.0,2010.0,0,0.0,0.0,None,2015,3,13,11,1,Friday
81,5,2015-03-13,4219,575,1,1,0,0,a,a,1500.0,1.0,2010.0,1,22.0,2009.0,"Jan,Apr,Jul,Oct",2015,3,13,11,1,Friday
82,5,2015-03-13,5461,619,1,1,0,0,a,a,1500.0,0.0,0.0,0,0.0,0.0,None,2015,3,13,11,1,Friday
83,5,2015-03-13,6716,646,1,1,0,0,a,c,500.0,7.0,2014.0,0,0.0,0.0,None,2015,3,13,11,1,Friday
84,5,2015-03-13,6914,618,1,0,0,0,d,a,1500.0,0.0,2005.0,0,0.0,0.0,None,2015,3,13,11,1,Friday
85,5,2015-03-13,7720,647,1,0,0,0,d,c,120.0,0.0,2014.0,1,1.0,2013.0,"Jan,Apr,Jul,Oct",2015,3,13,11,1,Friday
86,5,2015-03-13,10649,1060,1,0,0,0,d,a,3000.0,0.0,2012.0,0,0.0,0.0,None,2015,3,13,11,1,Friday
87,5,2015-03-13,4040,367,1,1,0,0,a,a,1500.0,0.0,0.0,0,0.0,0.0,None,2015,3,13,11,1,Friday
88,5,2015-03-13,9956,1064,1,0,0,0,d,c,3000.0,3.0,2012.0,1,31.0,2009.0,"Feb,May,Aug,Nov",2015,3,13,11,1,Friday
89,5,2015-03-13,4550,555,1,0,0,0,d,a,1500.0,9.0,0.0,1,31.0,2015.0,"Feb,May,Aug,Nov",2015,3,13,11,1,Friday
90,5,2015-03-13,5915,880,1,0,0,0,d,c,1500.0,0.0,0.0,0,0.0,0.0,None,2015,3,13,11,1,Friday
91,5,2015-03-13,9748,1060,1,1,0,0,a,c,1500.0,3.0,2008.0,0,0.0,0.0,None,2015,3,13,11,1,Friday
92,5,2015-03-13,5928,752,1,1,0,0,d,c,120.0,3.0,0.0,1,31.0,2009.0,"Feb,May,Aug,Nov",2015,3,13,11,1,Friday
93,5,2015-03-13,6601,735,1,1,0,0,d,a,120.0,5.0,2005.0,0,0.0,0.0,None,2015,3,13,11,1,Friday
94,5,2015-03-13,7917,845,1,1,0,0,c,a,500.0,11.0,2005.0,0,0.0,0.0,None,2015,3,13,11,1,Friday
95,5,2015-03-13,0,0,0,0,0,0,a,c,500.0,11.0,2005.0,1,31.0,2009.0,"Feb,May,Aug,Nov",2015,3,13,11,1,Friday
96,5,2015-03-13,7576,882,1,1,0,0,d,c,500.0,7.0,2005.0,1,10.0,2009.0,"Feb,May,Aug,Nov",2015,3,13,11,1,Friday
97,5,2015-03-13,9148,1031,1,0,0,1,c,a,120.0,0.0,2008.0,0,0.0,0.0,None,2015,3,13,11,1,Friday
98,5,2015-03-13,7456,1099,1,1,0,1,c,a,500.0,3.0,2008.0,1,10.0,2009.0,"Feb,May,Aug,Nov",2015,3,13,11,1,Friday
99,5,2015-03-13,6490,1023,1,0,0,0,a,c,500.0,1.0,2012.0,0,0.0,0.0,None,2015,3,13,11,1,Friday
100,5,2015-03-13,9240,802,1,0,0,1,b,c,500.0,9.0,2005.0,0,0.0,0.0,None,2015,3,13,11,1,Friday
1,6,2015-03-14,3634,533,1,0,0,0,a,c,3000.0,7.0,2012.0,0,0.0,0.0,None,2015,3,14,11,1,Saturday
2,6,2015-03-14,4700,558,1,0,0,0,a,a,7500.0,5.0,2008.0,0,0.0,0.0,None,2015,3,14,11,1,Saturday
3,6,2015-03-14,6361,736,1,0,0,0,d,c,500.0,5.0,2012.0,1,10.0,2011.0,"Jan,Apr,Jul,Oct",2015,3,14,11,1,Saturday
4,6,2015-03-14,5617,651,1,0,0,1,a,a,1500.0,1.0,2010.0,1,40.0,2011.0,"Mar,Jun,Sept,Dec",2015,3,14,11,1,Saturday
5,6,2015-03-14,5124,927,1,0,0,0,c,a,15000.0,0.0,2008.0,1,31.0,2009.0,"Mar,Jun,Sept,Dec",2015,3,14,11,1,Saturday
6,6,2015-03-14,10081,1002,1,0,0,0,a,c,1500.0,1.0,0.0,0,0.0,0.0,None,2015,3,14,11,1,Saturday
7,6,2015-03-14,7049,1151,1,0,0,0,a,a,1500.0,5.0,2012.0,1,14.0,2011.0,"Jan,Apr,Jul,Oct",2015,3,14,11,1,Saturday
8,6,2015-03-14,8498,1122,1,0,0,0,a,c,500.0,9.0,2014.0,1,40.0,2009.0,"Mar,Jun,Sept,Dec",2015,3,14,11,1,Saturday
9,6,2015-03-14,1681,305,1,0,0,0,d,a,500.0,5.0,2014.0,1,40.0,2013.0,"Jan,Apr,Jul,Oct",2015,3,14,11,1,Saturday
10,6,2015-03-14,6885,692,1,0,0,1,d,c,3000.0,11.0,2012.0,1,1.0,2015.0,"Jan,Apr,Jul,Oct",2015,3,14,11,1,Saturday
11,6,2015-03-14,8761,857,1,0,0,0,a,c,120.0,11.0,0.0,1,22.0,2015.0,"Mar,Jun,Sept,Dec",2015,3,14,11,1,Saturday
12,6,2015-03-14,7145,683,1,0,0,0,d,c,3000.0,0.0,2008.0,0,0.0,0.0,None,2015,3,14,11,1,Saturday
13,6,2015-03-14,5579,697,1,0,0,0,a,a,7500.0,5.0,2005.0,0,0.0,0.0,None,2015,3,14,11,1,Saturday
14,6,2015-03-14,9962,906,1,0,0,0,a,c,1500.0,5.0,2014.0,1,1.0,2013.0,"Jan,Apr,Jul,Oct",2015,3,14,11,1,Saturday
15,6,2015-03-14,6508,975,1,0,0,1,d,c,3000.0,11.0,2014.0,1,1.0,2013.0,"Mar,Jun,Sept,Dec",2015,3,14,11,1,Saturday
16,6,2015-03-14,5580,476,1,0,0,0,a,a,500.0,11.0,0.0,0,0.0,0.0,None,2015,3,14,11,1,Saturday
17,6,2015-03-14,5677,569,1,0,0,0,a,c,500.0,7.0,2008.0,0,0.0,0.0,None,2015,3,14,11,1,Saturday
18,6,2015-03-14,9176,786,1,0,0,1,d,c,1500.0,5.0,2005.0,1,40.0,2009.0,"Jan,Apr,Jul,Oct",2015,3,14,11,1,Saturday
19,6,2015-03-14,9640,940,1,0,0,0,d,c,120.0,9.0,2014.0,1,10.0,2013.0,"Jan,Apr,Jul,Oct",2015,3,14,11,1,Saturday
20,6,2015-03-14,6638,681,1,0,0,1,a,a,500.0,9.0,0.0,1,1.0,2013.0,"Mar,Jun,Sept,Dec",2015,3,14,11,1,Saturday
21,6,2015-03-14,2045,354,1,0,0,0,a,c,1500.0,0.0,2008.0,0,0.0,0.0,None,2015,3,14,11,1,Saturday
22,6,2015-03-14,0,0,0,0,0,0,a,a,500.0,0.0,2010.0,0,0.0,0.0,None,2015,3,14,11,1,Saturday
23,6,2015-03-14,3806,360,1,0,0,0,d,c,500.0,1.0,2008.0,0,0.0,0.0,None,2015,3,14,11,1,Saturday
24,6,2015-03-14,7269,671,1,0,0,0,a,a,1500.0,1.0,2010.0,0,0.0,0.0,None,2015,3,14,11,1,Saturday
25,6,2015-03-14,7498,671,1,0,0,0,a,c,500.0,1.0,2012.0,0,0.0,0.0,None,2015,3,14,11,1,Saturday
26,6,2015-03-14,6926,712,1,0,0,0,d,a,1500.0,3.0,2008.0,0,0.0,0.0,None,2015,3,14,11,1,Saturday
27,6,2015-03-14,10117,960,1,0,0,1,d,a,15000.0,9.0,2008.0,1,1.0,2009.0,"Mar,Jun,Sept,Dec",2015,3,14,11,1,Saturday
28,6,2015-03-14,12289,1055,1,0,0,0,a,a,1500.0,3.0,2010.0,0,0.0,0.0,None,2015,3,14,11,1,Saturday
29,6,2015-03-14,8683,1051,1,0,0,1,a,a,1500.0,5.0,0.0,1,10.0,2015.0,"Jan,Apr,Jul,Oct",2015,3,14,11,1,Saturday
30,6,2015-03-14,6407,550,1,0,0,0,c,c,500.0,11.0,2014.0,1,22.0,2015.0,"Feb,May,Aug,Nov",2015,3,14,11,1,Saturday
31,6,2015-03-14,11605,1033,1,0,0,0,d,c,500.0,0.0,2014.0,1,31.0,2015.0,"Mar,Jun,Sept,Dec",2015,3,14,11,1,Saturday
32,6,2015-03-14,10874,1090,1,0,0,0,a,a,3000.0,3.0,2010.0,1,1.0,2015.0,"Mar,Jun,Sept,Dec",2015,3,14,11,1,Saturday
33,6,2015-03-14,7594,723,1,0,0,1,d,c,1500.0,9.0,2008.0,0,0.0,0.0,None,2015,3,14,11,1,Saturday
34,6,2015-03-14,5740,724,1,0,0,0,d,c,500.0,9.0,2005.0,0,0.0,0.0,None,2015,3,14,11,1,Saturday
35,6,2015-03-14,10868,932,1,0,0,0,a,c,120.0,5.0,0.0,1,22.0,2015.0,"Mar,Jun,Sept,Dec",2015,3,14,11,1,Saturday
36,6,2015-03-14,8572,1100,1,0,0,1,d,a,1500.0,3.0,2008.0,1,40.0,2011.0,"Feb,May,Aug,Nov",2015,3,14,11,1,Saturday
37,6,2015-03-14,5208,487,1,0,0,0,d,a,7500.0,3.0,2008.0,1,40.0,2009.0,"Mar,Jun,Sept,Dec",2015,3,14,11,1,Saturday
38,6,2015-03-14,3611,358,1,0,0,1,a,a,3000.0,3.0,2010.0,0,0.0,0.0,None,2015,3,14,11,1,Saturday
39,6,2015-03-14,4900,689,1,0,0,0,c,a,7500.0,7.0,2014.0,1,14.0,2015.0,"Jan,Apr,Jul,Oct",2015,3,14,11,1,Saturday
40,6,2015-03-14,7451,993,1,0,0,1,d,a,1500.0,11.0,2008.0,1,22.0,2013.0,"Jan,Apr,Jul,Oct",2015,3,14,11,1,Saturday
41,6,2015-03-14,2514,457,1,0,0,0,a,c,500.0,1.0,0.0,0,0.0,0.0,None,2015,3,14,11,1,Saturday
42,6,2015-03-14,7769,734,1,0,0,0,d,c,120.0,1.0,2014.0,0,0.0,0.0,None,2015,3,14,11,1,Saturday
43,6,2015-03-14,2585,362,1,0,0,0,a,a,500.0,0.0,0.0,1,31.0,2011.0,"Mar,Jun,Sept,Dec",2015,3,14,11,1,Saturday
44,6,2015-03-14,6150,521,1,0,0,0,a,a,1500.0,5.0,2005.0,0,0.0,0.0,None,2015,3,14,11,1,Saturday
45,6,2015-03-14,6358,857,1,0,0,0,c,a,120.0,9.0,2014.0,1,22.0,2011.0,"Feb,May,Aug,Nov",2015,3,14,11,1,Saturday
46,6,2015-03-14,2642,414,1,0,0,0,a,c,500.0,1.0,2014.0,0,0.0,0.0,None,2015,3,14,11,1,Saturday
47,6,2015-03-14,9771,1195,1,0,0,0,c,a,1500.0,0.0,0.0,1,40.0,2013.0,"Jan,Apr,Jul,Oct",2015,3,14,11,1,Saturday
48,6,2015-03-14,9424,826,1,0,0,1,a,c,500.0,7.0,2010.0,1,22.0,2011.0,"Mar,Jun,Sept,Dec",2015,3,14,11,1,Saturday
49,6,2015-03-14,2481,303,1,0,0,1,d,a,120.0,1.0,2010.0,1,14.0,2009.0,"Mar,Jun,Sept,Dec",2015,3,14,11,1,Saturday
50,6,2015-03-14,7513,1095,1,0,0,0,a,c,500.0,1.0,2012.0,0,0.0,0.0,None,2015,3,14,11,1,Saturday
51,6,2015-03-14,6408,1131,1,0,0,0,a,c,120.0,1.0,0.0,0,0.0,0.0,None,2015,3,14,11,1,Saturday
52,6,2015-03-14,5356,810,1,0,0,0,a,a,120.0,7.0,2012.0,1,31.0,2013.0,"Mar,Jun,Sept,Dec",2015,3,14,11,1,Saturday
53,6,2015-03-14,5981,1044,1,0,0,0,a,c,1500.0,0.0,0.0,1,14.0,2009.0,"Feb,May,Aug,Nov",2015,3,14,11,1,Saturday
54,6,2015-03-14,7357,1046,1,0,0,0,a,a,1500.0,0.0,0.0,0,0.0,0.0,None,2015,3,14,11,1,Saturday
55,6,2015-03-14,5409,624,1,0,0,0,d,c,1500.0,1.0,2005.0,1,22.0,2009.0,"Feb,May,Aug,Nov",2015,3,14,11,1,Saturday
56,6,2015-03-14,3185,347,1,0,0,0,a,a,1500.0,7.0,2010.0,0,0.0,0.0,None,2015,3,14,11,1,Saturday
57,6,2015-03-14,6574,825,1,0,0,0,a,c,1500.0,0.0,2012.0,1,10.0,2009.0,"Mar,Jun,Sept,Dec",2015,3,14,11,1,Saturday
58,6,2015-03-14,5328,517,1,0,0,0,d,c,1500.0,0.0,0.0,1,14.0,2009.0,"Mar,Jun,Sept,Dec",2015,3,14,11,1,Saturday
59,6,2015-03-14,8751,764,1,0,0,0,d,c,500.0,7.0,2012.0,0,0.0,0.0,None,2015,3,14,11,1,Saturday
60,6,2015-03-14,9456,1056,1,0,0,0,a,a,1500.0,11.0,0.0,1,31.0,2011.0,"Feb,May,Aug,Nov",2015,3,14,11,1,Saturday
61,6,2015-03-14,3340,511,1,0,0,0,a,c,500.0,5.0,2005.0,1,31.0,2013.0,"Jan,Apr,Jul,Oct",2015,3,14,11,1,Saturday
62,6,2015-03-14,1835,320,1,0,0,0,a,a,15000.0,5.0,2005.0,0,0.0,0.0,None,2015,3,14,11,1,Saturday
63,6,2015-03-14,9583,803,1,0,0,0,c,c,3000.0,5.0,2005.0,0,0.0,0.0,None,2015,3,14,11,1,Saturday
64,6,2015-03-14,7703,800,1,0,0,1,c,c,1500.0,5.0,0.0,1,1.0,2013.0,"Jan,Apr,Jul,Oct",2015,3,14,11,1,Saturday
65,6,2015-03-14,3264,305,1,0,0,0,a,c,1500.0,0.0,2014.0,0,0.0,0.0,None,2015,3,14,11,1,Saturday
66,6,2015-03-14,6875,1010,1,0,0,0,a,a,15000.0,3.0,2010.0,0,0.0,0.0,None,2015,3,14,11,1,Saturday
67,6,2015-03-14,10961,991,1,0,0,0,d,c,1500.0,1.0,2012.0,0,0.0,0.0,None,2015,3,14,11,1,Saturday
68,6,2015-03-14,3457,393,1,0,0,0,c,c,500.0,7.0,0.0,0,0.0,0.0,None,2015,3,14,11,1,Saturday
69,6,2015-03-14,4913,855,1,0,0,0,d,c,15000.0,1.0,2012.0,1,31.0,2013.0,"Mar,Jun,Sept,Dec",2015,3,14,11,1,Saturday
70,6,2015-03-14,7167,786,1,0,0,0,a,a,3000.0,5.0,0.0,0,0.0,0.0,None,2015,3,14,11,1,Saturday
71,6,2015-03-14,7353,734,1,0,0,1,a,c,120.0,1.0,2008.0,1,31.0,2009.0,"Jan,Apr,Jul,Oct",2015,3,14,11,1,Saturday
72,6,2015-03-14,5542,508,1,0,0,0,a,c,7500.0,9.0,2010.0,0,0.0,0.0,None,2015,3,14,11,1,Saturday
73,6,2015-03-14,6046,875,1,0,0,0,d,c,500.0,5.0,2008.0,1,40.0,2013.0,"Mar,Jun,Sept,Dec",2015,3,14,11,1,Saturday
74,6,2015-03-14,11060,1000,1,0,0,0,a,a,500.0,7.0,2012.0,0,0.0,0.0,None,2015,3,14,11,1,Saturday
75,6,2015-03-14,3744,458,1,0,0,0,c,c,3000.0,11.0,0.0,1,14.0,2009.0,"Feb,May,Aug,Nov",2015,3,14,11,1,Saturday
76,6,2015-03-14,8180,965,1,0,0,0,a,a,120.0,0.0,2014.0,0,0.0,0.0,None,2015,3,14,11,1,Saturday
77,6,2015-03-14,6816,583,1,0,0,0,d,c,1500.0,11.0,2012.0,0,0.0,0.0,None,2015,3,14,11,1,Saturday
78,6,2015-03-14,6309,820,1,0,0,0,d,c,500.0,3.0,2010.0,0,0.0,0.0,None,2015,3,14,11,1,Saturday
79,6,2015-03-14,4890,800,1,0,0,0,a,a,500.0,0.0,2012.0,1,14.0,2015.0,"Mar,Jun,Sept,Dec",2015,3,14,11,1,Saturday
80,6,2015-03-14,12794,1146,1,0,0,0,a,a,15000.0,9.0,2010.0,0,0.0,0.0,None,2015,3,14,11,1,Saturday
81,6,2015-03-14,2426,441,1,0,0,0,a,a,1500.0,1.0,2010.0,1,22.0,2009.0,"Jan,Apr,Jul,Oct",2015,3,14,11,1,Saturday
82,6,2015-03-14,2956,393,1,0,0,0,a,a,1500.0,0.0,0.0,0,0.0,0.0,None,2015,3,14,11,1,Saturday
83,6,2015-03-14,8013,947,1,0,0,1,a,c,500.0,7.0,2014.0,0,0.0,0.0,None,2015,3,14,11,1,Saturday
84,6,2015-03-14,2546,463,1,0,0,0,d,a,1500.0,0.0,2005.0,0,0.0,0.0,None,2015,3,14,11,1,Saturday
85,6,2015-03-14,7587,952,1,0,0,0,d,c,120.0,0.0,2014.0,1,1.0,2013.0,"Jan,Apr,Jul,Oct",2015,3,14,11,1,Saturday
86,6,2015-03-14,10906,1109,1,0,0,1,d,a,3000.0,0.0,2012.0,0,0.0,0.0,None,2015,3,14,11,1,Saturday
87,6,2015-03-14,3490,307,1,0,0,0,a,a,1500.0,0.0,0.0,0,0.0,0.0,None,2015,3,14,11,1,Saturday
88,6,2015-03-14,5615,780,1,0,0,1,d,c,3000.0,3.0,2012.0,1,31.0,2009.0,"Feb,May,Aug,Nov",2015,3,14,11,1,Saturday
89,6,2015-03-14,9194,989,1,0,0,0,d,a,1500.0,9.0,0.0,1,31.0,2015.0,"Feb,May,Aug,Nov",2015,3,14,11,1,Saturday
90,6,2015-03-14,4528,393,1,0,0,0,d,c,1500.0,0.0,0.0,0,0.0,0.0,None,2015,3,14,11,1,Saturday
91,6,2015-03-14,4950,885,1,0,0,1,a,c,1500.0,3.0,2008.0,0,0.0,0.0,None,2015,3,14,11,1,Saturday
92,6,2015-03-14,3385,438,1,0,0,0,d,c,120.0,3.0,0.0,1,31.0,2009.0,"Feb,May,Aug,Nov",2015,3,14,11,1,Saturday
93,6,2015-03-14,7682,945,1,0,0,0,d,a,120.0,5.0,2005.0,0,0.0,0.0,None,2015,3,14,11,1,Saturday
94,6,2015-03-14,6020,511,1,0,0,0,c,a,500.0,11.0,2005.0,0,0.0,0.0,None,2015,3,14,11,1,Saturday
95,6,2015-03-14,6749,588,1,0,0,0,a,c,500.0,11.0,2005.0,1,31.0,2009.0,"Feb,May,Aug,Nov",2015,3,14,11,1,Saturday
96,6,2015-03-14,4714,856,1,0,0,0,d,c,500.0,7.0,2005.0,1,10.0,2009.0,"Feb,May,Aug,Nov",2015,3,14,11,1,Saturday
97,6,2015-03-14,8287,1091,1,0,0,0,c,a,120.0,0.0,2008.0,0,0.0,0.0,None,2015,3,14,11,1,Saturday
98,6,2015-03-14,9812,894,1,0,0,0,c,a,500.0,3.0,2008.0,1,10.0,2009.0,"Feb,May,Aug,Nov",2015,3,14,11,1,Saturday
99,6,2015-03-14,12806,1089,1,0,0,0,a,c,500.0,1.0,2012.0,0,0.0,0.0,None,2015,3,14,11,1,Saturday
100,6,2015-03-14,9884,991,1,0,0,0,b,c,500.0,9.0,2005.0,0,0.0,0.0,None,2015,3,14,11,1,Saturday
1,7,2015-03-15,0,0,0,0,0,0,a,c,3000.0,7.0,2012.0,0,0.0,0.0,None,2015,3,15,11,1,Sunday
2,7,2015-03-15,0,0,0,0,0,0,a,a,7500.0,5.0,2008.0,0,0.0,0.0,None,2015,3,15,11,1,Sunday
3,7,2015-03-15,0,0,0,0,0,0,d,c,500.0,5.0,2012.0,1,10.0,2011.0,"Jan,Apr,Jul,Oct",2015,3,15,11,1,Sunday
4,7,2015-03-15,0,0,0,0,0,0,a,a,1500.0,1.0,2010.0,1,40.0,2011.0,"Mar,Jun,Sept,Dec",2015,3,15,11,1,Sunday
5,7,2015-03-15,0,0,0,0,0,0,c,a,15000.0,0.0,2008.0,1,31.0,2009.0,"Mar,Jun,Sept,Dec",2015,3,15,11,1,Sunday
6,7,2015-03-15,0,0,0,0,0,0,a,c,1500.0,1.0,0.0,0,0.0,0.0,None,2015,3,15,11,1,Sunday
7,7,2015-03-15,0,0,0,0,0,1,a,a,1500.0,5.0,2012.0,1,14.0,2011.0,"Jan,Apr,Jul,Oct",2015,3,15,11,1,Sunday
8,7,2015-03-15,0,0,0,0,0,0,a,c,500.0,9.0,2014.0,1,40.0,2009.0,"Mar,Jun,Sept,Dec",2015,3,15,11,1,Sunday
9,7,2015-03-15,0,0,0,0,0,0,d,a,500.0,5.0,2014.0,1,40.0,2013.0,"Jan,Apr,Jul,Oct",2015,3,15,11,1,Sunday
10,7,2015-03-15,0,0,0,0,0,0,d,c,3000.0,11.0,2012.0,1,1.0,2015.0,"Jan,Apr,Jul,Oct",2015,3,15,11,1,Sunday
11,7,2015-03-15,0,0,0,0,0,0,a,c,120.0,11.0,0.0,1,22.0,2015.0,"Mar,Jun,Sept,Dec",2015,3,15,11,1,Sunday
12,7,2015-03-15,0,0,0,0,0,0,d,c,3000.0,0.0,2008.0,0,0.0,0.0,None,2015,3,15,11,1,Sunday
13,7,2015-03-15,0,0,0,0,0,1,a,a,7500.0,5.0,2005.0,0,0.0,0.0,None,2015,3,15,11,1,Sunday
14,7,2015-03-15,0,0,0,0,0,0,a,c,1500.0,5.0,2014.0,1,1.0,2013.0,"Jan,Apr,Jul,Oct",2015,3,15,11,1,Sunday
15,7,2015-03-15,0,0,0,0,0,0,d,c,3000.0,11.0,2014.0,1,1.0,2013.0,"Mar,Jun,Sept,Dec",2015,3,15,11,1,Sunday
16,7,2015-03-15,0,0,0,0,0,0,a,a,500.0,11.0,0.0,0,0.0,0.0,None,2015,3,15,11,1,Sunday
17,7,2015-03-15,0,0,0,0,0,0,a,c,500.0,7.0,2008.0,0,0.0,0.0,None,2015,3,15,11,1,Sunday
18,7,2015-03-15,0,0,0,0,0,0,d,c,1500.0,5.0,2005.0,1,40.0,2009.0,"Jan,Apr,Jul,Oct",2015,3,15,11,1,Sunday
19,7,2015-03-15,0,0,0,0,0,0,d,c,120.0,9.0,2014.0,1,10.0,2013.0,"Jan,Apr,Jul,Oct",2015,3,15,11,1,Sunday
20,7,2015-03-15,0,0,0,0,0,0,a,a,500.0,9.0,0.0,1,1.0,2013.0,"Mar,Jun,Sept,Dec",2015,3,15,11,1,Sunday
21,7,2015-03-15,0,0,0,0,0,0,a,c,1500.0,0.0,2008.0,0,0.0,0.0,None,2015,3,15,11,1,Sunday
22,7,2015-03-15,0,0,0,0,0,0,a,a,500.0,0.0,2010.0,0,0.0,0.0,None,2015,3,15,11,1,Sunday
23,7,2015-03-15,0,0,0,0,0,1,d,c,500.0,1.0,2008.0,0,0.0,0.0,None,2015,3,15,11,1,Sunday
24,7,2015-03-15,0,0,0,0,0,0,a,a,1500.0,1.0,2010.0,0,0.0,0.0,None,2015,3,15,11,1,Sunday
25,7,2015-03-15,0,0,0,0,0,0,a,c,500.0,1.0,2012.0,0,0.0,0.0,None,2015,3,15,11,1,Sunday
26,7,2015-03-15,0,0,0,0,0,0,d,a,1500.0,3.0,2008.0,0,0.0,0.0,None,2015,3,15,11,1,Sunday
27,7,2015-03-15,0,0,0,0,0,0,d,a,15000.0,9.0,2008.0,1,1.0,2009.0,"Mar,Jun,Sept,Dec",2015,3,15,11,1,Sunday
28,7,2015-03-15,0,0,0,0,0,0,a,a,1500.0,3.0,2010.0,0,0.0,0.0,None,2015,3,15,11,1,Sunday
29,7,2015-03-15,0,0,0,0,0,0,a,a,1500.0,5.0,0.0,1,10.0,2015.0,"Jan,Apr,Jul,Oct",2015,3,15,11,1,Sunday
30,7,2015-03-15,0,0,0,0,0,1,c,c,500.0,11.0,2014.0,1,22.0,2015.0,"Feb,May,Aug,Nov",2015,3,15,11,1,Sunday
31,7,2015-03-15,0,0,0,0,0,0,d,c,500.0,0.0,2014.0,1,31.0,2015.0,"Mar,Jun,Sept,Dec",2015,3,15,11,1,Sunday
32,7,2015-03-15,0,0,0,0,0,0,a,a,3000.0,3.0,2010.0,1,1.0,2015.0,"Mar,Jun,Sept,Dec",2015,3,15,11,1,Sunday
33,7,2015-03-15,0,0,0,0,0,1,d,c,1500.0,9.0,2008.0,0,0.0,0.0,None,2015,3,15,11,1,Sunday
34,7,2015-03-15,0,0,0,0,0,0,d,c,500.0,9.0,2005.0,0,0.0,0.0,None,2015,3,15,11,1,Sunday
35,7,2015-03-15,0,0,0,0,0,0,a,c,120.0,5.0,0.0,1,22.0,2015.0,"Mar,Jun,Sept,Dec",2015,3,15,11,1,Sunday
36,7,2015-03-15,0,0,0,0,0,0,d,a,1500.0,3.0,2008.0,1,40.0,2011.0,"Feb,May,Aug,Nov",2015,3,15,11,1,Sunday
37,7,2015-03-15,0,0,0,0,0,0,d,a,7500.0,3.0,2008.0,1,40.0,2009.0,"Mar,Jun,Sept,Dec",2015,3,15,11,1,Sunday
38,7,2015-03-15,0,0,0,0,0,0,a,a,3000.0,3.0,2010.0,0,0.0,0.0,None,2015,3,15,11,1,Sunday
39,7,2015-03-15,0,0,0,0,0,0,c,a,7500.0,7.0,2014.0,1,14.0,2015.0,"Jan,Apr,Jul,Oct",2015,3,15,11,1,Sunday
40,7,2015-03-15,0,0,0,0,0,0,d,a,1500.0,11.0,2008.0,1,22.0,2013.0,"Jan,Apr,Jul,Oct",2015,3,15,11,1,Sunday
41,7,2015-03-15,0,0,0,0,0,0,a,c,500.0,1.0,0.0,0,0.0,0.0,None,2015,3,15,11,1,Sunday
42,7,2015-03-15,0,0,0,0,0,0,d,c,120.0,1.0,2014.0,0,0.0,0.0,None,2015,3,15,11,1,Sunday
43,7,2015-03-15,0,0,0,0,0,1,a,a,500.0,0.0,0.0,1,31.0,2011.0,"Mar,Jun,Sept,Dec",2015,3,15,11,1,Sunday
44,7,2015-03-15,0,0,0,0,0,0,a,a,1500.0,5.0,2005.0,0,0.0,0.0,None,2015,3,15,11,1,Sunday
45,7,2015-03-15,0,0,0,0,0,0,c,a,120.0,9.0,2014.0,1,22.0,2011.0,"Feb,May,Aug,Nov",2015,3,15,11,1,Sunday
46,7,2015-03-15,0,0,0,0,0,0,a,c,500.0,1.0,2014.0,0,0.0,0.0,None,2015,3,15,11,1,Sunday
47,7,2015-03-15,0,0,0,0,0,0,c,a,1500.0,0.0,0.0,1,40.0,2013.0,"Jan,Apr,Jul,Oct",2015,3,15,11,1,Sunday
48,7,2015-03-15,0,0,0,0,0,1,a,c,500.0,7.0,2010.0,1,22.0,2011.0,"Mar,Jun,Sept,Dec",2015,3,15,11,1,Sunday
49,7,2015-03-15,0,0,0,0,0,0,d,a,120.0,1.0,2010.0,1,14.0,2009.0,"Mar,Jun,Sept,Dec",2015,3,15,11,1,Sunday
50,7,2015-03-15,0,0,0,0,0,0,a,c,500.0,1.0,2012.0,0,0.0,0.0,None,2015,3,15,11,1,Sunday
51,7,2015-03-15,0,0,0,0,0,0,a,c,120.0,1.0,0.0,0,0.0,0.0,None,2015,3,15,11,1,Sunday
52,7,2015-03-15,0,0,0,0,0,1,a,a,120.0,7.0,2012.0,1,31.0,2013.0,"Mar,Jun,Sept,Dec",2015,3,15,11,1,Sunday
53,7,2015-03-15,0,0,0,0,0,1,a,c,1500.0,0.0,0.0,1,14.0,2009.0,"Feb,May,Aug,Nov",2015,3,15,11,1,Sunday
54,7,2015-03-15,0,0,0,0,0,1,a,a,1500.0,0.0,0.0,0,0.0,0.0,None,2015,3,15,11,1,Sunday
55,7,2015-03-15,0,0,0,0,0,0,d,c,1500.0,1.0,2005.0,1,22.0,2009.0,"Feb,May,Aug,Nov",2015,3,15,11,1,Sunday
56,7,2015-03-15,0,0,0,0,0,0,a,a,1500.0,7.0,2010.0,0,0.0,0.0,None,2015,3,15,11,1,Sunday
57,7,2015-03-15,0,0,0,0,0,0,a,c,1500.0,0.0,2012.0,1,10.0,2009.0,"Mar,Jun,Sept,Dec",2015,3,15,11,1,Sunday
58,7,2015-03-15,0,0,0,0,0,0,d,c,1500.0,0.0,0.0,1,14.0,2009.0,"Mar,Jun,Sept,Dec",2015,3,15,11,1,Sunday
59,7,2015-03-15,0,0,0,0,0,0,d,c,500.0,7.0,2012.0,0,0.0,0.0,None,2015,3,15,11,1,Sunday
60,7,2015-03-15,0,0,0,0,0,0,a,a,1500.0,11.0,0.0,1,31.0,2011.0,"Feb,May,Aug,Nov",2015,3,15,11,1,Sunday
61,7,2015-03-15,0,0,0,0,0,0,a,c,500.0,5.0,2005.0,1,31.0,2013.0,"Jan,Apr,Jul,Oct",2015,3,15,11,1,Sunday
62,7,2015-03-15,0,0,0,0,0,0,a,a,15000.0,5.0,2005.0,0,0.0,0.0,None,2015,3,15,11,1,Sunday
63,7,2015-03-15,0,0,0,0,0,1,c,c,3000.0,5.0,2005.0,0,0.0,0.0,None,2015,3,15,11,1,Sunday
64,7,2015-03-15,0,0,0,0,0,0,c,c,1500.0,5.0,0.0,1,1.0,2013.0,"Jan,Apr,Jul,Oct",2015,3,15,11,1,Sunday
65,7,2015-03-15,0,0,0,0,0,0,a,c,1500.0,0.0,2014.0,0,0.0,0.0,None,2015,3,15,11,1,Sunday
66,7,2015-03-15,0,0,0,0,0,0,a,a,15000.0,3.0,2010.0,0,0.0,0.0,None,2015,3,15,11,1,Sunday
67,7,2015-03-15,0,0,0,0,0,0,d,c,1500.0,1.0,2012.0,0,0.0,0.0,None,2015,3,15,11,1,Sunday
68,7,2015-03-15,0,0,0,0,0,0,c,c,500.0,7.0,0.0,0,0.0,0.0,None,2015,3,15,11,1,Sunday
69,7,2015-03-15,0,0,0,0,0,1,d,c,15000.0,1.0,2012.0,1,31.0,2013.0,"Mar,Jun,Sept,Dec",2015,3,15,11,1,Sunday
70,7,2015-03-15,0,0,0,0,0,0,a,a,3000.0,5.0,0.0,0,0.0,0.0,None,2015,3,15,11,1,Sunday
71,7,2015-03-15,0,0,0,0,0,1,a,c,120.0,1.0,2008.0,1,31.0,2009.0,"Jan,Apr,Jul,Oct",2015,3,15,11,1,Sunday
72,7,2015-03-15,0,0,0,0,0,1,a,c,7500.0,9.0,2010.0,0,0.0,0.0,None,2015,3,15,11,1,Sunday
73,7,2015-03-15,0,0,0,0,0,0,d,c,500.0,5.0,2008.0,1,40.0,2013.0,"Mar,Jun,Sept,Dec",2015,3,15,11,1,Sunday
74,7,2015-03-15,0,0,0,0,0,1,a,a,500.0,7.0,2012.0,0,0.0,0.0,None,2015,3,15,11,1,Sunday
75,7,2015-03-15,0,0,0,0,0,1,c,c,3000.0,11.0,0.0,1,14.0,2009.0,"Feb,May,Aug,Nov",2015,3,15,11,1,Sunday
76,7,2015-03-15,0,0,0,0,0,1,a,a,120.0,0.0,2014.0,0,0.0,0.0,None,2015,3,15,11,1,Sunday
77,7,2015-03-15,0,0,0,0,0,1,d,c,1500.0,11.0,2012.0,0,0.0,0.0,None,2015,3,15,11,1,Sunday
78,7,2015-03-15,0,0,0,0,0,1,d,c,500.0,3.0,2010.0,0,0.0,0.0,None,2015,3,15,11,1,Sunday
79,7,2015-03-15,0,0,0,0,0,0,a,a,500.0,0.0,2012.0,1,14.0,2015.0,"Mar,Jun,Sept,Dec",2015,3,15,11,1,Sunday
80,7,2015-03-15,0,0,0,0,0,0,a,a,15000.0,9.0,2010.0,0,0.0,0.0,None,2015,3,15,11,1,Sunday
81,7,2015-03-15,0,0,0,0,0,1,a,a,1500.0,1.0,2010.0,1,22.0,2009.0,"Jan,Apr,Jul,Oct",2015,3,15,11,1,Sunday
82,7,2015-03-15,0,0,0,0,0,0,a,a,1500.0,0.0,0.0,0,0.0,0.0,None,2015,3,15,11,1,Sunday
83,7,2015-03-15,0,0,0,0,0,0,a,c,500.0,7.0,2014.0,0,0.0,0.0,None,2015,3,15,11,1,Sunday
84,7,2015-03-15,0,0,0,0,0,0,d,a,1500.0,0.0,2005.0,0,0.0,0.0,None,2015,3,15,11,1,Sunday
85,7,2015-03-15,0,0,0,0,0,0,d,c,120.0,0.0,2014.0,1,1.0,2013.0,"Jan,Apr,Jul,Oct",2015,3,15,11,1,Sunday
86,7,2015-03-15,0,0,0,0,0,0,d,a,3000.0,0.0,2012.0,0,0.0,0.0,None,2015,3,15,11,1,Sunday
87,7,2015-03-15,0,0,0,0,0,0,a,a,1500.0,0.0,0.0,0,0.0,0.0,None,2015,3,15,11,1,Sunday
88,7,2015-03-15,0,0,0,0,0,0,d,c,3000.0,3.0,2012.0,1,31.0,2009.0,"Feb,May,Aug,Nov",2015,3,15,11,1,Sunday
89,7,2015-03-15,0,0,0,0,0,0,d,a,1500.0,9.0,0.0,1,31.0,2015.0,"Feb,May,Aug,Nov",2015,3,15,11,1,Sunday
90,7,2015-03-15,0,0,0,0,0,0,d,c,1500.0,0.0,0.0,0,0.0,0.0,None,2015,3,15,11,1,Sunday
91,7,2015-03-15,0,0,0,0,0,0,a,c,1500.0,3.0,2008.0,0,0.0,0.0,None,2015,3,15,11,1,Sunday
92,7,2015-03-15,0,0,0,0,0,0,d,c,120.0,3.0,0.0,1,31.0,2009.0,"Feb,May,Aug,Nov",2015,3,15,11,1,Sunday
93,7,2015-03-15,0,0,0,0,0,0,d,a,120.0,5.0,2005.0,0,0.0,0.0,None,2015,3,15,11,1,Sunday
94,7,2015-03-15,0,0,0,0,0,0,c,a,500.0,11.0,2005.0,0,0.0,0.0,None,2015,3,15,11,1,Sunday
95,7,2015-03-15,0,0,0,0,0,0,a,c,500.0,11.0,2005.0,1,31.0,2009.0,"Feb,May,Aug,Nov",2015,3,15,11,1,Sunday
96,7,2015-03-15,0,0,0,0,0,0,d,c,500.0,7.0,2005.0,1,10.0,2009.0,"Feb,May,Aug,Nov",2015,3,15,11,1,Sunday
97,7,2015-03-15,0,0,0,0,0,0,c,a,120.0,0.0,2008.0,0,0.0,0.0,None,2015,3,15,11,1,Sunday
98,7,2015-03-15,0,0,0,0,0,0,c,a,500.0,3.0,2008.0,1,10.0,2009.0,"Feb,May,Aug,Nov",2015,3,15,11,1,Sunday
99,7,2015-03-15,0,0,0,0,0,0,a,c,500.0,1.0,2012.0,0,0.0,0.0,None,2015,3,15,11,1,Sunday
100,7,2015-03-15,0,0,0,0,0,1,b,c,500.0,9.0,2005.0,0,0.0,0.0,None,2015,3,15,11,1,Sunday
1,1,2015-03-16,6395,575,1,0,0,0,a,c,3000.0,7.0,2012.0,0,0.0,0.0,None,2015,3,16,12,1,Monday
2,1,2015-03-16,7492,770,1,0,0,0,a,a,7500.0,5.0,2008.0,0,0.0,0.0,None,2015,3,16,12,1,Monday
3,1,2015-03-16,9863,1114,1,0,0,1,d,c,500.0,5.0,2012.0,1,10.0,2011.0,"Jan,Apr,Jul,Oct",2015,3,16,12,1,Monday
4,1,2015-03-16,6850,851,1,0,0,0,a,a,1500.0,1.0,2010.0,1,40.0,2011.0,"Mar,Jun,Sept,Dec",2015,3,16,12,1,Monday
5,1,2015-03-16,2345,356,1,0,0,0,c,a,15000.0,0.0,2008.0,1,31.0,2009.0,"Mar,Jun,Sept,Dec",2015,3,16,12,1,Monday
6,1,2015-03-16,6882,910,1,1,0,0,a,c,1500.0,1.0,0.0,0,0.0,0.0,None,2015,3,16,12,1,Monday
7,1,2015-03-16,12870,1154,1,0,0,1,a,a,1500.0,5.0,2012.0,1,14.0,2011.0,"Jan,Apr,Jul,Oct",2015,3,16,12,1,Monday
8,1,2015-03-16,12290,1139,1,1,0,0,a,c,500.0,9.0,2014.0,1,40.0,2009.0,"Mar,Jun,Sept,Dec",2015,3,16,12,1,Monday
9,1,2015-03-16,3024,314,1,1,0,0,d,a,500.0,5.0,2014.0,1,40.0,2013.0,"Jan,Apr,Jul,Oct",2015,3,16,12,1,Monday
10,1,2015-03-16,0,0,0,1,0,0,d,c,3000.0,11.0,2012.0,1,1.0,2015.0,"Jan,Apr,Jul,Oct",2015,3,16,12,1,Monday
11,1,2015-03-16,8682,688,1,1,0,1,a,c,120.0,11.0,0.0,1,22.0,2015.0,"Mar,Jun,Sept,Dec",2015,3,16,12,1,Monday
12,1,2015-03-16,10059,1127,1,1,0,0,d,c,3000.0,0.0,2008.0,0,0.0,0.0,None,2015,3,16,12,1,Monday
13,1,2015-03-16,4102,657,1,0,0,0,a,a,7500.0,5.0,2005.0,0,0.0,0.0,None,2015,3,16,12,1,Monday
14,1,2015-03-16,0,0,0,1,0,1,a,c,1500.0,5.0,2014.0,1,1.0,2013.0,"Jan,Apr,Jul,Oct",2015,3,16,12,1,Monday
15,1,2015-03-16,4152,326,1,1,0,1,d,c,3000.0,11.0,2014.0,1,1.0,2013.0,"Mar,Jun,Sept,Dec",2015,3,16,12,1,Monday
16,1,2015-03-16,11390,894,1,1,0,0,a,a,500.0,11.0,0.0,0,0.0,0.0,None,2015,3,16,12,1,Monday
17,1,2015-03-16,4051,356,1,1,0,1,a,c,500.0,7.0,2008.0,0,0.0,0.0,None,2015,3,16,12,1,Monday
18,1,2015-03-16,5248,485,1,0,0,1,d,c,1500.0,5.0,2005.0,1,40.0,2009.0,"Jan,Apr,Jul,Oct",2015,3,16,12,1,Monday
19,1,2015-03-16,5250,886,1,0,0,0,d,c,120.0,9.0,2014.0,1,10.0,2013.0,"Jan,Apr,Jul,Oct",2015,3,16,12,1,Monday
20,1,2015-03-16,13316,1197,1,0,0,0,a,a,500.0,9.0,0.0,1,1.0,2013.0,"Mar,Jun,Sept,Dec",2015,3,16,12,1,Monday
21,1,2015-03-16,8852,1177,1,1,0,0,a,c,1500.0,0.0,2008.0,0,0.0,0.0,None,2015,3,16,12,1,Monday
22,1,2015-03-16,6226,607,1,0,0,0,a,a,500.0,0.0,2010.0,0,0.0,0.0,None,2015,3,16,12,1,Monday
23,1,2015-03-16,8914,879,1,0,0,0,d,c,500.0,1.0,2008.0,0,0.0,0.0,None,2015,3,16,12,1,Monday
24,1,2015-03-16,7529,607,1,1,0,0,a,a,1500.0,1.0,2010.0,0,0.0,0.0,None,2015,3,16,12,1,Monday
25,1,2015-03-16,8692,1011,1,0,0,0,a,c,500.0,1.0,2012.0,0,0.0,0.0,None,2015,3,16,12,1,Monday
26,1,2015-03-16,4638,821,1,0,0,1,d,a,1500.0,3.0,2008.0,0,0.0,0.0,None,2015,3,16,12,1,Monday
27,1,2015-03-16,4920,444,1,0,0,0,d,a,15000.0,9.0,2008.0,1,1.0,2009.0,"Mar,Jun,Sept,Dec",2015,3,16,12,1,Monday
28,1,2015-03-16,2369,350,1,0,0,0,a,a,1500.0,3.0,2010.0,0,0.0,0.0,None,2015,3,16,12,1,Monday
29,1,2015-03-16,5102,802,1,0,0,0,a,a,1500.0,5.0,0.0,1,10.0,2015.0,"Jan,Apr,Jul,Oct",2015,3,16,12,1,Monday
30,1,2015-03-16,5144,655,1,1,0,0,c,c,500.0,11.0,2014.0,1,22.0,2015.0,"Feb,May,Aug,Nov",2015,3,16,12,1,Monday
31,1,2015-03-16,8069,838,1,1,0,0,d,c,500.0,0.0,2014.0,1,31.0,2015.0,"Mar,Jun,Sept,Dec",2015,3,16,12,1,Monday
32,1,2015-03-16,8496,969,1,1,0,0,a,a,3000.0,3.0,2010.0,1,1.0,2015.0,"Mar,Jun,Sept,Dec",2015,3,16,12,1,Monday
33,1,2015-03-16,14357,1155,1,1,0,0,d,c,1500.0,9.0,2008.0,0,0.0,0.0,None,2015,3,16,12,1,Monday
34,1,2015-03-16,5281,548,1,1,0,0,d,c,500.0,9.0,2005.0,0,0.0,0.0,None,2015,3,16,12,1,Monday
35,1,2015-03-16,9045,936,1,0,0,0,a,c,120.0,5.0,0.0,1,22.0,2015.0,"Mar,Jun,Sept,Dec",2015,3,16,12,1,Monday
36,1,2015-03-16,6080,1068,1,0,0,0,d,a,1500.0,3.0,2008.0,1,40.0,2011.0,"Feb,May,Aug,Nov",2015,3,16,12,1,Monday
37,1,2015-03-16,13730,1129,1,1,0,1,d,a,7500.0,3.0,2008.0,1,40.0,2009.0,"Mar,Jun,Sept,Dec",2015,3,16,12,1,Monday
38,1,2015-03-16,10416,915,1,0,0,0,a,a,3000.0,3.0,2010.0,0,0.0,0.0,None,2015,3,16,12,1,Monday
39,1,2015-03-16,2512,449,1,0,0,0,c,a,7500.0,7.0,2014.0,1,14.0,2015.0,"Jan,Apr,Jul,Oct",2015,3,16,12,1,Monday
40,1,2015-03-16,10740,911,1,0,0,0,d,a,1500.0,11.0,2008.0,1,22.0,2013.0,"Jan,Apr,Jul,Oct",2015,3,16,12,1,Monday
41,1,2015-03-16,6397,845,1,0,0,0,a,c,500.0,1.0,0.0,0,0.0,0.0,None,2015,3,16,12,1,Monday
42,1,2015-03-16,6342,869,1,1,0,1,d,c,120.0,1.0,2014.0,0,0.0,0.0,None,2015,3,16,12,1,Monday
43,1,2015-03-16,8239,848,1,0,0,1,a,a,500.0,0.0,0.0,1,31.0,2011.0,"Mar,Jun,Sept,Dec",2015,3,16,12,1,Monday
44,1,2015-03-16,3490,394,1,0,0,0,a,a,1500.0,5.0,2005.0,0,0.0,0.0,None,2015,3,16,12,1,Monday
45,1,2015-03-16,3036,312,1,0,0,0,c,a,120.0,9.0,2014.0,1,22.0,2011.0,"Feb,May,Aug,Nov",2015,3,16,12,1,Monday
46,1,2015-03-16,8821,717,1,1,0,0,a,c,500.0,1.0,2014.0,0,0.0,0.0,None,2015,3,16,12,1,Monday
47,1,2015-03-16,5365,879,1,0,0,0,c,a,1500.0,0.0,0.0,1,40.0,2013.0,"Jan,Apr,Jul,Oct",2015,3,16,12,1,Monday
48,1,2015-03-16,7780,552,1,1,0,1,a,c,500.0,7.0,2010.0,1,22.0,2011.0,"Mar,Jun,Sept,Dec",2015,3,16,12,1,Monday
49,1,2015-03-16,8689,650,1,1,0,0,d,a,120.0,1.0,2010.0,1,14.0,2009.0,"Mar,Jun,Sept,Dec",2015,3,16,12,1,Monday
50,1,2015-03-16,3263,302,1,1,0,0,a,c,500.0,1.0,2012.0,0,0.0,0.0,None,2015,3,16,12,1,Monday
51,1,2015-03-16,3638,531,1,1,0,0,a,c,120.0,1.0,0.0,0,0.0,0.0,None,2015,3,16,12,1,Monday
52,1,2015-03-16,6939,738,1,1,0,1,a,a,120.0,7.0,2012.0,1,31.0,2013.0,"Mar,Jun,Sept,Dec",2015,3,16,12,1,Monday
53,1,2015-03-16,9575,1148,1,1,0,0,a,c,1500.0,0.0,0.0,1,14.0,2009.0,"Feb,May,Aug,Nov",2015,3,16,12,1,Monday
54,1,2015-03-16,3682,440,1,0,0,1,a,a,1500.0,0.0,0.0,0,0.0,0.0,None,2015,3,16,12,1,Monday
55,1,2015-03-16,6416,1097,1,0,0,0,d,c,1500.0,1.0,2005.0,1,22.0,2009.0,"Feb,May,Aug,Nov",2015,3,16,12,1,Monday
56,1,2015-03-16,4624,704,1,0,0,0,a,a,1500.0,7.0,2010.0,0,0.0,0.0,None,2015,3,16,12,1,Monday
57,1,2015-03-16,2332,387,1,0,0,0,a,c,1500.0,0.0,2012.0,1,10.0,2009.0,"Mar,Jun,Sept,Dec",2015,3,16,12,1,Monday
58,1,2015-03-16,5364,577,1,1,0,0,d,c,1500.0,0.0,0.0,1,14.0,2009.0,"Mar,Jun,Sept,Dec",2015,3,16,12,1,Monday
59,1,2015-03-16,5990,638,1,0,0,0,d,c,500.0,7.0,2012.0,0,0.0,0.0,None,2015,3,16,12,1,Monday
60,1,2015-03-16,7514,1029,1,1,0,0,a,a,1500.0,11.0,0.0,1,31.0,2011.0,"Feb,May,Aug,Nov",2015,3,16,12,1,Monday
61,1,2015-03-16,8240,1034,1,0,0,0,a,c,500.0,5.0,2005.0,1,31.0,2013.0,"Jan,Apr,Jul,Oct",2015,3,16,12,1,Monday
62,1,2015-03-16,3869,559,1,0,0,1,a,a,15000.0,5.0,2005.0,0,0.0,0.0,None,2015,3,16,12,1,Monday
63,1,2015-03-16,5616,698,1,0,0,0,c,c,3000.0,5.0,2005.0,0,0.0,0.0,None,2015,3,16,12,1,Monday
64,1,2015-03-16,3782,431,1,0,0,0,c,c,1500.0,5.0,0.0,1,1.0,2013.0,"Jan,Apr,Jul,Oct",2015,3,16,12,1,Monday
65,1,2015-03-16,11692,1121,1,0,0,0,a,c,1500.0,0.0,2014.0,0,0.0,0.0,None,2015,3,16,12,1,Monday
66,1,2015-03-16,10082,926,1,0,0,0,a,a,15000.0,3.0,2010.0,0,0.0,0.0,None,2015,3,16,12,1,Monday
67,1,2015-03-16,10964,975,1,1,0,0,d,c,1500.0,1.0,2012.0,0,0.0,0.0,None,2015,3,16,12,1,Monday
68,1,2015-03-16,8364,1075,1,0,0,0,c,c,500.0,7.0,0.0,0,0.0,0.0,None,2015,3,16,12,1,Monday
69,1,2015-03-16,11324,1069,1,0,0,0,d,c,15000.0,1.0,2012.0,1,31.0,2013.0,"Mar,Jun,Sept,Dec",2015,3,16,12,1,Monday
70,1,2015-03-16,2411,402,1,0,0,0,a,a,3000.0,5.0,0.0,0,0.0,0.0,None,2015,3,16,12,1,Monday
71,1,2015-03-16,8286,696,1,0,0,0,a,c,120.0,1.0,2008.0,1,31.0,2009.0,"Jan,Apr,Jul,Oct",2015,3,16,12,1,Monday
72,1,2015-03-16,6216,557,1,0,0,0,a,c,7500.0,9.0,2010.0,0,0.0,0.0,None,2015,3,16,12,1,Monday
73,1,2015-03-16,4744,344,1,1,0,0,d,c,500.0,5.0,2008.0,1,40.0,2013.0,"Mar,Jun,Sept,Dec",2015,3,16,12,1,Monday
74,1,2015-03-16,4465,637,1,0,0,0,a,a,500.0,7.0,2012.0,0,0.0,0.0,None,2015,3,16,12,1,Monday
75,1,2015-03-16,5750,641,1,1,0,0,c,c,3000.0,11.0,0.0,1,14.0,2009.0,"Feb,May,Aug,Nov",2015,3,16,12,1,Monday
76,1,2015-03-16,4190,445,1,1,0,0,a,a,120.0,0.0,2014.0,0,0.0,0.0,None,2015,3,16,12,1,Monday
77,1,2015-03-16,4958,873,1,0,0,0,d,c,1500.0,11.0,2012.0,0,0.0,0.0,None,2015,3,16,12,1,Monday
78,1,2015-03-16,3750,520,1,0,0,0,d,c,500.0,3.0,2010.0,0,0.0,0.0,None,2015,3,16,12,1,Monday
79,1,2015-03-16,4390,480,1,1,0,1,a,a,500.0,0.0,2012.0,1,14.0,2015.0,"Mar,Jun,Sept,Dec",2015,3,16,12,1,Monday
80,1,2015-03-16,7961,787,1,1,0,0,a,a,15000.0,9.0,2010.0,0,0.0,0.0,None,2015,3,16,12,1,Monday
81,1,2015-03-16,4899,358,1,1,0,0,a,a,1500.0,1.0,2010.0,1,22.0,2009.0,"Jan,Apr,Jul,Oct",2015,3,16,12,1,Monday
82,1,2015-03-16,5589,523,1,1,0,0,a,a,1500.0,0.0,0.0,0,0.0,0.0,None,2015,3,16,12,1,Monday
83,1,2015-03-16,5395,584,1,1,0,1,a,c,500.0,7.0,2014.0,0,0.0,0.0,None,2015,3,16,12,1,Monday
84,1,2015-03-16,5444,613,1,0,0,1,d,a,1500.0,0.0,2005.0,0,0.0,0.0,None,2015,3,16,12,1,Monday
85,1,2015-03-16,5099,469,1,1,0,0,d,c,120.0,0.0,2014.0,1,1.0,2013.0,"Jan,Apr,Jul,Oct",2015,3,16,12,1,Monday
86,1,2015-03-16,7492,836,1,1,0,1,d,a,3000.0,0.0,2012.0,0,0.0,0.0,None,2015,3,16,12,1,Monday
87,1,2015-03-16,8159,1000,1,1,0,0,a,a,1500.0,0.0,0.0,0,0.0,0.0,None,2015,3,16,12,1,Monday
88,1,2015-03-16,5741,524,1,1,0,0,d,c,3000.0,3.0,2012.0,1,31.0,2009.0,"Feb,May,Aug,Nov",2015,3,16,12,1,Monday
89,1,2015-03-16,7197,723,1,0,0,0,d,a,1500.0,9.0,0.0,1,31.0,2015.0,"Feb,May,Aug,Nov",2015,3,16,12,1,Monday
90,1,2015-03-16,2835,338,1,0,0,0,d,c,1500.0,0.0,0.0,0,0.0,0.0,None,2015,3,16,12,1,Monday
91,1,2015-03-16,3855,630,1,0,0,0,a,c,1500.0,3.0,2008.0,0,0.0,0.0,None,2015,3,16,12,1,Monday
92,1,2015-03-16,2557,465,1,0,0,0,d,c,120.0,3.0,0.0,1,31.0,2009.0,"Feb,May,Aug,Nov",2015,3,16,12,1,Monday
93,1,2015-03-16,3186,359,1,0,0,0,d,a,120.0,5.0,2005.0,0,0.0,0.0,None,2015,3,16,12,1,Monday
94,1,2015-03-16,5181,379,1,1,0,0,c,a,500.0,11.0,2005.0,0,0.0,0.0,None,2015,3,16,12,1,Monday
95,1,2015-03-16,11825,1178,1,0,0,0,a,c,500.0,11.0,2005.0,1,31.0,2009.0,"Feb,May,Aug,Nov",2015,3,16,12,1,Monday
96,1,2015-03-16,4533,729,1,0,0,0,d,c,500.0,7.0,2005.0,1,10.0,2009.0,"Feb,May,Aug,Nov",2015,3,16,12,1,Monday
97,1,2015-03-16,9595,1060,1,0,0,0,c,a,120.0,0.0,2008.0,0,0.0,0.0,None,2015,3,16,12,1,Monday
98,1,2015-03-16,4031,557,1,0,0,0,c,a,500.0,3.0,2008.0,1,10.0,2009.0,"Feb,May,Aug,Nov",2015,3,16,12,1,Monday
99,1,2015-03-16,3316,309,1,1,0,1,a,c,500.0,1.0,2012.0,0,0.0,0.0,None,2015,3,16,12,1,Monday
100,1,2015-03-16,5383,627,1,1,0,0,b,c,500.0,9.0,2005.0,0,0.0,0.0,None,2015,3,16,12,1,Monday
1,2,2015-03-17,5896,657,1,0,0,0,a,c,3000.0,7.0,2012.0,0,0.0,0.0,None,2015,3,17,12,1,Tuesday
2,2,2015-03-17,11399,1159,1,0,0,1,a,a,7500.0,5.0,2008.0,0,0.0,0.0,None,2015,3,17,12,1,Tuesday
3,2,2015-03-17,5010,424,1,1,0,1,d,c,500.0,5.0,2012.0,1,10.0,2011.0,"Jan,Apr,Jul,Oct",2015,3,17,12,1,Tuesday
4,2,2015-03-17,6020,540,1,0,0,0,a,a,1500.0,1.0,2010.0,1,40.0,2011.0,"Mar,Jun,Sept,Dec",2015,3,17,12,1,Tuesday
5,2,2015-03-17,13337,1089,1,1,0,0,c,a,15000.0,0.0,2008.0,1,31.0,2009.0,"Mar,Jun,Sept,Dec",2015,3,17,12,1,Tuesday
6,2,2015-03-17,4870,596,1,0,0,0,a,c,1500.0,1.0,0.0,0,0.0,0.0,None,2015,3,17,12,1,Tuesday
7,2,2015-03-17,7306,878,1,0,0,0,a,a,1500.0,5.0,2012.0,1,14.0,2011.0,"Jan,Apr,Jul,Oct",2015,3,17,12,1,Tuesday
8,2,2015-03-17,5360,623,1,0,0,0,a,c,500.0,9.0,2014.0,1,40.0,2009.0,"Mar,Jun,Sept,Dec",2015,3,17,12,1,Tuesday
9,2,2015-03-17,2932,489,1,0,0,0,d,a,500.0,5.0,2014.0,1,40.0,2013.0,"Jan,Apr,Jul,Oct",2015,3,17,12,1,Tuesday
10,2,2015-03-17,7521,645,1,1,0,0,d,c,3000.0,11.0,2012.0,1,1.0,2015.0,"Jan,Apr,Jul,Oct",2015,3,17,12,1,Tuesday
11,2,2015-03-17,5367,598,1,0,0,0,a,c,120.0,11.0,0.0,1,22.0,2015.0,"Mar,Jun,Sept,Dec",2015,3,17,12,1,Tuesday
12,2,2015-03-17,3965,392,1,1,0,0,d,c,3000.0,0.0,2008.0,0,0.0,0.0,None,2015,3,17,12,1,Tuesday
13,2,2015-03-17,10606,982,1,1,0,0,a,a,7500.0,5.0,2005.0,0,0.0,0.0,None,2015,3,17,12,1,Tuesday
14,2,2015-03-17,8432,765,1,0,0,0,a,c,1500.0,5.0,2014.0,1,1.0,2013.0,"Jan,Apr,Jul,Oct",2015,3,17,12,1,Tuesday
15,2,2015-03-17,3556,419,1,0,0,1,d,c,3000.0,11.0,2014.0,1,1.0,2013.0,"Mar,Jun,Sept,Dec",2015,3,17,12,1,Tuesday
16,2,2015-03-17,3645,385,1,1,0,0,a,a,500.0,11.0,0.0,0,0.0,0.0,None,2015,3,17,12,1,Tuesday
17,2,2015-03-17,4753,824,1,0,0,1,a,c,500.0,7.0,2008.0,0,0.0,0.0,None,2015,3,17,12,1,Tuesday
18,2,2015-03-17,4154,333,1,1,0,0,d,c,1500.0,5.0,2005.0,1,40.0,2009.0,"Jan,Apr,Jul,Oct",2015,3,17,12,1,Tuesday
19,2,2015-03-17,3418,335,1,0,0,0,d,c,120.0,9.0,2014.0,1,10.0,2013.0,"Jan,Apr,Jul,Oct",2015,3,17,12,1,Tuesday
20,2,2015-03-17,0,0,0,0,0,0,a,a,500.0,9.0,0.0,1,1.0,2013.0,"Mar,Jun,Sept,Dec",2015,3,17,12,1,Tuesday
21,2,2015-03-17,9327,806,1,0,0,0,a,c,1500.0,0.0,2008.0,0,0.0,0.0,None,2015,3,17,12,1,Tuesday
22,2,2015-03-17,7053,787,1,1,0,0,a,a,500.0,0.0,2010.0,0,0.0,0.0,None,2015,3,17,12,1,Tuesday
23,2,2015-03-17,12681,1103,1,0,0,0,d,c,500.0,1.0,2008.0,0,0.0,0.0,None,2015,3,17,12,1,Tuesday
24,2,2015-03-17,5728,772,1,0,0,0,a,a,1500.0,1.0,2010.0,0,0.0,0.0,None,2015,3,17,12,1,Tuesday
25,2,2015-03-17,9913,1123,1,1,0,0,a,c,500.0,1.0,2012.0,0,0.0,0.0,None,2015,3,17,12,1,Tuesday
26,2,2015-03-17,2384,364,1,0,0,0,d,a,1500.0,3.0,2008.0,0,0.0,0.0,None,2015,3,17,12,1,Tuesday
27,2,2015-03-17,8277,966,1,1,0,0,d,a,15000.0,9.0,2008.0,1,1.0,2009.0,"Mar,Jun,Sept,Dec",2015,3,17,12,1,Tuesday
28,2,2015-03-17,6606,680,1,0,0,0,a,a,1500.0,3.0,2010.0,0,0.0,0.0,None,2015,3,17,12,1,Tuesday
29,2,2015-03-17,11896,990,1,1,0,0,a,a,1500.0,5.0,0.0,1,10.0,2015.0,"Jan,Apr,Jul,Oct",2015,3,17,12,1,Tuesday
30,2,2015-03-17,10365,1131,1,1,0,1,c,c,500.0,11.0,2014.0,1,22.0,2015.0,"Feb,May,Aug,Nov",2015,3,17,12,1,Tuesday
31,2,2015-03-17,4710,592,1,0,0,0,d,c,500.0,0.0,2014.0,1,31.0,2015.0,"Mar,Jun,Sept,Dec",2015,3,17,12,1,Tuesday
32,2,2015-03-17,2637,383,1,0,0,0,a,a,3000.0,3.0,2010.0,1,1.0,2015.0,"Mar,Jun,Sept,Dec",2015,3,17,12,1,Tuesday
33,2,2015-03-17,5566,725,1,0,0,0,d,c,1500.0,9.0,2008.0,0,0.0,0.0,None,2015,3,17,12,1,Tuesday
34,2,2015-03-17,9367,938,1,0,0,0,d,c,500.0,9.0,2005.0,0,0.0,0.0,None,2015,3,17,12,1,Tuesday
35,2,2015-03-17,8483,873,1,1,0,0,a,c,120.0,5.0,0.0,1,22.0,2015.0,"Mar,Jun,Sept,Dec",2015,3,17,12,1,Tuesday
36,2,2015-03-17,4631,452,1,0,0,0,d,a,1500.0,3.0,2008.0,1,40.0,2011.0,"Feb,May,Aug,Nov",2015,3,17,12,1,Tuesday
37,2,2015-03-17,9310,850,1,1,0,0,d,a,7500.0,3.0,2008.0,1,40.0,2009.0,"Mar,Jun,Sept,Dec",2015,3,17,12,1,Tuesday
38,2,2015-03-17,9534,1026,1,0,0,0,a,a,3000.0,3.0,2010.0,0,0.0,0.0,None,2015,3,17,12,1,Tuesday
39,2,2015-03-17,4996,578,1,0,0,0,c,a,7500.0,7.0,2014.0,1,14.0,2015.0,"Jan,Apr,Jul,Oct",2015,3,17,12,1,Tuesday
40,2,2015-03-17,7316,628,1,0,0,1,d,a,1500.0,11.0,2008.0,1,22.0,2013.0,"Jan,Apr,Jul,Oct",2015,3,17,12,1,Tuesday
41,2,2015-03-17,9421,1034,1,1,0,1,a,c,500.0,1.0,0.0,0,0.0,0.0,None,2015,3,17,12,1,Tuesday
42,2,2015-03-17,4623,518,1,1,0,0,d,c,120.0,1.0,2014.0,0,0.0,0.0,None,2015,3,17,12,1,Tuesday
43,2,2015-03-17,10454,952,1,1,0,0,a,a,500.0,0.0,0.0,1,31.0,2011.0,"Mar,Jun,Sept,Dec",2015,3,17,12,1,Tuesday
44,2,2015-03-17,2760,473,1,0,0,1,a,a,1500.0,5.0,2005.0,0,0.0,0.0,None,2015,3,17,12,1,Tuesday
45,2,2015-03-17,5044,412,1,1,0,1,c,a,120.0,9.0,2014.0,1,22.0,2011.0,"Feb,May,Aug,Nov",2015,3,17,12,1,Tuesday
46,2,2015-03-17,6720,1195,1,0,0,1,a,c,500.0,1.0,2014.0,0,0.0,0.0,None,2015,3,17,12,1,Tuesday
47,2,2015-03-17,6246,880,1,0,0,1,c,a,1500.0,0.0,0.0,1,40.0,2013.0,"Jan,Apr,Jul,Oct",2015,3,17,12,1,Tuesday
48,2,2015-03-17,10972,1000,1,1,0,1,a,c,500.0,7.0,2010.0,1,22.0,2011.0,"Mar,Jun,Sept,Dec",2015,3,17,12,1,Tuesday
49,2,2015-03-17,11339,955,1,1,0,0,d,a,120.0,1.0,2010.0,1,14.0,2009.0,"Mar,Jun,Sept,Dec",2015,3,17,12,1,Tuesday
50,2,2015-03-17,3958,554,1,0,0,1,a,c,500.0,1.0,2012.0,0,0.0,0.0,None,2015,3,17,12,1,Tuesday
51,2,2015-03-17,11709,1001,1,0,0,0,a,c,120.0,1.0,0.0,0,0.0,0.0,None,2015,3,17,12,1,Tuesday
52,2,2015-03-17,3418,561,1,0,0,0,a,a,120.0,7.0,2012.0,1,31.0,2013.0,"Mar,Jun,Sept,Dec",2015,3,17,12,1,Tuesday
53,2,2015-03-17,6246,856,1,0,0,1,a,c,1500.0,0.0,0.0,1,14.0,2009.0,"Feb,May,Aug,Nov",2015,3,17,12,1,Tuesday
54,2,2015-03-17,11737,903,1,1,0,0,a,a,1500.0,0.0,0.0,0,0.0,0.0,None,2015,3,17,12,1,Tuesday
55,2,2015-03-17,4184,407,1,0,0,0,d,c,1500.0,1.0,2005.0,1,22.0,2009.0,"Feb,May,Aug,Nov",2015,3,17,12,1,Tuesday
56,2,2015-03-17,3121,567,1,0,0,0,a,a,1500.0,7.0,2010.0,0,0.0,0.0,None,2015,3,17,12,1,Tuesday
57,2,2015-03-17,7769,741,1,0,0,1,a,c,1500.0,0.0,2012.0,1,10.0,2009.0,"Mar,Jun,Sept,Dec",2015,3,17,12,1,Tuesday
58,2,2015-03-17,8962,837,1,0,0,1,d,c,1500.0,0.0,0.0,1,14.0,2009.0,"Mar,Jun,Sept,Dec",2015,3,17,12,1,Tuesday
59,2,2015-03-17,9262,859,1,0,0,1,d,c,500.0,7.0,2012.0,0,0.0,0.0,None,2015,3,17,12,1,Tuesday
60,2,2015-03-17,3935,500,1,1,0,0,a,a,1500.0,11.0,0.0,1,31.0,2011.0,"Feb,May,Aug,Nov",2015,3,17,12,1,Tuesday
61,2,2015-03-17,6894,592,1,1,0,0,a,c,500.0,5.0,2005.0,1,31.0,2013.0,"Jan,Apr,Jul,Oct",2015,3,17,12,1,Tuesday
62,2,2015-03-17,5760,563,1,0,0,0,a,a,15000.0,5.0,2005.0,0,0.0,0.0,None,2015,3,17,12,1,Tuesday
63,2,2015-03-17,6874,949,1,0,0,0,c,c,3000.0,5.0,2005.0,0,0.0,0.0,None,2015,3,17,12,1,Tuesday
64,2,2015-03-17,6998,755,1,0,0,0,c,c,1500.0,5.0,0.0,1,1.0,2013.0,"Jan,Apr,Jul,Oct",2015,3,17,12,1,Tuesday
65,2,2015-03-17,11897,1036,1,1,0,1,a,c,1500.0,0.0,2014.0,0,0.0,0.0,None,2015,3,17,12,1,Tuesday
66,2,2015-03-17,5288,620,1,1,0,0,a,a,15000.0,3.0,2010.0,0,0.0,0.0,None,2015,3,17,12,1,Tuesday
67,2,2015-03-17,3181,442,1,1,0,0,d,c,1500.0,1.0,2012.0,0,0.0,0.0,None,2015,3,17,12,1,Tuesday
68,2,2015-03-17,8867,1116,1,0,0,0,c,c,500.0,7.0,0.0,0,0.0,0.0,None,2015,3,17,12,1,Tuesday
69,2,2015-03-17,4176,514,1,1,0,0,d,c,15000.0,1.0,2012.0,1,31.0,2013.0,"Mar,Jun,Sept,Dec",2015,3,17,12,1,Tuesday
70,2,2015-03-17,3722,463,1,1,0,1,a,a,3000.0,5.0,0.0,0,0.0,0.0,None,2015,3,17,12,1,Tuesday
71,2,2015-03-17,9400,1125,1,1,0,0,a,c,120.0,1.0,2008.0,1,31.0,2009.0,"Jan,Apr,Jul,Oct",2015,3,17,12,1,Tuesday
72,2,2015-03-17,8942,1113,1,0,0,0,a,c,7500.0,9.0,2010.0,0,0.0,0.0,None,2015,3,17,12,1,Tuesday
73,2,2015-03-17,9486,876,1,0,0,0,d,c,500.0,5.0,2008.0,1,40.0,2013.0,"Mar,Jun,Sept,Dec",2015,3,17,12,1,Tuesday
74,2,2015-03-17,2554,339,1,0,0,0,a,a,500.0,7.0,2012.0,0,0.0,0.0,None,2015,3,17,12,1,Tuesday
75,2,2015-03-17,3638,544,1,0,0,0,c,c,3000.0,11.0,0.0,1,14.0,2009.0,"Feb,May,Aug,Nov",2015,3,17,12,1,Tuesday
76,2,2015-03-17,3999,504,1,0,0,0,a,a,120.0,0.0,2014.0,0,0.0,0.0,None,2015,3,17,12,1,Tuesday
77,2,2015-03-17,6023,784,1,0,0,0,d,c,1500.0,11.0,2012.0,0,0.0,0.0,None,2015,3,17,12,1,Tuesday
78,2,2015-03-17,4434,548,1,0,0,1,d,c,500.0,3.0,2010.0,0,0.0,0.0,None,2015,3,17,12,1,Tuesday
79,2,2015-03-17,5792,426,1,1,0,0,a,a,500.0,0.0,2012.0,1,14.0,2015.0,"Mar,Jun,Sept,Dec",2015,3,17,12,1,Tuesday
80,2,2015-03-17,6944,1131,1,0,0,0,a,a,15000.0,9.0,2010.0,0,0.0,0.0,None,2015,3,17,12,1,Tuesday
81,2,2015-03-17,11261,1108,1,0,0,0,a,a,1500.0,1.0,2010.0,1,22.0,2009.0,"Jan,Apr,Jul,Oct",2015,3,17,12,1,Tuesday
82,2,2015-03-17,4915,646,1,1,0,0,a,a,1500.0,0.0,0.0,0,0.0,0.0,None,2015,3,17,12,1,Tuesday
83,2,2015-03-17,4403,392,1,0,0,0,a,c,500.0,7.0,2014.0,0,0.0,0.0,None,2015,3,17,12,1,Tuesday
84,2,2015-03-17,4614,720,1,0,0,1,d,a,1500.0,0.0,2005.0,0,0.0,0.0,None,2015,3,17,12,1,Tuesday
85,2,2015-03-17,5642,986,1,0,0,1,d,c,120.0,0.0,2014.0,1,1.0,2013.0,"Jan,Apr,Jul,Oct",2015,3,17,12,1,Tuesday
86,2,2015-03-17,5391,716,1,1,0,0,d,a,3000.0,0.0,2012.0,0,0.0,0.0,None,2015,3,17,12,1,Tuesday
87,2,2015-03-17,0,0,0,0,0,0,a,a,1500.0,0.0,0.0,0,0.0,0.0,None,2015,3,17,12,1,Tuesday
88,2,2015-03-17,7542,726,1,0,0,1,d,c,3000.0,3.0,2012.0,1,31.0,2009.0,"Feb,May,Aug,Nov",2015,3,17,12,1,Tuesday
89,2,2015-03-17,5439,498,1,0,0,1,d,a,1500.0,9.0,0.0,1,31.0,2015.0,"Feb,May,Aug,Nov",2015,3,17,12,1,Tuesday
90,2,2015-03-17,5741,880,1,1,0,0,d,c,1500.0,0.0,0.0,0,0.0,0.0,None,2015,3,17,12,1,Tuesday
91,2,2015-03-17,4253,727,1,0,0,0,a,c,1500.0,3.0,2008.0,0,0.0,0.0,None,2015,3,17,12,1,Tuesday
92,2,2015-03-17,7398,1196,1,0,0,0,d,c,120.0,3.0,0.0,1,31.0,2009.0,"Feb,May,Aug,Nov",2015,3,17,12,1,Tuesday
93,2,2015-03-17,4101,458,1,0,0,0,d,a,120.0,5.0,2005.0,0,0.0,0.0,None,2015,3,17,12,1,Tuesday
94,2,2015-03-17,6588,913,1,1,0,0,c,a,500.0,11.0,2005.0,0,0.0,0.0,None,2015,3,17,12,1,Tuesday
95,2,2015-03-17,5384,538,1,1,0,0,a,c,500.0,11.0,2005.0,1,31.0,2009.0,"Feb,May,Aug,Nov",2015,3,17,12,1,Tuesday
96,2,2015-03-17,4310,497,1,0,0,0,d,c,500.0,7.0,2005.0,1,10.0,2009.0,"Feb,May,Aug,Nov",2015,3,17,12,1,Tuesday
97,2,2015-03-17,4587,310,1,1,0,0,c,a,120.0,0.0,2008.0,0,0.0,0.0,None,2015,3,17,12,1,Tuesday
98,2,2015-03-17,8919,753,1,1,0,0,c,a,500.0,3.0,2008.0,1,10.0,2009.0,"Feb,May,Aug,Nov",2015,3,17,12,1,Tuesday
99,2,2015-03-17,7396,667,1,1,0,0,a,c,500.0,1.0,2012.0,0,0.0,0.0,None,2015,3,17,12,1,Tuesday
100,2,2015-03-17,5354,942,1,0,0,1,b,c,500.0,9.0,2005.0,0,0.0,0.0,None,2015,3,17,12,1,Tuesday
1,3,2015-03-18,6454,680,1,0,0,1,a,c,3000.0,7.0,2012.0,0,0.0,0.0,None,2015,3,18,12,1,Wednesday
2,3,2015-03-18,6248,442,1,1,0,0,a,a,7500.0,5.0,2008.0,0,0.0,0.0,None,2015,3,18,12,1,Wednesday
3,3,2015-03-18,5802,718,1,0,0,0,d,c,500.0,5.0,2012.0,1,10.0,2011.0,"Jan,Apr,Jul,Oct",2015,3,18,12,1,Wednesday
4,3,2015-03-18,7851,898,1,1,0,0,a,a,1500.0,1.0,2010.0,1,40.0,2011.0,"Mar,Jun,Sept,Dec",2015,3,18,12,1,Wednesday
5,3,2015-03-18,10328,865,1,0,0,0,c,a,15000.0,0.0,2008.0,1,31.0,2009.0,"Mar,Jun,Sept,Dec",2015,3,18,12,1,Wednesday
6,3,2015-03-18,5091,610,1,0,0,0,a,c,1500.0,1.0,0.0,0,0.0,0.0,None,2015,3,18,12,1,Wednesday
7,3,2015-03-18,11250,1105,1,0,0,1,a,a,1500.0,5.0,2012.0,1,14.0,2011.0,"Jan,Apr,Jul,Oct",2015,3,18,12,1,Wednesday
8,3,2015-03-18,5500,707,1,0,0,0,a,c,500.0,9.0,2014.0,1,40.0,2009.0,"Mar,Jun,Sept,Dec",2015,3,18,12,1,Wednesday
9,3,2015-03-18,12498,963,1,1,0,1,d,a,500.0,5.0,2014.0,1,40.0,2013.0,"Jan,Apr,Jul,Oct",2015,3,18,12,1,Wednesday
10,3,2015-03-18,3211,366,1,0,0,0,d,c,3000.0,11.0,2012.0,1,1.0,2015.0,"Jan,Apr,Jul,Oct",2015,3,18,12,1,Wednesday
11,3,2015-03-18,5239,785,1,0,0,0,a,c,120.0,11.0,0.0,1,22.0,2015.0,"Mar,Jun,Sept,Dec",2015,3,18,12,1,Wednesday
12,3,2015-03-18,9294,837,1,1,0,0,d,c,3000.0,0.0,2008.0,0,0.0,0.0,None,2015,3,18,12,1,Wednesday
13,3,2015-03-18,11032,992,1,0,0,0,a,a,7500.0,5.0,2005.0,0,0.0,0.0,None,2015,3,18,12,1,Wednesday
14,3,2015-03-18,9428,1188,1,0,0,1,a,c,1500.0,5.0,2014.0,1,1.0,2013.0,"Jan,Apr,Jul,Oct",2015,3,18,12,1,Wednesday
15,3,2015-03-18,11332,1137,1,1,0,1,d,c,3000.0,11.0,2014.0,1,1.0,2013.0,"Mar,Jun,Sept,Dec",2015,3,18,12,1,Wednesday
16,3,2015-03-18,6630,1019,1,0,0,0,a,a,500.0,11.0,0.0,0,0.0,0.0,None,2015,3,18,12,1,Wednesday
17,3,2015-03-18,9761,878,1,0,0,0,a,c,500.0,7.0,2008.0,0,0.0,0.0,None,2015,3,18,12,1,Wednesday
18,3,2015-03-18,5749,925,1,0,0,0,d,c,1500.0,5.0,2005.0,1,40.0,2009.0,"Jan,Apr,Jul,Oct",2015,3,18,12,1,Wednesday
19,3,2015-03-18,5302,575,1,0,0,0,d,c,120.0,9.0,2014.0,1,10.0,2013.0,"Jan,Apr,Jul,Oct",2015,3,18,12,1,Wednesday
20,3,2015-03-18,8630,1074,1,1,0,1,a,a,500.0,9.0,0.0,1,1.0,2013.0,"Mar,Jun,Sept,Dec",2015,3,18,12,1,Wednesday
21,3,2015-03-18,10871,1131,1,0,0,1,a,c,1500.0,0.0,2008.0,0,0.0,0.0,None,2015,3,18,12,1,Wednesday
22,3,2015-03-18,3962,662,1,0,0,0,a,a,500.0,0.0,2010.0,0,0.0,0.0,None,2015,3,18,12,1,Wednesday
23,3,2015-03-18,8880,854,1,1,0,0,d,c,500.0,1.0,2008.0,0,0.0,0.0,None,2015,3,18,12,1,Wednesday
24,3,2015-03-18,3884,500,1,0,0,0,a,a,1500.0,1.0,2010.0,0,0.0,0.0,None,2015,3,18,12,1,Wednesday
25,3,2015-03-18,7424,945,1,0,0,0,a,c,500.0,1.0,2012.0,0,0.0,0.0,None,2015,3,18,12,1,Wednesday
26,3,2015-03-18,2158,364,1,0,0,0,d,a,1500.0,3.0,2008.0,0,0.0,0.0,None,2015,3,18,12,1,Wednesday
27,3,2015-03-18,4487,713,1,0,0,0,d,a,15000.0,9.0,2008.0,1,1.0,2009.0,"Mar,Jun,Sept,Dec",2015,3,18,12,1,Wednesday
28,3,2015-03-18,4506,378,1,1,0,0,a,a,1500.0,3.0,2010.0,0,0.0,0.0,None,2015,3,18,12,1,Wednesday
29,3,2015-03-18,3726,344,1,0,0,0,a,a,1500.0,5.0,0.0,1,10.0,2015.0,"Jan,Apr,Jul,Oct",2015,3,18,12,1,Wednesday
30,3,2015-03-18,5782,484,1,0,0,0,c,c,500.0,11.0,2014.0,1,22.0,2015.0,"Feb,May,Aug,Nov",2015,3,18,12,1,Wednesday
31,3,2015-03-18,4607,399,1,1,0,0,d,c,500.0,0.0,2014.0,1,31.0,2015.0,"Mar,Jun,Sept,Dec",2015,3,18,12,1,Wednesday
32,3,2015-03-18,5743,647,1,0,0,0,a,a,3000.0,3.0,2010.0,1,1.0,2015.0,"Mar,Jun,Sept,Dec",2015,3,18,12,1,Wednesday
33,3,2015-03-18,10139,814,1,1,0,1,d,c,1500.0,9.0,2008.0,0,0.0,0.0,None,2015,3,18,12,1,Wednesday
34,3,2015-03-18,7673,1110,1,0,0,0,d,c,500.0,9.0,2005.0,0,0.0,0.0,None,2015,3,18,12,1,Wednesday
35,3,2015-03-18,7437,1069,1,1,0,1,a,c,120.0,5.0,0.0,1,22.0,2015.0,"Mar,Jun,Sept,Dec",2015,3,18,12,1,Wednesday
36,3,2015-03-18,7515,829,1,0,0,0,d,a,1500.0,3.0,2008.0,1,40.0,2011.0,"Feb,May,Aug,Nov",2015,3,18,12,1,Wednesday
37,3,2015-03-18,3957,451,1,0,0,0,d,a,7500.0,3.0,2008.0,1,40.0,2009.0,"Mar,Jun,Sept,Dec",2015,3,18,12,1,Wednesday
38,3,2015-03-18,12560,1128,1,0,0,0,a,a,3000.0,3.0,2010.0,0,0.0,0.0,None,2015,3,18,12,1,Wednesday
39,3,2015-03-18,6668,602,1,1,0,1,c,a,7500.0,7.0,2014.0,1,14.0,2015.0,"Jan,Apr,Jul,Oct",2015,3,18,12,1,Wednesday
40,3,2015-03-18,10420,926,1,0,0,1,d,a,1500.0,11.0,2008.0,1,22.0,2013.0,"Jan,Apr,Jul,Oct",2015,3,18,12,1,Wednesday
41,3,2015-03-18,3617,576,1,0,0,1,a,c,500.0,1.0,0.0,0,0.0,0.0,None,2015,3,18,12,1,Wednesday
42,3,2015-03-18,4770,727,1,0,0,1,d,c,120.0,1.0,2014.0,0,0.0,0.0,None,2015,3,18,12,1,Wednesday
43,3,2015-03-18,8413,793,1,0,0,0,a,a,500.0,0.0,0.0,1,31.0,2011.0,"Mar,Jun,Sept,Dec",2015,3,18,12,1,Wednesday
44,3,2015-03-18,3355,539,1,0,0,1,a,a,1500.0,5.0,2005.0,0,0.0,0.0,None,2015,3,18,12,1,Wednesday
45,3,2015-03-18,4117,344,1,0,0,0,c,a,120.0,9.0,2014.0,1,22.0,2011.0,"Feb,May,Aug,Nov",2015,3,18,12,1,Wednesday
46,3,2015-03-18,6742,597,1,0,0,0,a,c,500.0,1.0,2014.0,0,0.0,0.0,None,2015,3,18,12,1,Wednesday
47,3,2015-03-18,6181,678,1,1,0,1,c,a,1500.0,0.0,0.0,1,40.0,2013.0,"Jan,Apr,Jul,Oct",2015,3,18,12,1,Wednesday
48,3,2015-03-18,7330,822,1,1,0,1,a,c,500.0,7.0,2010.0,1,22.0,2011.0,"Mar,Jun,Sept,Dec",2015,3,18,12,1,Wednesday
49,3,2015-03-18,12414,1102,1,0,0,0,d,a,120.0,1.0,2010.0,1,14.0,2009.0,"Mar,Jun,Sept,Dec",2015,3,18,12,1,Wednesday
50,3,2015-03-18,7130,1033,1,0,0,0,a,c,500.0,1.0,2012.0,0,0.0,0.0,None,2015,3,18,12,1,Wednesday
51,3,2015-03-18,4315,387,1,0,0,0,a,c,120.0,1.0,0.0,0,0.0,0.0,None,2015,3,18,12,1,Wednesday
52,3,2015-03-18,12244,1152,1,0,0,0,a,a,120.0,7.0,2012.0,1,31.0,2013.0,"Mar,Jun,Sept,Dec",2015,3,18,12,1,Wednesday
53,3,2015-03-18,8697,1128,1,0,0,1,a,c,1500.0,0.0,0.0,1,14.0,2009.0,"Feb,May,Aug,Nov",2015,3,18,12,1,Wednesday
54,3,2015-03-18,8509,789,1,0,0,0,a,a,1500.0,0.0,0.0,0,0.0,0.0,None,2015,3,18,12,1,Wednesday
55,3,2015-03-18,5083,513,1,0,0,0,d,c,1500.0,1.0,2005.0,1,22.0,2009.0,"Feb,May,Aug,Nov",2015,3,18,12,1,Wednesday
56,3,2015-03-18,5405,766,1,0,0,0,a,a,1500.0,7.0,2010.0,0,0.0,0.0,None,2015,3,18,12,1,Wednesday
57,3,2015-03-18,10595,1015,1,0,0,0,a,c,1500.0,0.0,2012.0,1,10.0,2009.0,"Mar,Jun,Sept,Dec",2015,3,18,12,1,Wednesday
58,3,2015-03-18,11106,1073,1,1,0,0,d,c,1500.0,0.0,0.0,1,14.0,2009.0,"Mar,Jun,Sept,Dec",2015,3,18,12,1,Wednesday
59,3,2015-03-18,7367,1013,1,1,0,1,d,c,500.0,7.0,2012.0,0,0.0,0.0,None,2015,3,18,12,1,Wednesday
60,3,2015-03-18,10880,941,1,0,0,0,a,a,1500.0,11.0,0.0,1,31.0,2011.0,"Feb,May,Aug,Nov",2015,3,18,12,1,Wednesday
61,3,2015-03-18,12351,1088,1,0,0,0,a,c,500.0,5.0,2005.0,1,31.0,2013.0,"Jan,Apr,Jul,Oct",2015,3,18,12,1,Wednesday
62,3,2015-03-18,4054,643,1,0,0,0,a,a,15000.0,5.0,2005.0,0,0.0,0.0,None,2015,3,18,12,1,Wednesday
63,3,2015-03-18,3469,338,1,1,0,0,c,c,3000.0,5.0,2005.0,0,0.0,0.0,None,2015,3,18,12,1,Wednesday
64,3,2015-03-18,7852,535,1,1,0,0,c,c,1500.0,5.0,0.0,1,1.0,2013.0,"Jan,Apr,Jul,Oct",2015,3,18,12,1,Wednesday
65,3,2015-03-18,3387,351,1,0,0,0,a,c,1500.0,0.0,2014.0,0,0.0,0.0,None,2015,3,18,12,1,Wednesday
66,3,2015-03-18,3379,497,1,1,0,0,a,a,15000.0,3.0,2010.0,0,0.0,0.0,None,2015,3,18,12,1,Wednesday
67,3,2015-03-18,6032,804,1,1,0,0,d,c,1500.0,1.0,2012.0,0,0.0,0.0,None,2015,3,18,12,1,Wednesday
68,3,2015-03-18,10390,1010,1,0,0,0,c,c,500.0,7.0,0.0,0,0.0,0.0,None,2015,3,18,12,1,Wednesday
69,3,2015-03-18,7321,580,1,1,0,0,d,c,15000.0,1.0,2012.0,1,31.0,2013.0,"Mar,Jun,Sept,Dec",2015,3,18,12,1,Wednesday
70,3,2015-03-18,11580,1157,1,0,0,0,a,a,3000.0,5.0,0.0,0,0.0,0.0,None,2015,3,18,12,1,Wednesday
71,3,2015-03-18,4709,550,1,1,0,1,a,c,120.0,1.0,2008.0,1,31.0,2009.0,"Jan,Apr,Jul,Oct",2015,3,18,12,1,Wednesday
72,3,2015-03-18,4159,566,1,0,0,0,a,c,7500.0,9.0,2010.0,0,0.0,0.0,None,2015,3,18,12,1,Wednesday
73,3,2015-03-18,3515,399,1,0,0,0,d,c,500.0,5.0,2008.0,1,40.0,2013.0,"Mar,Jun,Sept,Dec",2015,3,18,12,1,Wednesday
74,3,2015-03-18,11012,850,1,1,0,0,a,a,500.0,7.0,2012.0,0,0.0,0.0,None,2015,3,18,12,1,Wednesday
75,3,2015-03-18,5143,356,1,1,0,0,c,c,3000.0,11.0,0.0,1,14.0,2009.0,"Feb,May,Aug,Nov",2015,3,18,12,1,Wednesday
76,3,2015-03-18,10135,896,1,0,0,1,a,a,120.0,0.0,2014.0,0,0.0,0.0,None,2015,3,18,12,1,Wednesday
77,3,2015-03-18,0,0,0,0,0,0,d,c,1500.0,11.0,2012.0,0,0.0,0.0,None,2015,3,18,12,1,Wednesday
78,3,2015-03-18,0,0,0,0,0,0,d,c,500.0,3.0,2010.0,0,0.0,0.0,None,2015,3,18,12,1,Wednesday
79,3,2015-03-18,8910,778,1,0,0,0,a,a,500.0,0.0,2012.0,1,14.0,2015.0,"Mar,Jun,Sept,Dec",2015,3,18,12,1,Wednesday
80,3,2015-03-18,6820,883,1,0,0,0,a,a,15000.0,9.0,2010.0,0,0.0,0.0,None,2015,3,18,12,1,Wednesday
81,3,2015-03-18,5096,652,1,1,0,0,a,a,1500.0,1.0,2010.0,1,22.0,2009.0,"Jan,Apr,Jul,Oct",2015,3,18,12,1,Wednesday
82,3,2015-03-18,7076,616,1,0,0,0,a,a,1500.0,0.0,0.0,0,0.0,0.0,None,2015,3,18,12,1,Wednesday
83,3,2015-03-18,7536,840,1,1,0,0,a,c,500.0,7.0,2014.0,0,0.0,0.0,None,2015,3,18,12,1,Wednesday
84,3,2015-03-18,13335,1175,1,1,0,1,d,a,1500.0,0.0,2005.0,0,0.0,0.0,None,2015,3,18,12,1,Wednesday
85,3,2015-03-18,7728,869,1,0,0,0,d,c,120.0,0.0,2014.0,1,1.0,2013.0,"Jan,Apr,Jul,Oct",2015,3,18,12,1,Wednesday
86,3,2015-03-18,6768,999,1,0,0,0,d,a,3000.0,0.0,2012.0,0,0.0,0.0,None,2015,3,18,12,1,Wednesday
87,3,2015-03-18,0,0,0,0,0,0,a,a,1500.0,0.0,0.0,0,0.0,0.0,None,2015,3,18,12,1,Wednesday
88,3,2015-03-18,5849,649,1,0,0,0,d,c,3000.0,3.0,2012.0,1,31.0,2009.0,"Feb,May,Aug,Nov",2015,3,18,12,1,Wednesday
89,3,2015-03-18,11092,1006,1,1,0,1,d,a,1500.0,9.0,0.0,1,31.0,2015.0,"Feb,May,Aug,Nov",2015,3,18,12,1,Wednesday
90,3,2015-03-18,7074,1190,1,0,0,0,d,c,1500.0,0.0,0.0,0,0.0,0.0,None,2015,3,18,12,1,Wednesday
91,3,2015-03-18,8248,737,1,1,0,0,a,c,1500.0,3.0,2008.0,0,0.0,0.0,None,2015,3,18,12,1,Wednesday
92,3,2015-03-18,9041,942,1,0,0,0,d,c,120.0,3.0,0.0,1,31.0,2009.0,"Feb,May,Aug,Nov",2015,3,18,12,1,Wednesday
93,3,2015-03-18,11419,1148,1,1,0,0,d,a,120.0,5.0,2005.0,0,0.0,0.0,None,2015,3,18,12,1,Wednesday
94,3,2015-03-18,7954,1171,1,1,0,0,c,a,500.0,11.0,2005.0,0,0.0,0.0,None,2015,3,18,12,1,Wednesday
95,3,2015-03-18,4101,717,1,0,0,1,a,c,500.0,11.0,2005.0,1,31.0,2009.0,"Feb,May,Aug,Nov",2015,3,18,12,1,Wednesday
96,3,2015-03-18,6603,1011,1,0,0,0,d,c,500.0,7.0,2005.0,1,10.0,2009.0,"Feb,May,Aug,Nov",2015,3,18,12,1,Wednesday
97,3,2015-03-18,3808,320,1,0,0,0,c,a,120.0,0.0,2008.0,0,0.0,0.0,None,2015,3,18,12,1,Wednesday
98,3,2015-03-18,5737,570,1,0,0,0,c,a,500.0,3.0,2008.0,1,10.0,2009.0,"Feb,May,Aug,Nov",2015,3,18,12,1,Wednesday
99,3,2015-03-18,5016,544,1,0,0,0,a,c,500.0,1.0,2012.0,0,0.0,0.0,None,2015,3,18,12,1,Wednesday
100,3,2015-03-18,7656,1164,1,1,0,0,b,c,500.0,9.0,2005.0,0,0.0,0.0,None,2015,3,18,12,1,Wednesday
1,4,2015-03-19,5689,647,1,1,0,0,a,c,3000.0,7.0,2012.0,0,0.0,0.0,None,2015,3,19,12,1,Thursday
2,4,2015-03-19,6767,600,1,0,0,0,a,a,7500.0,5.0,2008.0,0,0.0,0.0,None,2015,3,19,12,1,Thursday
3,4,2015-03-19,4997,783,1,1,0,1,d,c,500.0,5.0,2012.0,1,10.0,2011.0,"Jan,Apr,Jul,Oct",2015,3,19,12,1,Thursday
4,4,2015-03-19,5578,640,1,1,0,0,a,a,1500.0,1.0,2010.0,1,40.0,2011.0,"Mar,Jun,Sept,Dec",2015,3,19,12,1,Thursday
5,4,2015-03-19,3717,397,1,0,0,0,c,a,15000.0,0.0,2008.0,1,31.0,2009.0,"Mar,Jun,Sept,Dec",2015,3,19,12,1,Thursday
6,4,2015-03-19,7480,867,1,1,0,0,a,c,1500.0,1.0,0.0,0,0.0,0.0,None,2015,3,19,12,1,Thursday
7,4,2015-03-19,6222,776,1,0,0,0,a,a,1500.0,5.0,2012.0,1,14.0,2011.0,"Jan,Apr,Jul,Oct",2015,3,19,12,1,Thursday
8,4,2015-03-19,6855,611,1,1,0,0,a,c,500.0,9.0,2014.0,1,40.0,2009.0,"Mar,Jun,Sept,Dec",2015,3,19,12,1,Thursday
9,4,2015-03-19,4548,790,1,0,0,0,d,a,500.0,5.0,2014.0,1,40.0,2013.0,"Jan,Apr,Jul,Oct",2015,3,19,12,1,Thursday
10,4,2015-03-19,6117,814,1,0,0,0,d,c,3000.0,11.0,2012.0,1,1.0,2015.0,"Jan,Apr,Jul,Oct",2015,3,19,12,1,Thursday
11,4,2015-03-19,7924,812,1,0,0,0,a,c,120.0,11.0,0.0,1,22.0,2015.0,"Mar,Jun,Sept,Dec",2015,3,19,12,1,Thursday
12,4,2015-03-19,9941,968,1,0,0,0,d,c,3000.0,0.0,2008.0,0,0.0,0.0,None,2015,3,19,12,1,Thursday
13,4,2015-03-19,10918,917,1,0,0,0,a,a,7500.0,5.0,2005.0,0,0.0,0.0,None,2015,3,19,12,1,Thursday
14,4,2015-03-19,8963,672,1,1,0,0,a,c,1500.0,5.0,2014.0,1,1.0,2013.0,"Jan,Apr,Jul,Oct",2015,3,19,12,1,Thursday
15,4,2015-03-19,7937,780,1,1,0,0,d,c,3000.0,11.0,2014.0,1,1.0,2013.0,"Mar,Jun,Sept,Dec",2015,3,19,12,1,Thursday
16,4,2015-03-19,7283,727,1,0,0,0,a,a,500.0,11.0,0.0,0,0.0,0.0,None,2015,3,19,12,1,Thursday
17,4,2015-03-19,6967,784,1,0,0,0,a,c,500.0,7.0,2008.0,0,0.0,0.0,None,2015,3,19,12,1,Thursday
18,4,2015-03-19,3895,583,1,0,0,0,d,c,1500.0,5.0,2005.0,1,40.0,2009.0,"Jan,Apr,Jul,Oct",2015,3,19,12,1,Thursday
19,4,2015-03-19,6909,1181,1,0,0,1,d,c,120.0,9.0,2014.0,1,10.0,2013.0,"Jan,Apr,Jul,Oct",2015,3,19,12,1,Thursday
20,4,2015-03-19,8208,952,1,0,0,0,a,a,500.0,9.0,0.0,1,1.0,2013.0,"Mar,Jun,Sept,Dec",2015,3,19,12,1,Thursday
21,4,2015-03-19,3815,576,1,0,0,0,a,c,1500.0,0.0,2008.0,0,0.0,0.0,None,2015,3,19,12,1,Thursday
22,4,2015-03-19,3987,575,1,0,0,0,a,a,500.0,0.0,2010.0,0,0.0,0.0,None,2015,3,19,12,1,Thursday
23,4,2015-03-19,5005,571,1,0,0,0,d,c,500.0,1.0,2008.0,0,0.0,0.0,None,2015,3,19,12,1,Thursday
24,4,2015-03-19,8253,772,1,0,0,0,a,a,1500.0,1.0,2010.0,0,0.0,0.0,None,2015,3,19,12,1,Thursday
25,4,2015-03-19,6140,543,1,1,0,0,a,c,500.0,1.0,2012.0,0,0.0,0.0,None,2015,3,19,12,1,Thursday
26,4,2015-03-19,4927,890,1,0,0,0,d,a,1500.0,3.0,2008.0,0,0.0,0.0,None,2015,3,19,12,1,Thursday
27,4,2015-03-19,4192,511,1,1,0,1,d,a,15000.0,9.0,2008.0,1,1.0,2009.0,"Mar,Jun,Sept,Dec",2015,3,19,12,1,Thursday
28,4,2015-03-19,2087,342,1,0,0,0,a,a,1500.0,3.0,2010.0,0,0.0,0.0,None,2015,3,19,12,1,Thursday
29,4,2015-03-19,5844,580,1,1,0,0,a,a,1500.0,5.0,0.0,1,10.0,2015.0,"Jan,Apr,Jul,Oct",2015,3,19,12,1,Thursday
30,4,2015-03-19,12019,1026,1,1,0,0,c,c,500.0,11.0,2014.0,1,22.0,2015.0,"Feb,May,Aug,Nov",2015,3,19,12,1,Thursday
31,4,2015-03-19,4302,662,1,0,0,1,d,c,500.0,0.0,2014.0,1,31.0,2015.0,"Mar,Jun,Sept,Dec",2015,3,19,12,1,Thursday
32,4,2015-03-19,2891,357,1,1,0,0,a,a,3000.0,3.0,2010.0,1,1.0,2015.0,"Mar,Jun,Sept,Dec",2015,3,19,12,1,Thursday
33,4,2015-03-19,10138,1182,1,1,0,0,d,c,1500.0,9.0,2008.0,0,0.0,0.0,None,2015,3,19,12,1,Thursday
34,4,2015-03-19,8058,665,1,1,0,0,d,c,500.0,9.0,2005.0,0,0.0,0.0,None,2015,3,19,12,1,Thursday
35,4,2015-03-19,12237,1198,1,0,0,1,a,c,120.0,5.0,0.0,1,22.0,2015.0,"Mar,Jun,Sept,Dec",2015,3,19,12,1,Thursday
36,4,2015-03-19,4011,346,1,0,0,0,d,a,1500.0,3.0,2008.0,1,40.0,2011.0,"Feb,May,Aug,Nov",2015,3,19,12,1,Thursday
37,4,2015-03-19,3563,467,1,0,0,0,d,a,7500.0,3.0,2008.0,1,40.0,2009.0,"Mar,Jun,Sept,Dec",2015,3,19,12,1,Thursday
38,4,2015-03-19,10837,972,1,1,0,1,a,a,3000.0,3.0,2010.0,0,0.0,0.0,None,2015,3,19,12,1,Thursday
39,4,2015-03-19,8405,956,1,0,0,0,c,a,7500.0,7.0,2014.0,1,14.0,2015.0,"Jan,Apr,Jul,Oct",2015,3,19,12,1,Thursday
40,4,2015-03-19,9206,990,1,1,0,0,d,a,1500.0,11.0,2008.0,1,22.0,2013.0,"Jan,Apr,Jul,Oct",2015,3,19,12,1,Thursday
41,4,2015-03-19,2810,346,1,0,0,0,a,c,500.0,1.0,0.0,0,0.0,0.0,None,2015,3,19,12,1,Thursday
42,4,2015-03-19,3511,321,1,1,0,0,d,c,120.0,1.0,2014.0,0,0.0,0.0,None,2015,3,19,12,1,Thursday
43,4,2015-03-19,5981,574,1,0,0,1,a,a,500.0,0.0,0.0,1,31.0,2011.0,"Mar,Jun,Sept,Dec",2015,3,19,12,1,Thursday
44,4,2015-03-19,7412,1025,1,0,0,0,a,a,1500.0,5.0,2005.0,0,0.0,0.0,None,2015,3,19,12,1,Thursday
45,4,2015-03-19,7300,629,1,0,0,0,c,a,120.0,9.0,2014.0,1,22.0,2011.0,"Feb,May,Aug,Nov",2015,3,19,12,1,Thursday
46,4,2015-03-19,9405,872,1,1,0,0,a,c,500.0,1.0,2014.0,0,0.0,0.0,None,2015,3,19,12,1,Thursday
47,4,2015-03-19,11814,1019,1,0,0,0,c,a,1500.0,0.0,0.0,1,40.0,2013.0,"Jan,Apr,Jul,Oct",2015,3,19,12,1,Thursday
48,4,2015-03-19,7773,719,1,0,0,0,a,c,500.0,7.0,2010.0,1,22.0,2011.0,"Mar,Jun,Sept,Dec",2015,3,19,12,1,Thursday
49,4,2015-03-19,11107,995,1,1,0,0,d,a,120.0,1.0,2010.0,1,14.0,2009.0,"Mar,Jun,Sept,Dec",2015,3,19,12,1,Thursday
50,4,2015-03-19,7951,617,1,1,0,0,a,c,500.0,1.0,2012.0,0,0.0,0.0,None,2015,3,19,12,1,Thursday
51,4,2015-03-19,7813,819,1,1,0,0,a,c,120.0,1.0,0.0,0,0.0,0.0,None,2015,3,19,12,1,Thursday
52,4,2015-03-19,4501,534,1,0,0,0,a,a,120.0,7.0,2012.0,1,31.0,2013.0,"Mar,Jun,Sept,Dec",2015,3,19,12,1,Thursday
53,4,2015-03-19,6479,712,1,0,0,0,a,c,1500.0,0.0,0.0,1,14.0,2009.0,"Feb,May,Aug,Nov",2015,3,19,12,1,Thursday
54,4,2015-03-19,8390,802,1,0,0,0,a,a,1500.0,0.0,0.0,0,0.0,0.0,None,2015,3,19,12,1,Thursday
55,4,2015-03-19,7986,733,1,1,0,0,d,c,1500.0,1.0,2005.0,1,22.0,2009.0,"Feb,May,Aug,Nov",2015,3,19,12,1,Thursday
56,4,2015-03-19,2839,409,1,0,0,0,a,a,1500.0,7.0,2010.0,0,0.0,0.0,None,2015,3,19,12,1,Thursday
57,4,2015-03-19,9202,851,1,0,0,0,a,c,1500.0,0.0,2012.0,1,10.0,2009.0,"Mar,Jun,Sept,Dec",2015,3,19,12,1,Thursday
58,4,2015-03-19,11749,1116,1,0,0,1,d,c,1500.0,0.0,0.0,1,14.0,2009.0,"Mar,Jun,Sept,Dec",2015,3,19,12,1,Thursday
59,4,2015-03-19,8573,1198,1,0,0,0,d,c,500.0,7.0,2012.0,0,0.0,0.0,None,2015,3,19,12,1,Thursday
60,4,2015-03-19,6497,1089,1,0,0,0,a,a,1500.0,11.0,0.0,1,31.0,2011.0,"Feb,May,Aug,Nov",2015,3,19,12,1,Thursday
61,4,2015-03-19,5683,754,1,0,0,0,a,c,500.0,5.0,2005.0,1,31.0,2013.0,"Jan,Apr,Jul,Oct",2015,3,19,12,1,Thursday
62,4,2015-03-19,7271,660,1,0,0,0,a,a,15000.0,5.0,2005.0,0,0.0,0.0,None,2015,3,19,12,1,Thursday
63,4,2015-03-19,8937,1112,1,0,0,1,c,c,3000.0,5.0,2005.0,0,0.0,0.0,None,2015,3,19,12,1,Thursday
64,4,2015-03-19,7033,906,1,1,0,0,c,c,1500.0,5.0,0.0,1,1.0,2013.0,"Jan,Apr,Jul,Oct",2015,3,19,12,1,Thursday
65,4,2015-03-19,6474,552,1,0,0,1,a,c,1500.0,0.0,2014.0,0,0.0,0.0,None,2015,3,19,12,1,Thursday
66,4,2015-03-19,11527,1126,1,0,0,0,a,a,15000.0,3.0,2010.0,0,0.0,0.0,None,2015,3,19,12,1,Thursday
67,4,2015-03-19,7047,782,1,1,0,0,d,c,1500.0,1.0,2012.0,0,0.0,0.0,None,2015,3,19,12,1,Thursday
68,4,2015-03-19,4724,691,1,0,0,0,c,c,500.0,7.0,0.0,0,0.0,0.0,None,2015,3,19,12,1,Thursday
69,4,2015-03-19,4785,369,1,1,0,0,d,c,15000.0,1.0,2012.0,1,31.0,2013.0,"Mar,Jun,Sept,Dec",2015,3,19,12,1,Thursday
70,4,2015-03-19,10316,956,1,0,0,0,a,a,3000.0,5.0,0.0,0,0.0,0.0,None,2015,3,19,12,1,Thursday
71,4,2015-03-19,8818,928,1,1,0,0,a,c,120.0,1.0,2008.0,1,31.0,2009.0,"Jan,Apr,Jul,Oct",2015,3,19,12,1,Thursday
72,4,2015-03-19,12031,1052,1,0,0,0,a,c,7500.0,9.0,2010.0,0,0.0,0.0,None,2015,3,19,12,1,Thursday
73,4,2015-03-19,8104,708,1,0,0,0,d,c,500.0,5.0,2008.0,1,40.0,2013.0,"Mar,Jun,Sept,Dec",2015,3,19,12,1,Thursday
74,4,2015-03-19,4315,539,1,0,0,0,a,a,500.0,7.0,2012.0,0,0.0,0.0,None,2015,3,19,12,1,Thursday
75,4,2015-03-19,5141,775,1,0,0,1,c,c,3000.0,11.0,0.0,1,14.0,2009.0,"Feb,May,Aug,Nov",2015,3,19,12,1,Thursday
76,4,2015-03-19,7694,1080,1,0,0,0,a,a,120.0,0.0,2014.0,0,0.0,0.0,None,2015,3,19,12,1,Thursday
77,4,2015-03-19,7266,917,1,0,0,1,d,c,1500.0,11.0,2012.0,0,0.0,0.0,None,2015,3,19,12,1,Thursday
78,4,2015-03-19,6008,692,1,0,0,0,d,c,500.0,3.0,2010.0,0,0.0,0.0,None,2015,3,19,12,1,Thursday
79,4,2015-03-19,7594,1081,1,0,0,0,a,a,500.0,0.0,2012.0,1,14.0,2015.0,"Mar,Jun,Sept,Dec",2015,3,19,12,1,Thursday
80,4,2015-03-19,7326,566,1,1,0,1,a,a,15000.0,9.0,2010.0,0,0.0,0.0,None,2015,3,19,12,1,Thursday
81,4,2015-03-19,6667,821,1,1,0,0,a,a,1500.0,1.0,2010.0,1,22.0,2009.0,"Jan,Apr,Jul,Oct",2015,3,19,12,1,Thursday
82,4,2015-03-19,12218,1174,1,0,0,0,a,a,1500.0,0.0,0.0,0,0.0,0.0,None,2015,3,19,12,1,Thursday
83,4,2015-03-19,6636,904,1,1,0,1,a,c,500.0,7.0,2014.0,0,0.0,0.0,None,2015,3,19,12,1,Thursday
84,4,2015-03-19,8209,640,1,1,0,0,d,a,1500.0,0.0,2005.0,0,0.0,0.0,None,2015,3,19,12,1,Thursday
85,4,2015-03-19,6281,542,1,1,0,1,d,c,120.0,0.0,2014.0,1,1.0,2013.0,"Jan,Apr,Jul,Oct",2015,3,19,12,1,Thursday
86,4,2015-03-19,4056,707,1,0,0,0,d,a,3000.0,0.0,2012.0,0,0.0,0.0,None,2015,3,19,12,1,Thursday
87,4,2015-03-19,8016,769,1,0,0,0,a,a,1500.0,0.0,0.0,0,0.0,0.0,None,2015,3,19,12,1,Thursday
88,4,2015-03-19,4626,546,1,0,0,0,d,c,3000.0,3.0,2012.0,1,31.0,2009.0,"Feb,May,Aug,Nov",2015,3,19,12,1,Thursday
89,4,2015-03-19,1821,304,1,0,0,0,d,a,1500.0,9.0,0.0,1,31.0,2015.0,"Feb,May,Aug,Nov",2015,3,19,12,1,Thursday
90,4,2015-03-19,6681,541,1,1,0,0,d,c,1500.0,0.0,0.0,0,0.0,0.0,None,2015,3,19,12,1,Thursday
91,4,2015-03-19,5205,727,1,0,0,1,a,c,1500.0,3.0,2008.0,0,0.0,0.0,None,2015,3,19,12,1,Thursday
92,4,2015-03-19,11254,1097,1,1,0,0,d,c,120.0,3.0,0.0,1,31.0,2009.0,"Feb,May,Aug,Nov",2015,3,19,12,1,Thursday
93,4,2015-03-19,14128,1115,1,1,0,0,d,a,120.0,5.0,2005.0,0,0.0,0.0,None,2015,3,19,12,1,Thursday
94,4,2015-03-19,5680,923,1,0,0,0,c,a,500.0,11.0,2005.0,0,0.0,0.0,None,2015,3,19,12,1,Thursday
95,4,2015-03-19,4898,829,1,0,0,0,a,c,500.0,11.0,2005.0,1,31.0,2009.0,"Feb,May,Aug,Nov",2015,3,19,12,1,Thursday
96,4,2015-03-19,2720,449,1,0,0,0,d,c,500.0,7.0,2005.0,1,10.0,2009.0,"Feb,May,Aug,Nov",2015,3,19,12,1,Thursday
97,4,2015-03-19,9439,953,1,1,0,0,c,a,120.0,0.0,2008.0,0,0.0,0.0,None,2015,3,19,12,1,Thursday
98,4,2015-03-19,9110,850,1,0,0,1,c,a,500.0,3.0,2008.0,1,10.0,2009.0,"Feb,May,Aug,Nov",2015,3,19,12,1,Thursday
99,4,2015-03-19,4821,437,1,0,0,0,a,c,500.0,1.0,2012.0,0,0.0,0.0,None,2015,3,19,12,1,Thursday
100,4,2015-03-19,6763,830,1,0,0,0,b,c,500.0,9.0,2005.0,0,0.0,0.0,None,2015,3,19,12,1,Thursday
1,5,2015-03-20,5702,973,1,0,0,0,a,c,3000.0,7.0,2012.0,0,0.0,0.0,None,2015,3,20,12,1,Friday
2,5,2015-03-20,4502,376,1,0,0,1,a,a,7500.0,5.0,2008.0,0,0.0,0.0,None,2015,3,20,12,1,Friday
3,5,2015-03-20,5831,746,1,0,0,0,d,c,500.0,5.0,2012.0,1,10.0,2011.0,"Jan,Apr,Jul,Oct",2015,3,20,12,1,Friday
4,5,2015-03-20,6700,983,1,1,0,0,a,a,1500.0,1.0,2010.0,1,40.0,2011.0,"Mar,Jun,Sept,Dec",2015,3,20,12,1,Friday
5,5,2015-03-20,6363,663,1,1,0,1,c,a,15000.0,0.0,2008.0,1,31.0,2009.0,"Mar,Jun,Sept,Dec",2015,3,20,12,1,Friday
6,5,2015-03-20,4121,441,1,0,0,0,a,c,1500.0,1.0,0.0,0,0.0,0.0,None,2015,3,20,12,1,Friday
7,5,2015-03-20,3068,507,1,0,0,0,a,a,1500.0,5.0,2012.0,1,14.0,2011.0,"Jan,Apr,Jul,Oct",2015,3,20,12,1,Friday
8,5,2015-03-20,2334,411,1,0,0,0,a,c,500.0,9.0,2014.0,1,40.0,2009.0,"Mar,Jun,Sept,Dec",2015,3,20,12,1,Friday
9,5,2015-03-20,3459,431,1,0,0,0,d,a,500.0,5.0,2014.0,1,40.0,2013.0,"Jan,Apr,Jul,Oct",2015,3,20,12,1,Friday
10,5,2015-03-20,8719,938,1,1,0,0,d,c,3000.0,11.0,2012.0,1,1.0,2015.0,"Jan,Apr,Jul,Oct",2015,3,20,12,1,Friday
11,5,2015-03-20,5973,383,1,1,0,0,a,c,120.0,11.0,0.0,1,22.0,2015.0,"Mar,Jun,Sept,Dec",2015,3,20,12,1,Friday
12,5,2015-03-20,9460,829,1,1,0,0,d,c,3000.0,0.0,2008.0,0,0.0,0.0,None,2015,3,20,12,1,Friday
13,5,2015-03-20,7248,1160,1,1,0,0,a,a,7500.0,5.0,2005.0,0,0.0,0.0,None,2015,3,20,12,1,Friday
14,5,2015-03-20,6160,549,1,0,0,0,a,c,1500.0,5.0,2014.0,1,1.0,2013.0,"Jan,Apr,Jul,Oct",2015,3,20,12,1,Friday
15,5,2015-03-20,4538,352,1,1,0,0,d,c,3000.0,11.0,2014.0,1,1.0,2013.0,"Mar,Jun,Sept,Dec",2015,3,20,12,1,Friday
16,5,2015-03-20,3798,383,1,0,0,0,a,a,500.0,11.0,0.0,0,0.0,0.0,None,2015,3,20,12,1,Friday
17,5,2015-03-20,3135,507,1,0,0,0,a,c,500.0,7.0,2008.0,0,0.0,0.0,None,2015,3,20,12,1,Friday
18,5,2015-03-20,4635,419,1,1,0,0,d,c,1500.0,5.0,2005.0,1,40.0,2009.0,"Jan,Apr,Jul,Oct",2015,3,20,12,1,Friday
19,5,2015-03-20,6286,544,1,0,0,0,d,c,120.0,9.0,2014.0,1,10.0,2013.0,"Jan,Apr,Jul,Oct",2015,3,20,12,1,Friday
20,5,2015-03-20,3937,613,1,0,0,0,a,a,500.0,9.0,0.0,1,1.0,2013.0,"Mar,Jun,Sept,Dec",2015,3,20,12,1,Friday
21,5,2015-03-20,5089,715,1,0,0,0,a,c,1500.0,0.0,2008.0,0,0.0,0.0,None,2015,3,20,12,1,Friday
22,5,2015-03-20,9547,1077,1,1,0,0,a,a,500.0,0.0,2010.0,0,0.0,0.0,None,2015,3,20,12,1,Friday
23,5,2015-03-20,2682,312,1,0,0,1,d,c,500.0,1.0,2008.0,0,0.0,0.0,None,2015,3,20,12,1,Friday
24,5,2015-03-20,5863,709,1,0,0,0,a,a,1500.0,1.0,2010.0,0,0.0,0.0,None,2015,3,20,12,1,Friday
25,5,2015-03-20,6249,829,1,0,0,0,a,c,500.0,1.0,2012.0,0,0.0,0.0,None,2015,3,20,12,1,Friday
26,5,2015-03-20,10207,810,1,1,0,0,d,a,1500.0,3.0,2008.0,0,0.0,0.0,None,2015,3,20,12,1,Friday
27,5,2015-03-20,9622,1044,1,0,0,0,d,a,15000.0,9.0,2008.0,1,1.0,2009.0,"Mar,Jun,Sept,Dec",2015,3,20,12,1,Friday
28,5,2015-03-20,4094,445,1,0,0,0,a,a,1500.0,3.0,2010.0,0,0.0,0.0,None,2015,3,20,12,1,Friday
29,5,2015-03-20,11144,929,1,1,0,0,a,a,1500.0,5.0,0.0,1,10.0,2015.0,"Jan,Apr,Jul,Oct",2015,3,20,12,1,Friday
30,5,2015-03-20,10485,1090,1,0,0,1,c,c,500.0,11.0,2014.0,1,22.0,2015.0,"Feb,May,Aug,Nov",2015,3,20,12,1,Friday
31,5,2015-03-20,9147,1182,1,1,0,1,d,c,500.0,0.0,2014.0,1,31.0,2015.0,"Mar,Jun,Sept,Dec",2015,3,20,12,1,Friday
32,5,2015-03-20,4639,488,1,0,0,0,a,a,3000.0,3.0,2010.0,1,1.0,2015.0,"Mar,Jun,Sept,Dec",2015,3,20,12,1,Friday
33,5,2015-03-20,5685,478,1,0,0,0,d,c,1500.0,9.0,2008.0,0,0.0,0.0,None,2015,3,20,12,1,Friday
34,5,2015-03-20,7857,711,1,1,0,0,d,c,500.0,9.0,2005.0,0,0.0,0.0,None,2015,3,20,12,1,Friday
35,5,2015-03-20,11285,951,1,0,0,0,a,c,120.0,5.0,0.0,1,22.0,2015.0,"Mar,Jun,Sept,Dec",2015,3,20,12,1,Friday
36,5,2015-03-20,6261,792,1,0,0,0,d,a,1500.0,3.0,2008.0,1,40.0,2011.0,"Feb,May,Aug,Nov",2015,3,20,12,1,Friday
37,5,2015-03-20,8833,843,1,0,0,0,d,a,7500.0,3.0,2008.0,1,40.0,2009.0,"Mar,Jun,Sept,Dec",2015,3,20,12,1,Friday
38,5,2015-03-20,5269,645,1,1,0,0,a,a,3000.0,3.0,2010.0,0,0.0,0.0,None,2015,3,20,12,1,Friday
39,5,2015-03-20,5825,734,1,1,0,0,c,a,7500.0,7.0,2014.0,1,14.0,2015.0,"Jan,Apr,Jul,Oct",2015,3,20,12,1,Friday
40,5,2015-03-20,7969,963,1,0,0,0,d,a,1500.0,11.0,2008.0,1,22.0,2013.0,"Jan,Apr,Jul,Oct",2015,3,20,12,1,Friday
41,5,2015-03-20,7279,1124,1,0,0,0,a,c,500.0,1.0,0.0,0,0.0,0.0,None,2015,3,20,12,1,Friday
42,5,2015-03-20,12843,1174,1,0,0,0,d,c,120.0,1.0,2014.0,0,0.0,0.0,None,2015,3,20,12,1,Friday
43,5,2015-03-20,5133,539,1,1,0,0,a,a,500.0,0.0,0.0,1,31.0,2011.0,"Mar,Jun,Sept,Dec",2015,3,20,12,1,Friday
44,5,2015-03-20,8194,730,1,1,0,1,a,a,1500.0,5.0,2005.0,0,0.0,0.0,None,2015,3,20,12,1,Friday
45,5,2015-03-20,2483,350,1,0,0,0,c,a,120.0,9.0,2014.0,1,22.0,2011.0,"Feb,May,Aug,Nov",2015,3,20,12,1,Friday
46,5,2015-03-20,6868,658,1,0,0,0,a,c,500.0,1.0,2014.0,0,0.0,0.0,None,2015,3,20,12,1,Friday
47,5,2015-03-20,9021,1165,1,0,0,0,c,a,1500.0,0.0,0.0,1,40.0,2013.0,"Jan,Apr,Jul,Oct",2015,3,20,12,1,Friday
48,5,2015-03-20,12314,1055,1,0,0,0,a,c,500.0,7.0,2010.0,1,22.0,2011.0,"Mar,Jun,Sept,Dec",2015,3,20,12,1,Friday
49,5,2015-03-20,5835,1058,1,0,0,0,d,a,120.0,1.0,2010.0,1,14.0,2009.0,"Mar,Jun,Sept,Dec",2015,3,20,12,1,Friday
50,5,2015-03-20,4755,397,1,0,0,0,a,c,500.0,1.0,2012.0,0,0.0,0.0,None,2015,3,20,12,1,Friday
51,5,2015-03-20,5152,362,1,1,0,1,a,c,120.0,1.0,0.0,0,0.0,0.0,None,2015,3,20,12,1,Friday
52,5,2015-03-20,5026,819,1,0,0,0,a,a,120.0,7.0,2012.0,1,31.0,2013.0,"Mar,Jun,Sept,Dec",2015,3,20,12,1,Friday
53,5,2015-03-20,4686,579,1,1,0,0,a,c,1500.0,0.0,0.0,1,14.0,2009.0,"Feb,May,Aug,Nov",2015,3,20,12,1,Friday
54,5,2015-03-20,4479,374,1,1,0,0,a,a,1500.0,0.0,0.0,0,0.0,0.0,None,2015,3,20,12,1,Friday
55,5,2015-03-20,9475,1116,1,1,0,0,d,c,1500.0,1.0,2005.0,1,22.0,2009.0,"Feb,May,Aug,Nov",2015,3,20,12,1,Friday
56,5,2015-03-20,3218,467,1,0,0,1,a,a,1500.0,7.0,2010.0,0,0.0,0.0,None,2015,3,20,12,1,Friday
57,5,2015-03-20,5003,721,1,0,0,0,a,c,1500.0,0.0,2012.0,1,10.0,2009.0,"Mar,Jun,Sept,Dec",2015,3,20,12,1,Friday
58,5,2015-03-20,13613,1170,1,0,0,0,d,c,1500.0,0.0,0.0,1,14.0,2009.0,"Mar,Jun,Sept,Dec",2015,3,20,12,1,Friday
59,5,2015-03-20,3091,450,1,0,0,0,d,c,500.0,7.0,2012.0,0,0.0,0.0,None,2015,3,20,12,1,Friday
60,5,2015-03-20,4514,582,1,0,0,0,a,a,1500.0,11.0,0.0,1,31.0,2011.0,"Feb,May,Aug,Nov",2015,3,20,12,1,Friday
61,5,2015-03-20,5817,742,1,0,0,0,a,c,500.0,5.0,2005.0,1,31.0,2013.0,"Jan,Apr,Jul,Oct",2015,3,20,12,1,Friday
62,5,2015-03-20,5481,869,1,0,0,0,a,a,15000.0,5.0,2005.0,0,0.0,0.0,None,2015,3,20,12,1,Friday
63,5,2015-03-20,4720,408,1,0,0,0,c,c,3000.0,5.0,2005.0,0,0.0,0.0,None,2015,3,20,12,1,Friday
64,5,2015-03-20,10015,1111,1,0,0,0,c,c,1500.0,5.0,0.0,1,1.0,2013.0,"Jan,Apr,Jul,Oct",2015,3,20,12,1,Friday
65,5,2015-03-20,8460,895,1,0,0,0,a,c,1500.0,0.0,2014.0,0,0.0,0.0,None,2015,3,20,12,1,Friday
66,5,2015-03-20,4706,721,1,0,0,0,a,a,15000.0,3.0,2010.0,0,0.0,0.0,None,2015,3,20,12,1,Friday
67,5,2015-03-20,3434,436,1,1,0,0,d,c,1500.0,1.0,2012.0,0,0.0,0.0,None,2015,3,20,12,1,Friday
68,5,2015-03-20,10358,1153,1,0,0,0,c,c,500.0,7.0,0.0,0,0.0,0.0,None,2015,3,20,12,1,Friday
69,5,2015-03-20,9267,862,1,0,0,0,d,c,15000.0,1.0,2012.0,1,31.0,2013.0,"Mar,Jun,Sept,Dec",2015,3,20,12,1,Friday
70,5,2015-03-20,4466,570,1,1,0,0,a,a,3000.0,5.0,0.0,0,0.0,0.0,None,2015,3,20,12,1,Friday
71,5,2015-03-20,10125,1099,1,0,0,0,a,c,120.0,1.0,2008.0,1,31.0,2009.0,"Jan,Apr,Jul,Oct",2015,3,20,12,1,Friday
72,5,2015-03-20,8676,920,1,1,0,0,a,c,7500.0,9.0,2010.0,0,0.0,0.0,None,2015,3,20,12,1,Friday
73,5,2015-03-20,5895,641,1,0,0,0,d,c,500.0,5.0,2008.0,1,40.0,2013.0,"Mar,Jun,Sept,Dec",2015,3,20,12,1,Friday
74,5,2015-03-20,3422,406,1,0,0,1,a,a,500.0,7.0,2012.0,0,0.0,0.0,None,2015,3,20,12,1,Friday
75,5,2015-03-20,5493,622,1,0,0,0,c,c,3000.0,11.0,0.0,1,14.0,2009.0,"Feb,May,Aug,Nov",2015,3,20,12,1,Friday
76,5,2015-03-20,4018,373,1,0,0,0,a,a,120.0,0.0,2014.0,0,0.0,0.0,None,2015,3,20,12,1,Friday
77,5,2015-03-20,4508,614,1,1,0,0,d,c,1500.0,11.0,2012.0,0,0.0,0.0,None,2015,3,20,12,1,Friday
78,5,2015-03-20,10749,1045,1,0,0,0,d,c,500.0,3.0,2010.0,0,0.0,0.0,None,2015,3,20,12,1,Friday
79,5,2015-03-20,6834,994,1,1,0,0,a,a,500.0,0.0,2012.0,1,14.0,2015.0,"Mar,Jun,Sept,Dec",2015,3,20,12,1,Friday
80,5,2015-03-20,6596,1164,1,0,0,0,a,a,15000.0,9.0,2010.0,0,0.0,0.0,None,2015,3,20,12,1,Friday
81,5,2015-03-20,11128,1193,1,0,0,0,a,a,1500.0,1.0,2010.0,1,22.0,2009.0,"Jan,Apr,Jul,Oct",2015,3,20,12,1,Friday
82,5,2015-03-20,3031,417,1,0,0,0,a,a,1500.0,0.0,0.0,0,0.0,0.0,None,2015,3,20,12,1,Friday
83,5,2015-03-20,10078,1055,1,1,0,0,a,c,500.0,7.0,2014.0,0,0.0,0.0,None,2015,3,20,12,1,Friday
84,5,2015-03-20,4175,480,1,0,0,1,d,a,1500.0,0.0,2005.0,0,0.0,0.0,None,2015,3,20,12,1,Friday
85,5,2015-03-20,1949,318,1,0,0,0,d,c,120.0,0.0,2014.0,1,1.0,2013.0,"Jan,Apr,Jul,Oct",2015,3,20,12,1,Friday
86,5,2015-03-20,3704,523,1,0,0,1,d,a,3000.0,0.0,2012.0,0,0.0,0.0,None,2015,3,20,12,1,Friday
87,5,2015-03-20,9835,1037,1,0,0,1,a,a,1500.0,0.0,0.0,0,0.0,0.0,None,2015,3,20,12,1,Friday
88,5,2015-03-20,3340,340,1,0,0,1,d,c,3000.0,3.0,2012.0,1,31.0,2009.0,"Feb,May,Aug,Nov",2015,3,20,12,1,Friday
89,5,2015-03-20,10386,1001,1,0,0,0,d,a,1500.0,9.0,0.0,1,31.0,2015.0,"Feb,May,Aug,Nov",2015,3,20,12,1,Friday
90,5,2015-03-20,4439,412,1,1,0,1,d,c,1500.0,0.0,0.0,0,0.0,0.0,None,2015,3,20,12,1,Friday
91,5,2015-03-20,4502,311,1,1,0,0,a,c,1500.0,3.0,2008.0,0,0.0,0.0,None,2015,3,20,12,1,Friday
92,5,2015-03-20,6509,485,1,1,0,0,d,c,120.0,3.0,0.0,1,31.0,2009.0,"Feb,May,Aug,Nov",2015,3,20,12,1,Friday
93,5,2015-03-20,9762,926,1,1,0,0,d,a,120.0,5.0,2005.0,0,0.0,0.0,None,2015,3,20,12,1,Friday
94,5,2015-03-20,10170,818,1,1,0,0,c,a,500.0,11.0,2005.0,0,0.0,0.0,None,2015,3,20,12,1,Friday
95,5,2015-03-20,5039,713,1,0,0,0,a,c,500.0,11.0,2005.0,1,31.0,2009.0,"Feb,May,Aug,Nov",2015,3,20,12,1,Friday
96,5,2015-03-20,6534,1129,1,0,0,0,d,c,500.0,7.0,2005.0,1,10.0,2009.0,"Feb,May,Aug,Nov",2015,3,20,12,1,Friday
97,5,2015-03-20,7062,1134,1,0,0,0,c,a,120.0,0.0,2008.0,0,0.0,0.0,None,2015,3,20,12,1,Friday
98,5,2015-03-20,3397,617,1,0,0,0,c,a,500.0,3.0,2008.0,1,10.0,2009.0,"Feb,May,Aug,Nov",2015,3,20,12,1,Friday
99,5,2015-03-20,7399,1021,1,1,0,1,a,c,500.0,1.0,2012.0,0,0.0,0.0,None,2015,3,20,12,1,Friday
100,5,2015-03-20,2633,395,1,0,0,0,b,c,500.0,9.0,2005.0,0,0.0,0.0,None,2015,3,20,12,1,Friday
1,6,2015-03-21,0,0,0,0,0,1,a,c,3000.0,7.0,2012.0,0,0.0,0.0,None,2015,3,21,12,1,Saturday
2,6,2015-03-21,7639,768,1,0,0,0,a,a,7500.0,5.0,2008.0,0,0.0,0.0,None,2015,3,21,12,1,Saturday
3,6,2015-03-21,5399,919,1,0,0,0,d,c,500.0,5.0,2012.0,1,10.0,2011.0,"Jan,Apr,Jul,Oct",2015,3,21,12,1,Saturday
4,6,2015-03-21,5265,532,1,0,0,1,a,a,1500.0,1.0,2010.0,1,40.0,2011.0,"Mar,Jun,Sept,Dec",2015,3,21,12,1,Saturday
5,6,2015-03-21,11934,1183,1,0,0,0,c,a,15000.0,0.0,2008.0,1,31.0,2009.0,"Mar,Jun,Sept,Dec",2015,3,21,12,1,Saturday
6,6,2015-03-21,8516,870,1,0,0,0,a,c,1500.0,1.0,0.0,0,0.0,0.0,None,2015,3,21,12,1,Saturday
7,6,2015-03-21,9088,844,1,0,0,0,a,a,1500.0,5.0,2012.0,1,14.0,2011.0,"Jan,Apr,Jul,Oct",2015,3,21,12,1,Saturday
8,6,2015-03-21,6906,723,1,0,0,1,a,c,500.0,9.0,2014.0,1,40.0,2009.0,"Mar,Jun,Sept,Dec",2015,3,21,12,1,Saturday
9,6,2015-03-21,6563,689,1,0,0,0,d,a,500.0,5.0,2014.0,1,40.0,2013.0,"Jan,Apr,Jul,Oct",2015,3,21,12,1,Saturday
10,6,2015-03-21,9708,1118,1,0,0,0,d,c,3000.0,11.0,2012.0,1,1.0,2015.0,"Jan,Apr,Jul,Oct",2015,3,21,12,1,Saturday
11,6,2015-03-21,11882,1196,1,0,0,0,a,c,120.0,11.0,0.0,1,22.0,2015.0,"Mar,Jun,Sept,Dec",2015,3,21,12,1,Saturday
12,6,2015-03-21,3646,518,1,0,0,1,d,c,3000.0,0.0,2008.0,0,0.0,0.0,None,2015,3,21,12,1,Saturday
13,6,2015-03-21,9732,951,1,0,0,0,a,a,7500.0,5.0,2005.0,0,0.0,0.0,None,2015,3,21,12,1,Saturday
14,6,2015-03-21,0,0,0,0,0,1,a,c,1500.0,5.0,2014.0,1,1.0,2013.0,"Jan,Apr,Jul,Oct",2015,3,21,12,1,Saturday
15,6,2015-03-21,5566,472,1,0,0,0,d,c,3000.0,11.0,2014.0,1,1.0,2013.0,"Mar,Jun,Sept,Dec",2015,3,21,12,1,Saturday
16,6,2015-03-21,7176,706,1,0,0,1,a,a,500.0,11.0,0.0,0,0.0,0.0,None,2015,3,21,12,1,Saturday
17,6,2015-03-21,5162,528,1,0,0,0,a,c,500.0,7.0,2008.0,0,0.0,0.0,None,2015,3,21,12,1,Saturday
18,6,2015-03-21,4754,463,1,0,0,0,d,c,1500.0,5.0,2005.0,1,40.0,2009.0,"Jan,Apr,Jul,Oct",2015,3,21,12,1,Saturday
19,6,2015-03-21,2661,362,1,0,0,0,d,c,120.0,9.0,2014.0,1,10.0,2013.0,"Jan,Apr,Jul,Oct",2015,3,21,12,1,Saturday
20,6,2015-03-21,6123,827,1,0,0,0,a,a,500.0,9.0,0.0,1,1.0,2013.0,"Mar,Jun,Sept,Dec",2015,3,21,12,1,Saturday
21,6,2015-03-21,5650,663,1,0,0,0,a,c,1500.0,0.0,2008.0,0,0.0,0.0,None,2015,3,21,12,1,Saturday
22,6,2015-03-21,6525,558,1,0,0,0,a,a,500.0,0.0,2010.0,0,0.0,0.0,None,2015,3,21,12,1,Saturday
23,6,2015-03-21,4131,372,1,0,0,0,d,c,500.0,1.0,2008.0,0,0.0,0.0,None,2015,3,21,12,1,Saturday
24,6,2015-03-21,4127,486,1,0,0,0,a,a,1500.0,1.0,2010.0,0,0.0,0.0,None,2015,3,21,12,1,Saturday
25,6,2015-03-21,8778,1037,1,0,0,0,a,c,500.0,1.0,2012.0,0,0.0,0.0,None,2015,3,21,12,1,Saturday
26,6,2015-03-21,10193,1090,1,0,0,0,d,a,1500.0,3.0,2008.0,0,0.0,0.0,None,2015,3,21,12,1,Saturday
27,6,2015-03-21,5973,501,1,0,0,0,d,a,15000.0,9.0,2008.0,1,1.0,2009.0,"Mar,Jun,Sept,Dec",2015,3,21,12,1,Saturday
28,6,2015-03-21,8228,952,1,0,0,0,a,a,1500.0,3.0,2010.0,0,0.0,0.0,None,2015,3,21,12,1,Saturday
29,6,2015-03-21,4254,555,1,0,0,0,a,a,1500.0,5.0,0.0,1,10.0,2015.0,"Jan,Apr,Jul,Oct",2015,3,21,12,1,Saturday
30,6,2015-03-21,2322,375,1,0,0,0,c,c,500.0,11.0,2014.0,1,22.0,2015.0,"Feb,May,Aug,Nov",2015,3,21,12,1,Saturday
31,6,2015-03-21,5744,606,1,0,0,0,d,c,500.0,0.0,2014.0,1,31.0,2015.0,"Mar,Jun,Sept,Dec",2015,3,21,12,1,Saturday
32,6,2015-03-21,11622,1053,1,0,0,0,a,a,3000.0,3.0,2010.0,1,1.0,2015.0,"Mar,Jun,Sept,Dec",2015,3,21,12,1,Saturday
33,6,2015-03-21,5757,654,1,0,0,0,d,c,1500.0,9.0,2008.0,0,0.0,0.0,None,2015,3,21,12,1,Saturday
34,6,2015-03-21,4408,515,1,0,0,0,d,c,500.0,9.0,2005.0,0,0.0,0.0,None,2015,3,21,12,1,Saturday
35,6,2015-03-21,5790,915,1,0,0,0,a,c,120.0,5.0,0.0,1,22.0,2015.0,"Mar,Jun,Sept,Dec",2015,3,21,12,1,Saturday
36,6,2015-03-21,9637,1134,1,0,0,0,d,a,1500.0,3.0,2008.0,1,40.0,2011.0,"Feb,May,Aug,Nov",2015,3,21,12,1,Saturday
37,6,2015-03-21,11758,1170,1,0,0,1,d,a,7500.0,3.0,2008.0,1,40.0,2009.0,"Mar,Jun,Sept,Dec",2015,3,21,12,1,Saturday
38,6,2015-03-21,3973,419,1,0,0,1,a,a,3000.0,3.0,2010.0,0,0.0,0.0,None,2015,3,21,12,1,Saturday
39,6,2015-03-21,4209,530,1,0,0,0,c,a,7500.0,7.0,2014.0,1,14.0,2015.0,"Jan,Apr,Jul,Oct",2015,3,21,12,1,Saturday
40,6,2015-03-21,3512,545,1,0,0,0,d,a,1500.0,11.0,2008.0,1,22.0,2013.0,"Jan,Apr,Jul,Oct",2015,3,21,12,1,Saturday
41,6,2015-03-21,10578,1039,1,0,0,0,a,c,500.0,1.0,0.0,0,0.0,0.0,None,2015,3,21,12,1,Saturday
42,6,2015-03-21,4390,579,1,0,0,0,d,c,120.0,1.0,2014.0,0,0.0,0.0,None,2015,3,21,12,1,Saturday
43,6,2015-03-21,2685,381,1,0,0,0,a,a,500.0,0.0,0.0,1,31.0,2011.0,"Mar,Jun,Sept,Dec",2015,3,21,12,1,Saturday
44,6,2015-03-21,10873,946,1,0,0,0,a,a,1500.0,5.0,2005.0,0,0.0,0.0,None,2015,3,21,12,1,Saturday
45,6,2015-03-21,5136,917,1,0,0,0,c,a,120.0,9.0,2014.0,1,22.0,2011.0,"Feb,May,Aug,Nov",2015,3,21,12,1,Saturday
46,6,2015-03-21,8570,825,1,0,0,0,a,c,500.0,1.0,2014.0,0,0.0,0.0,None,2015,3,21,12,1,Saturday
47,6,2015-03-21,6001,825,1,0,0,1,c,a,1500.0,0.0,0.0,1,40.0,2013.0,"Jan,Apr,Jul,Oct",2015,3,21,12,1,Saturday
48,6,2015-03-21,5405,851,1,0,0,0,a,c,500.0,7.0,2010.0,1,22.0,2011.0,"Mar,Jun,Sept,Dec",2015,3,21,12,1,Saturday
49,6,2015-03-21,4731,663,1,0,0,0,d,a,120.0,1.0,2010.0,1,14.0,2009.0,"Mar,Jun,Sept,Dec",2015,3,21,12,1,Saturday
50,6,2015-03-21,5199,814,1,0,0,0,a,c,500.0,1.0,2012.0,0,0.0,0.0,None,2015,3,21,12,1,Saturday
51,6,2015-03-21,7502,1159,1,0,0,0,a,c,120.0,1.0,0.0,0,0.0,0.0,None,2015,3,21,12,1,Saturday
52,6,2015-03-21,7998,1071,1,0,0,0,a,a,120.0,7.0,2012.0,1,31.0,2013.0,"Mar,Jun,Sept,Dec",2015,3,21,12,1,Saturday
53,6,2015-03-21,6373,747,1,0,0,0,a,c,1500.0,0.0,0.0,1,14.0,2009.0,"Feb,May,Aug,Nov",2015,3,21,12,1,Saturday
54,6,2015-03-21,7487,952,1,0,0,0,a,a,1500.0,0.0,0.0,0,0.0,0.0,None,2015,3,21,12,1,Saturday
55,6,2015-03-21,2466,384,1,0,0,0,d,c,1500.0,1.0,2005.0,1,22.0,2009.0,"Feb,May,Aug,Nov",2015,3,21,12,1,Saturday
56,6,2015-03-21,10166,1198,1,0,0,0,a,a,1500.0,7.0,2010.0,0,0.0,0.0,None,2015,3,21,12,1,Saturday
57,6,2015-03-21,3433,500,1,0,0,0,a,c,1500.0,0.0,2012.0,1,10.0,2009.0,"Mar,Jun,Sept,Dec",2015,3,21,12,1,Saturday
58,6,2015-03-21,11013,1130,1,0,0,0,d,c,1500.0,0.0,0.0,1,14.0,2009.0,"Mar,Jun,Sept,Dec",2015,3,21,12,1,Saturday
59,6,2015-03-21,1801,323,1,0,0,0,d,c,500.0,7.0,2012.0,0,0.0,0.0,None,2015,3,21,12,1,Saturday
60,6,2015-03-21,2396,388,1,0,0,0,a,a,1500.0,11.0,0.0,1,31.0,2011.0,"Feb,May,Aug,Nov",2015,3,21,12,1,Saturday
61,6,2015-03-21,6913,760,1,0,0,0,a,c,500.0,5.0,2005.0,1,31.0,2013.0,"Jan,Apr,Jul,Oct",2015,3,21,12,1,Saturday
62,6,2015-03-21,6749,1127,1,0,0,1,a,a,15000.0,5.0,2005.0,0,0.0,0.0,None,2015,3,21,12,1,Saturday
63,6,2015-03-21,7564,1050,1,0,0,0,c,c,3000.0,5.0,2005.0,0,0.0,0.0,None,2015,3,21,12,1,Saturday
64,6,2015-03-21,10250,943,1,0,0,1,c,c,1500.0,5.0,0.0,1,1.0,2013.0,"Jan,Apr,Jul,Oct",2015,3,21,12,1,Saturday
65,6,2015-03-21,9034,929,1,0,0,0,a,c,1500.0,0.0,2014.0,0,0.0,0.0,None,2015,3,21,12,1,Saturday
66,6,2015-03-21,5652,881,1,0,0,1,a,a,15000.0,3.0,2010.0,0,0.0,0.0,None,2015,3,21,12,1,Saturday
67,6,2015-03-21,10318,1109,1,0,0,0,d,c,1500.0,1.0,2012.0,0,0.0,0.0,None,2015,3,21,12,1,Saturday
68,6,2015-03-21,6932,610,1,0,0,0,c,c,500.0,7.0,0.0,0,0.0,0.0,None,2015,3,21,12,1,Saturday
69,6,2015-03-21,9369,892,1,0,0,0,d,c,15000.0,1.0,2012.0,1,31.0,2013.0,"Mar,Jun,Sept,Dec",2015,3,21,12,1,Saturday
70,6,2015-03-21,5814,922,1,0,0,0,a,a,3000.0,5.0,0.0,0,0.0,0.0,None,2015,3,21,12,1,Saturday
71,6,2015-03-21,11106,1106,1,0,0,0,a,c,120.0,1.0,2008.0,1,31.0,2009.0,"Jan,Apr,Jul,Oct",2015,3,21,12,1,Saturday
72,6,2015-03-21,5383,642,1,0,0,1,a,c,7500.0,9.0,2010.0,0,0.0,0.0,None,2015,3,21,12,1,Saturday
73,6,2015-03-21,5402,785,1,0,0,0,d,c,500.0,5.0,2008.0,1,40.0,2013.0,"Mar,Jun,Sept,Dec",2015,3,21,12,1,Saturday
74,6,2015-03-21,4191,449,1,0,0,1,a,a,500.0,7.0,2012.0,0,0.0,0.0,None,2015,3,21,12,1,Saturday
75,6,2015-03-21,6413,577,1,0,0,0,c,c,3000.0,11.0,0.0,1,14.0,2009.0,"Feb,May,Aug,Nov",2015,3,21,12,1,Saturday
76,6,2015-03-21,5881,553,1,0,0,1,a,a,120.0,0.0,2014.0,0,0.0,0.0,None,2015,3,21,12,1,Saturday
77,6,2015-03-21,6862,839,1,0,0,0,d,c,1500.0,11.0,2012.0,0,0.0,0.0,None,2015,3,21,12,1,Saturday
78,6,2015-03-21,4493,810,1,0,0,0,d,c,500.0,3.0,2010.0,0,0.0,0.0,None,2015,3,21,12,1,Saturday
79,6,2015-03-21,8797,925,1,0,0,0,a,a,500.0,0.0,2012.0,1,14.0,2015.0,"Mar,Jun,Sept,Dec",2015,3,21,12,1,Saturday
80,6,2015-03-21,10321,956,1,0,0,0,a,a,15000.0,9.0,2010.0,0,0.0,0.0,None,2015,3,21,12,1,Saturday
81,6,2015-03-21,2601,433,1,0,0,0,a,a,1500.0,1.0,2010.0,1,22.0,2009.0,"Jan,Apr,Jul,Oct",2015,3,21,12,1,Saturday
82,6,2015-03-21,4578,439,1,0,0,1,a,a,1500.0,0.0,0.0,0,0.0,0.0,None,2015,3,21,12,1,Saturday
83,6,2015-03-21,2808,465,1,0,0,0,a,c,500.0,7.0,2014.0,0,0.0,0.0,None,2015,3,21,12,1,Saturday
84,6,2015-03-21,0,0,0,0,0,0,d,a,1500.0,0.0,2005.0,0,0.0,0.0,None,2015,3,21,12,1,Saturday
85,6,2015-03-21,11070,1054,1,0,0,1,d,c,120.0,0.0,2014.0,1,1.0,2013.0,"Jan,Apr,Jul,Oct",2015,3,21,12,1,Saturday
86,6,2015-03-21,10341,875,1,0,0,0,d,a,3000.0,0.0,2012.0,0,0.0,0.0,None,2015,3,21,12,1,Saturday
87,6,2015-03-21,4339,376,1,0,0,0,a,a,1500.0,0.0,0.0,0,0.0,0.0,None,2015,3,21,12,1,Saturday
88,6,2015-03-21,3036,332,1,0,0,0,d,c,3000.0,3.0,2012.0,1,31.0,2009.0,"Feb,May,Aug,Nov",2015,3,21,12,1,Saturday
89,6,2015-03-21,6567,1169,1,0,0,0,d,a,1500.0,9.0,0.0,1,31.0,2015.0,"Feb,May,Aug,Nov",2015,3,21,12,1,Saturday
90,6,2015-03-21,2273,384,1,0,0,0,d,c,1500.0,0.0,0.0,0,0.0,0.0,None,2015,3,21,12,1,Saturday
91,6,2015-03-21,4635,504,1,0,0,0,a,c,1500.0,3.0,2008.0,0,0.0,0.0,None,2015,3,21,12,1,Saturday
92,6,2015-03-21,4097,677,1,0,0,0,d,c,120.0,3.0,0.0,1,31.0,2009.0,"Feb,May,Aug,Nov",2015,3,21,12,1,Saturday
93,6,2015-03-21,9194,1003,1,0,0,0,d,a,120.0,5.0,2005.0,0,0.0,0.0,None,2015,3,21,12,1,Saturday
94,6,2015-03-21,5912,1042,1,0,0,0,c,a,500.0,11.0,2005.0,0,0.0,0.0,None,2015,3,21,12,1,Saturday
95,6,2015-03-21,3275,353,1,0,0,0,a,c,500.0,11.0,2005.0,1,31.0,2009.0,"Feb,May,Aug,Nov",2015,3,21,12,1,Saturday
96,6,2015-03-21,5626,781,1,0,0,0,d,c,500.0,7.0,2005.0,1,10.0,2009.0,"Feb,May,Aug,Nov",2015,3,21,12,1,Saturday
97,6,2015-03-21,7325,772,1,0,0,0,c,a,120.0,0.0,2008.0,0,0.0,0.0,None,2015,3,21,12,1,Saturday
98,6,2015-03-21,7607,1106,1,0,0,0,c,a,500.0,3.0,2008.0,1,10.0,2009.0,"Feb,May,Aug,Nov",2015,3,21,12,1,Saturday
99,6,2015-03-21,9521,872,1,0,0,0,a,c,500.0,1.0,2012.0,0,0.0,0.0,None,2015,3,21,12,1,Saturday
100,6,2015-03-21,3576,372,1,0,0,1,b,c,500.0,9.0,2005.0,0,0.0,0.0,None,2015,3,21,12,1,Saturday
1,7,2015-03-22,0,0,0,0,0,0,a,c,3000.0,7.0,2012.0,0,0.0,0.0,None,2015,3,22,12,1,Sunday
2,7,2015-03-22,0,0,0,0,0,0,a,a,7500.0,5.0,2008.0,0,0.0,0.0,None,2015,3,22,12,1,Sunday
3,7,2015-03-22,0,0,0,0,0,1,d,c,500.0,5.0,2012.0,1,10.0,2011.0,"Jan,Apr,Jul,Oct",2015,3,22,12,1,Sunday
4,7,2015-03-22,0,0,0,0,0,1,a,a,1500.0,1.0,2010.0,1,40.0,2011.0,"Mar,Jun,Sept,Dec",2015,3,22,12,1,Sunday
5,7,2015-03-22,0,0,0,0,0,1,c,a,15000.0,0.0,2008.0,1,31.0,2009.0,"Mar,Jun,Sept,Dec",2015,3,22,12,1,Sunday
6,7,2015-03-22,0,0,0,0,0,0,a,c,1500.0,1.0,0.0,0,0.0,0.0,None,2015,3,22,12,1,Sunday
7,7,2015-03-22,0,0,0,0,0,0,a,a,1500.0,5.0,2012.0,1,14.0,2011.0,"Jan,Apr,Jul,Oct",2015,3,22,12,1,Sunday
8,7,2015-03-22,0,0,0,0,0,0,a,c,500.0,9.0,2014.0,1,40.0,2009.0,"Mar,Jun,Sept,Dec",2015,3,22,12,1,Sunday
9,7,2015-03-22,0,0,0,0,0,0,d,a,500.0,5.0,2014.0,1,40.0,2013.0,"Jan,Apr,Jul,Oct",2015,3,22,12,1,Sunday
10,7,2015-03-22,0,0,0,0,0,0,d,c,3000.0,11.0,2012.0,1,1.0,2015.0,"Jan,Apr,Jul,Oct",2015,3,22,12,1,Sunday
11,7,2015-03-22,0,0,0,0,0,0,a,c,120.0,11.0,0.0,1,22.0,2015.0,"Mar,Jun,Sept,Dec",2015,3,22,12,1,Sunday
12,7,2015-03-22,0,0,0,0,0,0,d,c,3000.0,0.0,2008.0,0,0.0,0.0,None,2015,3,22,12,1,Sunday
13,7,2015-03-22,0,0,0,0,0,0,a,a,7500.0,5.0,2005.0,0,0.0,0.0,None,2015,3,22,12,1,Sunday
14,7,2015-03-22,0,0,0,0,0,0,a,c,1500.0,5.0,2014.0,1,1.0,2013.0,"Jan,Apr,Jul,Oct",2015,3,22,12,1,Sunday
15,7,2015-03-22,0,0,0,0,0,1,d,c,3000.0,11.0,2014.0,1,1.0,2013.0,"Mar,Jun,Sept,Dec",2015,3,22,12,1,Sunday
16,7,2015-03-22,0,0,0,0,0,0,a,a,500.0,11.0,0.0,0,0.0,0.0,None,2015,3,22,12,1,Sunday
17,7,2015-03-22,0,0,0,0,0,1,a,c,500.0,7.0,2008.0,0,0.0,0.0,None,2015,3,22,12,1,Sunday
18,7,2015-03-22,0,0,0,0,0,1,d,c,1500.0,5.0,2005.0,1,40.0,2009.0,"Jan,Apr,Jul,Oct",2015,3,22,12,1,Sunday
19,7,2015-03-22,0,0,0,0,0,0,d,c,120.0,9.0,2014.0,1,10.0,2013.0,"Jan,Apr,Jul,Oct",2015,3,22,12,1,Sunday
20,7,2015-03-22,0,0,0,0,0,0,a,a,500.0,9.0,0.0,1,1.0,2013.0,"Mar,Jun,Sept,Dec",2015,3,22,12,1,Sunday
21,7,2015-03-22,0,0,0,0,0,0,a,c,1500.0,0.0,2008.0,0,0.0,0.0,None,2015,3,22,12,1,Sunday
22,7,2015-03-22,0,0,0,0,0,0,a,a,500.0,0.0,2010.0,0,0.0,0.0,None,2015,3,22,12,1,Sunday
23,7,2015-03-22,0,0,0,0,0,0,d,c,500.0,1.0,2008.0,0,0.0,0.0,None,2015,3,22,12,1,Sunday
24,7,2015-03-22,0,0,0,0,0,1,a,a,1500.0,1.0,2010.0,0,0.0,0.0,None,2015,3,22,12,1,Sunday
25,7,2015-03-22,0,0,0,0,0,0,a,c,500.0,1.0,2012.0,0,0.0,0.0,None,2015,3,22,12,1,Sunday
26,7,2015-03-22,0,0,0,0,0,0,d,a,1500.0,3.0,2008.0,0,0.0,0.0,None,2015,3,22,12,1,Sunday
27,7,2015-03-22,0,0,0,0,0,1,d,a,15000.0,9.0,2008.0,1,1.0,2009.0,"Mar,Jun,Sept,Dec",2015,3,22,12,1,Sunday
28,7,2015-03-22,0,0,0,0,0,0,a,a,1500.0,3.0,2010.0,0,0.0,0.0,None,2015,3,22,12,1,Sunday
29,7,2015-03-22,0,0,0,0,0,0,a,a,1500.0,5.0,0.0,1,10.0,2015.0,"Jan,Apr,Jul,Oct",2015,3,22,12,1,Sunday
30,7,2015-03-22,0,0,0,0,0,0,c,c,500.0,11.0,2014.0,1,22.0,2015.0,"Feb,May,Aug,Nov",2015,3,22,12,1,Sunday
31,7,2015-03-22,0,0,0,0,0,0,d,c,500.0,0.0,2014.0,1,31.0,2015.0,"Mar,Jun,Sept,Dec",2015,3,22,12,1,Sunday
32,7,2015-03-22,0,0,0,0,0,0,a,a,3000.0,3.0,2010.0,1,1.0,2015.0,"Mar,Jun,Sept,Dec",2015,3,22,12,1,Sunday
33,7,2015-03-22,0,0,0,0,0,0,d,c,1500.0,9.0,2008.0,0,0.0,0.0,None,2015,3,22,12,1,Sunday
34,7,2015-03-22,0,0,0,0,0,0,d,c,500.0,9.0,2005.0,0,0.0,0.0,None,2015,3,22,12,1,Sunday
35,7,2015-03-22,0,0,0,0,0,0,a,c,120.0,5.0,0.0,1,22.0,2015.0,"Mar,Jun,Sept,Dec",2015,3,22,12,1,Sunday
36,7,2015-03-22,0,0,0,0,0,0,d,a,1500.0,3.0,2008.0,1,40.0,2011.0,"Feb,May,Aug,Nov",2015,3,22,12,1,Sunday
37,7,2015-03-22,0,0,0,0,0,0,d,a,7500.0,3.0,2008.0,1,40.0,2009.0,"Mar,Jun,Sept,Dec",2015,3,22,12,1,Sunday
38,7,2015-03-22,0,0,0,0,0,0,a,a,3000.0,3.0,2010.0,0,0.0,0.0,None,2015,3,22,12,1,Sunday
39,7,2015-03-22,0,0,0,0,0,0,c,a,7500.0,7.0,2014.0,1,14.0,2015.0,"Jan,Apr,Jul,Oct",2015,3,22,12,1,Sunday
40,7,2015-03-22,0,0,0,0,0,0,d,a,1500.0,11.0,2008.0,1,22.0,2013.0,"Jan,Apr,Jul,Oct",2015,3,22,12,1,Sunday
41,7,2015-03-22,0,0,0,0,0,0,a,c,500.0,1.0,0.0,0,0.0,0.0,None,2015,3,22,12,1,Sunday
42,7,2015-03-22,0,0,0,0,0,0,d,c,120.0,1.0,2014.0,0,0.0,0.0,None,2015,3,22,12,1,Sunday
43,7,2015-03-22,0,0,0,0,0,0,a,a,500.0,0.0,0.0,1,31.0,2011.0,"Mar,Jun,Sept,Dec",2015,3,22,12,1,Sunday
44,7,2015-03-22,0,0,0,0,0,1,a,a,1500.0,5.0,2005.0,0,0.0,0.0,None,2015,3,22,12,1,Sunday
45,7,2015-03-22,0,0,0,0,0,0,c,a,120.0,9.0,2014.0,1,22.0,2011.0,"Feb,May,Aug,Nov",2015,3,22,12,1,Sunday
46,7,2015-03-22,0,0,0,0,0,0,a,c,500.0,1.0,2014.0,0,0.0,0.0,None,2015,3,22,12,1,Sunday
47,7,2015-03-22,0,0,0,0,0,0,c,a,1500.0,0.0,0.0,1,40.0,2013.0,"Jan,Apr,Jul,Oct",2015,3,22,12,1,Sunday
48,7,2015-03-22,0,0,0,0,0,1,a,c,500.0,7.0,2010.0,1,22.0,2011.0,"Mar,Jun,Sept,Dec",2015,3,22,12,1,Sunday
49,7,2015-03-22,0,0,0,0,0,0,d,a,120.0,1.0,2010.0,1,14.0,2009.0,"Mar,Jun,Sept,Dec",2015,3,22,12,1,Sunday
50,7,2015-03-22,0,0,0,0,0,0,a,c,500.0,1.0,2012.0,0,0.0,0.0,None,2015,3,22,12,1,Sunday
51,7,2015-03-22,0,0,0,0,0,0,a,c,120.0,1.0,0.0,0,0.0,0.0,None,2015,3,22,12,1,Sunday
52,7,2015-03-22,0,0,0,0,0,0,a,a,120.0,7.0,2012.0,1,31.0,2013.0,"Mar,Jun,Sept,Dec",2015,3,22,12,1,Sunday
53,7,2015-03-22,0,0,0,0,0,0,a,c,1500.0,0.0,0.0,1,14.0,2009.0,"Feb,May,Aug,Nov",2015,3,22,12,1,Sunday
54,7,2015-03-22,0,0,0,0,0,1,a,a,1500.0,0.0,0.0,0,0.0,0.0,None,2015,3,22,12,1,Sunday
55,7,2015-03-22,0,0,0,0,0,0,d,c,1500.0,1.0,2005.0,1,22.0,2009.0,"Feb,May,Aug,Nov",2015,3,22,12,1,Sunday
56,7,2015-03-22,0,0,0,0,0,0,a,a,1500.0,7.0,2010.0,0,0.0,0.0,None,2015,3,22,12,1,Sunday
57,7,2015-03-22,0,0,0,0,0,0,a,c,1500.0,0.0,2012.0,1,10.0,2009.0,"Mar,Jun,Sept,Dec",2015,3,22,12,1,Sunday
58,7,2015-03-22,0,0,0,0,0,0,d,c,1500.0,0.0,0.0,1,14.0,2009.0,"Mar,Jun,Sept,Dec",2015,3,22,12,1,Sunday
59,7,2015-03-22,0,0,0,0,0,0,d,c,500.0,7.0,2012.0,0,0.0,0.0,None,2015,3,22,12,1,Sunday
60,7,2015-03-22,0,0,0,0,0,0,a,a,1500.0,11.0,0.0,1,31.0,2011.0,"Feb,May,Aug,Nov",2015,3,22,12,1,Sunday
61,7,2015-03-22,0,0,0,0,0,0,a,c,500.0,5.0,2005.0,1,31.0,2013.0,"Jan,Apr,Jul,Oct",2015,3,22,12,1,Sunday
62,7,2015-03-22,0,0,0,0,0,1,a,a,15000.0,5.0,2005.0,0,0.0,0.0,None,2015,3,22,12,1,Sunday
63,7,2015-03-22,0,0,0,0,0,0,c,c,3000.0,5.0,2005.0,0,0.0,0.0,None,2015,3,22,12,1,Sunday
64,7,2015-03-22,0,0,0,0,0,0,c,c,1500.0,5.0,0.0,1,1.0,2013.0,"Jan,Apr,Jul,Oct",2015,3,22,12,1,Sunday
65,7,2015-03-22,0,0,0,0,0,0,a,c,1500.0,0.0,2014.0,0,0.0,0.0,None,2015,3,22,12,1,Sunday
66,7,2015-03-22,0,0,0,0,0,1,a,a,15000.0,3.0,2010.0,0,0.0,0.0,None,2015,3,22,12,1,Sunday
67,7,2015-03-22,0,0,0,0,0,0,d,c,1500.0,1.0,2012.0,0,0.0,0.0,None,2015,3,22,12,1,Sunday
68,7,2015-03-22,0,0,0,0,0,0,c,c,500.0,7.0,0.0,0,0.0,0.0,None,2015,3,22,12,1,Sunday
69,7,2015-03-22,0,0,0,0,0,0,d,c,15000.0,1.0,2012.0,1,31.0,2013.0,"Mar,Jun,Sept,Dec",2015,3,22,12,1,Sunday
70,7,2015-03-22,0,0,0,0,0,0,a,a,3000.0,5.0,0.0,0,0.0,0.0,None,2015,3,22,12,1,Sunday
71,7,2015-03-22,0,0,0,0,0,0,a,c,120.0,1.0,2008.0,1,31.0,2009.0,"Jan,Apr,Jul,Oct",2015,3,22,12,1,Sunday
72,7,2015-03-22,0,0,0,0,0,0,a,c,7500.0,9.0,2010.0,0,0.0,0.0,None,2015,3,22,12,1,Sunday
73,7,2015-03-22,0,0,0,0,0,0,d,c,500.0,5.0,2008.0,1,40.0,2013.0,"Mar,Jun,Sept,Dec",2015,3,22,12,1,Sunday
74,7,2015-03-22,0,0,0,0,0,0,a,a,500.0,7.0,2012.0,0,0.0,0.0,None,2015,3,22,12,1,Sunday
75,7,2015-03-22,0,0,0,0,0,1,c,c,3000.0,11.0,0.0,1,14.0,2009.0,"Feb,May,Aug,Nov",2015,3,22,12,1,Sunday
76,7,2015-03-22,0,0,0,0,0,0,a,a,120.0,0.0,2014.0,0,0.0,0.0,None,2015,3,22,12,1,Sunday
77,7,2015-03-22,0,0,0,0,0,0,d,c,1500.0,11.0,2012.0,0,0.0,0.0,None,2015,3,22,12,1,Sunday
78,7,2015-03-22,0,0,0,0,0,1,d,c,500.0,3.0,2010.0,0,0.0,0.0,None,2015,3,22,12,1,Sunday
79,7,2015-03-22,0,0,0,0,0,0,a,a,500.0,0.0,2012.0,1,14.0,2015.0,"Mar,Jun,Sept,Dec",2015,3,22,12,1,Sunday
80,7,2015-03-22,0,0,0,0,0,0,a,a,15000.0,9.0,2010.0,0,0.0,0.0,None,2015,3,22,12,1,Sunday
81,7,2015-03-22,0,0,0,0,0,0,a,a,1500.0,1.0,2010.0,1,22.0,2009.0,"Jan,Apr,Jul,Oct",2015,3,22,12,1,Sunday
82,7,2015-03-22,0,0,0,0,0,1,a,a,1500.0,0.0,0.0,0,0.0,0.0,None,2015,3,22,12,1,Sunday
83,7,2015-03-22,0,0,0,0,0,0,a,c,500.0,7.0,2014.0,0,0.0,0.0,None,2015,3,22,12,1,Sunday
84,7,2015-03-22,0,0,0,0,0,1,d,a,1500.0,0.0,2005.0,0,0.0,0.0,None,2015,3,22,12,1,Sunday
85,7,2015-03-22,0,0,0,0,0,0,d,c,120.0,0.0,2014.0,1,1.0,2013.0,"Jan,Apr,Jul,Oct",2015,3,22,12,1,Sunday
86,7,2015-03-22,0,0,0,0,0,0,d,a,3000.0,0.0,2012.0,0,0.0,0.0,None,2015,3,22,12,1,Sunday
87,7,2015-03-22,0,0,0,0,0,0,a,a,1500.0,0.0,0.0,0,0.0,0.0,None,2015,3,22,12,1,Sunday
88,7,2015-03-22,0,0,0,0,0,0,d,c,3000.0,3.0,2012.0,1,31.0,2009.0,"Feb,May,Aug,Nov",2015,3,22,12,1,Sunday
89,7,2015-03-22,0,0,0,0,0,0,d,a,1500.0,9.0,0.0,1,31.0,2015.0,"Feb,May,Aug,Nov",2015,3,22,12,1,Sunday
90,7,2015-03-22,0,0,0,0,0,1,d,c,1500.0,0.0,0.0,0,0.0,0.0,None,2015,3,22,12,1,Sunday
91,7,2015-03-22,0,0,0,0,0,0,a,c,1500.0,3.0,2008.0,0,0.0,0.0,None,2015,3,22,12,1,Sunday
92,7,2015-03-22,0,0,0,0,0,0,d,c,120.0,3.0,0.0,1,31.0,2009.0,"Feb,May,Aug,Nov",2015,3,22,12,1,Sunday
93,7,2015-03-22,0,0,0,0,0,0,d,a,120.0,5.0,2005.0,0,0.0,0.0,None,2015,3,22,12,1,Sunday
94,7,2015-03-22,0,0,0,0,0,0,c,a,500.0,11.0,2005.0,0,0.0,0.0,None,2015,3,22,12,1,Sunday
95,7,2015-03-22,0,0,0,0,0,0,a,c,500.0,11.0,2005.0,1,31.0,2009.0,"Feb,May,Aug,Nov",2015,3,22,12,1,Sunday
96,7,2015-03-22,0,0,0,0,0,1,d,c,500.0,7.0,2005.0,1,10.0,2009.0,"Feb,May,Aug,Nov",2015,3,22,12,1,Sunday
97,7,2015-03-22,0,0,0,0,0,0,c,a,120.0,0.0,2008.0,0,0.0,0.0,None,2015,3,22,12,1,Sunday
98,7,2015-03-22,0,0,0,0,0,0,c,a,500.0,3.0,2008.0,1,10.0,2009.0,"Feb,May,Aug,Nov",2015,3,22,12,1,Sunday
99,7,2015-03-22,0,0,0,0,0,1,a,c,500.0,1.0,2012.0,0,0.0,0.0,None,2015,3,22,12,1,Sunday
100,7,2015-03-22,0,0,0,0,0,0,b,c,500.0,9.0,2005.0,0,0.0,0.0,None,2015,3,22,12,1,Sunday
1,1,2015-03-23,6134,833,1,1,0,0,a,c,3000.0,7.0,2012.0,0,0.0,0.0,None,2015,3,23,13,1,Monday
2,1,2015-03-23,11693,1109,1,0,0,0,a,a,7500.0,5.0,2008.0,0,0.0,0.0,None,2015,3,23,13,1,Monday
3,1,2015-03-23,2463,404,1,0,0,0,d,c,500.0,5.0,2012.0,1,10.0,2011.0,"Jan,Apr,Jul,Oct",2015,3,23,13,1,Monday
4,1,2015-03-23,7193,664,1,1,0,0,a,a,1500.0,1.0,2010.0,1,40.0,2011.0,"Mar,Jun,Sept,Dec",2015,3,23,13,1,Monday
5,1,2015-03-23,5113,504,1,0,0,0,c,a,15000.0,0.0,2008.0,1,31.0,2009.0,"Mar,Jun,Sept,Dec",2015,3,23,13,1,Monday
6,1,2015-03-23,12159,1108,1,1,0,0,a,c,1500.0,1.0,0.0,0,0.0,0.0,None,2015,3,23,13,1,Monday
7,1,2015-03-23,4384,497,1,0,0,0,a,a,1500.0,5.0,2012.0,1,14.0,2011.0,"Jan,Apr,Jul,Oct",2015,3,23,13,1,Monday
8,1,2015-03-23,9294,824,1,0,0,0,a,c,500.0,9.0,2014.0,1,40.0,2009.0,"Mar,Jun,Sept,Dec",2015,3,23,13,1,Monday
9,1,2015-03-23,8448,1000,1,1,0,0,d,a,500.0,5.0,2014.0,1,40.0,2013.0,"Jan,Apr,Jul,Oct",2015,3,23,13,1,Monday
10,1,2015-03-23,10175,914,1,0,0,0,d,c,3000.0,11.0,2012.0,1,1.0,2015.0,"Jan,Apr,Jul,Oct",2015,3,23,13,1,Monday
11,1,2015-03-23,13062,1129,1,1,0,0,a,c,120.0,11.0,0.0,1,22.0,2015.0,"Mar,Jun,Sept,Dec",2015,3,23,13,1,Monday
12,1,2015-03-23,10327,1071,1,0,0,1,d,c,3000.0,0.0,2008.0,0,0.0,0.0,None,2015,3,23,13,1,Monday
13,1,2015-03-23,11875,956,1,1,0,0,a,a,7500.0,5.0,2005.0,0,0.0,0.0,None,2015,3,23,13,1,Monday
14,1,2015-03-23,7127,1040,1,0,0,0,a,c,1500.0,5.0,2014.0,1,1.0,2013.0,"Jan,Apr,Jul,Oct",2015,3,23,13,1,Monday
15,1,2015-03-23,5000,632,1,1,0,0,d,c,3000.0,11.0,2014.0,1,1.0,2013.0,"Mar,Jun,Sept,Dec",2015,3,23,13,1,Monday
16,1,2015-03-23,6855,736,1,1,0,1,a,a,500.0,11.0,0.0,0,0.0,0.0,None,2015,3,23,13,1,Monday
17,1,2015-03-23,4270,486,1,0,0,0,a,c,500.0,7.0,2008.0,0,0.0,0.0,None,2015,3,23,13,1,Monday
18,1,2015-03-23,12324,1085,1,1,0,1,d,c,1500.0,5.0,2005.0,1,40.0,2009.0,"Jan,Apr,Jul,Oct",2015,3,23,13,1,Monday
19,1,2015-03-23,5909,823,1,0,0,0,d,c,120.0,9.0,2014.0,1,10.0,2013.0,"Jan,Apr,Jul,Oct",2015,3,23,13,1,Monday
20,1,2015-03-23,0,0,0,0,0,0,a,a,500.0,9.0,0.0,1,1.0,2013.0,"Mar,Jun,Sept,Dec",2015,3,23,13,1,Monday
21,1,2015-03-23,5807,459,1,1,0,0,a,c,1500.0,0.0,2008.0,0,0.0,0.0,None,2015,3,23,13,1,Monday
22,1,2015-03-23,0,0,0,0,0,0,a,a,500.0,0.0,2010.0,0,0.0,0.0,None,2015,3,23,13,1,Monday
23,1,2015-03-23,12975,1190,1,1,0,0,d,c,500.0,1.0,2008.0,0,0.0,0.0,None,2015,3,23,13,1,Monday
24,1,2015-03-23,8286,1006,1,0,0,0,a,a,1500.0,1.0,2010.0,0,0.0,0.0,None,2015,3,23,13,1,Monday
25,1,2015-03-23,4881,813,1,0,0,0,a,c,500.0,1.0,2012.0,0,0.0,0.0,None,2015,3,23,13,1,Monday
26,1,2015-03-23,8846,816,1,0,0,0,d,a,1500.0,3.0,2008.0,0,0.0,0.0,None,2015,3,23,13,1,Monday
27,1,2015-03-23,8130,872,1,0,0,0,d,a,15000.0,9.0,2008.0,1,1.0,2009.0,"Mar,Jun,Sept,Dec",2015,3,23,13,1,Monday
28,1,2015-03-23,13891,1115,1,1,0,0,a,a,1500.0,3.0,2010.0,0,0.0,0.0,None,2015,3,23,13,1,Monday
29,1,2015-03-23,9409,854,1,0,0,0,a,a,1500.0,5.0,0.0,1,10.0,2015.0,"Jan,Apr,Jul,Oct",2015,3,23,13,1,Monday
30,1,2015-03-23,9269,992,1,0,0,0,c,c,500.0,11.0,2014.0,1,22.0,2015.0,"Feb,May,Aug,Nov",2015,3,23,13,1,Monday
31,1,2015-03-23,11078,1036,1,0,0,0,d,c,500.0,0.0,2014.0,1,31.0,2015.0,"Mar,Jun,Sept,Dec",2015,3,23,13,1,Monday
32,1,2015-03-23,8075,1066,1,0,0,0,a,a,3000.0,3.0,2010.0,1,1.0,2015.0,"Mar,Jun,Sept,Dec",2015,3,23,13,1,Monday
33,1,2015-03-23,7851,1050,1,1,0,0,d,c,1500.0,9.0,2008.0,0,0.0,0.0,None,2015,3,23,13,1,Monday
34,1,2015-03-23,9260,1102,1,0,0,0,d,c,500.0,9.0,2005.0,0,0.0,0.0,None,2015,3,23,13,1,Monday
35,1,2015-03-23,2850,315,1,0,0,0,a,c,120.0,5.0,0.0,1,22.0,2015.0,"Mar,Jun,Sept,Dec",2015,3,23,13,1,Monday
36,1,2015-03-23,7439,1181,1,1,0,0,d,a,1500.0,3.0,2008.0,1,40.0,2011.0,"Feb,May,Aug,Nov",2015,3,23,13,1,Monday
37,1,2015-03-23,6888,641,1,0,0,0,d,a,7500.0,3.0,2008.0,1,40.0,2009.0,"Mar,Jun,Sept,Dec",2015,3,23,13,1,Monday
38,1,2015-03-23,8365,720,1,0,0,0,a,a,3000.0,3.0,2010.0,0,0.0,0.0,None,2015,3,23,13,1,Monday
39,1,2015-03-23,7734,1099,1,1,0,0,c,a,7500.0,7.0,2014.0,1,14.0,2015.0,"Jan,Apr,Jul,Oct",2015,3,23,13,1,Monday
40,1,2015-03-23,3663,494,1,0,0,0,d,a,1500.0,11.0,2008.0,1,22.0,2013.0,"Jan,Apr,Jul,Oct",2015,3,23,13,1,Monday
41,1,2015-03-23,6089,847,1,0,0,0,a,c,500.0,1.0,0.0,0,0.0,0.0,None,2015,3,23,13,1,Monday
42,1,2015-03-23,9182,965,1,1,0,0,d,c,120.0,1.0,2014.0,0,0.0,0.0,None,2015,3,23,13,1,Monday
43,1,2015-03-23,4928,560,1,1,0,0,a,a,500.0,0.0,0.0,1,31.0,2011.0,"Mar,Jun,Sept,Dec",2015,3,23,13,1,Monday
44,1,2015-03-23,7020,558,1,1,0,0,a,a,1500.0,5.0,2005.0,0,0.0,0.0,None,2015,3,23,13,1,Monday
45,1,2015-03-23,5537,561,1,0,0,0,c,a,120.0,9.0,2014.0,1,22.0,2011.0,"Feb,May,Aug,Nov",2015,3,23,13,1,Monday
46,1,2015-03-23,6292,871,1,0,0,0,a,c,500.0,1.0,2014.0,0,0.0,0.0,None,2015,3,23,13,1,Monday
47,1,2015-03-23,3692,508,1,0,0,0,c,a,1500.0,0.0,0.0,1,40.0,2013.0,"Jan,Apr,Jul,Oct",2015,3,23,13,1,Monday
48,1,2015-03-23,2884,406,1,0,0,0,a,c,500.0,7.0,2010.0,1,22.0,2011.0,"Mar,Jun,Sept,Dec",2015,3,23,13,1,Monday
49,1,2015-03-23,10434,1185,1,0,0,0,d,a,120.0,1.0,2010.0,1,14.0,2009.0,"Mar,Jun,Sept,Dec",2015,3,23,13,1,Monday
50,1,2015-03-23,9368,1043,1,1,0,1,a,c,500.0,1.0,2012.0,0,0.0,0.0,None,2015,3,23,13,1,Monday
51,1,2015-03-23,5046,537,1,0,0,0,a,c,120.0,1.0,0.0,0,0.0,0.0,None,2015,3,23,13,1,Monday
52,1,2015-03-23,3643,451,1,1,0,0,a,a,120.0,7.0,2012.0,1,31.0,2013.0,"Mar,Jun,Sept,Dec",2015,3,23,13,1,Monday
53,1,2015-03-23,8531,744,1,1,0,0,a,c,1500.0,0.0,0.0,1,14.0,2009.0,"Feb,May,Aug,Nov",2015,3,23,13,1,Monday
54,1,2015-03-23,10883,1061,1,1,0,0,a,a,1500.0,0.0,0.0,0,0.0,0.0,None,2015,3,23,13,1,Monday
55,1,2015-03-23,4244,490,1,0,0,0,d,c,1500.0,1.0,2005.0,1,22.0,2009.0,"Feb,May,Aug,Nov",2015,3,23,13,1,Monday
56,1,2015-03-23,10728,951,1,1,0,0,a,a,1500.0,7.0,2010.0,0,0.0,0.0,None,2015,3,23,13,1,Monday
57,1,2015-03-23,6731,748,1,1,0,0,a,c,1500.0,0.0,2012.0,1,10.0,2009.0,"Mar,Jun,Sept,Dec",2015,3,23,13,1,Monday
58,1,2015-03-23,9302,874,1,0,0,0,d,c,1500.0,0.0,0.0,1,14.0,2009.0,"Mar,Jun,Sept,Dec",2015,3,23,13,1,Monday
59,1,2015-03-23,6477,626,1,0,0,0,d,c,500.0,7.0,2012.0,0,0.0,0.0,None,2015,3,23,13,1,Monday
60,1,2015-03-23,4452,798,1,0,0,0,a,a,1500.0,11.0,0.0,1,31.0,2011.0,"Feb,May,Aug,Nov",2015,3,23,13,1,Monday
61,1,2015-03-23,10966,1160,1,0,0,0,a,c,500.0,5.0,2005.0,1,31.0,2013.0,"Jan,Apr,Jul,Oct",2015,3,23,13,1,Monday
62,1,2015-03-23,6162,528,1,1,0,0,a,a,15000.0,5.0,2005.0,0,0.0,0.0,None,2015,3,23,13,1,Monday
63,1,2015-03-23,7948,862,1,0,0,0,c,c,3000.0,5.0,2005.0,0,0.0,0.0,None,2015,3,23,13,1,Monday
64,1,2015-03-23,10565,1006,1,0,0,0,c,c,1500.0,5.0,0.0,1,1.0,2013.0,"Jan,Apr,Jul,Oct",2015,3,23,13,1,Monday
65,1,2015-03-23,4074,467,1,1,0,1,a,c,1500.0,0.0,2014.0,0,0.0,0.0,None,2015,3,23,13,1,Monday
66,1,2015-03-23,9797,867,1,0,0,0,a,a,15000.0,3.0,2010.0,0,0.0,0.0,None,2015,3,23,13,1,Monday
67,1,2015-03-23,3710,448,1,0,0,1,d,c,1500.0,1.0,2012.0,0,0.0,0.0,None,2015,3,23,13,1,Monday
68,1,2015-03-23,9305,1194,1,1,0,0,c,c,500.0,7.0,0.0,0,0.0,0.0,None,2015,3,23,13,1,Monday
69,1,2015-03-23,7240,1181,1,1,0,0,d,c,15000.0,1.0,2012.0,1,31.0,2013.0,"Mar,Jun,Sept,Dec",2015,3,23,13,1,Monday
70,1,2015-03-23,3107,307,1,0,0,0,a,a,3000.0,5.0,0.0,0,0.0,0.0,None,2015,3,23,13,1,Monday
71,1,2015-03-23,6645,587,1,0,0,0,a,c,120.0,1.0,2008.0,1,31.0,2009.0,"Jan,Apr,Jul,Oct",2015,3,23,13,1,Monday
72,1,2015-03-23,6886,716,1,1,0,0,a,c,7500.0,9.0,2010.0,0,0.0,0.0,None,2015,3,23,13,1,Monday
73,1,2015-03-23,7860,606,1,1,0,1,d,c,500.0,5.0,2008.0,1,40.0,2013.0,"Mar,Jun,Sept,Dec",2015,3,23,13,1,Monday
74,1,2015-03-23,7496,1012,1,0,0,0,a,a,500.0,7.0,2012.0,0,0.0,0.0,None,2015,3,23,13,1,Monday
75,1,2015-03-23,7264,1152,1,0,0,0,c,c,3000.0,11.0,0.0,1,14.0,2009.0,"Feb,May,Aug,Nov",2015,3,23,13,1,Monday
76,1,2015-03-23,7953,804,1,1,0,0,a,a,120.0,0.0,2014.0,0,0.0,0.0,None,2015,3,23,13,1,Monday
77,1,2015-03-23,8706,1062,1,0,0,0,d,c,1500.0,11.0,2012.0,0,0.0,0.0,None,2015,3,23,13,1,Monday
78,1,2015-03-23,6088,765,1,1,0,0,d,c,500.0,3.0,2010.0,0,0.0,0.0,None,2015,3,23,13,1,Monday
79,1,2015-03-23,5502,474,1,1,0,0,a,a,500.0,0.0,2012.0,1,14.0,2015.0,"Mar,Jun,Sept,Dec",2015,3,23,13,1,Monday
80,1,2015-03-23,4769,537,1,1,0,0,a,a,15000.0,9.0,2010.0,0,0.0,0.0,None,2015,3,23,13,1,Monday
81,1,2015-03-23,4288,535,1,1,0,0,a,a,1500.0,1.0,2010.0,1,22.0,2009.0,"Jan,Apr,Jul,Oct",2015,3,23,13,1,Monday
82,1,2015-03-23,6274,664,1,0,0,0,a,a,1500.0,0.0,0.0,0,0.0,0.0,None,2015,3,23,13,1,Monday
83,1,2015-03-23,6956,632,1,0,0,0,a,c,500.0,7.0,2014.0,0,0.0,0.0,None,2015,3,23,13,1,Monday
84,1,2015-03-23,8956,819,1,1,0,0,d,a,1500.0,0.0,2005.0,0,0.0,0.0,None,2015,3,23,13,1,Monday
85,1,2015-03-23,3940,426,1,1,0,0,d,c,120.0,0.0,2014.0,1,1.0,2013.0,"Jan,Apr,Jul,Oct",2015,3,23,13,1,Monday
86,1,2015-03-23,6330,726,1,1,0,0,d,a,3000.0,0.0,2012.0,0,0.0,0.0,None,2015,3,23,13,1,Monday
87,1,2015-03-23,6395,591,1,0,0,0,a,a,1500.0,0.0,0.0,0,0.0,0.0,None,2015,3,23,13,1,Monday
88,1,2015-03-23,0,0,0,1,0,0,d,c,3000.0,3.0,2012.0,1,31.0,2009.0,"Feb,May,Aug,Nov",2015,3,23,13,1,Monday
89,1,2015-03-23,4521,492,1,0,0,1,d,a,1500.0,9.0,0.0,1,31.0,2015.0,"Feb,May,Aug,Nov",2015,3,23,13,1,Monday
90,1,2015-03-23,6314,900,1,0,0,0,d,c,1500.0,0.0,0.0,0,0.0,0.0,None,2015,3,23,13,1,Monday
91,1,2015-03-23,6562,1138,1,0,0,0,a,c,1500.0,3.0,2008.0,0,0.0,0.0,None,2015,3,23,13,1,Monday
92,1,2015-03-23,8826,854,1,0,0,0,d,c,120.0,3.0,0.0,1,31.0,2009.0,"Feb,May,Aug,Nov",2015,3,23,13,1,Monday
93,1,2015-03-23,4208,742,1,0,0,0,d,a,120.0,5.0,2005.0,0,0.0,0.0,None,2015,3,23,13,1,Monday
94,1,2015-03-23,4975,692,1,0,0,0,c,a,500.0,11.0,2005.0,0,0.0,0.0,None,2015,3,23,13,1,Monday
95,1,2015-03-23,7667,648,1,0,0,0,a,c,500.0,11.0,2005.0,1,31.0,2009.0,"Feb,May,Aug,Nov",2015,3,23,13,1,Monday
96,1,2015-03-23,7744,664,1,0,0,0,d,c,500.0,7.0,2005.0,1,10.0,2009.0,"Feb,May,Aug,Nov",2015,3,23,13,1,Monday
97,1,2015-03-23,10723,893,1,1,0,0,c,a,120.0,0.0,2008.0,0,0.0,0.0,None,2015,3,23,13,1,Monday
98,1,2015-03-23,9212,941,1,0,0,1,c,a,500.0,3.0,2008.0,1,10.0,2009.0,"Feb,May,Aug,Nov",2015,3,23,13,1,Monday
99,1,2015-03-23,5016,557,1,0,0,1,a,c,500.0,1.0,2012.0,0,0.0,0.0,None,2015,3,23,13,1,Monday
100,1,2015-03-23,8322,916,1,1,0,1,b,c,500.0,9.0,2005.0,0,0.0,0.0,None,2015,3,23,13,1,Monday
1,2,2015-03-24,3366,404,1,0,0,0,a,c,3000.0,7.0,2012.0,0,0.0,0.0,None,2015,3,24,13,1,Tuesday
2,2,2015-03-24,2991,533,1,0,0,0,a,a,7500.0,5.0,2008.0,0,0.0,0.0,None,2015,3,24,13,1,Tuesday
3,2,2015-03-24,7468,687,1,1,0,0,d,c,500.0,5.0,2012.0,1,10.0,2011.0,"Jan,Apr,Jul,Oct",2015,3,24,13,1,Tuesday
4,2,2015-03-24,8088,780,1,0,0,0,a,a,1500.0,1.0,2010.0,1,40.0,2011.0,"Mar,Jun,Sept,Dec",2015,3,24,13,1,Tuesday
5,2,2015-03-24,3723,304,1,1,0,0,c,a,15000.0,0.0,2008.0,1,31.0,2009.0,"Mar,Jun,Sept,Dec",2015,3,24,13,1,Tuesday
6,2,2015-03-24,5969,526,1,1,0,1,a,c,1500.0,1.0,0.0,0,0.0,0.0,None,2015,3,24,13,1,Tuesday
7,2,2015-03-24,4235,311,1,1,0,1,a,a,1500.0,5.0,2012.0,1,14.0,2011.0,"Jan,Apr,Jul,Oct",2015,3,24,13,1,Tuesday
8,2,2015-03-24,3796,391,1,0,0,0,a,c,500.0,9.0,2014.0,1,40.0,2009.0,"Mar,Jun,Sept,Dec",2015,3,24,13,1,Tuesday
9,2,2015-03-24,5447,706,1,0,0,0,d,a,500.0,5.0,2014.0,1,40.0,2013.0,"Jan,Apr,Jul,Oct",2015,3,24,13,1,Tuesday
10,2,2015-03-24,9464,1076,1,1,0,1,d,c,3000.0,11.0,2012.0,1,1.0,2015.0,"Jan,Apr,Jul,Oct",2015,3,24,13,1,Tuesday
11,2,2015-03-24,10550,1198,1,1,0,0,a,c,120.0,11.0,0.0,1,22.0,2015.0,"Mar,Jun,Sept,Dec",2015,3,24,13,1,Tuesday
12,2,2015-03-24,4994,494,1,0,0,0,d,c,3000.0,0.0,2008.0,0,0.0,0.0,None,2015,3,24,13,1,Tuesday
13,2,2015-03-24,6172,837,1,1,0,0,a,a,7500.0,5.0,2005.0,0,0.0,0.0,None,2015,3,24,13,1,Tuesday
14,2,2015-03-24,7803,661,1,0,0,0,a,c,1500.0,5.0,2014.0,1,1.0,2013.0,"Jan,Apr,Jul,Oct",2015,3,24,13,1,Tuesday
15,2,2015-03-24,4403,390,1,1,0,0,d,c,3000.0,11.0,2014.0,1,1.0,2013.0,"Mar,Jun,Sept,Dec",2015,3,24,13,1,Tuesday
16,2,2015-03-24,8534,1076,1,0,0,1,a,a,500.0,11.0,0.0,0,0.0,0.0,None,2015,3,24,13,1,Tuesday
17,2,2015-03-24,5769,762,1,1,0,0,a,c,500.0,7.0,2008.0,0,0.0,0.0,None,2015,3,24,13,1,Tuesday
18,2,2015-03-24,3953,706,1,0,0,1,d,c,1500.0,5.0,2005.0,1,40.0,2009.0,"Jan,Apr,Jul,Oct",2015,3,24,13,1,Tuesday
19,2,2015-03-24,8436,1004,1,0,0,0,d,c,120.0,9.0,2014.0,1,10.0,2013.0,"Jan,Apr,Jul,Oct",2015,3,24,13,1,Tuesday
20,2,2015-03-24,3729,417,1,0,0,0,a,a,500.0,9.0,0.0,1,1.0,2013.0,"Mar,Jun,Sept,Dec",2015,3,24,13,1,Tuesday
21,2,2015-03-24,9212,947,1,1,0,0,a,c,1500.0,0.0,2008.0,0,0.0,0.0,None,2015,3,24,13,1,Tuesday
22,2,2015-03-24,4787,324,1,1,0,0,a,a,500.0,0.0,2010.0,0,0.0,0.0,None,2015,3,24,13,1,Tuesday
23,2,2015-03-24,0,0,0,0,0,0,d,c,500.0,1.0,2008.0,0,0.0,0.0,None,2015,3,24,13,1,Tuesday
24,2,2015-03-24,3125,337,1,0,0,0,a,a,1500.0,1.0,2010.0,0,0.0,0.0,None,2015,3,24,13,1,Tuesday
25,2,2015-03-24,3971,384,1,1,0,0,a,c,500.0,1.0,2012.0,0,0.0,0.0,None,2015,3,24,13,1,Tuesday
26,2,2015-03-24,3958,365,1,1,0,1,d,a,1500.0,3.0,2008.0,0,0.0,0.0,None,2015,3,24,13,1,Tuesday
27,2,2015-03-24,6250,504,1,1,0,0,d,a,15000.0,9.0,2008.0,1,1.0,2009.0,"Mar,Jun,Sept,Dec",2015,3,24,13,1,Tuesday
28,2,2015-03-24,2204,357,1,0,0,0,a,a,1500.0,3.0,2010.0,0,0.0,0.0,None,2015,3,24,13,1,Tuesday
29,2,2015-03-24,6942,623,1,0,0,0,a,a,1500.0,5.0,0.0,1,10.0,2015.0,"Jan,Apr,Jul,Oct",2015,3,24,13,1,Tuesday
30,2,2015-03-24,5116,465,1,1,0,0,c,c,500.0,11.0,2014.0,1,22.0,2015.0,"Feb,May,Aug,Nov",2015,3,24,13,1,Tuesday
31,2,2015-03-24,8239,1078,1,1,0,0,d,c,500.0,0.0,2014.0,1,31.0,2015.0,"Mar,Jun,Sept,Dec",2015,3,24,13,1,Tuesday
32,2,2015-03-24,13682,1186,1,0,0,0,a,a,3000.0,3.0,2010.0,1,1.0,2015.0,"Mar,Jun,Sept,Dec",2015,3,24,13,1,Tuesday
33,2,2015-03-24,5957,914,1,0,0,1,d,c,1500.0,9.0,2008.0,0,0.0,0.0,None,2015,3,24,13,1,Tuesday
34,2,2015-03-24,6534,543,1,1,0,0,d,c,500.0,9.0,2005.0,0,0.0,0.0,None,2015,3,24,13,1,Tuesday
35,2,2015-03-24,11491,1161,1,1,0,0,a,c,120.0,5.0,0.0,1,22.0,2015.0,"Mar,Jun,Sept,Dec",2015,3,24,13,1,Tuesday
36,2,2015-03-24,7236,629,1,0,0,0,d,a,1500.0,3.0,2008.0,1,40.0,2011.0,"Feb,May,Aug,Nov",2015,3,24,13,1,Tuesday
37,2,2015-03-24,8240,926,1,0,0,1,d,a,7500.0,3.0,2008.0,1,40.0,2009.0,"Mar,Jun,Sept,Dec",2015,3,24,13,1,Tuesday
38,2,2015-03-24,2608,376,1,0,0,0,a,a,3000.0,3.0,2010.0,0,0.0,0.0,None,2015,3,24,13,1,Tuesday
39,2,2015-03-24,8104,986,1,0,0,0,c,a,7500.0,7.0,2014.0,1,14.0,2015.0,"Jan,Apr,Jul,Oct",2015,3,24,13,1,Tuesday
40,2,2015-03-24,7379,1038,1,0,0,0,d,a,1500.0,11.0,2008.0,1,22.0,2013.0,"Jan,Apr,Jul,Oct",2015,3,24,13,1,Tuesday
41,2,2015-03-24,4037,734,1,0,0,0,a,c,500.0,1.0,0.0,0,0.0,0.0,None,2015,3,24,13,1,Tuesday
42,2,2015-03-24,9722,707,1,1,0,0,d,c,120.0,1.0,2014.0,0,0.0,0.0,None,2015,3,24,13,1,Tuesday
43,2,2015-03-24,5591,1003,1,0,0,1,a,a,500.0,0.0,0.0,1,31.0,2011.0,"Mar,Jun,Sept,Dec",2015,3,24,13,1,Tuesday
44,2,2015-03-24,5236,511,1,0,0,0,a,a,1500.0,5.0,2005.0,0,0.0,0.0,None,2015,3,24,13,1,Tuesday
45,2,2015-03-24,4932,543,1,0,0,0,c,a,120.0,9.0,2014.0,1,22.0,2011.0,"Feb,May,Aug,Nov",2015,3,24,13,1,Tuesday
46,2,2015-03-24,7624,733,1,0,0,0,a,c,500.0,1.0,2014.0,0,0.0,0.0,None,2015,3,24,13,1,Tuesday
47,2,2015-03-24,7674,1105,1,1,0,1,c,a,1500.0,0.0,0.0,1,40.0,2013.0,"Jan,Apr,Jul,Oct",2015,3,24,13,1,Tuesday
48,2,2015-03-24,5582,479,1,0,0,0,a,c,500.0,7.0,2010.0,1,22.0,2011.0,"Mar,Jun,Sept,Dec",2015,3,24,13,1,Tuesday
49,2,2015-03-24,7851,958,1,0,0,0,d,a,120.0,1.0,2010.0,1,14.0,2009.0,"Mar,Jun,Sept,Dec",2015,3,24,13,1,Tuesday
50,2,2015-03-24,4389,442,1,1,0,0,a,c,500.0,1.0,2012.0,0,0.0,0.0,None,2015,3,24,13,1,Tuesday
51,2,2015-03-24,0,0,0,0,0,0,a,c,120.0,1.0,0.0,0,0.0,0.0,None,2015,3,24,13,1,Tuesday
52,2,2015-03-24,6048,431,1,1,0,0,a,a,120.0,7.0,2012.0,1,31.0,2013.0,"Mar,Jun,Sept,Dec",2015,3,24,13,1,Tuesday
53,2,2015-03-24,6162,657,1,0,0,0,a,c,1500.0,0.0,0.0,1,14.0,2009.0,"Feb,May,Aug,Nov",2015,3,24,13,1,Tuesday
54,2,2015-03-24,6049,784,1,1,0,0,a,a,1500.0,0.0,0.0,0,0.0,0.0,None,2015,3,24,13,1,Tuesday
55,2,2015-03-24,6914,747,1,1,0,0,d,c,1500.0,1.0,2005.0,1,22.0,2009.0,"Feb,May,Aug,Nov",2015,3,24,13,1,Tuesday
56,2,2015-03-24,7047,861,1,1,0,0,a,a,1500.0,7.0,2010.0,0,0.0,0.0,None,2015,3,24,13,1,Tuesday
57,2,2015-03-24,3668,344,1,1,0,1,a,c,1500.0,0.0,2012.0,1,10.0,2009.0,"Mar,Jun,Sept,Dec",2015,3,24,13,1,Tuesday
58,2,2015-03-24,8038,917,1,0,0,1,d,c,1500.0,0.0,0.0,1,14.0,2009.0,"Mar,Jun,Sept,Dec",2015,3,24,13,1,Tuesday
59,2,2015-03-24,7069,871,1,0,0,0,d,c,500.0,7.0,2012.0,0,0.0,0.0,None,2015,3,24,13,1,Tuesday
60,2,2015-03-24,4642,353,1,1,0,0,a,a,1500.0,11.0,0.0,1,31.0,2011.0,"Feb,May,Aug,Nov",2015,3,24,13,1,Tuesday
61,2,2015-03-24,4200,357,1,1,0,0,a,c,500.0,5.0,2005.0,1,31.0,2013.0,"Jan,Apr,Jul,Oct",2015,3,24,13,1,Tuesday
62,2,2015-03-24,4047,468,1,1,0,1,a,a,15000.0,5.0,2005.0,0,0.0,0.0,None,2015,3,24,13,1,Tuesday
63,2,2015-03-24,3286,391,1,0,0,0,c,c,3000.0,5.0,2005.0,0,0.0,0.0,None,2015,3,24,13,1,Tuesday
64,2,2015-03-24,5884,587,1,0,0,0,c,c,1500.0,5.0,0.0,1,1.0,2013.0,"Jan,Apr,Jul,Oct",2015,3,24,13,1,Tuesday
65,2,2015-03-24,3401,453,1,0,0,0,a,c,1500.0,0.0,2014.0,0,0.0,0.0,None,2015,3,24,13,1,Tuesday
66,2,2015-03-24,6866,622,1,1,0,0,a,a,15000.0,3.0,2010.0,0,0.0,0.0,None,2015,3,24,13,1,Tuesday
67,2,2015-03-24,5339,911,1,0,0,0,d,c,1500.0,1.0,2012.0,0,0.0,0.0,None,2015,3,24,13,1,Tuesday
68,2,2015-03-24,6032,589,1,1,0,1,c,c,500.0,7.0,0.0,0,0.0,0.0,None,2015,3,24,13,1,Tuesday
69,2,2015-03-24,3956,592,1,1,0,1,d,c,15000.0,1.0,2012.0,1,31.0,2013.0,"Mar,Jun,Sept,Dec",2015,3,24,13,1,Tuesday
70,2,2015-03-24,10834,1147,1,1,0,0,a,a,3000.0,5.0,0.0,0,0.0,0.0,None,2015,3,24,13,1,Tuesday
71,2,2015-03-24,3962,384,1,1,0,1,a,c,120.0,1.0,2008.0,1,31.0,2009.0,"Jan,Apr,Jul,Oct",2015,3,24,13,1,Tuesday
72,2,2015-03-24,4603,586,1,1,0,0,a,c,7500.0,9.0,2010.0,0,0.0,0.0,None,2015,3,24,13,1,Tuesday
73,2,2015-03-24,10629,897,1,0,0,0,d,c,500.0,5.0,2008.0,1,40.0,2013.0,"Mar,Jun,Sept,Dec",2015,3,24,13,1,Tuesday
74,2,2015-03-24,4275,456,1,1,0,0,a,a,500.0,7.0,2012.0,0,0.0,0.0,None,2015,3,24,13,1,Tuesday
75,2,2015-03-24,2778,322,1,1,0,1,c,c,3000.0,11.0,0.0,1,14.0,2009.0,"Feb,May,Aug,Nov",2015,3,24,13,1,Tuesday
76,2,2015-03-24,11844,1189,1,1,0,0,a,a,120.0,0.0,2014.0,0,0.0,0.0,None,2015,3,24,13,1,Tuesday
77,2,2015-03-24,4721,703,1,0,0,0,d,c,1500.0,11.0,2012.0,0,0.0,0.0,None,2015,3,24,13,1,Tuesday
78,2,2015-03-24,3514,302,1,0,0,0,d,c,500.0,3.0,2010.0,0,0.0,0.0,None,2015,3,24,13,1,Tuesday
79,2,2015-03-24,6489,550,1,1,0,1,a,a,500.0,0.0,2012.0,1,14.0,2015.0,"Mar,Jun,Sept,Dec",2015,3,24,13,1,Tuesday
80,2,2015-03-24,7944,1006,1,1,0,0,a,a,15000.0,9.0,2010.0,0,0.0,0.0,None,2015,3,24,13,1,Tuesday
81,2,2015-03-24,6904,1184,1,0,0,0,a,a,1500.0,1.0,2010.0,1,22.0,2009.0,"Jan,Apr,Jul,Oct",2015,3,24,13,1,Tuesday
82,2,2015-03-24,6082,781,1,0,0,0,a,a,1500.0,0.0,0.0,0,0.0,0.0,None,2015,3,24,13,1,Tuesday
83,2,2015-03-24,11401,1021,1,1,0,0,a,c,500.0,7.0,2014.0,0,0.0,0.0,None,2015,3,24,13,1,Tuesday
84,2,2015-03-24,4574,516,1,0,0,0,d,a,1500.0,0.0,2005.0,0,0.0,0.0,None,2015,3,24,13,1,Tuesday
85,2,2015-03-24,8930,1080,1,1,0,0,d,c,120.0,0.0,2014.0,1,1.0,2013.0,"Jan,Apr,Jul,Oct",2015,3,24,13,1,Tuesday
86,2,2015-03-24,5819,676,1,0,0,0,d,a,3000.0,0.0,2012.0,0,0.0,0.0,None,2015,3,24,13,1,Tuesday
87,2,2015-03-24,8003,579,1,1,0,0,a,a,1500.0,0.0,0.0,0,0.0,0.0,None,2015,3,24,13,1,Tuesday
88,2,2015-03-24,9485,1072,1,0,0,0,d,c,3000.0,3.0,2012.0,1,31.0,2009.0,"Feb,May,Aug,Nov",2015,3,24,13,1,Tuesday
89,2,2015-03-24,12228,951,1,1,0,0,d,a,1500.0,9.0,0.0,1,31.0,2015.0,"Feb,May,Aug,Nov",2015,3,24,13,1,Tuesday
90,2,2015-03-24,4567,784,1,0,0,1,d,c,1500.0,0.0,0.0,0,0.0,0.0,None,2015,3,24,13,1,Tuesday
91,2,2015-03-24,2579,361,1,0,0,0,a,c,1500.0,3.0,2008.0,0,0.0,0.0,None,2015,3,24,13,1,Tuesday
92,2,2015-03-24,6785,705,1,0,0,0,d,c,120.0,3.0,0.0,1,31.0,2009.0,"Feb,May,Aug,Nov",2015,3,24,13,1,Tuesday
93,2,2015-03-24,6803,1081,1,0,0,0,d,a,120.0,5.0,2005.0,0,0.0,0.0,None,2015,3,24,13,1,Tuesday
94,2,2015-03-24,9475,1024,1,0,0,0,c,a,500.0,11.0,2005.0,0,0.0,0.0,None,2015,3,24,13,1,Tuesday
95,2,2015-03-24,11853,1150,1,0,0,0,a,c,500.0,11.0,2005.0,1,31.0,2009.0,"Feb,May,Aug,Nov",2015,3,24,13,1,Tuesday
96,2,2015-03-24,3731,575,1,0,0,0,d,c,500.0,7.0,2005.0,1,10.0,2009.0,"Feb,May,Aug,Nov",2015,3,24,13,1,Tuesday
97,2,2015-03-24,7815,745,1,0,0,0,c,a,120.0,0.0,2008.0,0,0.0,0.0,None,2015,3,24,13,1,Tuesday
98,2,2015-03-24,3692,644,1,0,0,0,c,a,500.0,3.0,2008.0,1,10.0,2009.0,"Feb,May,Aug,Nov",2015,3,24,13,1,Tuesday
99,2,2015-03-24,9476,854,1,0,0,0,a,c,500.0,1.0,2012.0,0,0.0,0.0,None,2015,3,24,13,1,Tuesday
100,2,2015-03-24,6640,983,1,0,0,0,b,c,500.0,9.0,2005.0,0,0.0,0.0,None,2015,3,24,13,1,Tuesday
1,3,2015-03-25,5024,722,1,0,0,0,a,c,3000.0,7.0,2012.0,0,0.0,0.0,None,2015,3,25,13,1,Wednesday
2,3,2015-03-25,9243,1011,1,0,0,0,a,a,7500.0,5.0,2008.0,0,0.0,0.0,None,2015,3,25,13,1,Wednesday
3,3,2015-03-25,0,0,0,0,0,0,d,c,500.0,5.0,2012.0,1,10.0,2011.0,"Jan,Apr,Jul,Oct",2015,3,25,13,1,Wednesday
4,3,2015-03-25,11663,1022,1,0,0,0,a,a,1500.0,1.0,2010.0,1,40.0,2011.0,"Mar,Jun,Sept,Dec",2015,3,25,13,1,Wednesday
5,3,2015-03-25,2272,306,1,0,0,0,c,a,15000.0,0.0,2008.0,1,31.0,2009.0,"Mar,Jun,Sept,Dec",2015,3,25,13,1,Wednesday
6,3,2015-03-25,9468,869,1,0,0,0,a,c,1500.0,1.0,0.0,0,0.0,0.0,None,2015,3,25,13,1,Wednesday
7,3,2015-03-25,2328,361,1,0,0,0,a,a,1500.0,5.0,2012.0,1,14.0,2011.0,"Jan,Apr,Jul,Oct",2015,3,25,13,1,Wednesday
8,3,2015-03-25,3609,583,1,0,0,1,a,c,500.0,9.0,2014.0,1,40.0,2009.0,"Mar,Jun,Sept,Dec",2015,3,25,13,1,Wednesday
9,3,2015-03-25,0,0,0,1,0,0,d,a,500.0,5.0,2014.0,1,40.0,2013.0,"Jan,Apr,Jul,Oct",2015,3,25,13,1,Wednesday
10,3,2015-03-25,9725,932,1,1,0,0,d,c,3000.0,11.0,2012.0,1,1.0,2015.0,"Jan,Apr,Jul,Oct",2015,3,25,13,1,Wednesday
11,3,2015-03-25,4066,382,1,1,0,1,a,c,120.0,11.0,0.0,1,22.0,2015.0,"Mar,Jun,Sept,Dec",2015,3,25,13,1,Wednesday
12,3,2015-03-25,2201,383,1,0,0,0,d,c,3000.0,0.0,2008.0,0,0.0,0.0,None,2015,3,25,13,1,Wednesday
13,3,2015-03-25,7198,779,1,1,0,0,a,a,7500.0,5.0,2005.0,0,0.0,0.0,None,2015,3,25,13,1,Wednesday
14,3,2015-03-25,4979,414,1,1,0,0,a,c,1500.0,5.0,2014.0,1,1.0,2013.0,"Jan,Apr,Jul,Oct",2015,3,25,13,1,Wednesday
15,3,2015-03-25,6888,723,1,1,0,0,d,c,3000.0,11.0,2014.0,1,1.0,2013.0,"Mar,Jun,Sept,Dec",2015,3,25,13,1,Wednesday
16,3,2015-03-25,2833,378,1,0,0,0,a,a,500.0,11.0,0.0,0,0.0,0.0,None,2015,3,25,13,1,Wednesday
17,3,2015-03-25,10342,975,1,0,0,0,a,c,500.0,7.0,2008.0,0,0.0,0.0,None,2015,3,25,13,1,Wednesday
18,3,2015-03-25,7218,968,1,0,0,0,d,c,1500.0,5.0,2005.0,1,40.0,2009.0,"Jan,Apr,Jul,Oct",2015,3,25,13,1,Wednesday
19,3,2015-03-25,4503,583,1,0,0,0,d,c,120.0,9.0,2014.0,1,10.0,2013.0,"Jan,Apr,Jul,Oct",2015,3,25,13,1,Wednesday
20,3,2015-03-25,10182,844,1,1,0,0,a,a,500.0,9.0,0.0,1,1.0,2013.0,"Mar,Jun,Sept,Dec",2015,3,25,13,1,Wednesday
21,3,2015-03-25,11989,984,1,1,0,0,a,c,1500.0,0.0,2008.0,0,0.0,0.0,None,2015,3,25,13,1,Wednesday
22,3,2015-03-25,4210,735,1,0,0,0,a,a,500.0,0.0,2010.0,0,0.0,0.0,None,2015,3,25,13,1,Wednesday
23,3,2015-03-25,7815,929,1,0,0,0,d,c,500.0,1.0,2008.0,0,0.0,0.0,None,2015,3,25,13,1,Wednesday
24,3,2015-03-25,12247,1136,1,0,0,0,a,a,1500.0,1.0,2010.0,0,0.0,0.0,None,2015,3,25,13,1,Wednesday
25,3,2015-03-25,0,0,0,1,0,0,a,c,500.0,1.0,2012.0,0,0.0,0.0,None,2015,3,25,13,1,Wednesday
26,3,2015-03-25,4082,599,1,0,0,0,d,a,1500.0,3.0,2008.0,0,0.0,0.0,None,2015,3,25,13,1,Wednesday
27,3,2015-03-25,6999,610,1,0,0,1,d,a,15000.0,9.0,2008.0,1,1.0,2009.0,"Mar,Jun,Sept,Dec",2015,3,25,13,1,Wednesday
28,3,2015-03-25,11089,959,1,0,0,1,a,a,1500.0,3.0,2010.0,0,0.0,0.0,None,2015,3,25,13,1,Wednesday
29,3,2015-03-25,4980,427,1,0,0,0,a,a,1500.0,5.0,0.0,1,10.0,2015.0,"Jan,Apr,Jul,Oct",2015,3,25,13,1,Wednesday
30,3,2015-03-25,6383,1123,1,0,0,0,c,c,500.0,11.0,2014.0,1,22.0,2015.0,"Feb,May,Aug,Nov",2015,3,25,13,1,Wednesday
31,3,2015-03-25,11502,963,1,1,0,0,d,c,500.0,0.0,2014.0,1,31.0,2015.0,"Mar,Jun,Sept,Dec",2015,3,25,13,1,Wednesday
32,3,2015-03-25,5893,1059,1,0,0,0,a,a,3000.0,3.0,2010.0,1,1.0,2015.0,"Mar,Jun,Sept,Dec",2015,3,25,13,1,Wednesday
33,3,2015-03-25,4766,482,1,0,0,0,d,c,1500.0,9.0,2008.0,0,0.0,0.0,None,2015,3,25,13,1,Wednesday
34,3,2015-03-25,9495,1071,1,0,0,0,d,c,500.0,9.0,2005.0,0,0.0,0.0,None,2015,3,25,13,1,Wednesday
35,3,2015-03-25,2814,382,1,0,0,0,a,c,120.0,5.0,0.0,1,22.0,2015.0,"Mar,Jun,Sept,Dec",2015,3,25,13,1,Wednesday
36,3,2015-03-25,6388,713,1,0,0,0,d,a,1500.0,3.0,2008.0,1,40.0,2011.0,"Feb,May,Aug,Nov",2015,3,25,13,1,Wednesday
37,3,2015-03-25,5850,570,1,0,0,0,d,a,7500.0,3.0,2008.0,1,40.0,2009.0,"Mar,Jun,Sept,Dec",2015,3,25,13,1,Wednesday
38,3,2015-03-25,7902,838,1,0,0,0,a,a,3000.0,3.0,2010.0,0,0.0,0.0,None,2015,3,25,13,1,Wednesday
39,3,2015-03-25,4083,351,1,1,0,0,c,a,7500.0,7.0,2014.0,1,14.0,2015.0,"Jan,Apr,Jul,Oct",2015,3,25,13,1,Wednesday
40,3,2015-03-25,2929,344,1,1,0,0,d,a,1500.0,11.0,2008.0,1,22.0,2013.0,"Jan,Apr,Jul,Oct",2015,3,25,13,1,Wednesday
41,3,2015-03-25,6004,690,1,0,0,1,a,c,500.0,1.0,0.0,0,0.0,0.0,None,2015,3,25,13,1,Wednesday
42,3,2015-03-25,13355,1142,1,0,0,0,d,c,120.0,1.0,2014.0,0,0.0,0.0,None,2015,3,25,13,1,Wednesday
43,3,2015-03-25,11106,1162,1,1,0,1,a,a,500.0,0.0,0.0,1,31.0,2011.0,"Mar,Jun,Sept,Dec",2015,3,25,13,1,Wednesday
44,3,2015-03-25,3495,351,1,1,0,0,a,a,1500.0,5.0,2005.0,0,0.0,0.0,None,2015,3,25,13,1,Wednesday
45,3,2015-03-25,6005,887,1,0,0,0,c,a,120.0,9.0,2014.0,1,22.0,2011.0,"Feb,May,Aug,Nov",2015,3,25,13,1,Wednesday
46,3,2015-03-25,4004,670,1,0,0,0,a,c,500.0,1.0,2014.0,0,0.0,0.0,None,2015,3,25,13,1,Wednesday
47,3,2015-03-25,9430,875,1,1,0,0,c,a,1500.0,0.0,0.0,1,40.0,2013.0,"Jan,Apr,Jul,Oct",2015,3,25,13,1,Wednesday
48,3,2015-03-25,4492,687,1,0,0,1,a,c,500.0,7.0,2010.0,1,22.0,2011.0,"Mar,Jun,Sept,Dec",2015,3,25,13,1,Wednesday
49,3,2015-03-25,10165,1067,1,1,0,0,d,a,120.0,1.0,2010.0,1,14.0,2009.0,"Mar,Jun,Sept,Dec",2015,3,25,13,1,Wednesday
50,3,2015-03-25,6105,822,1,0,0,0,a,c,500.0,1.0,2012.0,0,0.0,0.0,None,2015,3,25,13,1,Wednesday
51,3,2015-03-25,10244,1188,1,1,0,1,a,c,120.0,1.0,0.0,0,0.0,0.0,None,2015,3,25,13,1,Wednesday
52,3,2015-03-25,12901,1018,1,1,0,0,a,a,120.0,7.0,2012.0,1,31.0,2013.0,"Mar,Jun,Sept,Dec",2015,3,25,13,1,Wednesday
53,3,2015-03-25,2808,357,1,1,0,0,a,c,1500.0,0.0,0.0,1,14.0,2009.0,"Feb,May,Aug,Nov",2015,3,25,13,1,Wednesday
54,3,2015-03-25,6197,662,1,0,0,0,a,a,1500.0,0.0,0.0,0,0.0,0.0,None,2015,3,25,13,1,Wednesday
55,3,2015-03-25,4568,396,1,1,0,0,d,c,1500.0,1.0,2005.0,1,22.0,2009.0,"Feb,May,Aug,Nov",2015,3,25,13,1,Wednesday
56,3,2015-03-25,4645,703,1,0,0,0,a,a,1500.0,7.0,2010.0,0,0.0,0.0,None,2015,3,25,13,1,Wednesday
57,3,2015-03-25,5738,430,1,1,0,0,a,c,1500.0,0.0,2012.0,1,10.0,2009.0,"Mar,Jun,Sept,Dec",2015,3,25,13,1,Wednesday
58,3,2015-03-25,6373,702,1,0,0,1,d,c,1500.0,0.0,0.0,1,14.0,2009.0,"Mar,Jun,Sept,Dec",2015,3,25,13,1,Wednesday
59,3,2015-03-25,9215,900,1,0,0,0,d,c,500.0,7.0,2012.0,0,0.0,0.0,None,2015,3,25,13,1,Wednesday
60,3,2015-03-25,3540,479,1,0,0,0,a,a,1500.0,11.0,0.0,1,31.0,2011.0,"Feb,May,Aug,Nov",2015,3,25,13,1,Wednesday
61,3,2015-03-25,3287,544,1,0,0,0,a,c,500.0,5.0,2005.0,1,31.0,2013.0,"Jan,Apr,Jul,Oct",2015,3,25,13,1,Wednesday
62,3,2015-03-25,3150,532,1,0,0,0,a,a,15000.0,5.0,2005.0,0,0.0,0.0,None,2015,3,25,13,1,Wednesday
63,3,2015-03-25,7242,923,1,0,0,0,c,c,3000.0,5.0,2005.0,0,0.0,0.0,None,2015,3,25,13,1,Wednesday
64,3,2015-03-25,5037,486,1,0,0,1,c,c,1500.0,5.0,0.0,1,1.0,2013.0,"Jan,Apr,Jul,Oct",2015,3,25,13,1,Wednesday
65,3,2015-03-25,6186,1036,1,0,0,0,a,c,1500.0,0.0,2014.0,0,0.0,0.0,None,2015,3,25,13,1,Wednesday
66,3,2015-03-25,6325,924,1,0,0,0,a,a,15000.0,3.0,2010.0,0,0.0,0.0,None,2015,3,25,13,1,Wednesday
67,3,2015-03-25,9515,1123,1,1,0,0,d,c,1500.0,1.0,2012.0,0,0.0,0.0,None,2015,3,25,13,1,Wednesday
68,3,2015-03-25,6020,630,1,1,0,0,c,c,500.0,7.0,0.0,0,0.0,0.0,None,2015,3,25,13,1,Wednesday
69,3,2015-03-25,3265,380,1,1,0,1,d,c,15000.0,1.0,2012.0,1,31.0,2013.0,"Mar,Jun,Sept,Dec",2015,3,25,13,1,Wednesday
70,3,2015-03-25,5000,429,1,1,0,0,a,a,3000.0,5.0,0.0,0,0.0,0.0,None,2015,3,25,13,1,Wednesday
71,3,2015-03-25,10061,1079,1,0,0,0,a,c,120.0,1.0,2008.0,1,31.0,2009.0,"Jan,Apr,Jul,Oct",2015,3,25,13,1,Wednesday
72,3,2015-03-25,6578,1140,1,0,0,1,a,c,7500.0,9.0,2010.0,0,0.0,0.0,None,2015,3,25,13,1,Wednesday
73,3,2015-03-25,13078,1139,1,0,0,0,d,c,500.0,5.0,2008.0,1,40.0,2013.0,"Mar,Jun,Sept,Dec",2015,3,25,13,1,Wednesday
74,3,2015-03-25,11187,858,1,1,0,0,a,a,500.0,7.0,2012.0,0,0.0,0.0,None,2015,3,25,13,1,Wednesday
75,3,2015-03-25,5470,851,1,0,0,1,c,c,3000.0,11.0,0.0,1,14.0,2009.0,"Feb,May,Aug,Nov",2015,3,25,13,1,Wednesday
76,3,2015-03-25,7405,735,1,1,0,0,a,a,120.0,0.0,2014.0,0,0.0,0.0,None,2015,3,25,13,1,Wednesday
77,3,2015-03-25,3861,414,1,1,0,0,d,c,1500.0,11.0,2012.0,0,0.0,0.0,None,2015,3,25,13,1,Wednesday
78,3,2015-03-25,9298,823,1,0,0,1,d,c,500.0,3.0,2010.0,0,0.0,0.0,None,2015,3,25,13,1,Wednesday
79,3,2015-03-25,6230,485,1,1,0,0,a,a,500.0,0.0,2012.0,1,14.0,2015.0,"Mar,Jun,Sept,Dec",2015,3,25,13,1,Wednesday
80,3,2015-03-25,6632,752,1,0,0,0,a,a,15000.0,9.0,2010.0,0,0.0,0.0,None,2015,3,25,13,1,Wednesday
81,3,2015-03-25,5459,663,1,0,0,1,a,a,1500.0,1.0,2010.0,1,22.0,2009.0,"Jan,Apr,Jul,Oct",2015,3,25,13,1,Wednesday
82,3,2015-03-25,3323,537,1,0,0,0,a,a,1500.0,0.0,0.0,0,0.0,0.0,None,2015,3,25,13,1,Wednesday
83,3,2015-03-25,5528,569,1,1,0,0,a,c,500.0,7.0,2014.0,0,0.0,0.0,None,2015,3,25,13,1,Wednesday
84,3,2015-03-25,8657,862,1,0,0,0,d,a,1500.0,0.0,2005.0,0,0.0,0.0,None,2015,3,25,13,1,Wednesday
85,3,2015-03-25,6363,565,1,1,0,0,d,c,120.0,0.0,2014.0,1,1.0,2013.0,"Jan,Apr,Jul,Oct",2015,3,25,13,1,Wednesday
86,3,2015-03-25,7245,673,1,0,0,0,d,a,3000.0,0.0,2012.0,0,0.0,0.0,None,2015,3,25,13,1,Wednesday
87,3,2015-03-25,4450,773,1,0,0,0,a,a,1500.0,0.0,0.0,0,0.0,0.0,None,2015,3,25,13,1,Wednesday
88,3,2015-03-25,7610,1047,1,1,0,0,d,c,3000.0,3.0,2012.0,1,31.0,2009.0,"Feb,May,Aug,Nov",2015,3,25,13,1,Wednesday
89,3,2015-03-25,4147,693,1,0,0,0,d,a,1500.0,9.0,0.0,1,31.0,2015.0,"Feb,May,Aug,Nov",2015,3,25,13,1,Wednesday
90,3,2015-03-25,3463,528,1,0,0,0,d,c,1500.0,0.0,0.0,0,0.0,0.0,None,2015,3,25,13,1,Wednesday
91,3,2015-03-25,6895,731,1,0,0,0,a,c,1500.0,3.0,2008.0,0,0.0,0.0,None,2015,3,25,13,1,Wednesday
92,3,2015-03-25,3812,353,1,0,0,0,d,c,120.0,3.0,0.0,1,31.0,2009.0,"Feb,May,Aug,Nov",2015,3,25,13,1,Wednesday
93,3,2015-03-25,10312,1075,1,1,0,1,d,a,120.0,5.0,2005.0,0,0.0,0.0,None,2015,3,25,13,1,Wednesday
94,3,2015-03-25,11579,949,1,1,0,1,c,a,500.0,11.0,2005.0,0,0.0,0.0,None,2015,3,25,13,1,Wednesday
95,3,2015-03-25,6673,907,1,0,0,0,a,c,500.0,11.0,2005.0,1,31.0,2009.0,"Feb,May,Aug,Nov",2015,3,25,13,1,Wednesday
96,3,2015-03-25,5983,556,1,0,0,0,d,c,500.0,7.0,2005.0,1,10.0,2009.0,"Feb,May,Aug,Nov",2015,3,25,13,1,Wednesday
97,3,2015-03-25,3635,583,1,0,0,0,c,a,120.0,0.0,2008.0,0,0.0,0.0,None,2015,3,25,13,1,Wednesday
98,3,2015-03-25,4976,489,1,0,0,0,c,a,500.0,3.0,2008.0,1,10.0,2009.0,"Feb,May,Aug,Nov",2015,3,25,13,1,Wednesday
99,3,2015-03-25,6562,614,1,0,0,0,a,c,500.0,1.0,2012.0,0,0.0,0.0,None,2015,3,25,13,1,Wednesday
100,3,2015-03-25,4289,337,1,1,0,0,b,c,500.0,9.0,2005.0,0,0.0,0.0,None,2015,3,25,13,1,Wednesday
1,4,2015-03-26,12648,1133,1,1,0,0,a,c,3000.0,7.0,2012.0,0,0.0,0.0,None,2015,3,26,13,1,Thursday
2,4,2015-03-26,5953,980,1,0,0,0,a,a,7500.0,5.0,2008.0,0,0.0,0.0,None,2015,3,26,13,1,Thursday
3,4,2015-03-26,8477,906,1,0,0,0,d,c,500.0,5.0,2012.0,1,10.0,2011.0,"Jan,Apr,Jul,Oct",2015,3,26,13,1,Thursday
4,4,2015-03-26,7745,591,1,1,0,0,a,a,1500.0,1.0,2010.0,1,40.0,2011.0,"Mar,Jun,Sept,Dec",2015,3,26,13,1,Thursday
5,4,2015-03-26,8723,1129,1,0,0,0,c,a,15000.0,0.0,2008.0,1,31.0,2009.0,"Mar,Jun,Sept,Dec",2015,3,26,13,1,Thursday
6,4,2015-03-26,5421,539,1,1,0,0,a,c,1500.0,1.0,0.0,0,0.0,0.0,None,2015,3,26,13,1,Thursday
7,4,2015-03-26,5836,1052,1,0,0,0,a,a,1500.0,5.0,2012.0,1,14.0,2011.0,"Jan,Apr,Jul,Oct",2015,3,26,13,1,Thursday
8,4,2015-03-26,6552,740,1,1,0,0,a,c,500.0,9.0,2014.0,1,40.0,2009.0,"Mar,Jun,Sept,Dec",2015,3,26,13,1,Thursday
9,4,2015-03-26,4081,469,1,1,0,0,d,a,500.0,5.0,2014.0,1,40.0,2013.0,"Jan,Apr,Jul,Oct",2015,3,26,13,1,Thursday
10,4,2015-03-26,7808,912,1,1,0,0,d,c,3000.0,11.0,2012.0,1,1.0,2015.0,"Jan,Apr,Jul,Oct",2015,3,26,13,1,Thursday
11,4,2015-03-26,8199,684,1,0,0,0,a,c,120.0,11.0,0.0,1,22.0,2015.0,"Mar,Jun,Sept,Dec",2015,3,26,13,1,Thursday
12,4,2015-03-26,10157,865,1,1,0,0,d,c,3000.0,0.0,2008.0,0,0.0,0.0,None,2015,3,26,13,1,Thursday
13,4,2015-03-26,9966,960,1,0,0,0,a,a,7500.0,5.0,2005.0,0,0.0,0.0,None,2015,3,26,13,1,Thursday
14,4,2015-03-26,6543,620,1,0,0,0,a,c,1500.0,5.0,2014.0,1,1.0,2013.0,"Jan,Apr,Jul,Oct",2015,3,26,13,1,Thursday
15,4,2015-03-26,5508,600,1,0,0,1,d,c,3000.0,11.0,2014.0,1,1.0,2013.0,"Mar,Jun,Sept,Dec",2015,3,26,13,1,Thursday
16,4,2015-03-26,9758,784,1,1,0,0,a,a,500.0,11.0,0.0,0,0.0,0.0,None,2015,3,26,13,1,Thursday
17,4,2015-03-26,2162,310,1,0,0,0,a,c,500.0,7.0,2008.0,0,0.0,0.0,None,2015,3,26,13,1,Thursday
18,4,2015-03-26,4762,315,1,1,0,0,d,c,1500.0,5.0,2005.0,1,40.0,2009.0,"Jan,Apr,Jul,Oct",2015,3,26,13,1,Thursday
19,4,2015-03-26,8480,1150,1,0,0,0,d,c,120.0,9.0,2014.0,1,10.0,2013.0,"Jan,Apr,Jul,Oct",2015,3,26,13,1,Thursday
20,4,2015-03-26,4835,509,1,1,0,0,a,a,500.0,9.0,0.0,1,1.0,2013.0,"Mar,Jun,Sept,Dec",2015,3,26,13,1,Thursday
21,4,2015-03-26,5583,548,1,0,0,0,a,c,1500.0,0.0,2008.0,0,0.0,0.0,None,2015,3,26,13,1,Thursday
22,4,2015-03-26,6874,875,1,1,0,0,a,a,500.0,0.0,2010.0,0,0.0,0.0,None,2015,3,26,13,1,Thursday
23,4,2015-03-26,8400,1083,1,1,0,0,d,c,500.0,1.0,2008.0,0,0.0,0.0,None,2015,3,26,13,1,Thursday
24,4,2015-03-26,1905,343,1,0,0,1,a,a,1500.0,1.0,2010.0,0,0.0,0.0,None,2015,3,26,13,1,Thursday
25,4,2015-03-26,5737,714,1,0,0,0,a,c,500.0,1.0,2012.0,0,0.0,0.0,None,2015,3,26,13,1,Thursday
26,4,2015-03-26,7981,1091,1,0,0,0,d,a,1500.0,3.0,2008.0,0,0.0,0.0,None,2015,3,26,13,1,Thursday
27,4,2015-03-26,9033,1195,1,0,0,0,d,a,15000.0,9.0,2008.0,1,1.0,2009.0,"Mar,Jun,Sept,Dec",2015,3,26,13,1,Thursday
28,4,2015-03-26,10281,822,1,1,0,0,a,a,1500.0,3.0,2010.0,0,0.0,0.0,None,2015,3,26,13,1,Thursday
29,4,2015-03-26,5242,669,1,1,0,0,a,a,1500.0,5.0,0.0,1,10.0,2015.0,"Jan,Apr,Jul,Oct",2015,3,26,13,1,Thursday
30,4,2015-03-26,5878,743,1,0,0,0,c,c,500.0,11.0,2014.0,1,22.0,2015.0,"Feb,May,Aug,Nov",2015,3,26,13,1,Thursday
31,4,2015-03-26,11464,997,1,0,0,1,d,c,500.0,0.0,2014.0,1,31.0,2015.0,"Mar,Jun,Sept,Dec",2015,3,26,13,1,Thursday
32,4,2015-03-26,7740,1083,1,1,0,0,a,a,3000.0,3.0,2010.0,1,1.0,2015.0,"Mar,Jun,Sept,Dec",2015,3,26,13,1,Thursday
33,4,2015-03-26,8969,684,1,1,0,0,d,c,1500.0,9.0,2008.0,0,0.0,0.0,None,2015,3,26,13,1,Thursday
34,4,2015-03-26,6632,710,1,1,0,1,d,c,500.0,9.0,2005.0,0,0.0,0.0,None,2015,3,26,13,1,Thursday
35,4,2015-03-26,14699,1175,1,1,0,0,a,c,120.0,5.0,0.0,1,22.0,2015.0,"Mar,Jun,Sept,Dec",2015,3,26,13,1,Thursday
36,4,2015-03-26,4342,654,1,0,0,0,d,a,1500.0,3.0,2008.0,1,40.0,2011.0,"Feb,May,Aug,Nov",2015,3,26,13,1,Thursday
37,4,2015-03-26,11164,1096,1,0,0,0,d,a,7500.0,3.0,2008.0,1,40.0,2009.0,"Mar,Jun,Sept,Dec",2015,3,26,13,1,Thursday
38,4,2015-03-26,3683,592,1,0,0,0,a,a,3000.0,3.0,2010.0,0,0.0,0.0,None,2015,3,26,13,1,Thursday
39,4,2015-03-26,6339,840,1,1,0,0,c,a,7500.0,7.0,2014.0,1,14.0,2015.0,"Jan,Apr,Jul,Oct",2015,3,26,13,1,Thursday
40,4,2015-03-26,5296,404,1,1,0,0,d,a,1500.0,11.0,2008.0,1,22.0,2013.0,"Jan,Apr,Jul,Oct",2015,3,26,13,1,Thursday
41,4,2015-03-26,7693,963,1,0,0,0,a,c,500.0,1.0,0.0,0,0.0,0.0,None,2015,3,26,13,1,Thursday
42,4,2015-03-26,2387,377,1,0,0,0,d,c,120.0,1.0,2014.0,0,0.0,0.0,None,2015,3,26,13,1,Thursday
43,4,2015-03-26,8180,850,1,1,0,0,a,a,500.0,0.0,0.0,1,31.0,2011.0,"Mar,Jun,Sept,Dec",2015,3,26,13,1,Thursday
44,4,2015-03-26,7306,1186,1,0,0,0,a,a,1500.0,5.0,2005.0,0,0.0,0.0,None,2015,3,26,13,1,Thursday
45,4,2015-03-26,5122,712,1,0,0,1,c,a,120.0,9.0,2014.0,1,22.0,2011.0,"Feb,May,Aug,Nov",2015,3,26,13,1,Thursday
46,4,2015-03-26,6029,792,1,1,0,0,a,c,500.0,1.0,2014.0,0,0.0,0.0,None,2015,3,26,13,1,Thursday
47,4,2015-03-26,6139,466,1,1,0,0,c,a,1500.0,0.0,0.0,1,40.0,2013.0,"Jan,Apr,Jul,Oct",2015,3,26,13,1,Thursday
48,4,2015-03-26,3479,341,1,0,0,0,a,c,500.0,7.0,2010.0,1,22.0,2011.0,"Mar,Jun,Sept,Dec",2015,3,26,13,1,Thursday
49,4,2015-03-26,3871,403,1,0,0,0,d,a,120.0,1.0,2010.0,1,14.0,2009.0,"Mar,Jun,Sept,Dec",2015,3,26,13,1,Thursday
50,4,2015-03-26,11511,1144,1,1,0,1,a,c,500.0,1.0,2012.0,0,0.0,0.0,None,2015,3,26,13,1,Thursday
51,4,2015-03-26,7799,912,1,0,0,0,a,c,120.0,1.0,0.0,0,0.0,0.0,None,2015,3,26,13,1,Thursday
52,4,2015-03-26,10391,797,1,1,0,1,a,a,120.0,7.0,2012.0,1,31.0,2013.0,"Mar,Jun,Sept,Dec",2015,3,26,13,1,Thursday
53,4,2015-03-26,11932,1134,1,0,0,0,a,c,1500.0,0.0,0.0,1,14.0,2009.0,"Feb,May,Aug,Nov",2015,3,26,13,1,Thursday
54,4,2015-03-26,10717,1023,1,0,0,1,a,a,1500.0,0.0,0.0,0,0.0,0.0,None,2015,3,26,13,1,Thursday
55,4,2015-03-26,7322,941,1,0,0,0,d,c,1500.0,1.0,2005.0,1,22.0,2009.0,"Feb,May,Aug,Nov",2015,3,26,13,1,Thursday
56,4,2015-03-26,11846,941,1,1,0,0,a,a,1500.0,7.0,2010.0,0,0.0,0.0,None,2015,3,26,13,1,Thursday
57,4,2015-03-26,13095,1179,1,1,0,0,a,c,1500.0,0.0,2012.0,1,10.0,2009.0,"Mar,Jun,Sept,Dec",2015,3,26,13,1,Thursday
58,4,2015-03-26,11116,908,1,1,0,1,d,c,1500.0,0.0,0.0,1,14.0,2009.0,"Mar,Jun,Sept,Dec",2015,3,26,13,1,Thursday
59,4,2015-03-26,6109,1092,1,0,0,0,d,c,500.0,7.0,2012.0,0,0.0,0.0,None,2015,3,26,13,1,Thursday
60,4,2015-03-26,9199,1165,1,1,0,0,a,a,1500.0,11.0,0.0,1,31.0,2011.0,"Feb,May,Aug,Nov",2015,3,26,13,1,Thursday
61,4,2015-03-26,7498,960,1,0,0,1,a,c,500.0,5.0,2005.0,1,31.0,2013.0,"Jan,Apr,Jul,Oct",2015,3,26,13,1,Thursday
62,4,2015-03-26,9393,1147,1,0,0,0,a,a,15000.0,5.0,2005.0,0,0.0,0.0,None,2015,3,26,13,1,Thursday
63,4,2015-03-26,5074,484,1,1,0,1,c,c,3000.0,5.0,2005.0,0,0.0,0.0,None,2015,3,26,13,1,Thursday
64,4,2015-03-26,11273,1135,1,0,0,0,c,c,1500.0,5.0,0.0,1,1.0,2013.0,"Jan,Apr,Jul,Oct",2015,3,26,13,1,Thursday
65,4,2015-03-26,11251,1049,1,0,0,1,a,c,1500.0,0.0,2014.0,0,0.0,0.0,None,2015,3,26,13,1,Thursday
66,4,2015-03-26,6922,1005,1,1,0,0,a,a,15000.0,3.0,2010.0,0,0.0,0.0,None,2015,3,26,13,1,Thursday
67,4,2015-03-26,4379,391,1,0,0,0,d,c,1500.0,1.0,2012.0,0,0.0,0.0,None,2015,3,26,13,1,Thursday
68,4,2015-03-26,8292,939,1,0,0,1,c,c,500.0,7.0,0.0,0,0.0,0.0,None,2015,3,26,13,1,Thursday
69,4,2015-03-26,11196,949,1,0,0,0,d,c,15000.0,1.0,2012.0,1,31.0,2013.0,"Mar,Jun,Sept,Dec",2015,3,26,13,1,Thursday
70,4,2015-03-26,13722,1041,1,1,0,1,a,a,3000.0,5.0,0.0,0,0.0,0.0,None,2015,3,26,13,1,Thursday
71,4,2015-03-26,7704,602,1,1,0,0,a,c,120.0,1.0,2008.0,1,31.0,2009.0,"Jan,Apr,Jul,Oct",2015,3,26,13,1,Thursday
72,4,2015-03-26,6872,599,1,0,0,0,a,c,7500.0,9.0,2010.0,0,0.0,0.0,None,2015,3,26,13,1,Thursday
73,4,2015-03-26,7837,711,1,0,0,1,d,c,500.0,5.0,2008.0,1,40.0,2013.0,"Mar,Jun,Sept,Dec",2015,3,26,13,1,Thursday
74,4,2015-03-26,6134,718,1,0,0,0,a,a,500.0,7.0,2012.0,0,0.0,0.0,None,2015,3,26,13,1,Thursday
75,4,2015-03-26,3768,443,1,0,0,0,c,c,3000.0,11.0,0.0,1,14.0,2009.0,"Feb,May,Aug,Nov",2015,3,26,13,1,Thursday
76,4,2015-03-26,5981,890,1,0,0,0,a,a,120.0,0.0,2014.0,0,0.0,0.0,None,2015,3,26,13,1,Thursday
77,4,2015-03-26,4597,418,1,0,0,0,d,c,1500.0,11.0,2012.0,0,0.0,0.0,None,2015,3,26,13,1,Thursday
78,4,2015-03-26,5453,457,1,1,0,1,d,c,500.0,3.0,2010.0,0,0.0,0.0,None,2015,3,26,13,1,Thursday
79,4,2015-03-26,5491,658,1,0,0,1,a,a,500.0,0.0,2012.0,1,14.0,2015.0,"Mar,Jun,Sept,Dec",2015,3,26,13,1,Thursday
80,4,2015-03-26,2993,397,1,0,0,1,a,a,15000.0,9.0,2010.0,0,0.0,0.0,None,2015,3,26,13,1,Thursday
81,4,2015-03-26,6946,839,1,0,0,0,a,a,1500.0,1.0,2010.0,1,22.0,2009.0,"Jan,Apr,Jul,Oct",2015,3,26,13,1,Thursday
82,4,2015-03-26,3486,322,1,1,0,0,a,a,1500.0,0.0,0.0,0,0.0,0.0,None,2015,3,26,13,1,Thursday
83,4,2015-03-26,7784,867,1,0,0,0,a,c,500.0,7.0,2014.0,0,0.0,0.0,None,2015,3,26,13,1,Thursday
84,4,2015-03-26,6751,787,1,0,0,0,d,a,1500.0,0.0,2005.0,0,0.0,0.0,None,2015,3,26,13,1,Thursday
85,4,2015-03-26,8284,640,1,1,0,0,d,c,120.0,0.0,2014.0,1,1.0,2013.0,"Jan,Apr,Jul,Oct",2015,3,26,13,1,Thursday
86,4,2015-03-26,5194,530,1,1,0,0,d,a,3000.0,0.0,2012.0,0,0.0,0.0,None,2015,3,26,13,1,Thursday
87,4,2015-03-26,5943,533,1,1,0,0,a,a,1500.0,0.0,0.0,0,0.0,0.0,None,2015,3,26,13,1,Thursday
88,4,2015-03-26,7151,617,1,1,0,0,d,c,3000.0,3.0,2012.0,1,31.0,2009.0,"Feb,May,Aug,Nov",2015,3,26,13,1,Thursday
89,4,2015-03-26,9744,1137,1,1,0,0,d,a,1500.0,9.0,0.0,1,31.0,2015.0,"Feb,May,Aug,Nov",2015,3,26,13,1,Thursday
90,4,2015-03-26,4786,709,1,0,0,0,d,c,1500.0,0.0,0.0,0,0.0,0.0,None,2015,3,26,13,1,Thursday
91,4,2015-03-26,0,0,0,0,0,0,a,c,1500.0,3.0,2008.0,0,0.0,0.0,None,2015,3,26,13,1,Thursday
92,4,2015-03-26,12151,1078,1,0,0,0,d,c,120.0,3.0,0.0,1,31.0,2009.0,"Feb,May,Aug,Nov",2015,3,26,13,1,Thursday
93,4,2015-03-26,11663,1187,1,0,0,0,d,a,120.0,5.0,2005.0,0,0.0,0.0,None,2015,3,26,13,1,Thursday
94,4,2015-03-26,6829,764,1,0,0,0,c,a,500.0,11.0,2005.0,0,0.0,0.0,None,2015,3,26,13,1,Thursday
95,4,2015-03-26,9453,999,1,0,0,0,a,c,500.0,11.0,2005.0,1,31.0,2009.0,"Feb,May,Aug,Nov",2015,3,26,13,1,Thursday
96,4,2015-03-26,4481,727,1,0,0,0,d,c,500.0,7.0,2005.0,1,10.0,2009.0,"Feb,May,Aug,Nov",2015,3,26,13,1,Thursday
97,4,2015-03-26,9824,828,1,0,0,0,c,a,120.0,0.0,2008.0,0,0.0,0.0,None,2015,3,26,13,1,Thursday
98,4,2015-03-26,6415,875,1,0,0,0,c,a,500.0,3.0,2008.0,1,10.0,2009.0,"Feb,May,Aug,Nov",2015,3,26,13,1,Thursday
99,4,2015-03-26,8840,920,1,0,0,0,a,c,500.0,1.0,2012.0,0,0.0,0.0,None,2015,3,26,13,1,Thursday
100,4,2015-03-26,6192,922,1,0,0,0,b,c,500.0,9.0,2005.0,0,0.0,0.0,None,2015,3,26,13,1,Thursday
1,5,2015-03-27,13049,1077,1,1,0,0,a,c,3000.0,7.0,2012.0,0,0.0,0.0,None,2015,3,27,13,1,Friday
2,5,2015-03-27,5495,730,1,0,0,1,a,a,7500.0,5.0,2008.0,0,0.0,0.0,None,2015,3,27,13,1,Friday
3,5,2015-03-27,7514,1119,1,0,0,0,d,c,500.0,5.0,2012.0,1,10.0,2011.0,"Jan,Apr,Jul,Oct",2015,3,27,13,1,Friday
4,5,2015-03-27,6352,492,1,1,0,0,a,a,1500.0,1.0,2010.0,1,40.0,2011.0,"Mar,Jun,Sept,Dec",2015,3,27,13,1,Friday
5,5,2015-03-27,6384,860,1,0,0,1,c,a,15000.0,0.0,2008.0,1,31.0,2009.0,"Mar,Jun,Sept,Dec",2015,3,27,13,1,Friday
6,5,2015-03-27,7752,779,1,1,0,0,a,c,1500.0,1.0,0.0,0,0.0,0.0,None,2015,3,27,13,1,Friday
7,5,2015-03-27,5448,676,1,1,0,0,a,a,1500.0,5.0,2012.0,1,14.0,2011.0,"Jan,Apr,Jul,Oct",2015,3,27,13,1,Friday
8,5,2015-03-27,2679,354,1,0,0,0,a,c,500.0,9.0,2014.0,1,40.0,2009.0,"Mar,Jun,Sept,Dec",2015,3,27,13,1,Friday
9,5,2015-03-27,6938,874,1,1,0,0,d,a,500.0,5.0,2014.0,1,40.0,2013.0,"Jan,Apr,Jul,Oct",2015,3,27,13,1,Friday
10,5,2015-03-27,5727,642,1,0,0,0,d,c,3000.0,11.0,2012.0,1,1.0,2015.0,"Jan,Apr,Jul,Oct",2015,3,27,13,1,Friday
11,5,2015-03-27,6669,680,1,1,0,0,a,c,120.0,11.0,0.0,1,22.0,2015.0,"Mar,Jun,Sept,Dec",2015,3,27,13,1,Friday
12,5,2015-03-27,4978,832,1,0,0,0,d,c,3000.0,0.0,2008.0,0,0.0,0.0,None,2015,3,27,13,1,Friday
13,5,2015-03-27,5432,521,1,0,0,1,a,a,7500.0,5.0,2005.0,0,0.0,0.0,None,2015,3,27,13,1,Friday
14,5,2015-03-27,8728,666,1,1,0,0,a,c,1500.0,5.0,2014.0,1,1.0,2013.0,"Jan,Apr,Jul,Oct",2015,3,27,13,1,Friday
15,5,2015-03-27,5816,895,1,0,0,1,d,c,3000.0,11.0,2014.0,1,1.0,2013.0,"Mar,Jun,Sept,Dec",2015,3,27,13,1,Friday
16,5,2015-03-27,6677,900,1,0,0,0,a,a,500.0,11.0,0.0,0,0.0,0.0,None,2015,3,27,13,1,Friday
17,5,2015-03-27,9057,1012,1,0,0,0,a,c,500.0,7.0,2008.0,0,0.0,0.0,None,2015,3,27,13,1,Friday
18,5,2015-03-27,4833,509,1,0,0,0,d,c,1500.0,5.0,2005.0,1,40.0,2009.0,"Jan,Apr,Jul,Oct",2015,3,27,13,1,Friday
19,5,2015-03-27,5263,636,1,0,0,0,d,c,120.0,9.0,2014.0,1,10.0,2013.0,"Jan,Apr,Jul,Oct",2015,3,27,13,1,Friday
20,5,2015-03-27,3875,398,1,1,0,0,a,a,500.0,9.0,0.0,1,1.0,2013.0,"Mar,Jun,Sept,Dec",2015,3,27,13,1,Friday
21,5,2015-03-27,6414,973,1,1,0,0,a,c,1500.0,0.0,2008.0,0,0.0,0.0,None,2015,3,27,13,1,Friday
22,5,2015-03-27,2254,306,1,0,0,0,a,a,500.0,0.0,2010.0,0,0.0,0.0,None,2015,3,27,13,1,Friday
23,5,2015-03-27,7006,1095,1,0,0,0,d,c,500.0,1.0,2008.0,0,0.0,0.0,None,2015,3,27,13,1,Friday
24,5,2015-03-27,2685,312,1,0,0,0,a,a,1500.0,1.0,2010.0,0,0.0,0.0,None,2015,3,27,13,1,Friday
25,5,2015-03-27,4099,330,1,1,0,0,a,c,500.0,1.0,2012.0,0,0.0,0.0,None,2015,3,27,13,1,Friday
26,5,2015-03-27,5587,461,1,1,0,0,d,a,1500.0,3.0,2008.0,0,0.0,0.0,None,2015,3,27,13,1,Friday
27,5,2015-03-27,2173,354,1,0,0,0,d,a,15000.0,9.0,2008.0,1,1.0,2009.0,"Mar,Jun,Sept,Dec",2015,3,27,13,1,Friday
28,5,2015-03-27,5754,809,1,0,0,0,a,a,1500.0,3.0,2010.0,0,0.0,0.0,None,2015,3,27,13,1,Friday
29,5,2015-03-27,4589,563,1,1,0,0,a,a,1500.0,5.0,0.0,1,10.0,2015.0,"Jan,Apr,Jul,Oct",2015,3,27,13,1,Friday
30,5,2015-03-27,7910,862,1,1,0,0,c,c,500.0,11.0,2014.0,1,22.0,2015.0,"Feb,May,Aug,Nov",2015,3,27,13,1,Friday
31,5,2015-03-27,10081,1164,1,1,0,1,d,c,500.0,0.0,2014.0,1,31.0,2015.0,"Mar,Jun,Sept,Dec",2015,3,27,13,1,Friday
32,5,2015-03-27,4669,337,1,1,0,0,a,a,3000.0,3.0,2010.0,1,1.0,2015.0,"Mar,Jun,Sept,Dec",2015,3,27,13,1,Friday
33,5,2015-03-27,6938,975,1,1,0,0,d,c,1500.0,9.0,2008.0,0,0.0,0.0,None,2015,3,27,13,1,Friday
34,5,2015-03-27,10755,1114,1,0,0,0,d,c,500.0,9.0,2005.0,0,0.0,0.0,None,2015,3,27,13,1,Friday
35,5,2015-03-27,7800,725,1,1,0,0,a,c,120.0,5.0,0.0,1,22.0,2015.0,"Mar,Jun,Sept,Dec",2015,3,27,13,1,Friday
36,5,2015-03-27,8469,825,1,1,0,0,d,a,1500.0,3.0,2008.0,1,40.0,2011.0,"Feb,May,Aug,Nov",2015,3,27,13,1,Friday
37,5,2015-03-27,4503,702,1,0,0,1,d,a,7500.0,3.0,2008.0,1,40.0,2009.0,"Mar,Jun,Sept,Dec",2015,3,27,13,1,Friday
38,5,2015-03-27,6822,928,1,0,0,1,a,a,3000.0,3.0,2010.0,0,0.0,0.0,None,2015,3,27,13,1,Friday
39,5,2015-03-27,6813,530,1,1,0,0,c,a,7500.0,7.0,2014.0,1,14.0,2015.0,"Jan,Apr,Jul,Oct",2015,3,27,13,1,Friday
40,5,2015-03-27,3825,320,1,1,0,0,d,a,1500.0,11.0,2008.0,1,22.0,2013.0,"Jan,Apr,Jul,Oct",2015,3,27,13,1,Friday
41,5,2015-03-27,3962,566,1,0,0,0,a,c,500.0,1.0,0.0,0,0.0,0.0,None,2015,3,27,13,1,Friday
42,5,2015-03-27,11890,1175,1,1,0,0,d,c,120.0,1.0,2014.0,0,0.0,0.0,None,2015,3,27,13,1,Friday
43,5,2015-03-27,8661,1157,1,1,0,0,a,a,500.0,0.0,0.0,1,31.0,2011.0,"Mar,Jun,Sept,Dec",2015,3,27,13,1,Friday
44,5,2015-03-27,3780,332,1,0,0,0,a,a,1500.0,5.0,2005.0,0,0.0,0.0,None,2015,3,27,13,1,Friday
45,5,2015-03-27,0,0,0,1,0,0,c,a,120.0,9.0,2014.0,1,22.0,2011.0,"Feb,May,Aug,Nov",2015,3,27,13,1,Friday
46,5,2015-03-27,3553,382,1,0,0,0,a,c,500.0,1.0,2014.0,0,0.0,0.0,None,2015,3,27,13,1,Friday
47,5,2015-03-27,5362,450,1,0,0,1,c,a,1500.0,0.0,0.0,1,40.0,2013.0,"Jan,Apr,Jul,Oct",2015,3,27,13,1,Friday
48,5,2015-03-27,6266,885,1,0,0,0,a,c,500.0,7.0,2010.0,1,22.0,2011.0,"Mar,Jun,Sept,Dec",2015,3,27,13,1,Friday
49,5,2015-03-27,12409,1109,1,0,0,1,d,a,120.0,1.0,2010.0,1,14.0,2009.0,"Mar,Jun,Sept,Dec",2015,3,27,13,1,Friday
50,5,2015-03-27,7871,1124,1,0,0,0,a,c,500.0,1.0,2012.0,0,0.0,0.0,None,2015,3,27,13,1,Friday
51,5,2015-03-27,4960,425,1,1,0,0,a,c,120.0,1.0,0.0,0,0.0,0.0,None,2015,3,27,13,1,Friday
52,5,2015-03-27,7282,924,1,1,0,0,a,a,120.0,7.0,2012.0,1,31.0,2013.0,"Mar,Jun,Sept,Dec",2015,3,27,13,1,Friday
53,5,2015-03-27,6096,393,1,1,0,0,a,c,1500.0,0.0,0.0,1,14.0,2009.0,"Feb,May,Aug,Nov",2015,3,27,13,1,Friday
54,5,2015-03-27,9574,878,1,0,0,0,a,a,1500.0,0.0,0.0,0,0.0,0.0,None,2015,3,27,13,1,Friday
55,5,2015-03-27,6330,508,1,1,0,1,d,c,1500.0,1.0,2005.0,1,22.0,2009.0,"Feb,May,Aug,Nov",2015,3,27,13,1,Friday
56,5,2015-03-27,7165,649,1,1,0,0,a,a,1500.0,7.0,2010.0,0,0.0,0.0,None,2015,3,27,13,1,Friday
57,5,2015-03-27,8033,793,1,0,0,0,a,c,1500.0,0.0,2012.0,1,10.0,2009.0,"Mar,Jun,Sept,Dec",2015,3,27,13,1,Friday
58,5,2015-03-27,3830,461,1,0,0,1,d,c,1500.0,0.0,0.0,1,14.0,2009.0,"Mar,Jun,Sept,Dec",2015,3,27,13,1,Friday
59,5,2015-03-27,4291,386,1,1,0,0,d,c,500.0,7.0,2012.0,0,0.0,0.0,None,2015,3,27,13,1,Friday
60,5,2015-03-27,4660,632,1,1,0,0,a,a,1500.0,11.0,0.0,1,31.0,2011.0,"Feb,May,Aug,Nov",2015,3,27,13,1,Friday
61,5,2015-03-27,3256,320,1,1,0,1,a,c,500.0,5.0,2005.0,1,31.0,2013.0,"Jan,Apr,Jul,Oct",2015,3,27,13,1,Friday
62,5,2015-03-27,5591,691,1,0,0,1,a,a,15000.0,5.0,2005.0,0,0.0,0.0,None,2015,3,27,13,1,Friday
63,5,2015-03-27,8810,895,1,1,0,0,c,c,3000.0,5.0,2005.0,0,0.0,0.0,None,2015,3,27,13,1,Friday
64,5,2015-03-27,4708,625,1,0,0,0,c,c,1500.0,5.0,0.0,1,1.0,2013.0,"Jan,Apr,Jul,Oct",2015,3,27,13,1,Friday
65,5,2015-03-27,9056,923,1,1,0,0,a,c,1500.0,0.0,2014.0,0,0.0,0.0,None,2015,3,27,13,1,Friday
66,5,2015-03-27,8158,862,1,1,0,0,a,a,15000.0,3.0,2010.0,0,0.0,0.0,None,2015,3,27,13,1,Friday
67,5,2015-03-27,8723,758,1,1,0,1,d,c,1500.0,1.0,2012.0,0,0.0,0.0,None,2015,3,27,13,1,Friday
68,5,2015-03-27,5112,808,1,0,0,0,c,c,500.0,7.0,0.0,0,0.0,0.0,None,2015,3,27,13,1,Friday
69,5,2015-03-27,8084,1111,1,1,0,0,d,c,15000.0,1.0,2012.0,1,31.0,2013.0,"Mar,Jun,Sept,Dec",2015,3,27,13,1,Friday
70,5,2015-03-27,4162,371,1,0,0,0,a,a,3000.0,5.0,0.0,0,0.0,0.0,None,2015,3,27,13,1,Friday
71,5,2015-03-27,4965,587,1,0,0,0,a,c,120.0,1.0,2008.0,1,31.0,2009.0,"Jan,Apr,Jul,Oct",2015,3,27,13,1,Friday
72,5,2015-03-27,4114,603,1,1,0,1,a,c,7500.0,9.0,2010.0,0,0.0,0.0,None,2015,3,27,13,1,Friday
73,5,2015-03-27,7285,855,1,0,0,0,d,c,500.0,5.0,2008.0,1,40.0,2013.0,"Mar,Jun,Sept,Dec",2015,3,27,13,1,Friday
74,5,2015-03-27,3724,450,1,1,0,0,a,a,500.0,7.0,2012.0,0,0.0,0.0,None,2015,3,27,13,1,Friday
75,5,2015-03-27,3570,328,1,1,0,0,c,c,3000.0,11.0,0.0,1,14.0,2009.0,"Feb,May,Aug,Nov",2015,3,27,13,1,Friday
76,5,2015-03-27,3666,404,1,0,0,0,a,a,120.0,0.0,2014.0,0,0.0,0.0,None,2015,3,27,13,1,Friday
77,5,2015-03-27,3563,336,1,0,0,1,d,c,1500.0,11.0,2012.0,0,0.0,0.0,None,2015,3,27,13,1,Friday
78,5,2015-03-27,9681,1081,1,1,0,0,d,c,500.0,3.0,2010.0,0,0.0,0.0,None,2015,3,27,13,1,Friday
79,5,2015-03-27,3436,608,1,0,0,0,a,a,500.0,0.0,2012.0,1,14.0,2015.0,"Mar,Jun,Sept,Dec",2015,3,27,13,1,Friday
80,5,2015-03-27,4129,566,1,0,0,0,a,a,15000.0,9.0,2010.0,0,0.0,0.0,None,2015,3,27,13,1,Friday
81,5,2015-03-27,5870,745,1,1,0,1,a,a,1500.0,1.0,2010.0,1,22.0,2009.0,"Jan,Apr,Jul,Oct",2015,3,27,13,1,Friday
82,5,2015-03-27,5287,381,1,1,0,0,a,a,1500.0,0.0,0.0,0,0.0,0.0,None,2015,3,27,13,1,Friday
83,5,2015-03-27,3561,435,1,0,0,0,a,c,500.0,7.0,2014.0,0,0.0,0.0,None,2015,3,27,13,1,Friday
84,5,2015-03-27,6471,478,1,1,0,0,d,a,1500.0,0.0,2005.0,0,0.0,0.0,None,2015,3,27,13,1,Friday
85,5,2015-03-27,4629,828,1,0,0,0,d,c,120.0,0.0,2014.0,1,1.0,2013.0,"Jan,Apr,Jul,Oct",2015,3,27,13,1,Friday
86,5,2015-03-27,4050,395,1,1,0,0,d,a,3000.0,0.0,2012.0,0,0.0,0.0,None,2015,3,27,13,1,Friday
87,5,2015-03-27,6340,552,1,1,0,0,a,a,1500.0,0.0,0.0,0,0.0,0.0,None,2015,3,27,13,1,Friday
88,5,2015-03-27,6744,696,1,1,0,0,d,c,3000.0,3.0,2012.0,1,31.0,2009.0,"Feb,May,Aug,Nov",2015,3,27,13,1,Friday
89,5,2015-03-27,12360,1090,1,0,0,0,d,a,1500.0,9.0,0.0,1,31.0,2015.0,"Feb,May,Aug,Nov",2015,3,27,13,1,Friday
90,5,2015-03-27,7060,650,1,0,0,1,d,c,1500.0,0.0,0.0,0,0.0,0.0,None,2015,3,27,13,1,Friday
91,5,2015-03-27,3655,394,1,1,0,0,a,c,1500.0,3.0,2008.0,0,0.0,0.0,None,2015,3,27,13,1,Friday
92,5,2015-03-27,10097,1027,1,1,0,0,d,c,120.0,3.0,0.0,1,31.0,2009.0,"Feb,May,Aug,Nov",2015,3,27,13,1,Friday
93,5,2015-03-27,6151,599,1,0,0,0,d,a,120.0,5.0,2005.0,0,0.0,0.0,None,2015,3,27,13,1,Friday
94,5,2015-03-27,6488,671,1,0,0,1,c,a,500.0,11.0,2005.0,0,0.0,0.0,None,2015,3,27,13,1,Friday
95,5,2015-03-27,3555,312,1,0,0,0,a,c,500.0,11.0,2005.0,1,31.0,2009.0,"Feb,May,Aug,Nov",2015,3,27,13,1,Friday
96,5,2015-03-27,4704,482,1,0,0,0,d,c,500.0,7.0,2005.0,1,10.0,2009.0,"Feb,May,Aug,Nov",2015,3,27,13,1,Friday
97,5,2015-03-27,9716,1173,1,0,0,0,c,a,120.0,0.0,2008.0,0,0.0,0.0,None,2015,3,27,13,1,Friday
98,5,2015-03-27,6547,770,1,0,0,0,c,a,500.0,3.0,2008.0,1,10.0,2009.0,"Feb,May,Aug,Nov",2015,3,27,13,1,Friday
99,5,2015-03-27,5209,747,1,1,0,0,a,c,500.0,1.0,2012.0,0,0.0,0.0,None,2015,3,27,13,1,Friday
100,5,2015-03-27,7012,480,1,1,0,0,b,c,500.0,9.0,2005.0,0,0.0,0.0,None,2015,3,27,13,1,Friday
1,6,2015-03-28,5412,571,1,0,0,0,a,c,3000.0,7.0,2012.0,0,0.0,0.0,None,2015,3,28,13,1,Saturday
2,6,2015-03-28,11515,998,1,0,0,0,a,a,7500.0,5.0,2008.0,0,0.0,0.0,None,2015,3,28,13,1,Saturday
3,6,2015-03-28,3369,529,1,0,0,0,d,c,500.0,5.0,2012.0,1,10.0,2011.0,"Jan,Apr,Jul,Oct",2015,3,28,13,1,Saturday
4,6,2015-03-28,5946,498,1,0,0,1,a,a,1500.0,1.0,2010.0,1,40.0,2011.0,"Mar,Jun,Sept,Dec",2015,3,28,13,1,Saturday
5,6,2015-03-28,6342,641,1,0,0,0,c,a,15000.0,0.0,2008.0,1,31.0,2009.0,"Mar,Jun,Sept,Dec",2015,3,28,13,1,Saturday
6,6,2015-03-28,9276,990,1,0,0,0,a,c,1500.0,1.0,0.0,0,0.0,0.0,None,2015,3,28,13,1,Saturday
7,6,2015-03-28,5743,738,1,0,0,0,a,a,1500.0,5.0,2012.0,1,14.0,2011.0,"Jan,Apr,Jul,Oct",2015,3,28,13,1,Saturday
8,6,2015-03-28,4203,381,1,0,0,0,a,c,500.0,9.0,2014.0,1,40.0,2009.0,"Mar,Jun,Sept,Dec",2015,3,28,13,1,Saturday
9,6,2015-03-28,3929,350,1,0,0,0,d,a,500.0,5.0,2014.0,1,40.0,2013.0,"Jan,Apr,Jul,Oct",2015,3,28,13,1,Saturday
10,6,2015-03-28,4966,580,1,0,0,0,d,c,3000.0,11.0,2012.0,1,1.0,2015.0,"Jan,Apr,Jul,Oct",2015,3,28,13,1,Saturday
11,6,2015-03-28,2389,344,1,0,0,0,a,c,120.0,11.0,0.0,1,22.0,2015.0,"Mar,Jun,Sept,Dec",2015,3,28,13,1,Saturday
12,6,2015-03-28,3353,466,1,0,0,0,d,c,3000.0,0.0,2008.0,0,0.0,0.0,None,2015,3,28,13,1,Saturday
13,6,2015-03-28,4687,577,1,0,0,0,a,a,7500.0,5.0,2005.0,0,0.0,0.0,None,2015,3,28,13,1,Saturday
14,6,2015-03-28,6310,1086,1,0,0,0,a,c,1500.0,5.0,2014.0,1,1.0,2013.0,"Jan,Apr,Jul,Oct",2015,3,28,13,1,Saturday
15,6,2015-03-28,5734,685,1,0,0,0,d,c,3000.0,11.0,2014.0,1,1.0,2013.0,"Mar,Jun,Sept,Dec",2015,3,28,13,1,Saturday
16,6,2015-03-28,4076,471,1,0,0,0,a,a,500.0,11.0,0.0,0,0.0,0.0,None,2015,3,28,13,1,Saturday
17,6,2015-03-28,10874,965,1,0,0,0,a,c,500.0,7.0,2008.0,0,0.0,0.0,None,2015,3,28,13,1,Saturday
18,6,2015-03-28,5663,651,1,0,0,0,d,c,1500.0,5.0,2005.0,1,40.0,2009.0,"Jan,Apr,Jul,Oct",2015,3,28,13,1,Saturday
19,6,2015-03-28,5273,776,1,0,0,0,d,c,120.0,9.0,2014.0,1,10.0,2013.0,"Jan,Apr,Jul,Oct",2015,3,28,13,1,Saturday
20,6,2015-03-28,8207,800,1,0,0,1,a,a,500.0,9.0,0.0,1,1.0,2013.0,"Mar,Jun,Sept,Dec",2015,3,28,13,1,Saturday
21,6,2015-03-28,7439,877,1,0,0,0,a,c,1500.0,0.0,2008.0,0,0.0,0.0,None,2015,3,28,13,1,Saturday
22,6,2015-03-28,4137,428,1,0,0,0,a,a,500.0,0.0,2010.0,0,0.0,0.0,None,2015,3,28,13,1,Saturday
23,6,2015-03-28,9407,800,1,0,0,1,d,c,500.0,1.0,2008.0,0,0.0,0.0,None,2015,3,28,13,1,Saturday
24,6,2015-03-28,7426,977,1,0,0,0,a,a,1500.0,1.0,2010.0,0,0.0,0.0,None,2015,3,28,13,1,Saturday
25,6,2015-03-28,13139,1133,1,0,0,1,a,c,500.0,1.0,2012.0,0,0.0,0.0,None,2015,3,28,13,1,Saturday
26,6,2015-03-28,4494,401,1,0,0,0,d,a,1500.0,3.0,2008.0,0,0.0,0.0,None,2015,3,28,13,1,Saturday
27,6,2015-03-28,3761,329,1,0,0,0,d,a,15000.0,9.0,2008.0,1,1.0,2009.0,"Mar,Jun,Sept,Dec",2015,3,28,13,1,Saturday
28,6,2015-03-28,7729,1198,1,0,0,0,a,a,1500.0,3.0,2010.0,0,0.0,0.0,None,2015,3,28,13,1,Saturday
29,6,2015-03-28,8504,771,1,0,0,0,a,a,1500.0,5.0,0.0,1,10.0,2015.0,"Jan,Apr,Jul,Oct",2015,3,28,13,1,Saturday
30,6,2015-03-28,1950,340,1,0,0,0,c,c,500.0,11.0,2014.0,1,22.0,2015.0,"Feb,May,Aug,Nov",2015,3,28,13,1,Saturday
31,6,2015-03-28,9874,1095,1,0,0,0,d,c,500.0,0.0,2014.0,1,31.0,2015.0,"Mar,Jun,Sept,Dec",2015,3,28,13,1,Saturday
32,6,2015-03-28,9491,1078,1,0,0,0,a,a,3000.0,3.0,2010.0,1,1.0,2015.0,"Mar,Jun,Sept,Dec",2015,3,28,13,1,Saturday
33,6,2015-03-28,8363,867,1,0,0,1,d,c,1500.0,9.0,2008.0,0,0.0,0.0,None,2015,3,28,13,1,Saturday
34,6,2015-03-28,4778,687,1,0,0,0,d,c,500.0,9.0,2005.0,0,0.0,0.0,None,2015,3,28,13,1,Saturday
35,6,2015-03-28,10383,952,1,0,0,0,a,c,120.0,5.0,0.0,1,22.0,2015.0,"Mar,Jun,Sept,Dec",2015,3,28,13,1,Saturday
36,6,2015-03-28,5082,866,1,0,0,0,d,a,1500.0,3.0,2008.0,1,40.0,2011.0,"Feb,May,Aug,Nov",2015,3,28,13,1,Saturday
37,6,2015-03-28,4119,465,1,0,0,0,d,a,7500.0,3.0,2008.0,1,40.0,2009.0,"Mar,Jun,Sept,Dec",2015,3,28,13,1,Saturday
38,6,2015-03-28,6095,705,1,0,0,0,a,a,3000.0,3.0,2010.0,0,0.0,0.0,None,2015,3,28,13,1,Saturday
39,6,2015-03-28,3503,607,1,0,0,0,c,a,7500.0,7.0,2014.0,1,14.0,2015.0,"Jan,Apr,Jul,Oct",2015,3,28,13,1,Saturday
40,6,2015-03-28,4219,749,1,0,0,0,d,a,1500.0,11.0,2008.0,1,22.0,2013.0,"Jan,Apr,Jul,Oct",2015,3,28,13,1,Saturday
41,6,2015-03-28,10037,939,1,0,0,0,a,c,500.0,1.0,0.0,0,0.0,0.0,None,2015,3,28,13,1,Saturday
42,6,2015-03-28,4741,775,1,0,0,0,d,c,120.0,1.0,2014.0,0,0.0,0.0,None,2015,3,28,13,1,Saturday
43,6,2015-03-28,7372,837,1,0,0,1,a,a,500.0,0.0,0.0,1,31.0,2011.0,"Mar,Jun,Sept,Dec",2015,3,28,13,1,Saturday
44,6,2015-03-28,5980,771,1,0,0,1,a,a,1500.0,5.0,2005.0,0,0.0,0.0,None,2015,3,28,13,1,Saturday
45,6,2015-03-28,7777,899,1,0,0,0,c,a,120.0,9.0,2014.0,1,22.0,2011.0,"Feb,May,Aug,Nov",2015,3,28,13,1,Saturday
46,6,2015-03-28,6774,705,1,0,0,0,a,c,500.0,1.0,2014.0,0,0.0,0.0,None,2015,3,28,13,1,Saturday
47,6,2015-03-28,8348,884,1,0,0,0,c,a,1500.0,0.0,0.0,1,40.0,2013.0,"Jan,Apr,Jul,Oct",2015,3,28,13,1,Saturday
48,6,2015-03-28,12292,1107,1,0,0,0,a,c,500.0,7.0,2010.0,1,22.0,2011.0,"Mar,Jun,Sept,Dec",2015,3,28,13,1,Saturday
49,6,2015-03-28,6201,962,1,0,0,0,d,a,120.0,1.0,2010.0,1,14.0,2009.0,"Mar,Jun,Sept,Dec",2015,3,28,13,1,Saturday
50,6,2015-03-28,9084,877,1,0,0,0,a,c,500.0,1.0,2012.0,0,0.0,0.0,None,2015,3,28,13,1,Saturday
51,6,2015-03-28,10579,994,1,0,0,0,a,c,120.0,1.0,0.0,0,0.0,0.0,None,2015,3,28,13,1,Saturday
52,6,2015-03-28,7060,1158,1,0,0,1,a,a,120.0,7.0,2012.0,1,31.0,2013.0,"Mar,Jun,Sept,Dec",2015,3,28,13,1,Saturday
53,6,2015-03-28,8212,1138,1,0,0,0,a,c,1500.0,0.0,0.0,1,14.0,2009.0,"Feb,May,Aug,Nov",2015,3,28,13,1,Saturday
54,6,2015-03-28,7593,716,1,0,0,0,a,a,1500.0,0.0,0.0,0,0.0,0.0,None,2015,3,28,13,1,Saturday
55,6,2015-03-28,8890,949,1,0,0,0,d,c,1500.0,1.0,2005.0,1,22.0,2009.0,"Feb,May,Aug,Nov",2015,3,28,13,1,Saturday
56,6,2015-03-28,8755,1042,1,0,0,0,a,a,1500.0,7.0,2010.0,0,0.0,0.0,None,2015,3,28,13,1,Saturday
57,6,2015-03-28,7928,742,1,0,0,0,a,c,1500.0,0.0,2012.0,1,10.0,2009.0,"Mar,Jun,Sept,Dec",2015,3,28,13,1,Saturday
58,6,2015-03-28,10429,902,1,0,0,0,d,c,1500.0,0.0,0.0,1,14.0,2009.0,"Mar,Jun,Sept,Dec",2015,3,28,13,1,Saturday
59,6,2015-03-28,9455,1122,1,0,0,0,d,c,500.0,7.0,2012.0,0,0.0,0.0,None,2015,3,28,13,1,Saturday
60,6,2015-03-28,3215,329,1,0,0,1,a,a,1500.0,11.0,0.0,1,31.0,2011.0,"Feb,May,Aug,Nov",2015,3,28,13,1,Saturday
61,6,2015-03-28,2282,329,1,0,0,0,a,c,500.0,5.0,2005.0,1,31.0,2013.0,"Jan,Apr,Jul,Oct",2015,3,28,13,1,Saturday
62,6,2015-03-28,6443,899,1,0,0,1,a,a,15000.0,5.0,2005.0,0,0.0,0.0,None,2015,3,28,13,1,Saturday
63,6,2015-03-28,3243,345,1,0,0,0,c,c,3000.0,5.0,2005.0,0,0.0,0.0,None,2015,3,28,13,1,Saturday
64,6,2015-03-28,6359,575,1,0,0,1,c,c,1500.0,5.0,0.0,1,1.0,2013.0,"Jan,Apr,Jul,Oct",2015,3,28,13,1,Saturday
65,6,2015-03-28,12511,1081,1,0,0,1,a,c,1500.0,0.0,2014.0,0,0.0,0.0,None,2015,3,28,13,1,Saturday
66,6,2015-03-28,9556,856,1,0,0,0,a,a,15000.0,3.0,2010.0,0,0.0,0.0,None,2015,3,28,13,1,Saturday
67,6,2015-03-28,3210,525,1,0,0,0,d,c,1500.0,1.0,2012.0,0,0.0,0.0,None,2015,3,28,13,1,Saturday
68,6,2015-03-28,4114,665,1,0,0,0,c,c,500.0,7.0,0.0,0,0.0,0.0,None,2015,3,28,13,1,Saturday
69,6,2015-03-28,4000,418,1,0,0,0,d,c,15000.0,1.0,2012.0,1,31.0,2013.0,"Mar,Jun,Sept,Dec",2015,3,28,13,1,Saturday
70,6,2015-03-28,4923,868,1,0,0,0,a,a,3000.0,5.0,0.0,0,0.0,0.0,None,2015,3,28,13,1,Saturday
71,6,2015-03-28,7151,952,1,0,0,0,a,c,120.0,1.0,2008.0,1,31.0,2009.0,"Jan,Apr,Jul,Oct",2015,3,28,13,1,Saturday
72,6,2015-03-28,7709,885,1,0,0,0,a,c,7500.0,9.0,2010.0,0,0.0,0.0,None,2015,3,28,13,1,Saturday
73,6,2015-03-28,7220,994,1,0,0,0,d,c,500.0,5.0,2008.0,1,40.0,2013.0,"Mar,Jun,Sept,Dec",2015,3,28,13,1,Saturday
74,6,2015-03-28,6236,1123,1,0,0,0,a,a,500.0,7.0,2012.0,0,0.0,0.0,None,2015,3,28,13,1,Saturday
75,6,2015-03-28,6490,725,1,0,0,1,c,c,3000.0,11.0,0.0,1,14.0,2009.0,"Feb,May,Aug,Nov",2015,3,28,13,1,Saturday
76,6,2015-03-28,4428,618,1,0,0,1,a,a,120.0,0.0,2014.0,0,0.0,0.0,None,2015,3,28,13,1,Saturday
77,6,2015-03-28,3066,312,1,0,0,0,d,c,1500.0,11.0,2012.0,0,0.0,0.0,None,2015,3,28,13,1,Saturday
78,6,2015-03-28,11573,1050,1,0,0,0,d,c,500.0,3.0,2010.0,0,0.0,0.0,None,2015,3,28,13,1,Saturday
79,6,2015-03-28,6800,779,1,0,0,0,a,a,500.0,0.0,2012.0,1,14.0,2015.0,"Mar,Jun,Sept,Dec",2015,3,28,13,1,Saturday
80,6,2015-03-28,8562,905,1,0,0,0,a,a,15000.0,9.0,2010.0,0,0.0,0.0,None,2015,3,28,13,1,Saturday
81,6,2015-03-28,6141,880,1,0,0,0,a,a,1500.0,1.0,2010.0,1,22.0,2009.0,"Jan,Apr,Jul,Oct",2015,3,28,13,1,Saturday
82,6,2015-03-28,6453,644,1,0,0,0,a,a,1500.0,0.0,0.0,0,0.0,0.0,None,2015,3,28,13,1,Saturday
83,6,2015-03-28,6882,868,1,0,0,1,a,c,500.0,7.0,2014.0,0,0.0,0.0,None,2015,3,28,13,1,Saturday
84,6,2015-03-28,9364,922,1,0,0,0,d,a,1500.0,0.0,2005.0,0,0.0,0.0,None,2015,3,28,13,1,Saturday
85,6,2015-03-28,7763,720,1,0,0,0,d,c,120.0,0.0,2014.0,1,1.0,2013.0,"Jan,Apr,Jul,Oct",2015,3,28,13,1,Saturday
86,6,2015-03-28,5557,471,1,0,0,0,d,a,3000.0,0.0,2012.0,0,0.0,0.0,None,2015,3,28,13,1,Saturday
87,6,2015-03-28,4317,377,1,0,0,0,a,a,1500.0,0.0,0.0,0,0.0,0.0,None,2015,3,28,13,1,Saturday
88,6,2015-03-28,11853,992,1,0,0,0,d,c,3000.0,3.0,2012.0,1,31.0,2009.0,"Feb,May,Aug,Nov",2015,3,28,13,1,Saturday
89,6,2015-03-28,8636,727,1,0,0,0,d,a,1500.0,9.0,0.0,1,31.0,2015.0,"Feb,May,Aug,Nov",2015,3,28,13,1,Saturday
90,6,2015-03-28,5925,1029,1,0,0,0,d,c,1500.0,0.0,0.0,0,0.0,0.0,None,2015,3,28,13,1,Saturday
91,6,2015-03-28,9127,798,1,0,0,0,a,c,1500.0,3.0,2008.0,0,0.0,0.0,None,2015,3,28,13,1,Saturday
92,6,2015-03-28,3703,313,1,0,0,0,d,c,120.0,3.0,0.0,1,31.0,2009.0,"Feb,May,Aug,Nov",2015,3,28,13,1,Saturday
93,6,2015-03-28,7600,988,1,0,0,0,d,a,120.0,5.0,2005.0,0,0.0,0.0,None,2015,3,28,13,1,Saturday
94,6,2015-03-28,3446,599,1,0,0,0,c,a,500.0,11.0,2005.0,0,0.0,0.0,None,2015,3,28,13,1,Saturday
95,6,2015-03-28,2867,477,1,0,0,0,a,c,500.0,11.0,2005.0,1,31.0,2009.0,"Feb,May,Aug,Nov",2015,3,28,13,1,Saturday
96,6,2015-03-28,2893,440,1,0,0,0,d,c,500.0,7.0,2005.0,1,10.0,2009.0,"Feb,May,Aug,Nov",2015,3,28,13,1,Saturday
97,6,2015-03-28,4195,461,1,0,0,1,c,a,120.0,0.0,2008.0,0,0.0,0.0,None,2015,3,28,13,1,Saturday
98,6,2015-03-28,6908,681,1,0,0,0,c,a,500.0,3.0,2008.0,1,10.0,2009.0,"Feb,May,Aug,Nov",2015,3,28,13,1,Saturday
99,6,2015-03-28,6538,764,1,0,0,1,a,c,500.0,1.0,2012.0,0,0.0,0.0,None,2015,3,28,13,1,Saturday
100,6,2015-03-28,6167,729,1,0,0,0,b,c,500.0,9.0,2005.0,0,0.0,0.0,None,2015,3,28,13,1,Saturday
1,7,2015-03-29,0,0,0,0,0,0,a,c,3000.0,7.0,2012.0,0,0.0,0.0,None,2015,3,29,13,1,Sunday
2,7,2015-03-29,0,0,0,0,0,1,a,a,7500.0,5.0,2008.0,0,0.0,0.0,None,2015,3,29,13,1,Sunday
3,7,2015-03-29,0,0,0,0,0,0,d,c,500.0,5.0,2012.0,1,10.0,2011.0,"Jan,Apr,Jul,Oct",2015,3,29,13,1,Sunday
4,7,2015-03-29,0,0,0,0,0,0,a,a,1500.0,1.0,2010.0,1,40.0,2011.0,"Mar,Jun,Sept,Dec",2015,3,29,13,1,Sunday
5,7,2015-03-29,0,0,0,0,0,0,c,a,15000.0,0.0,2008.0,1,31.0,2009.0,"Mar,Jun,Sept,Dec",2015,3,29,13,1,Sunday
6,7,2015-03-29,0,0,0,0,0,1,a,c,1500.0,1.0,0.0,0,0.0,0.0,None,2015,3,29,13,1,Sunday
7,7,2015-03-29,0,0,0,0,0,1,a,a,1500.0,5.0,2012.0,1,14.0,2011.0,"Jan,Apr,Jul,Oct",2015,3,29,13,1,Sunday
8,7,2015-03-29,0,0,0,0,0,0,a,c,500.0,9.0,2014.0,1,40.0,2009.0,"Mar,Jun,Sept,Dec",2015,3,29,13,1,Sunday
9,7,2015-03-29,0,0,0,0,0,1,d,a,500.0,5.0,2014.0,1,40.0,2013.0,"Jan,Apr,Jul,Oct",2015,3,29,13,1,Sunday
10,7,2015-03-29,0,0,0,0,0,0,d,c,3000.0,11.0,2012.0,1,1.0,2015.0,"Jan,Apr,Jul,Oct",2015,3,29,13,1,Sunday
11,7,2015-03-29,0,0,0,0,0,1,a,c,120.0,11.0,0.0,1,22.0,2015.0,"Mar,Jun,Sept,Dec",2015,3,29,13,1,Sunday
12,7,2015-03-29,0,0,0,0,0,0,d,c,3000.0,0.0,2008.0,0,0.0,0.0,None,2015,3,29,13,1,Sunday
13,7,2015-03-29,0,0,0,0,0,0,a,a,7500.0,5.0,2005.0,0,0.0,0.0,None,2015,3,29,13,1,Sunday
14,7,2015-03-29,0,0,0,0,0,1,a,c,1500.0,5.0,2014.0,1,1.0,2013.0,"Jan,Apr,Jul,Oct",2015,3,29,13,1,Sunday
15,7,2015-03-29,0,0,0,0,0,0,d,c,3000.0,11.0,2014.0,1,1.0,2013.0,"Mar,Jun,Sept,Dec",2015,3,29,13,1,Sunday
16,7,2015-03-29,0,0,0,0,0,1,a,a,500.0,11.0,0.0,0,0.0,0.0,None,2015,3,29,13,1,Sunday
17,7,2015-03-29,0,0,0,0,0,0,a,c,500.0,7.0,2008.0,0,0.0,0.0,None,2015,3,29,13,1,Sunday
18,7,2015-03-29,0,0,0,0,0,0,d,c,1500.0,5.0,2005.0,1,40.0,2009.0,"Jan,Apr,Jul,Oct",2015,3,29,13,1,Sunday
19,7,2015-03-29,0,0,0,0,0,0,d,c,120.0,9.0,2014.0,1,10.0,2013.0,"Jan,Apr,Jul,Oct",2015,3,29,13,1,Sunday
20,7,2015-03-29,0,0,0,0,0,0,a,a,500.0,9.0,0.0,1,1.0,2013.0,"Mar,Jun,Sept,Dec",2015,3,29,13,1,Sunday
21,7,2015-03-29,0,0,0,0,0,1,a,c,1500.0,0.0,2008.0,0,0.0,0.0,None,2015,3,29,13,1,Sunday
22,7,2015-03-29,0,0,0,0,0,0,a,a,500.0,0.0,2010.0,0,0.0,0.0,None,2015,3,29,13,1,Sunday
23,7,2015-03-29,0,0,0,0,0,1,d,c,500.0,1.0,2008.0,0,0.0,0.0,None,2015,3,29,13,1,Sunday
24,7,2015-03-29,0,0,0,0,0,0,a,a,1500.0,1.0,2010.0,0,0.0,0.0,None,2015,3,29,13,1,Sunday
25,7,2015-03-29,0,0,0,0,0,0,a,c,500.0,1.0,2012.0,0,0.0,0.0,None,2015,3,29,13,1,Sunday
26,7,2015-03-29,0,0,0,0,0,0,d,a,1500.0,3.0,2008.0,0,0.0,0.0,None,2015,3,29,13,1,Sunday
27,7,2015-03-29,0,0,0,0,0,0,d,a,15000.0,9.0,2008.0,1,1.0,2009.0,"Mar,Jun,Sept,Dec",2015,3,29,13,1,Sunday
28,7,2015-03-29,0,0,0,0,0,0,a,a,1500.0,3.0,2010.0,0,0.0,0.0,None,2015,3,29,13,1,Sunday
29,7,2015-03-29,0,0,0,0,0,0,a,a,1500.0,5.0,0.0,1,10.0,2015.0,"Jan,Apr,Jul,Oct",2015,3,29,13,1,Sunday
30,7,2015-03-29,0,0,0,0,0,1,c,c,500.0,11.0,2014.0,1,22.0,2015.0,"Feb,May,Aug,Nov",2015,3,29,13,1,Sunday
31,7,2015-03-29,0,0,0,0,0,0,d,c,500.0,0.0,2014.0,1,31.0,2015.0,"Mar,Jun,Sept,Dec",2015,3,29,13,1,Sunday
32,7,2015-03-29,0,0,0,0,0,0,a,a,3000.0,3.0,2010.0,1,1.0,2015.0,"Mar,Jun,Sept,Dec",2015,3,29,13,1,Sunday
33,7,2015-03-29,0,0,0,0,0,1,d,c,1500.0,9.0,2008.0,0,0.0,0.0,None,2015,3,29,13,1,Sunday
34,7,2015-03-29,0,0,0,0,0,0,d,c,500.0,9.0,2005.0,0,0.0,0.0,None,2015,3,29,13,1,Sunday
35,7,2015-03-29,0,0,0,0,0,0,a,c,120.0,5.0,0.0,1,22.0,2015.0,"Mar,Jun,Sept,Dec",2015,3,29,13,1,Sunday
36,7,2015-03-29,0,0,0,0,0,0,d,a,1500.0,3.0,2008.0,1,40.0,2011.0,"Feb,May,Aug,Nov",2015,3,29,13,1,Sunday
37,7,2015-03-29,0,0,0,0,0,0,d,a,7500.0,3.0,2008.0,1,40.0,2009.0,"Mar,Jun,Sept,Dec",2015,3,29,13,1,Sunday
38,7,2015-03-29,0,0,0,0,0,0,a,a,3000.0,3.0,2010.0,0,0.0,0.0,None,2015,3,29,13,1,Sunday
39,7,2015-03-29,0,0,0,0,0,0,c,a,7500.0,7.0,2014.0,1,14.0,2015.0,"Jan,Apr,Jul,Oct",2015,3,29,13,1,Sunday
40,7,2015-03-29,0,0,0,0,0,0,d,a,1500.0,11.0,2008.0,1,22.0,2013.0,"Jan,Apr,Jul,Oct",2015,3,29,13,1,Sunday
41,7,2015-03-29,0,0,0,0,0,0,a,c,500.0,1.0,0.0,0,0.0,0.0,None,2015,3,29,13,1,Sunday
42,7,2015-03-29,0,0,0,0,0,0,d,c,120.0,1.0,2014.0,0,0.0,0.0,None,2015,3,29,13,1,Sunday
43,7,2015-03-29,0,0,0,0,0,0,a,a,500.0,0.0,0.0,1,31.0,2011.0,"Mar,Jun,Sept,Dec",2015,3,29,13,1,Sunday
44,7,2015-03-29,0,0,0,0,0,0,a,a,1500.0,5.0,2005.0,0,0.0,0.0,None,2015,3,29,13,1,Sunday
45,7,2015-03-29,0,0,0,0,0,0,c,a,120.0,9.0,2014.0,1,22.0,2011.0,"Feb,May,Aug,Nov",2015,3,29,13,1,Sunday
46,7,2015-03-29,0,0,0,0,0,1,a,c,500.0,1.0,2014.0,0,0.0,0.0,None,2015,3,29,13,1,Sunday
47,7,2015-03-29,0,0,0,0,0,0,c,a,1500.0,0.0,0.0,1,40.0,2013.0,"Jan,Apr,Jul,Oct",2015,3,29,13,1,Sunday
48,7,2015-03-29,0,0,0,0,0,0,a,c,500.0,7.0,2010.0,1,22.0,2011.0,"Mar,Jun,Sept,Dec",2015,3,29,13,1,Sunday
49,7,2015-03-29,0,0,0,0,0,0,d,a,120.0,1.0,2010.0,1,14.0,2009.0,"Mar,Jun,Sept,Dec",2015,3,29,13,1,Sunday
50,7,2015-03-29,0,0,0,0,0,0,a,c,500.0,1.0,2012.0,0,0.0,0.0,None,2015,3,29,13,1,Sunday
51,7,2015-03-29,0,0,0,0,0,0,a,c,120.0,1.0,0.0,0,0.0,0.0,None,2015,3,29,13,1,Sunday
52,7,2015-03-29,0,0,0,0,0,1,a,a,120.0,7.0,2012.0,1,31.0,2013.0,"Mar,Jun,Sept,Dec",2015,3,29,13,1,Sunday
53,7,2015-03-29,0,0,0,0,0,0,a,c,1500.0,0.0,0.0,1,14.0,2009.0,"Feb,May,Aug,Nov",2015,3,29,13,1,Sunday
54,7,2015-03-29,0,0,0,0,0,0,a,a,1500.0,0.0,0.0,0,0.0,0.0,None,2015,3,29,13,1,Sunday
55,7,2015-03-29,0,0,0,0,0,0,d,c,1500.0,1.0,2005.0,1,22.0,2009.0,"Feb,May,Aug,Nov",2015,3,29,13,1,Sunday
56,7,2015-03-29,0,0,0,0,0,0,a,a,1500.0,7.0,2010.0,0,0.0,0.0,None,2015,3,29,13,1,Sunday
57,7,2015-03-29,0,0,0,0,0,1,a,c,1500.0,0.0,2012.0,1,10.0,2009.0,"Mar,Jun,Sept,Dec",2015,3,29,13,1,Sunday
58,7,2015-03-29,0,0,0,0,0,0,d,c,1500.0,0.0,0.0,1,14.0,2009.0,"Mar,Jun,Sept,Dec",2015,3,29,13,1,Sunday
59,7,2015-03-29,0,0,0,0,0,0,d,c,500.0,7.0,2012.0,0,0.0,0.0,None,2015,3,29,13,1,Sunday
60,7,2015-03-29,0,0,0,0,0,0,a,a,1500.0,11.0,0.0,1,31.0,2011.0,"Feb,May,Aug,Nov",2015,3,29,13,1,Sunday
61,7,2015-03-29,0,0,0,0,0,0,a,c,500.0,5.0,2005.0,1,31.0,2013.0,"Jan,Apr,Jul,Oct",2015,3,29,13,1,Sunday
62,7,2015-03-29,0,0,0,0,0,0,a,a,15000.0,5.0,2005.0,0,0.0,0.0,None,2015,3,29,13,1,Sunday
63,7,2015-03-29,0,0,0,0,0,0,c,c,3000.0,5.0,2005.0,0,0.0,0.0,None,2015,3,29,13,1,Sunday
64,7,2015-03-29,0,0,0,0,0,0,c,c,1500.0,5.0,0.0,1,1.0,2013.0,"Jan,Apr,Jul,Oct",2015,3,29,13,1,Sunday
65,7,2015-03-29,0,0,0,0,0,0,a,c,1500.0,0.0,2014.0,0,0.0,0.0,None,2015,3,29,13,1,Sunday
66,7,2015-03-29,0,0,0,0,0,0,a,a,15000.0,3.0,2010.0,0,0.0,0.0,None,2015,3,29,13,1,Sunday
67,7,2015-03-29,0,0,0,0,0,0,d,c,1500.0,1.0,2012.0,0,0.0,0.0,None,2015,3,29,13,1,Sunday
68,7,2015-03-29,0,0,0,0,0,0,c,c,500.0,7.0,0.0,0,0.0,0.0,None,2015,3,29,13,1,Sunday
69,7,2015-03-29,0,0,0,0,0,0,d,c,15000.0,1.0,2012.0,1,31.0,2013.0,"Mar,Jun,Sept,Dec",2015,3,29,13,1,Sunday
70,7,2015-03-29,0,0,0,0,0,0,a,a,3000.0,5.0,0.0,0,0.0,0.0,None,2015,3,29,13,1,Sunday
71,7,2015-03-29,0,0,0,0,0,0,a,c,120.0,1.0,2008.0,1,31.0,2009.0,"Jan,Apr,Jul,Oct",2015,3,29,13,1,Sunday
72,7,2015-03-29,0,0,0,0,0,1,a,c,7500.0,9.0,2010.0,0,0.0,0.0,None,2015,3,29,13,1,Sunday
73,7,2015-03-29,0,0,0,0,0,0,d,c,500.0,5.0,2008.0,1,40.0,2013.0,"Mar,Jun,Sept,Dec",2015,3,29,13,1,Sunday
74,7,2015-03-29,0,0,0,0,0,1,a,a,500.0,7.0,2012.0,0,0.0,0.0,None,2015,3,29,13,1,Sunday
75,7,2015-03-29,0,0,0,0,0,0,c,c,3000.0,11.0,0.0,1,14.0,2009.0,"Feb,May,Aug,Nov",2015,3,29,13,1,Sunday
76,7,2015-03-29,0,0,0,0,0,0,a,a,120.0,0.0,2014.0,0,0.0,0.0,None,2015,3,29,13,1,Sunday
77,7,2015-03-29,0,0,0,0,0,0,d,c,1500.0,11.0,2012.0,0,0.0,0.0,None,2015,3,29,13,1,Sunday
78,7,2015-03-29,0,0,0,0,0,1,d,c,500.0,3.0,2010.0,0,0.0,0.0,None,2015,3,29,13,1,Sunday
79,7,2015-03-29,0,0,0,0,0,0,a,a,500.0,0.0,2012.0,1,14.0,2015.0,"Mar,Jun,Sept,Dec",2015,3,29,13,1,Sunday
80,7,2015-03-29,0,0,0,0,0,0,a,a,15000.0,9.0,2010.0,0,0.0,0.0,None,2015,3,29,13,1,Sunday
81,7,2015-03-29,0,0,0,0,0,0,a,a,1500.0,1.0,2010.0,1,22.0,2009.0,"Jan,Apr,Jul,Oct",2015,3,29,13,1,Sunday
82,7,2015-03-29,0,0,0,0,0,0,a,a,1500.0,0.0,0.0,0,0.0,0.0,None,2015,3,29,13,1,Sunday
83,7,2015-03-29,0,0,0,0,0,0,a,c,500.0,7.0,2014.0,0,0.0,0.0,None,2015,3,29,13,1,Sunday
84,7,2015-03-29,0,0,0,0,0,0,d,a,1500.0,0.0,2005.0,0,0.0,0.0,None,2015,3,29,13,1,Sunday
85,7,2015-03-29,0,0,0,0,0,0,d,c,120.0,0.0,2014.0,1,1.0,2013.0,"Jan,Apr,Jul,Oct",2015,3,29,13,1,Sunday
86,7,2015-03-29,0,0,0,0,0,0,d,a,3000.0,0.0,2012.0,0,0.0,0.0,None,2015,3,29,13,1,Sunday
87,7,2015-03-29,0,0,0,0,0,0,a,a,1500.0,0.0,0.0,0,0.0,0.0,None,2015,3,29,13,1,Sunday
88,7,2015-03-29,0,0,0,0,0,0,d,c,3000.0,3.0,2012.0,1,31.0,2009.0,"Feb,May,Aug,Nov",2015,3,29,13,1,Sunday
89,7,2015-03-29,0,0,0,0,0,0,d,a,1500.0,9.0,0.0,1,31.0,2015.0,"Feb,May,Aug,Nov",2015,3,29,13,1,Sunday
90,7,2015-03-29,0,0,0,0,0,0,d,c,1500.0,0.0,0.0,0,0.0,0.0,None,2015,3,29,13,1,Sunday
91,7,2015-03-29,0,0,0,0,0,0,a,c,1500.0,3.0,2008.0,0,0.0,0.0,None,2015,3,29,13,1,Sunday
92,7,2015-03-29,0,0,0,0,0,0,d,c,120.0,3.0,0.0,1,31.0,2009.0,"Feb,May,Aug,Nov",2015,3,29,13,1,Sunday
93,7,2015-03-29,0,0,0,0,0,1,d,a,120.0,5.0,2005.0,0,0.0,0.0,None,2015,3,29,13,1,Sunday
94,7,2015-03-29,0,0,0,0,0,0,c,a,500.0,11.0,2005.0,0,0.0,0.0,None,2015,3,29,13,1,Sunday
95,7,2015-03-29,0,0,0,0,0,0,a,c,500.0,11.0,2005.0,1,31.0,2009.0,"Feb,May,Aug,Nov",2015,3,29,13,1,Sunday
96,7,2015-03-29,0,0,0,0,0,0,d,c,500.0,7.0,2005.0,1,10.0,2009.0,"Feb,May,Aug,Nov",2015,3,29,13,1,Sunday
97,7,2015-03-29,0,0,0,0,0,0,c,a,120.0,0.0,2008.0,0,0.0,0.0,None,2015,3,29,13,1,Sunday
98,7,2015-03-29,0,0,0,0,0,0,c,a,500.0,3.0,2008.0,1,10.0,2009.0,"Feb,May,Aug,Nov",2015,3,29,13,1,Sunday
99,7,2015-03-29,0,0,0,0,0,0,a,c,500.0,1.0,2012.0,0,0.0,0.0,None,2015,3,29,13,1,Sunday
100,7,2015-03-29,0,0,0,0,0,0,b,c,500.0,9.0,2005.0,0,0.0,0.0,None,2015,3,29,13,1,Sunday
1,1,2015-03-30,6087,843,1,0,0,0,a,c,3000.0,7.0,2012.0,0,0.0,0.0,None,2015,3,30,14,1,Monday
2,1,2015-03-30,9139,939,1,0,0,0,a,a,7500.0,5.0,2008.0,0,0.0,0.0,None,2015,3,30,14,1,Monday
3,1,2015-03-30,5919,713,1,0,0,1,d,c,500.0,5.0,2012.0,1,10.0,2011.0,"Jan,Apr,Jul,Oct",2015,3,30,14,1,Monday
4,1,2015-03-30,3222,511,1,0,0,1,a,a,1500.0,1.0,2010.0,1,40.0,2011.0,"Mar,Jun,Sept,Dec",2015,3,30,14,1,Monday
5,1,2015-03-30,5261,488,1,0,0,0,c,a,15000.0,0.0,2008.0,1,31.0,2009.0,"Mar,Jun,Sept,Dec",2015,3,30,14,1,Monday
6,1,2015-03-30,9820,1189,1,0,0,0,a,c,1500.0,1.0,0.0,0,0.0,0.0,None,2015,3,30,14,1,Monday
7,1,2015-03-30,11007,1034,1,0,0,0,a,a,1500.0,5.0,2012.0,1,14.0,2011.0,"Jan,Apr,Jul,Oct",2015,3,30,14,1,Monday
8,1,2015-03-30,2681,440,1,0,0,0,a,c,500.0,9.0,2014.0,1,40.0,2009.0,"Mar,Jun,Sept,Dec",2015,3,30,14,1,Monday
9,1,2015-03-30,5135,783,1,0,0,0,d,a,500.0,5.0,2014.0,1,40.0,2013.0,"Jan,Apr,Jul,Oct",2015,3,30,14,1,Monday
10,1,2015-03-30,9139,944,1,1,0,0,d,c,3000.0,11.0,2012.0,1,1.0,2015.0,"Jan,Apr,Jul,Oct",2015,3,30,14,1,Monday
11,1,2015-03-30,11463,1175,1,0,0,0,a,c,120.0,11.0,0.0,1,22.0,2015.0,"Mar,Jun,Sept,Dec",2015,3,30,14,1,Monday
12,1,2015-03-30,4887,688,1,1,0,1,d,c,3000.0,0.0,2008.0,0,0.0,0.0,None,2015,3,30,14,1,Monday
13,1,2015-03-30,9419,998,1,0,0,0,a,a,7500.0,5.0,2005.0,0,0.0,0.0,None,2015,3,30,14,1,Monday
14,1,2015-03-30,5232,455,1,0,0,0,a,c,1500.0,5.0,2014.0,1,1.0,2013.0,"Jan,Apr,Jul,Oct",2015,3,30,14,1,Monday
15,1,2015-03-30,4718,512,1,0,0,0,d,c,3000.0,11.0,2014.0,1,1.0,2013.0,"Mar,Jun,Sept,Dec",2015,3,30,14,1,Monday
16,1,2015-03-30,12628,1085,1,1,0,0,a,a,500.0,11.0,0.0,0,0.0,0.0,None,2015,3,30,14,1,Monday
17,1,2015-03-30,12006,1024,1,0,0,0,a,c,500.0,7.0,2008.0,0,0.0,0.0,None,2015,3,30,14,1,Monday
18,1,2015-03-30,9110,1114,1,0,0,0,d,c,1500.0,5.0,2005.0,1,40.0,2009.0,"Jan,Apr,Jul,Oct",2015,3,30,14,1,Monday
19,1,2015-03-30,5176,448,1,1,0,1,d,c,120.0,9.0,2014.0,1,10.0,2013.0,"Jan,Apr,Jul,Oct",2015,3,30,14,1,Monday
20,1,2015-03-30,6565,695,1,0,0,1,a,a,500.0,9.0,0.0,1,1.0,2013.0,"Mar,Jun,Sept,Dec",2015,3,30,14,1,Monday
21,1,2015-03-30,10416,941,1,1,0,0,a,c,1500.0,0.0,2008.0,0,0.0,0.0,None,2015,3,30,14,1,Monday
22,1,2015-03-30,6316,1024,1,0,0,0,a,a,500.0,0.0,2010.0,0,0.0,0.0,None,2015,3,30,14,1,Monday
23,1,2015-03-30,5292,478,1,0,0,0,d,c,500.0,1.0,2008.0,0,0.0,0.0,None,2015,3,30,14,1,Monday
24,1,2015-03-30,9654,1066,1,1,0,1,a,a,1500.0,1.0,2010.0,0,0.0,0.0,None,2015,3,30,14,1,Monday
25,1,2015-03-30,7330,705,1,0,0,0,a,c,500.0,1.0,2012.0,0,0.0,0.0,None,2015,3,30,14,1,Monday
26,1,2015-03-30,6873,1032,1,0,0,1,d,a,1500.0,3.0,2008.0,0,0.0,0.0,None,2015,3,30,14,1,Monday
27,1,2015-03-30,13348,1159,1,0,0,0,d,a,15000.0,9.0,2008.0,1,1.0,2009.0,"Mar,Jun,Sept,Dec",2015,3,30,14,1,Monday
28,1,2015-03-30,9601,984,1,0,0,0,a,a,1500.0,3.0,2010.0,0,0.0,0.0,None,2015,3,30,14,1,Monday
29,1,2015-03-30,8627,1198,1,1,0,0,a,a,1500.0,5.0,0.0,1,10.0,2015.0,"Jan,Apr,Jul,Oct",2015,3,30,14,1,Monday
30,1,2015-03-30,4156,594,1,0,0,0,c,c,500.0,11.0,2014.0,1,22.0,2015.0,"Feb,May,Aug,Nov",2015,3,30,14,1,Monday
31,1,2015-03-30,12296,1047,1,0,0,0,d,c,500.0,0.0,2014.0,1,31.0,2015.0,"Mar,Jun,Sept,Dec",2015,3,30,14,1,Monday
32,1,2015-03-30,0,0,0,1,0,0,a,a,3000.0,3.0,2010.0,1,1.0,2015.0,"Mar,Jun,Sept,Dec",2015,3,30,14,1,Monday
33,1,2015-03-30,6009,386,1,1,0,0,d,c,1500.0,9.0,2008.0,0,0.0,0.0,None,2015,3,30,14,1,Monday
34,1,2015-03-30,5692,572,1,0,0,0,d,c,500.0,9.0,2005.0,0,0.0,0.0,None,2015,3,30,14,1,Monday
35,1,2015-03-30,5241,600,1,0,0,0,a,c,120.0,5.0,0.0,1,22.0,2015.0,"Mar,Jun,Sept,Dec",2015,3,30,14,1,Monday
36,1,2015-03-30,9386,789,1,0,0,0,d,a,1500.0,3.0,2008.0,1,40.0,2011.0,"Feb,May,Aug,Nov",2015,3,30,14,1,Monday
37,1,2015-03-30,4078,724,1,0,0,0,d,a,7500.0,3.0,2008.0,1,40.0,2009.0,"Mar,Jun,Sept,Dec",2015,3,30,14,1,Monday
38,1,2015-03-30,5781,1026,1,0,0,0,a,a,3000.0,3.0,2010.0,0,0.0,0.0,None,2015,3,30,14,1,Monday
39,1,2015-03-30,8947,841,1,1,0,1,c,a,7500.0,7.0,2014.0,1,14.0,2015.0,"Jan,Apr,Jul,Oct",2015,3,30,14,1,Monday
40,1,2015-03-30,7953,923,1,1,0,0,d,a,1500.0,11.0,2008.0,1,22.0,2013.0,"Jan,Apr,Jul,Oct",2015,3,30,14,1,Monday
41,1,2015-03-30,2803,457,1,0,0,1,a,c,500.0,1.0,0.0,0,0.0,0.0,None,2015,3,30,14,1,Monday
42,1,2015-03-30,9561,709,1,1,0,0,d,c,120.0,1.0,2014.0,0,0.0,0.0,None,2015,3,30,14,1,Monday
43,1,2015-03-30,6545,760,1,0,0,0,a,a,500.0,0.0,0.0,1,31.0,2011.0,"Mar,Jun,Sept,Dec",2015,3,30,14,1,Monday
44,1,2015-03-30,7756,888,1,0,0,0,a,a,1500.0,5.0,2005.0,0,0.0,0.0,None,2015,3,30,14,1,Monday
45,1,2015-03-30,8480,1141,1,0,0,1,c,a,120.0,9.0,2014.0,1,22.0,2011.0,"Feb,May,Aug,Nov",2015,3,30,14,1,Monday
46,1,2015-03-30,7179,613,1,0,0,1,a,c,500.0,1.0,2014.0,0,0.0,0.0,None,2015,3,30,14,1,Monday
47,1,2015-03-30,7223,783,1,0,0,0,c,a,1500.0,0.0,0.0,1,40.0,2013.0,"Jan,Apr,Jul,Oct",2015,3,30,14,1,Monday
48,1,2015-03-30,3662,351,1,0,0,0,a,c,500.0,7.0,2010.0,1,22.0,2011.0,"Mar,Jun,Sept,Dec",2015,3,30,14,1,Monday
49,1,2015-03-30,3676,313,1,1,0,0,d,a,120.0,1.0,2010.0,1,14.0,2009.0,"Mar,Jun,Sept,Dec",2015,3,30,14,1,Monday
50,1,2015-03-30,8959,881,1,0,0,0,a,c,500.0,1.0,2012.0,0,0.0,0.0,None,2015,3,30,14,1,Monday
51,1,2015-03-30,10527,861,1,1,0,0,a,c,120.0,1.0,0.0,0,0.0,0.0,None,2015,3,30,14,1,Monday
52,1,2015-03-30,4664,380,1,1,0,0,a,a,120.0,7.0,2012.0,1,31.0,2013.0,"Mar,Jun,Sept,Dec",2015,3,30,14,1,Monday
53,1,2015-03-30,4231,326,1,1,0,0,a,c,1500.0,0.0,0.0,1,14.0,2009.0,"Feb,May,Aug,Nov",2015,3,30,14,1,Monday
54,1,2015-03-30,6196,881,1,0,0,1,a,a,1500.0,0.0,0.0,0,0.0,0.0,None,2015,3,30,14,1,Monday
55,1,2015-03-30,8179,706,1,0,0,1,d,c,1500.0,1.0,2005.0,1,22.0,2009.0,"Feb,May,Aug,Nov",2015,3,30,14,1,Monday
56,1,2015-03-30,7939,951,1,1,0,1,a,a,1500.0,7.0,2010.0,0,0.0,0.0,None,2015,3,30,14,1,Monday
57,1,2015-03-30,9095,998,1,1,0,1,a,c,1500.0,0.0,2012.0,1,10.0,2009.0,"Mar,Jun,Sept,Dec",2015,3,30,14,1,Monday
58,1,2015-03-30,9202,732,1,1,0,0,d,c,1500.0,0.0,0.0,1,14.0,2009.0,"Mar,Jun,Sept,Dec",2015,3,30,14,1,Monday
59,1,2015-03-30,5911,537,1,1,0,0,d,c,500.0,7.0,2012.0,0,0.0,0.0,None,2015,3,30,14,1,Monday
60,1,2015-03-30,7225,715,1,1,0,1,a,a,1500.0,11.0,0.0,1,31.0,2011.0,"Feb,May,Aug,Nov",2015,3,30,14,1,Monday
61,1,2015-03-30,3284,440,1,0,0,0,a,c,500.0,5.0,2005.0,1,31.0,2013.0,"Jan,Apr,Jul,Oct",2015,3,30,14,1,Monday
62,1,2015-03-30,9617,784,1,1,0,0,a,a,15000.0,5.0,2005.0,0,0.0,0.0,None,2015,3,30,14,1,Monday
63,1,2015-03-30,5400,396,1,1,0,1,c,c,3000.0,5.0,2005.0,0,0.0,0.0,None,2015,3,30,14,1,Monday
64,1,2015-03-30,7103,633,1,0,0,0,c,c,1500.0,5.0,0.0,1,1.0,2013.0,"Jan,Apr,Jul,Oct",2015,3,30,14,1,Monday
65,1,2015-03-30,4437,516,1,1,0,0,a,c,1500.0,0.0,2014.0,0,0.0,0.0,None,2015,3,30,14,1,Monday
66,1,2015-03-30,7430,683,1,0,0,0,a,a,15000.0,3.0,2010.0,0,0.0,0.0,None,2015,3,30,14,1,Monday
67,1,2015-03-30,10647,927,1,0,0,0,d,c,1500.0,1.0,2012.0,0,0.0,0.0,None,2015,3,30,14,1,Monday
68,1,2015-03-30,5192,652,1,0,0,0,c,c,500.0,7.0,0.0,0,0.0,0.0,None,2015,3,30,14,1,Monday
69,1,2015-03-30,8057,867,1,0,0,0,d,c,15000.0,1.0,2012.0,1,31.0,2013.0,"Mar,Jun,Sept,Dec",2015,3,30,14,1,Monday
70,1,2015-03-30,13710,1199,1,1,0,0,a,a,3000.0,5.0,0.0,0,0.0,0.0,None,2015,3,30,14,1,Monday
71,1,2015-03-30,7055,591,1,1,0,0,a,c,120.0,1.0,2008.0,1,31.0,2009.0,"Jan,Apr,Jul,Oct",2015,3,30,14,1,Monday
72,1,2015-03-30,4377,366,1,1,0,1,a,c,7500.0,9.0,2010.0,0,0.0,0.0,None,2015,3,30,14,1,Monday
73,1,2015-03-30,6485,1081,1,0,0,1,d,c,500.0,5.0,2008.0,1,40.0,2013.0,"Mar,Jun,Sept,Dec",2015,3,30,14,1,Monday
74,1,2015-03-30,9018,1021,1,1,0,0,a,a,500.0,7.0,2012.0,0,0.0,0.0,None,2015,3,30,14,1,Monday
75,1,2015-03-30,4254,609,1,0,0,0,c,c,3000.0,11.0,0.0,1,14.0,2009.0,"Feb,May,Aug,Nov",2015,3,30,14,1,Monday
76,1,2015-03-30,7382,887,1,0,0,0,a,a,120.0,0.0,2014.0,0,0.0,0.0,None,2015,3,30,14,1,Monday
77,1,2015-03-30,8023,936,1,1,0,0,d,c,1500.0,11.0,2012.0,0,0.0,0.0,None,2015,3,30,14,1,Monday
78,1,2015-03-30,11144,1108,1,0,0,0,d,c,500.0,3.0,2010.0,0,0.0,0.0,None,2015,3,30,14,1,Monday
79,1,2015-03-30,8221,629,1,1,0,0,a,a,500.0,0.0,2012.0,1,14.0,2015.0,"Mar,Jun,Sept,Dec",2015,3,30,14,1,Monday
80,1,2015-03-30,5043,419,1,1,0,0,a,a,15000.0,9.0,2010.0,0,0.0,0.0,None,2015,3,30,14,1,Monday
81,1,2015-03-30,9069,996,1,0,0,0,a,a,1500.0,1.0,2010.0,1,22.0,2009.0,"Jan,Apr,Jul,Oct",2015,3,30,14,1,Monday
82,1,2015-03-30,10477,1072,1,0,0,0,a,a,1500.0,0.0,0.0,0,0.0,0.0,None,2015,3,30,14,1,Monday
83,1,2015-03-30,7256,908,1,0,0,0,a,c,500.0,7.0,2014.0,0,0.0,0.0,None,2015,3,30,14,1,Monday
84,1,2015-03-30,7471,833,1,0,0,0,d,a,1500.0,0.0,2005.0,0,0.0,0.0,None,2015,3,30,14,1,Monday
85,1,2015-03-30,7523,718,1,1,0,0,d,c,120.0,0.0,2014.0,1,1.0,2013.0,"Jan,Apr,Jul,Oct",2015,3,30,14,1,Monday
86,1,2015-03-30,7302,845,1,0,0,0,d,a,3000.0,0.0,2012.0,0,0.0,0.0,None,2015,3,30,14,1,Monday
87,1,2015-03-30,3647,316,1,1,0,0,a,a,1500.0,0.0,0.0,0,0.0,0.0,None,2015,3,30,14,1,Monday
88,1,2015-03-30,3189,446,1,1,0,0,d,c,3000.0,3.0,2012.0,1,31.0,2009.0,"Feb,May,Aug,Nov",2015,3,30,14,1,Monday
89,1,2015-03-30,6219,648,1,0,0,0,d,a,1500.0,9.0,0.0,1,31.0,2015.0,"Feb,May,Aug,Nov",2015,3,30,14,1,Monday
90,1,2015-03-30,8480,1178,1,0,0,1,d,c,1500.0,0.0,0.0,0,0.0,0.0,None,2015,3,30,14,1,Monday
91,1,2015-03-30,2954,473,1,0,0,0,a,c,1500.0,3.0,2008.0,0,0.0,0.0,None,2015,3,30,14,1,Monday
92,1,2015-03-30,8485,769,1,0,0,0,d,c,120.0,3.0,0.0,1,31.0,2009.0,"Feb,May,Aug,Nov",2015,3,30,14,1,Monday
93,1,2015-03-30,2525,433,1,0,0,0,d,a,120.0,5.0,2005.0,0,0.0,0.0,None,2015,3,30,14,1,Monday
94,1,2015-03-30,3481,566,1,0,0,1,c,a,500.0,11.0,2005.0,0,0.0,0.0,None,2015,3,30,14,1,Monday
95,1,2015-03-30,3716,645,1,0,0,0,a,c,500.0,11.0,2005.0,1,31.0,2009.0,"Feb,May,Aug,Nov",2015,3,30,14,1,Monday
96,1,2015-03-30,8091,960,1,1,0,0,d,c,500.0,7.0,2005.0,1,10.0,2009.0,"Feb,May,Aug,Nov",2015,3,30,14,1,Monday
97,1,2015-03-30,7229,1119,1,0,0,0,c,a,120.0,0.0,2008.0,0,0.0,0.0,None,2015,3,30,14,1,Monday
98,1,2015-03-30,8797,813,1,1,0,1,c,a,500.0,3.0,2008.0,1,10.0,2009.0,"Feb,May,Aug,Nov",2015,3,30,14,1,Monday
99,1,2015-03-30,0,0,0,0,0,0,a,c,500.0,1.0,2012.0,0,0.0,0.0,None,2015,3,30,14,1,Monday
100,1,2015-03-30,6474,580,1,1,0,0,b,c,500.0,9.0,2005.0,0,0.0,0.0,None,2015,3,30,14,1,Monday
1,2,2015-03-31,7513,909,1,0,0,0,a,c,3000.0,7.0,2012.0,0,0.0,0.0,None,2015,3,31,14,1,Tuesday
2,2,2015-03-31,4878,562,1,0,0,1,a,a,7500.0,5.0,2008.0,0,0.0,0.0,None,2015,3,31,14,1,Tuesday
3,2,2015-03-31,7891,981,1,0,0,0,d,c,500.0,5.0,2012.0,1,10.0,2011.0,"Jan,Apr,Jul,Oct",2015,3,31,14,1,Tuesday
4,2,2015-03-31,4056,420,1,0,0,0,a,a,1500.0,1.0,2010.0,1,40.0,2011.0,"Mar,Jun,Sept,Dec",2015,3,31,14,1,Tuesday
5,2,2015-03-31,11397,1012,1,0,0,0,c,a,15000.0,0.0,2008.0,1,31.0,2009.0,"Mar,Jun,Sept,Dec",2015,3,31,14,1,Tuesday
6,2,2015-03-31,7026,808,1,0,0,0,a,c,1500.0,1.0,0.0,0,0.0,0.0,None,2015,3,31,14,1,Tuesday
7,2,2015-03-31,6604,739,1,0,0,0,a,a,1500.0,5.0,2012.0,1,14.0,2011.0,"Jan,Apr,Jul,Oct",2015,3,31,14,1,Tuesday
8,2,2015-03-31,6385,1088,1,0,0,1,a,c,500.0,9.0,2014.0,1,40.0,2009.0,"Mar,Jun,Sept,Dec",2015,3,31,14,1,Tuesday
9,2,2015-03-31,3181,313,1,0,0,0,d,a,500.0,5.0,2014.0,1,40.0,2013.0,"Jan,Apr,Jul,Oct",2015,3,31,14,1,Tuesday
10,2,2015-03-31,3859,351,1,1,0,0,d,c,3000.0,11.0,2012.0,1,1.0,2015.0,"Jan,Apr,Jul,Oct",2015,3,31,14,1,Tuesday
11,2,2015-03-31,7168,986,1,1,0,0,a,c,120.0,11.0,0.0,1,22.0,2015.0,"Mar,Jun,Sept,Dec",2015,3,31,14,1,Tuesday
12,2,2015-03-31,4556,625,1,0,0,1,d,c,3000.0,0.0,2008.0,0,0.0,0.0,None,2015,3,31,14,1,Tuesday
13,2,2015-03-31,14257,1199,1,1,0,0,a,a,7500.0,5.0,2005.0,0,0.0,0.0,None,2015,3,31,14,1,Tuesday
14,2,2015-03-31,7257,858,1,1,0,0,a,c,1500.0,5.0,2014.0,1,1.0,2013.0,"Jan,Apr,Jul,Oct",2015,3,31,14,1,Tuesday
15,2,2015-03-31,4546,438,1,1,0,0,d,c,3000.0,11.0,2014.0,1,1.0,2013.0,"Mar,Jun,Sept,Dec",2015,3,31,14,1,Tuesday
16,2,2015-03-31,3128,417,1,0,0,1,a,a,500.0,11.0,0.0,0,0.0,0.0,None,2015,3,31,14,1,Tuesday
17,2,2015-03-31,7762,761,1,1,0,1,a,c,500.0,7.0,2008.0,0,0.0,0.0,None,2015,3,31,14,1,Tuesday
18,2,2015-03-31,5329,605,1,1,0,1,d,c,1500.0,5.0,2005.0,1,40.0,2009.0,"Jan,Apr,Jul,Oct",2015,3,31,14,1,Tuesday
19,2,2015-03-31,3944,645,1,0,0,0,d,c,120.0,9.0,2014.0,1,10.0,2013.0,"Jan,Apr,Jul,Oct",2015,3,31,14,1,Tuesday
20,2,2015-03-31,11774,908,1,1,0,1,a,a,500.0,9.0,0.0,1,1.0,2013.0,"Mar,Jun,Sept,Dec",2015,3,31,14,1,Tuesday
21,2,2015-03-31,3547,477,1,0,0,0,a,c,1500.0,0.0,2008.0,0,0.0,0.0,None,2015,3,31,14,1,Tuesday
22,2,2015-03-31,6545,577,1,1,0,1,a,a,500.0,0.0,2010.0,0,0.0,0.0,None,2015,3,31,14,1,Tuesday
23,2,2015-03-31,13969,1104,1,1,0,0,d,c,500.0,1.0,2008.0,0,0.0,0.0,None,2015,3,31,14,1,Tuesday
24,2,2015-03-31,11293,945,1,0,0,0,a,a,1500.0,1.0,2010.0,0,0.0,0.0,None,2015,3,31,14,1,Tuesday
25,2,2015-03-31,8916,770,1,1,0,0,a,c,500.0,1.0,2012.0,0,0.0,0.0,None,2015,3,31,14,1,Tuesday
26,2,2015-03-31,4373,320,1,1,0,0,d,a,1500.0,3.0,2008.0,0,0.0,0.0,None,2015,3,31,14,1,Tuesday
27,2,2015-03-31,3682,338,1,1,0,0,d,a,15000.0,9.0,2008.0,1,1.0,2009.0,"Mar,Jun,Sept,Dec",2015,3,31,14,1,Tuesday
28,2,2015-03-31,8790,1045,1,0,0,0,a,a,1500.0,3.0,2010.0,0,0.0,0.0,None,2015,3,31,14,1,Tuesday
29,2,2015-03-31,3912,380,1,0,0,0,a,a,1500.0,5.0,0.0,1,10.0,2015.0,"Jan,Apr,Jul,Oct",2015,3,31,14,1,Tuesday
30,2,2015-03-31,13404,1054,1,1,0,0,c,c,500.0,11.0,2014.0,1,22.0,2015.0,"Feb,May,Aug,Nov",2015,3,31,14,1,Tuesday
31,2,2015-03-31,3226,415,1,0,0,0,d,c,500.0,0.0,2014.0,1,31.0,2015.0,"Mar,Jun,Sept,Dec",2015,3,31,14,1,Tuesday
32,2,2015-03-31,6862,911,1,1,0,1,a,a,3000.0,3.0,2010.0,1,1.0,2015.0,"Mar,Jun,Sept,Dec",2015,3,31,14,1,Tuesday
33,2,2015-03-31,7432,652,1,0,0,0,d,c,1500.0,9.0,2008.0,0,0.0,0.0,None,2015,3,31,14,1,Tuesday
34,2,2015-03-31,3153,443,1,0,0,0,d,c,500.0,9.0,2005.0,0,0.0,0.0,None,2015,3,31,14,1,Tuesday
35,2,2015-03-31,2584,318,1,0,0,0,a,c,120.0,5.0,0.0,1,22.0,2015.0,"Mar,Jun,Sept,Dec",2015,3,31,14,1,Tuesday
36,2,2015-03-31,12501,994,1,1,0,0,d,a,1500.0,3.0,2008.0,1,40.0,2011.0,"Feb,May,Aug,Nov",2015,3,31,14,1,Tuesday
37,2,2015-03-31,4557,460,1,0,0,1,d,a,7500.0,3.0,2008.0,1,40.0,2009.0,"Mar,Jun,Sept,Dec",2015,3,31,14,1,Tuesday
38,2,2015-03-31,10711,845,1,1,0,0,a,a,3000.0,3.0,2010.0,0,0.0,0.0,None,2015,3,31,14,1,Tuesday
39,2,2015-03-31,6147,622,1,1,0,0,c,a,7500.0,7.0,2014.0,1,14.0,2015.0,"Jan,Apr,Jul,Oct",2015,3,31,14,1,Tuesday
40,2,2015-03-31,7405,542,1,1,0,0,d,a,1500.0,11.0,2008.0,1,22.0,2013.0,"Jan,Apr,Jul,Oct",2015,3,31,14,1,Tuesday
41,2,2015-03-31,5299,450,1,1,0,0,a,c,500.0,1.0,0.0,0,0.0,0.0,None,2015,3,31,14,1,Tuesday
42,2,2015-03-31,4965,588,1,1,0,0,d,c,120.0,1.0,2014.0,0,0.0,0.0,None,2015,3,31,14,1,Tuesday
43,2,2015-03-31,10530,1005,1,0,0,1,a,a,500.0,0.0,0.0,1,31.0,2011.0,"Mar,Jun,Sept,Dec",2015,3,31,14,1,Tuesday
44,2,2015-03-31,3941,402,1,1,0,1,a,a,1500.0,5.0,2005.0,0,0.0,0.0,None,2015,3,31,14,1,Tuesday
45,2,2015-03-31,5609,821,1,0,0,0,c,a,120.0,9.0,2014.0,1,22.0,2011.0,"Feb,May,Aug,Nov",2015,3,31,14,1,Tuesday
46,2,2015-03-31,7638,843,1,0,0,0,a,c,500.0,1.0,2014.0,0,0.0,0.0,None,2015,3,31,14,1,Tuesday
47,2,2015-03-31,8803,699,1,1,0,0,c,a,1500.0,0.0,0.0,1,40.0,2013.0,"Jan,Apr,Jul,Oct",2015,3,31,14,1,Tuesday
48,2,2015-03-31,3324,415,1,1,0,0,a,c,500.0,7.0,2010.0,1,22.0,2011.0,"Mar,Jun,Sept,Dec",2015,3,31,14,1,Tuesday
49,2,2015-03-31,6454,561,1,0,0,0,d,a,120.0,1.0,2010.0,1,14.0,2009.0,"Mar,Jun,Sept,Dec",2015,3,31,14,1,Tuesday
50,2,2015-03-31,8803,927,1,1,0,1,a,c,500.0,1.0,2012.0,0,0.0,0.0,None,2015,3,31,14,1,Tuesday
51,2,2015-03-31,7367,1034,1,0,0,0,a,c,120.0,1.0,0.0,0,0.0,0.0,None,2015,3,31,14,1,Tuesday
52,2,2015-03-31,6189,705,1,0,0,0,a,a,120.0,7.0,2012.0,1,31.0,2013.0,"Mar,Jun,Sept,Dec",2015,3,31,14,1,Tuesday
53,2,2015-03-31,4977,481,1,0,0,1,a,c,1500.0,0.0,0.0,1,14.0,2009.0,"Feb,May,Aug,Nov",2015,3,31,14,1,Tuesday
54,2,2015-03-31,3770,555,1,1,0,0,a,a,1500.0,0.0,0.0,0,0.0,0.0,None,2015,3,31,14,1,Tuesday
55,2,2015-03-31,4170,564,1,0,0,0,d,c,1500.0,1.0,2005.0,1,22.0,2009.0,"Feb,May,Aug,Nov",2015,3,31,14,1,Tuesday
56,2,2015-03-31,8669,879,1,1,0,0,a,a,1500.0,7.0,2010.0,0,0.0,0.0,None,2015,3,31,14,1,Tuesday
57,2,2015-03-31,2771,470,1,0,0,0,a,c,1500.0,0.0,2012.0,1,10.0,2009.0,"Mar,Jun,Sept,Dec",2015,3,31,14,1,Tuesday
58,2,2015-03-31,3503,322,1,0,0,1,d,c,1500.0,0.0,0.0,1,14.0,2009.0,"Mar,Jun,Sept,Dec",2015,3,31,14,1,Tuesday
59,2,2015-03-31,6149,921,1,1,0,0,d,c,500.0,7.0,2012.0,0,0.0,0.0,None,2015,3,31,14,1,Tuesday
60,2,2015-03-31,2914,374,1,0,0,0,a,a,1500.0,11.0,0.0,1,31.0,2011.0,"Feb,May,Aug,Nov",2015,3,31,14,1,Tuesday
61,2,2015-03-31,10135,949,1,0,0,0,a,c,500.0,5.0,2005.0,1,31.0,2013.0,"Jan,Apr,Jul,Oct",2015,3,31,14,1,Tuesday
62,2,2015-03-31,4995,542,1,1,0,0,a,a,15000.0,5.0,2005.0,0,0.0,0.0,None,2015,3,31,14,1,Tuesday
63,2,2015-03-31,5481,986,1,0,0,0,c,c,3000.0,5.0,2005.0,0,0.0,0.0,None,2015,3,31,14,1,Tuesday
64,2,2015-03-31,1959,321,1,0,0,0,c,c,1500.0,5.0,0.0,1,1.0,2013.0,"Jan,Apr,Jul,Oct",2015,3,31,14,1,Tuesday
65,2,2015-03-31,4330,364,1,0,0,0,a,c,1500.0,0.0,2014.0,0,0.0,0.0,None,2015,3,31,14,1,Tuesday
66,2,2015-03-31,4094,378,1,1,0,0,a,a,15000.0,3.0,2010.0,0,0.0,0.0,None,2015,3,31,14,1,Tuesday
67,2,2015-03-31,9277,1114,1,0,0,0,d,c,1500.0,1.0,2012.0,0,0.0,0.0,None,2015,3,31,14,1,Tuesday
68,2,2015-03-31,3926,376,1,1,0,0,c,c,500.0,7.0,0.0,0,0.0,0.0,None,2015,3,31,14,1,Tuesday
69,2,2015-03-31,11131,1174,1,0,0,0,d,c,15000.0,1.0,2012.0,1,31.0,2013.0,"Mar,Jun,Sept,Dec",2015,3,31,14,1,Tuesday
70,2,2015-03-31,4658,606,1,0,0,1,a,a,3000.0,5.0,0.0,0,0.0,0.0,None,2015,3,31,14,1,Tuesday
71,2,2015-03-31,7071,615,1,1,0,0,a,c,120.0,1.0,2008.0,1,31.0,2009.0,"Jan,Apr,Jul,Oct",2015,3,31,14,1,Tuesday
72,2,2015-03-31,5548,504,1,0,0,0,a,c,7500.0,9.0,2010.0,0,0.0,0.0,None,2015,3,31,14,1,Tuesday
73,2,2015-03-31,4407,551,1,0,0,0,d,c,500.0,5.0,2008.0,1,40.0,2013.0,"Mar,Jun,Sept,Dec",2015,3,31,14,1,Tuesday
74,2,2015-03-31,4391,328,1,1,0,0,a,a,500.0,7.0,2012.0,0,0.0,0.0,None,2015,3,31,14,1,Tuesday
75,2,2015-03-31,3429,463,1,0,0,0,c,c,3000.0,11.0,0.0,1,14.0,2009.0,"Feb,May,Aug,Nov",2015,3,31,14,1,Tuesday
76,2,2015-03-31,8691,916,1,1,0,0,a,a,120.0,0.0,2014.0,0,0.0,0.0,None,2015,3,31,14,1,Tuesday
77,2,2015-03-31,2091,323,1,0,0,0,d,c,1500.0,11.0,2012.0,0,0.0,0.0,None,2015,3,31,14,1,Tuesday
78,2,2015-03-31,7933,673,1,0,0,0,d,c,500.0,3.0,2010.0,0,0.0,0.0,None,2015,3,31,14,1,Tuesday
79,2,2015-03-31,10152,902,1,1,0,0,a,a,500.0,0.0,2012.0,1,14.0,2015.0,"Mar,Jun,Sept,Dec",2015,3,31,14,1,Tuesday
80,2,2015-03-31,8223,1069,1,0,0,0,a,a,15000.0,9.0,2010.0,0,0.0,0.0,None,2015,3,31,14,1,Tuesday
81,2,2015-03-31,8025,590,1,1,0,0,a,a,1500.0,1.0,2010.0,1,22.0,2009.0,"Jan,Apr,Jul,Oct",2015,3,31,14,1,Tuesday
82,2,2015-03-31,6153,641,1,0,0,0,a,a,1500.0,0.0,0.0,0,0.0,0.0,None,2015,3,31,14,1,Tuesday
83,2,2015-03-31,5545,472,1,0,0,0,a,c,500.0,7.0,2014.0,0,0.0,0.0,None,2015,3,31,14,1,Tuesday
84,2,2015-03-31,5374,516,1,0,0,0,d,a,1500.0,0.0,2005.0,0,0.0,0.0,None,2015,3,31,14,1,Tuesday
85,2,2015-03-31,7019,897,1,0,0,0,d,c,120.0,0.0,2014.0,1,1.0,2013.0,"Jan,Apr,Jul,Oct",2015,3,31,14,1,Tuesday
86,2,2015-03-31,5319,693,1,0,0,0,d,a,3000.0,0.0,2012.0,0,0.0,0.0,None,2015,3,31,14,1,Tuesday
87,2,2015-03-31,4264,311,1,1,0,0,a,a,1500.0,0.0,0.0,0,0.0,0.0,None,2015,3,31,14,1,Tuesday
88,2,2015-03-31,7239,565,1,1,0,0,d,c,3000.0,3.0,2012.0,1,31.0,2009.0,"Feb,May,Aug,Nov",2015,3,31,14,1,Tuesday
89,2,2015-03-31,7605,882,1,0,0,0,d,a,1500.0,9.0,0.0,1,31.0,2015.0,"Feb,May,Aug,Nov",2015,3,31,14,1,Tuesday
90,2,2015-03-31,6180,761,1,1,0,0,d,c,1500.0,0.0,0.0,0,0.0,0.0,None,2015,3,31,14,1,Tuesday
91,2,2015-03-31,8977,818,1,0,0,0,a,c,1500.0,3.0,2008.0,0,0.0,0.0,None,2015,3,31,14,1,Tuesday
92,2,2015-03-31,3309,324,1,1,0,0,d,c,120.0,3.0,0.0,1,31.0,2009.0,"Feb,May,Aug,Nov",2015,3,31,14,1,Tuesday
93,2,2015-03-31,10135,1185,1,1,0,1,d,a,120.0,5.0,2005.0,0,0.0,0.0,None,2015,3,31,14,1,Tuesday
94,2,2015-03-31,11112,870,1,1,0,1,c,a,500.0,11.0,2005.0,0,0.0,0.0,None,2015,3,31,14,1,Tuesday
95,2,2015-03-31,10949,1071,1,0,0,0,a,c,500.0,11.0,2005.0,1,31.0,2009.0,"Feb,May,Aug,Nov",2015,3,31,14,1,Tuesday
96,2,2015-03-31,9138,1032,1,0,0,1,d,c,500.0,7.0,2005.0,1,10.0,2009.0,"Feb,May,Aug,Nov",2015,3,31,14,1,Tuesday
97,2,2015-03-31,5423,460,1,0,0,0,c,a,120.0,0.0,2008.0,0,0.0,0.0,None,2015,3,31,14,1,Tuesday
98,2,2015-03-31,3309,306,1,1,0,0,c,a,500.0,3.0,2008.0,1,10.0,2009.0,"Feb,May,Aug,Nov",2015,3,31,14,1,Tuesday
99,2,2015-03-31,4109,378,1,0,0,0,a,c,500.0,1.0,2012.0,0,0.0,0.0,None,2015,3,31,14,1,Tuesday
100,2,2015-03-31,6177,778,1,1,0,0,b,c,500.0,9.0,2005.0,0,0.0,0.0,None,2015,3,31,14,1,Tuesday
1,3,2015-04-01,2477,317,1,0,0,0,a,c,3000.0,7.0,2012.0,0,0.0,0.0,None,2015,4,1,14,2,Wednesday
2,3,2015-04-01,4315,534,1,0,0,1,a,a,7500.0,5.0,2008.0,0,0.0,0.0,None,2015,4,1,14,2,Wednesday
3,3,2015-04-01,2154,340,1,0,0,0,d,c,500.0,5.0,2012.0,1,10.0,2011.0,"Jan,Apr,Jul,Oct",2015,4,1,14,2,Wednesday
4,3,2015-04-01,3479,516,1,0,0,0,a,a,1500.0,1.0,2010.0,1,40.0,2011.0,"Mar,Jun,Sept,Dec",2015,4,1,14,2,Wednesday
5,3,2015-04-01,5610,506,1,1,0,0,c,a,15000.0,0.0,2008.0,1,31.0,2009.0,"Mar,Jun,Sept,Dec",2015,4,1,14,2,Wednesday
6,3,2015-04-01,13048,1103,1,1,0,0,a,c,1500.0,1.0,0.0,0,0.0,0.0,None,2015,4,1,14,2,Wednesday
7,3,2015-04-01,5150,486,1,0,0,0,a,a,1500.0,5.0,2012.0,1,14.0,2011.0,"Jan,Apr,Jul,Oct",2015,4,1,14,2,Wednesday
8,3,2015-04-01,5797,584,1,0,0,0,a,c,500.0,9.0,2014.0,1,40.0,2009.0,"Mar,Jun,Sept,Dec",2015,4,1,14,2,Wednesday
9,3,2015-04-01,3579,556,1,0,0,0,d,a,500.0,5.0,2014.0,1,40.0,2013.0,"Jan,Apr,Jul,Oct",2015,4,1,14,2,Wednesday
10,3,2015-04-01,6740,667,1,1,0,0,d,c,3000.0,11.0,2012.0,1,1.0,2015.0,"Jan,Apr,Jul,Oct",2015,4,1,14,2,Wednesday
11,3,2015-04-01,5609,694,1,0,0,0,a,c,120.0,11.0,0.0,1,22.0,2015.0,"Mar,Jun,Sept,Dec",2015,4,1,14,2,Wednesday
12,3,2015-04-01,7652,929,1,0,0,0,d,c,3000.0,0.0,2008.0,0,0.0,0.0,None,2015,4,1,14,2,Wednesday
13,3,2015-04-01,5477,547,1,1,0,1,a,a,7500.0,5.0,2005.0,0,0.0,0.0,None,2015,4,1,14,2,Wednesday
14,3,2015-04-01,12791,1198,1,0,0,0,a,c,1500.0,5.0,2014.0,1,1.0,2013.0,"Jan,Apr,Jul,Oct",2015,4,1,14,2,Wednesday
15,3,2015-04-01,9687,1182,1,1,0,0,d,c,3000.0,11.0,2014.0,1,1.0,2013.0,"Mar,Jun,Sept,Dec",2015,4,1,14,2,Wednesday
16,3,2015-04-01,12393,1153,1,1,0,0,a,a,500.0,11.0,0.0,0,0.0,0.0,None,2015,4,1,14,2,Wednesday
17,3,2015-04-01,8501,958,1,0,0,1,a,c,500.0,7.0,2008.0,0,0.0,0.0,None,2015,4,1,14,2,Wednesday
18,3,2015-04-01,4491,459,1,0,0,0,d,c,1500.0,5.0,2005.0,1,40.0,2009.0,"Jan,Apr,Jul,Oct",2015,4,1,14,2,Wednesday
19,3,2015-04-01,4481,694,1,0,0,0,d,c,120.0,9.0,2014.0,1,10.0,2013.0,"Jan,Apr,Jul,Oct",2015,4,1,14,2,Wednesday
20,3,2015-04-01,9581,845,1,1,0,0,a,a,500.0,9.0,0.0,1,1.0,2013.0,"Mar,Jun,Sept,Dec",2015,4,1,14,2,Wednesday
21,3,2015-04-01,9905,792,1,1,0,1,a,c,1500.0,0.0,2008.0,0,0.0,0.0,None,2015,4,1,14,2,Wednesday
22,3,2015-04-01,4562,377,1,1,0,0,a,a,500.0,0.0,2010.0,0,0.0,0.0,None,2015,4,1,14,2,Wednesday
23,3,2015-04-01,6983,660,1,0,0,1,d,c,500.0,1.0,2008.0,0,0.0,0.0,None,2015,4,1,14,2,Wednesday
24,3,2015-04-01,5385,560,1,0,0,0,a,a,1500.0,1.0,2010.0,0,0.0,0.0,None,2015,4,1,14,2,Wednesday
25,3,2015-04-01,12521,1126,1,0,0,0,a,c,500.0,1.0,2012.0,0,0.0,0.0,None,2015,4,1,14,2,Wednesday
26,3,2015-04-01,7184,916,1,0,0,0,d,a,1500.0,3.0,2008.0,0,0.0,0.0,None,2015,4,1,14,2,Wednesday
27,3,2015-04-01,5754,511,1,1,0,0,d,a,15000.0,9.0,2008.0,1,1.0,2009.0,"Mar,Jun,Sept,Dec",2015,4,1,14,2,Wednesday
28,3,2015-04-01,6853,630,1,0,0,0,a,a,1500.0,3.0,2010.0,0,0.0,0.0,None,2015,4,1,14,2,Wednesday
29,3,2015-04-01,11671,957,1,1,0,0,a,a,1500.0,5.0,0.0,1,10.0,2015.0,"Jan,Apr,Jul,Oct",2015,4,1,14,2,Wednesday
30,3,2015-04-01,6052,637,1,1,0,0,c,c,500.0,11.0,2014.0,1,22.0,2015.0,"Feb,May,Aug,Nov",2015,4,1,14,2,Wednesday
31,3,2015-04-01,8773,832,1,1,0,0,d,c,500.0,0.0,2014.0,1,31.0,2015.0,"Mar,Jun,Sept,Dec",2015,4,1,14,2,Wednesday
32,3,2015-04-01,4521,669,1,0,0,0,a,a,3000.0,3.0,2010.0,1,1.0,2015.0,"Mar,Jun,Sept,Dec",2015,4,1,14,2,Wednesday
33,3,2015-04-01,6093,957,1,0,0,0,d,c,1500.0,9.0,2008.0,0,0.0,0.0,None,2015,4,1,14,2,Wednesday
34,3,2015-04-01,0,0,0,1,0,0,d,c,500.0,9.0,2005.0,0,0.0,0.0,None,2015,4,1,14,2,Wednesday
35,3,2015-04-01,3234,321,1,0,0,1,a,c,120.0,5.0,0.0,1,22.0,2015.0,"Mar,Jun,Sept,Dec",2015,4,1,14,2,Wednesday
36,3,2015-04-01,9744,1115,1,1,0,1,d,a,1500.0,3.0,2008.0,1,40.0,2011.0,"Feb,May,Aug,Nov",2015,4,1,14,2,Wednesday
37,3,2015-04-01,8175,761,1,0,0,1,d,a,7500.0,3.0,2008.0,1,40.0,2009.0,"Mar,Jun,Sept,Dec",2015,4,1,14,2,Wednesday
38,3,2015-04-01,11662,1176,1,0,0,0,a,a,3000.0,3.0,2010.0,0,0.0,0.0,None,2015,4,1,14,2,Wednesday
39,3,2015-04-01,6297,756,1,1,0,0,c,a,7500.0,7.0,2014.0,1,14.0,2015.0,"Jan,Apr,Jul,Oct",2015,4,1,14,2,Wednesday
40,3,2015-04-01,6668,616,1,0,0,0,d,a,1500.0,11.0,2008.0,1,22.0,2013.0,"Jan,Apr,Jul,Oct",2015,4,1,14,2,Wednesday
41,3,2015-04-01,7691,712,1,1,0,0,a,c,500.0,1.0,0.0,0,0.0,0.0,None,2015,4,1,14,2,Wednesday
42,3,2015-04-01,13845,1073,1,1,0,1,d,c,120.0,1.0,2014.0,0,0.0,0.0,None,2015,4,1,14,2,Wednesday
43,3,2015-04-01,9252,1156,1,0,0,0,a,a,500.0,0.0,0.0,1,31.0,2011.0,"Mar,Jun,Sept,Dec",2015,4,1,14,2,Wednesday
44,3,2015-04-01,5605,751,1,0,0,0,a,a,1500.0,5.0,2005.0,0,0.0,0.0,None,2015,4,1,14,2,Wednesday
45,3,2015-04-01,5641,994,1,0,0,0,c,a,120.0,9.0,2014.0,1,22.0,2011.0,"Feb,May,Aug,Nov",2015,4,1,14,2,Wednesday
46,3,2015-04-01,10638,1193,1,1,0,0,a,c,500.0,1.0,2014.0,0,0.0,0.0,None,2015,4,1,14,2,Wednesday
47,3,2015-04-01,7613,650,1,0,0,0,c,a,1500.0,0.0,0.0,1,40.0,2013.0,"Jan,Apr,Jul,Oct",2015,4,1,14,2,Wednesday
48,3,2015-04-01,3663,424,1,0,0,1,a,c,500.0,7.0,2010.0,1,22.0,2011.0,"Mar,Jun,Sept,Dec",2015,4,1,14,2,Wednesday
49,3,2015-04-01,5414,647,1,1,0,0,d,a,120.0,1.0,2010.0,1,14.0,2009.0,"Mar,Jun,Sept,Dec",2015,4,1,14,2,Wednesday
50,3,2015-04-01,7279,907,1,0,0,1,a,c,500.0,1.0,2012.0,0,0.0,0.0,None,2015,4,1,14,2,Wednesday
51,3,2015-04-01,4257,630,1,0,0,0,a,c,120.0,1.0,0.0,0,0.0,0.0,None,2015,4,1,14,2,Wednesday
52,3,2015-04-01,5523,656,1,0,0,0,a,a,120.0,7.0,2012.0,1,31.0,2013.0,"Mar,Jun,Sept,Dec",2015,4,1,14,2,Wednesday
53,3,2015-04-01,4691,794,1,0,0,0,a,c,1500.0,0.0,0.0,1,14.0,2009.0,"Feb,May,Aug,Nov",2015,4,1,14,2,Wednesday
54,3,2015-04-01,9434,1118,1,1,0,0,a,a,1500.0,0.0,0.0,0,0.0,0.0,None,2015,4,1,14,2,Wednesday
55,3,2015-04-01,5864,535,1,1,0,0,d,c,1500.0,1.0,2005.0,1,22.0,2009.0,"Feb,May,Aug,Nov",2015,4,1,14,2,Wednesday
56,3,2015-04-01,4910,667,1,1,0,0,a,a,1500.0,7.0,2010.0,0,0.0,0.0,None,2015,4,1,14,2,Wednesday
57,3,2015-04-01,7503,1013,1,1,0,0,a,c,1500.0,0.0,2012.0,1,10.0,2009.0,"Mar,Jun,Sept,Dec",2015,4,1,14,2,Wednesday
58,3,2015-04-01,7889,958,1,0,0,0,d,c,1500.0,0.0,0.0,1,14.0,2009.0,"Mar,Jun,Sept,Dec",2015,4,1,14,2,Wednesday
59,3,2015-04-01,5198,650,1,0,0,1,d,c,500.0,7.0,2012.0,0,0.0,0.0,None,2015,4,1,14,2,Wednesday
60,3,2015-04-01,8422,837,1,1,0,0,a,a,1500.0,11.0,0.0,1,31.0,2011.0,"Feb,May,Aug,Nov",2015,4,1,14,2,Wednesday
61,3,2015-04-01,9089,1162,1,1,0,0,a,c,500.0,5.0,2005.0,1,31.0,2013.0,"Jan,Apr,Jul,Oct",2015,4,1,14,2,Wednesday
62,3,2015-04-01,5410,963,1,0,0,1,a,a,15000.0,5.0,2005.0,0,0.0,0.0,None,2015,4,1,14,2,Wednesday
63,3,2015-04-01,5253,464,1,0,0,0,c,c,3000.0,5.0,2005.0,0,0.0,0.0,None,2015,4,1,14,2,Wednesday
64,3,2015-04-01,7134,825,1,0,0,0,c,c,1500.0,5.0,0.0,1,1.0,2013.0,"Jan,Apr,Jul,Oct",2015,4,1,14,2,Wednesday
65,3,2015-04-01,9824,835,1,1,0,0,a,c,1500.0,0.0,2014.0,0,0.0,0.0,None,2015,4,1,14,2,Wednesday
66,3,2015-04-01,4229,530,1,1,0,0,a,a,15000.0,3.0,2010.0,0,0.0,0.0,None,2015,4,1,14,2,Wednesday
67,3,2015-04-01,4720,573,1,0,0,0,d,c,1500.0,1.0,2012.0,0,0.0,0.0,None,2015,4,1,14,2,Wednesday
68,3,2015-04-01,7896,1017,1,0,0,0,c,c,500.0,7.0,0.0,0,0.0,0.0,None,2015,4,1,14,2,Wednesday
69,3,2015-04-01,8652,891,1,0,0,0,d,c,15000.0,1.0,2012.0,1,31.0,2013.0,"Mar,Jun,Sept,Dec",2015,4,1,14,2,Wednesday
70,3,2015-04-01,9284,985,1,1,0,0,a,a,3000.0,5.0,0.0,0,0.0,0.0,None,2015,4,1,14,2,Wednesday
71,3,2015-04-01,6104,483,1,1,0,0,a,c,120.0,1.0,2008.0,1,31.0,2009.0,"Jan,Apr,Jul,Oct",2015,4,1,14,2,Wednesday
72,3,2015-04-01,11473,1120,1,0,0,0,a,c,7500.0,9.0,2010.0,0,0.0,0.0,None,2015,4,1,14,2,Wednesday
73,3,2015-04-01,11440,1130,1,1,0,0,d,c,500.0,5.0,2008.0,1,40.0,2013.0,"Mar,Jun,Sept,Dec",2015,4,1,14,2,Wednesday
74,3,2015-04-01,9208,773,1,1,0,0,a,a,500.0,7.0,2012.0,0,0.0,0.0,None,2015,4,1,14,2,Wednesday
75,3,2015-04-01,6113,546,1,1,0,0,c,c,3000.0,11.0,0.0,1,14.0,2009.0,"Feb,May,Aug,Nov",2015,4,1,14,2,Wednesday
76,3,2015-04-01,4294,636,1,0,0,0,a,a,120.0,0.0,2014.0,0,0.0,0.0,None,2015,4,1,14,2,Wednesday
77,3,2015-04-01,5970,450,1,1,0,0,d,c,1500.0,11.0,2012.0,0,0.0,0.0,None,2015,4,1,14,2,Wednesday
78,3,2015-04-01,5555,907,1,0,0,0,d,c,500.0,3.0,2010.0,0,0.0,0.0,None,2015,4,1,14,2,Wednesday
79,3,2015-04-01,9592,829,1,1,0,1,a,a,500.0,0.0,2012.0,1,14.0,2015.0,"Mar,Jun,Sept,Dec",2015,4,1,14,2,Wednesday
80,3,2015-04-01,6317,654,1,0,0,0,a,a,15000.0,9.0,2010.0,0,0.0,0.0,None,2015,4,1,14,2,Wednesday
81,3,2015-04-01,6502,876,1,0,0,0,a,a,1500.0,1.0,2010.0,1,22.0,2009.0,"Jan,Apr,Jul,Oct",2015,4,1,14,2,Wednesday
82,3,2015-04-01,0,0,0,1,0,1,a,a,1500.0,0.0,0.0,0,0.0,0.0,None,2015,4,1,14,2,Wednesday
83,3,2015-04-01,8701,777,1,0,0,1,a,c,500.0,7.0,2014.0,0,0.0,0.0,None,2015,4,1,14,2,Wednesday
84,3,2015-04-01,7988,912,1,1,0,0,d,a,1500.0,0.0,2005.0,0,0.0,0.0,None,2015,4,1,14,2,Wednesday
85,3,2015-04-01,7738,817,1,1,0,0,d,c,120.0,0.0,2014.0,1,1.0,2013.0,"Jan,Apr,Jul,Oct",2015,4,1,14,2,Wednesday
86,3,2015-04-01,12845,1023,1,1,0,0,d,a,3000.0,0.0,2012.0,0,0.0,0.0,None,2015,4,1,14,2,Wednesday
87,3,2015-04-01,5668,474,1,1,0,0,a,a,1500.0,0.0,0.0,0,0.0,0.0,None,2015,4,1,14,2,Wednesday
88,3,2015-04-01,8111,1127,1,0,0,0,d,c,3000.0,3.0,2012.0,1,31.0,2009.0,"Feb,May,Aug,Nov",2015,4,1,14,2,Wednesday
89,3,2015-04-01,9507,986,1,1,0,0,d,a,1500.0,9.0,0.0,1,31.0,2015.0,"Feb,May,Aug,Nov",2015,4,1,14,2,Wednesday
90,3,2015-04-01,4529,619,1,0,0,1,d,c,1500.0,0.0,0.0,0,0.0,0.0,None,2015,4,1,14,2,Wednesday
91,3,2015-04-01,8073,993,1,0,0,0,a,c,1500.0,3.0,2008.0,0,0.0,0.0,None,2015,4,1,14,2,Wednesday
92,3,2015-04-01,11773,993,1,1,0,0,d,c,120.0,3.0,0.0,1,31.0,2009.0,"Feb,May,Aug,Nov",2015,4,1,14,2,Wednesday
93,3,2015-04-01,5302,673,1,1,0,1,d,a,120.0,5.0,2005.0,0,0.0,0.0,None,2015,4,1,14,2,Wednesday
94,3,2015-04-01,9434,1199,1,0,0,0,c,a,500.0,11.0,2005.0,0,0.0,0.0,None,2015,4,1,14,2,Wednesday
95,3,2015-04-01,4508,654,1,0,0,0,a,c,500.0,11.0,2005.0,1,31.0,2009.0,"Feb,May,Aug,Nov",2015,4,1,14,2,Wednesday
96,3,2015-04-01,4522,326,1,1,0,0,d,c,500.0,7.0,2005.0,1,10.0,2009.0,"Feb,May,Aug,Nov",2015,4,1,14,2,Wednesday
97,3,2015-04-01,4601,733,1,0,0,1,c,a,120.0,0.0,2008.0,0,0.0,0.0,None,2015,4,1,14,2,Wednesday
98,3,2015-04-01,8785,1146,1,0,0,0,c,a,500.0,3.0,2008.0,1,10.0,2009.0,"Feb,May,Aug,Nov",2015,4,1,14,2,Wednesday
99,3,2015-04-01,8795,964,1,1,0,0,a,c,500.0,1.0,2012.0,0,0.0,0.0,None,2015,4,1,14,2,Wednesday
100,3,2015-04-01,5594,490,1,0,0,0,b,c,500.0,9.0,2005.0,0,0.0,0.0,None,2015,4,1,14,2,Wednesday
1,4,2015-04-02,4665,513,1,1,0,0,a,c,3000.0,7.0,2012.0,0,0.0,0.0,None,2015,4,2,14,2,Thursday
2,4,2015-04-02,4811,600,1,0,0,0,a,a,7500.0,5.0,2008.0,0,0.0,0.0,None,2015,4,2,14,2,Thursday
3,4,2015-04-02,3001,425,1,0,0,0,d,c,500.0,5.0,2012.0,1,10.0,2011.0,"Jan,Apr,Jul,Oct",2015,4,2,14,2,Thursday
4,4,2015-04-02,8046,831,1,1,0,0,a,a,1500.0,1.0,2010.0,1,40.0,2011.0,"Mar,Jun,Sept,Dec",2015,4,2,14,2,Thursday
5,4,2015-04-02,6851,526,1,1,0,1,c,a,15000.0,0.0,2008.0,1,31.0,2009.0,"Mar,Jun,Sept,Dec",2015,4,2,14,2,Thursday
6,4,2015-04-02,8322,1043,1,0,0,0,a,c,1500.0,1.0,0.0,0,0.0,0.0,None,2015,4,2,14,2,Thursday
7,4,2015-04-02,0,0,0,0,0,0,a,a,1500.0,5.0,2012.0,1,14.0,2011.0,"Jan,Apr,Jul,Oct",2015,4,2,14,2,Thursday
8,4,2015-04-02,5503,817,1,0,0,0,a,c,500.0,9.0,2014.0,1,40.0,2009.0,"Mar,Jun,Sept,Dec",2015,4,2,14,2,Thursday
9,4,2015-04-02,6167,1028,1,0,0,0,d,a,500.0,5.0,2014.0,1,40.0,2013.0,"Jan,Apr,Jul,Oct",2015,4,2,14,2,Thursday
10,4,2015-04-02,3310,370,1,0,0,0,d,c,3000.0,11.0,2012.0,1,1.0,2015.0,"Jan,Apr,Jul,Oct",2015,4,2,14,2,Thursday
11,4,2015-04-02,12126,1086,1,0,0,0,a,c,120.0,11.0,0.0,1,22.0,2015.0,"Mar,Jun,Sept,Dec",2015,4,2,14,2,Thursday
12,4,2015-04-02,12552,1193,1,0,0,0,d,c,3000.0,0.0,2008.0,0,0.0,0.0,None,2015,4,2,14,2,Thursday
13,4,2015-04-02,4067,336,1,1,0,1,a,a,7500.0,5.0,2005.0,0,0.0,0.0,None,2015,4,2,14,2,Thursday
14,4,2015-04-02,5443,516,1,0,0,0,a,c,1500.0,5.0,2014.0,1,1.0,2013.0,"Jan,Apr,Jul,Oct",2015,4,2,14,2,Thursday
15,4,2015-04-02,8800,978,1,1,0,0,d,c,3000.0,11.0,2014.0,1,1.0,2013.0,"Mar,Jun,Sept,Dec",2015,4,2,14,2,Thursday
16,4,2015-04-02,4804,767,1,0,0,1,a,a,500.0,11.0,0.0,0,0.0,0.0,None,2015,4,2,14,2,Thursday
17,4,2015-04-02,5480,896,1,0,0,0,a,c,500.0,7.0,2008.0,0,0.0,0.0,None,2015,4,2,14,2,Thursday
18,4,2015-04-02,6494,907,1,0,0,1,d,c,1500.0,5.0,2005.0,1,40.0,2009.0,"Jan,Apr,Jul,Oct",2015,4,2,14,2,Thursday
19,4,2015-04-02,4886,409,1,1,0,0,d,c,120.0,9.0,2014.0,1,10.0,2013.0,"Jan,Apr,Jul,Oct",2015,4,2,14,2,Thursday
20,4,2015-04-02,6674,693,1,1,0,0,a,a,500.0,9.0,0.0,1,1.0,2013.0,"Mar,Jun,Sept,Dec",2015,4,2,14,2,Thursday
21,4,2015-04-02,13012,1087,1,0,0,0,a,c,1500.0,0.0,2008.0,0,0.0,0.0,None,2015,4,2,14,2,Thursday
22,4,2015-04-02,3057,304,1,1,0,0,a,a,500.0,0.0,2010.0,0,0.0,0.0,None,2015,4,2,14,2,Thursday
23,4,2015-04-02,12121,1104,1,0,0,0,d,c,500.0,1.0,2008.0,0,0.0,0.0,None,2015,4,2,14,2,Thursday
24,4,2015-04-02,3997,367,1,0,0,0,a,a,1500.0,1.0,2010.0,0,0.0,0.0,None,2015,4,2,14,2,Thursday
25,4,2015-04-02,2837,329,1,0,0,1,a,c,500.0,1.0,2012.0,0,0.0,0.0,None,2015,4,2,14,2,Thursday
26,4,2015-04-02,6031,953,1,0,0,1,d,a,1500.0,3.0,2008.0,0,0.0,0.0,None,2015,4,2,14,2,Thursday
27,4,2015-04-02,8068,647,1,1,0,0,d,a,15000.0,9.0,2008.0,1,1.0,2009.0,"Mar,Jun,Sept,Dec",2015,4,2,14,2,Thursday
28,4,2015-04-02,9067,1159,1,0,0,0,a,a,1500.0,3.0,2010.0,0,0.0,0.0,None,2015,4,2,14,2,Thursday
29,4,2015-04-02,11234,1167,1,0,0,0,a,a,1500.0,5.0,0.0,1,10.0,2015.0,"Jan,Apr,Jul,Oct",2015,4,2,14,2,Thursday
30,4,2015-04-02,3707,301,1,1,0,0,c,c,500.0,11.0,2014.0,1,22.0,2015.0,"Feb,May,Aug,Nov",2015,4,2,14,2,Thursday
31,4,2015-04-02,7022,526,1,1,0,0,d,c,500.0,0.0,2014.0,1,31.0,2015.0,"Mar,Jun,Sept,Dec",2015,4,2,14,2,Thursday
32,4,2015-04-02,8189,1188,1,1,0,0,a,a,3000.0,3.0,2010.0,1,1.0,2015.0,"Mar,Jun,Sept,Dec",2015,4,2,14,2,Thursday
33,4,2015-04-02,5716,582,1,0,0,0,d,c,1500.0,9.0,2008.0,0,0.0,0.0,None,2015,4,2,14,2,Thursday
34,4,2015-04-02,4353,366,1,1,0,0,d,c,500.0,9.0,2005.0,0,0.0,0.0,None,2015,4,2,14,2,Thursday
35,4,2015-04-02,6223,1056,1,0,0,0,a,c,120.0,5.0,0.0,1,22.0,2015.0,"Mar,Jun,Sept,Dec",2015,4,2,14,2,Thursday
36,4,2015-04-02,8544,1079,1,0,0,1,d,a,1500.0,3.0,2008.0,1,40.0,2011.0,"Feb,May,Aug,Nov",2015,4,2,14,2,Thursday
37,4,2015-04-02,5166,397,1,1,0,0,d,a,7500.0,3.0,2008.0,1,40.0,2009.0,"Mar,Jun,Sept,Dec",2015,4,2,14,2,Thursday
38,4,2015-04-02,11478,968,1,0,0,1,a,a,3000.0,3.0,2010.0,0,0.0,0.0,None,2015,4,2,14,2,Thursday
39,4,2015-04-02,2479,445,1,0,0,0,c,a,7500.0,7.0,2014.0,1,14.0,2015.0,"Jan,Apr,Jul,Oct",2015,4,2,14,2,Thursday
40,4,2015-04-02,8132,1179,1,1,0,0,d,a,1500.0,11.0,2008.0,1,22.0,2013.0,"Jan,Apr,Jul,Oct",2015,4,2,14,2,Thursday
41,4,2015-04-02,7888,1122,1,0,0,0,a,c,500.0,1.0,0.0,0,0.0,0.0,None,2015,4,2,14,2,Thursday
42,4,2015-04-02,7707,1036,1,0,0,1,d,c,120.0,1.0,2014.0,0,0.0,0.0,None,2015,4,2,14,2,Thursday
43,4,2015-04-02,12302,976,1,1,0,0,a,a,500.0,0.0,0.0,1,31.0,2011.0,"Mar,Jun,Sept,Dec",2015,4,2,14,2,Thursday
44,4,2015-04-02,5927,594,1,1,0,0,a,a,1500.0,5.0,2005.0,0,0.0,0.0,None,2015,4,2,14,2,Thursday
45,4,2015-04-02,6532,673,1,1,0,0,c,a,120.0,9.0,2014.0,1,22.0,2011.0,"Feb,May,Aug,Nov",2015,4,2,14,2,Thursday
46,4,2015-04-02,2824,394,1,0,0,1,a,c,500.0,1.0,2014.0,0,0.0,0.0,None,2015,4,2,14,2,Thursday
47,4,2015-04-02,4695,619,1,0,0,0,c,a,1500.0,0.0,0.0,1,40.0,2013.0,"Jan,Apr,Jul,Oct",2015,4,2,14,2,Thursday
48,4,2015-04-02,4385,410,1,1,0,0,a,c,500.0,7.0,2010.0,1,22.0,2011.0,"Mar,Jun,Sept,Dec",2015,4,2,14,2,Thursday
49,4,2015-04-02,10767,852,1,1,0,0,d,a,120.0,1.0,2010.0,1,14.0,2009.0,"Mar,Jun,Sept,Dec",2015,4,2,14,2,Thursday
50,4,2015-04-02,4698,835,1,0,0,0,a,c,500.0,1.0,2012.0,0,0.0,0.0,None,2015,4,2,14,2,Thursday
51,4,2015-04-02,8928,770,1,0,0,0,a,c,120.0,1.0,0.0,0,0.0,0.0,None,2015,4,2,14,2,Thursday
52,4,2015-04-02,6609,740,1,0,0,0,a,a,120.0,7.0,2012.0,1,31.0,2013.0,"Mar,Jun,Sept,Dec",2015,4,2,14,2,Thursday
53,4,2015-04-02,3534,308,1,0,0,0,a,c,1500.0,0.0,0.0,1,14.0,2009.0,"Feb,May,Aug,Nov",2015,4,2,14,2,Thursday
54,4,2015-04-02,9798,1064,1,0,0,1,a,a,1500.0,0.0,0.0,0,0.0,0.0,None,2015,4,2,14,2,Thursday
55,4,2015-04-02,8108,565,1,1,0,1,d,c,1500.0,1.0,2005.0,1,22.0,2009.0,"Feb,May,Aug,Nov",2015,4,2,14,2,Thursday
56,4,2015-04-02,3290,322,1,0,0,0,a,a,1500.0,7.0,2010.0,0,0.0,0.0,None,2015,4,2,14,2,Thursday
57,4,2015-04-02,11641,1123,1,0,0,0,a,c,1500.0,0.0,2012.0,1,10.0,2009.0,"Mar,Jun,Sept,Dec",2015,4,2,14,2,Thursday
58,4,2015-04-02,7167,600,1,1,0,0,d,c,1500.0,0.0,0.0,1,14.0,2009.0,"Mar,Jun,Sept,Dec",2015,4,2,14,2,Thursday
59,4,2015-04-02,5719,634,1,0,0,0,d,c,500.0,7.0,2012.0,0,0.0,0.0,None,2015,4,2,14,2,Thursday
60,4,2015-04-02,11279,1092,1,0,0,0,a,a,1500.0,11.0,0.0,1,31.0,2011.0,"Feb,May,Aug,Nov",2015,4,2,14,2,Thursday
61,4,2015-04-02,4366,370,1,1,0,1,a,c,500.0,5.0,2005.0,1,31.0,2013.0,"Jan,Apr,Jul,Oct",2015,4,2,14,2,Thursday
62,4,2015-04-02,2270,376,1,0,0,0,a,a,15000.0,5.0,2005.0,0,0.0,0.0,None,2015,4,2,14,2,Thursday
63,4,2015-04-02,6157,873,1,0,0,0,c,c,3000.0,5.0,2005.0,0,0.0,0.0,None,2015,4,2,14,2,Thursday
64,4,2015-04-02,3583,391,1,1,0,1,c,c,1500.0,5.0,0.0,1,1.0,2013.0,"Jan,Apr,Jul,Oct",2015,4,2,14,2,Thursday
65,4,2015-04-02,7851,889,1,1,0,0,a,c,1500.0,0.0,2014.0,0,0.0,0.0,None,2015,4,2,14,2,Thursday
66,4,2015-04-02,8852,1012,1,1,0,0,a,a,15000.0,3.0,2010.0,0,0.0,0.0,None,2015,4,2,14,2,Thursday
67,4,2015-04-02,8066,1072,1,1,0,0,d,c,1500.0,1.0,2012.0,0,0.0,0.0,None,2015,4,2,14,2,Thursday
68,4,2015-04-02,6760,616,1,0,0,0,c,c,500.0,7.0,0.0,0,0.0,0.0,None,2015,4,2,14,2,Thursday
69,4,2015-04-02,9897,880,1,0,0,0,d,c,15000.0,1.0,2012.0,1,31.0,2013.0,"Mar,Jun,Sept,Dec",2015,4,2,14,2,Thursday
70,4,2015-04-02,1962,322,1,0,0,0,a,a,3000.0,5.0,0.0,0,0.0,0.0,None,2015,4,2,14,2,Thursday
71,4,2015-04-02,4482,531,1,1,0,1,a,c,120.0,1.0,2008.0,1,31.0,2009.0,"Jan,Apr,Jul,Oct",2015,4,2,14,2,Thursday
72,4,2015-04-02,4997,609,1,0,0,0,a,c,7500.0,9.0,2010.0,0,0.0,0.0,None,2015,4,2,14,2,Thursday
73,4,2015-04-02,7466,1028,1,0,0,1,d,c,500.0,5.0,2008.0,1,40.0,2013.0,"Mar,Jun,Sept,Dec",2015,4,2,14,2,Thursday
74,4,2015-04-02,4516,369,1,1,0,0,a,a,500.0,7.0,2012.0,0,0.0,0.0,None,2015,4,2,14,2,Thursday
75,4,2015-04-02,3703,380,1,0,0,0,c,c,3000.0,11.0,0.0,1,14.0,2009.0,"Feb,May,Aug,Nov",2015,4,2,14,2,Thursday
76,4,2015-04-02,8186,1119,1,0,0,0,a,a,120.0,0.0,2014.0,0,0.0,0.0,None,2015,4,2,14,2,Thursday
77,4,2015-04-02,12367,922,1,1,0,0,d,c,1500.0,11.0,2012.0,0,0.0,0.0,None,2015,4,2,14,2,Thursday
78,4,2015-04-02,6863,927,1,1,0,1,d,c,500.0,3.0,2010.0,0,0.0,0.0,None,2015,4,2,14,2,Thursday
79,4,2015-04-02,7243,960,1,0,0,0,a,a,500.0,0.0,2012.0,1,14.0,2015.0,"Mar,Jun,Sept,Dec",2015,4,2,14,2,Thursday
80,4,2015-04-02,7409,929,1,0,0,0,a,a,15000.0,9.0,2010.0,0,0.0,0.0,None,2015,4,2,14,2,Thursday
81,4,2015-04-02,8322,755,1,1,0,1,a,a,1500.0,1.0,2010.0,1,22.0,2009.0,"Jan,Apr,Jul,Oct",2015,4,2,14,2,Thursday
82,4,2015-04-02,4125,724,1,0,0,1,a,a,1500.0,0.0,0.0,0,0.0,0.0,None,2015,4,2,14,2,Thursday
83,4,2015-04-02,2938,329,1,0,0,0,a,c,500.0,7.0,2014.0,0,0.0,0.0,None,2015,4,2,14,2,Thursday
84,4,2015-04-02,6912,554,1,1,0,0,d,a,1500.0,0.0,2005.0,0,0.0,0.0,None,2015,4,2,14,2,Thursday
85,4,2015-04-02,8926,1175,1,1,0,0,d,c,120.0,0.0,2014.0,1,1.0,2013.0,"Jan,Apr,Jul,Oct",2015,4,2,14,2,Thursday
86,4,2015-04-02,9670,941,1,0,0,0,d,a,3000.0,0.0,2012.0,0,0.0,0.0,None,2015,4,2,14,2,Thursday
87,4,2015-04-02,5970,528,1,0,0,0,a,a,1500.0,0.0,0.0,0,0.0,0.0,None,2015,4,2,14,2,Thursday
88,4,2015-04-02,0,0,0,0,0,1,d,c,3000.0,3.0,2012.0,1,31.0,2009.0,"Feb,May,Aug,Nov",2015,4,2,14,2,Thursday
89,4,2015-04-02,7953,895,1,0,0,0,d,a,1500.0,9.0,0.0,1,31.0,2015.0,"Feb,May,Aug,Nov",2015,4,2,14,2,Thursday
90,4,2015-04-02,9900,1054,1,0,0,0,d,c,1500.0,0.0,0.0,0,0.0,0.0,None,2015,4,2,14,2,Thursday
91,4,2015-04-02,2986,463,1,0,0,0,a,c,1500.0,3.0,2008.0,0,0.0,0.0,None,2015,4,2,14,2,Thursday
92,4,2015-04-02,4394,500,1,0,0,1,d,c,120.0,3.0,0.0,1,31.0,2009.0,"Feb,May,Aug,Nov",2015,4,2,14,2,Thursday
93,4,2015-04-02,9758,930,1,0,0,1,d,a,120.0,5.0,2005.0,0,0.0,0.0,None,2015,4,2,14,2,Thursday
94,4,2015-04-02,7746,805,1,0,0,0,c,a,500.0,11.0,2005.0,0,0.0,0.0,None,2015,4,2,14,2,Thursday
95,4,2015-04-02,11275,999,1,1,0,1,a,c,500.0,11.0,2005.0,1,31.0,2009.0,"Feb,May,Aug,Nov",2015,4,2,14,2,Thursday
96,4,2015-04-02,11737,986,1,0,0,0,d,c,500.0,7.0,2005.0,1,10.0,2009.0,"Feb,May,Aug,Nov",2015,4,2,14,2,Thursday
97,4,2015-04-02,13272,1028,1,1,0,1,c,a,120.0,0.0,2008.0,0,0.0,0.0,None,2015,4,2,14,2,Thursday
98,4,2015-04-02,9798,830,1,0,0,0,c,a,500.0,3.0,2008.0,1,10.0,2009.0,"Feb,May,Aug,Nov",2015,4,2,14,2,Thursday
99,4,2015-04-02,3655,516,1,0,0,0,a,c,500.0,1.0,2012.0,0,0.0,0.0,None,2015,4,2,14,2,Thursday
100,4,2015-04-02,8166,707,1,1,0,0,b,c,500.0,9.0,2005.0,0,0.0,0.0,None,2015,4,2,14,2,Thursday
1,5,2015-04-03,5386,766,1,1,0,0,a,c,3000.0,7.0,2012.0,0,0.0,0.0,None,2015,4,3,14,2,Friday
2,5,2015-04-03,8371,892,1,0,0,0,a,a,7500.0,5.0,2008.0,0,0.0,0.0,None,2015,4,3,14,2,Friday
3,5,2015-04-03,3182,493,1,0,0,0,d,c,500.0,5.0,2012.0,1,10.0,2011.0,"Jan,Apr,Jul,Oct",2015,4,3,14,2,Friday
4,5,2015-04-03,1907,324,1,0,0,0,a,a,1500.0,1.0,2010.0,1,40.0,2011.0,"Mar,Jun,Sept,Dec",2015,4,3,14,2,Friday
5,5,2015-04-03,8841,834,1,0,0,0,c,a,15000.0,0.0,2008.0,1,31.0,2009.0,"Mar,Jun,Sept,Dec",2015,4,3,14,2,Friday
6,5,2015-04-03,3478,489,1,0,0,1,a,c,1500.0,1.0,0.0,0,0.0,0.0,None,2015,4,3,14,2,Friday
7,5,2015-04-03,4677,410,1,0,0,0,a,a,1500.0,5.0,2012.0,1,14.0,2011.0,"Jan,Apr,Jul,Oct",2015,4,3,14,2,Friday
8,5,2015-04-03,5695,690,1,0,0,0,a,c,500.0,9.0,2014.0,1,40.0,2009.0,"Mar,Jun,Sept,Dec",2015,4,3,14,2,Friday
9,5,2015-04-03,6203,605,1,0,0,0,d,a,500.0,5.0,2014.0,1,40.0,2013.0,"Jan,Apr,Jul,Oct",2015,4,3,14,2,Friday
10,5,2015-04-03,4487,478,1,1,0,1,d,c,3000.0,11.0,2012.0,1,1.0,2015.0,"Jan,Apr,Jul,Oct",2015,4,3,14,2,Friday
11,5,2015-04-03,3573,347,1,1,0,1,a,c,120.0,11.0,0.0,1,22.0,2015.0,"Mar,Jun,Sept,Dec",2015,4,3,14,2,Friday
12,5,2015-04-03,4565,389,1,0,0,0,d,c,3000.0,0.0,2008.0,0,0.0,0.0,None,2015,4,3,14,2,Friday
13,5,2015-04-03,9786,1003,1,0,0,0,a,a,7500.0,5.0,2005.0,0,0.0,0.0,None,2015,4,3,14,2,Friday
14,5,2015-04-03,3613,401,1,1,0,0,a,c,1500.0,5.0,2014.0,1,1.0,2013.0,"Jan,Apr,Jul,Oct",2015,4,3,14,2,Friday
15,5,2015-04-03,5607,481,1,1,0,1,d,c,3000.0,11.0,2014.0,1,1.0,2013.0,"Mar,Jun,Sept,Dec",2015,4,3,14,2,Friday
16,5,2015-04-03,3992,370,1,0,0,0,a,a,500.0,11.0,0.0,0,0.0,0.0,None,2015,4,3,14,2,Friday
17,5,2015-04-03,3878,668,1,0,0,0,a,c,500.0,7.0,2008.0,0,0.0,0.0,None,2015,4,3,14,2,Friday
18,5,2015-04-03,3724,453,1,0,0,0,d,c,1500.0,5.0,2005.0,1,40.0,2009.0,"Jan,Apr,Jul,Oct",2015,4,3,14,2,Friday
19,5,2015-04-03,9006,878,1,0,0,0,d,c,120.0,9.0,2014.0,1,10.0,2013.0,"Jan,Apr,Jul,Oct",2015,4,3,14,2,Friday
20,5,2015-04-03,5388,570,1,1,0,1,a,a,500.0,9.0,0.0,1,1.0,2013.0,"Mar,Jun,Sept,Dec",2015,4,3,14,2,Friday
21,5,2015-04-03,3083,349,1,1,0,0,a,c,1500.0,0.0,2008.0,0,0.0,0.0,None,2015,4,3,14,2,Friday
22,5,2015-04-03,7760,695,1,1,0,0,a,a,500.0,0.0,2010.0,0,0.0,0.0,None,2015,4,3,14,2,Friday
23,5,2015-04-03,7146,1061,1,0,0,0,d,c,500.0,1.0,2008.0,0,0.0,0.0,None,2015,4,3,14,2,Friday
24,5,2015-04-03,9423,1073,1,0,0,0,a,a,1500.0,1.0,2010.0,0,0.0,0.0,None,2015,4,3,14,2,Friday
25,5,2015-04-03,5652,696,1,1,0,1,a,c,500.0,1.0,2012.0,0,0.0,0.0,None,2015,4,3,14,2,Friday
26,5,2015-04-03,11195,1193,1,1,0,0,d,a,1500.0,3.0,2008.0,0,0.0,0.0,None,2015,4,3,14,2,Friday
27,5,2015-04-03,7448,641,1,0,0,1,d,a,15000.0,9.0,2008.0,1,1.0,2009.0,"Mar,Jun,Sept,Dec",2015,4,3,14,2,Friday
28,5,2015-04-03,6373,686,1,0,0,1,a,a,1500.0,3.0,2010.0,0,0.0,0.0,None,2015,4,3,14,2,Friday
29,5,2015-04-03,3656,603,1,0,0,0,a,a,1500.0,5.0,0.0,1,10.0,2015.0,"Jan,Apr,Jul,Oct",2015,4,3,14,2,Friday
30,5,2015-04-03,2396,417,1,0,0,0,c,c,500.0,11.0,2014.0,1,22.0,2015.0,"Feb,May,Aug,Nov",2015,4,3,14,2,Friday
31,5,2015-04-03,10700,1158,1,0,0,0,d,c,500.0,0.0,2014.0,1,31.0,2015.0,"Mar,Jun,Sept,Dec",2015,4,3,14,2,Friday
32,5,2015-04-03,5780,951,1,0,0,0,a,a,3000.0,3.0,2010.0,1,1.0,2015.0,"Mar,Jun,Sept,Dec",2015,4,3,14,2,Friday
33,5,2015-04-03,5895,1018,1,0,0,0,d,c,1500.0,9.0,2008.0,0,0.0,0.0,None,2015,4,3,14,2,Friday
34,5,2015-04-03,2737,330,1,0,0,1,d,c,500.0,9.0,2005.0,0,0.0,0.0,None,2015,4,3,14,2,Friday
35,5,2015-04-03,10676,1024,1,0,0,0,a,c,120.0,5.0,0.0,1,22.0,2015.0,"Mar,Jun,Sept,Dec",2015,4,3,14,2,Friday
36,5,2015-04-03,6927,832,1,0,0,0,d,a,1500.0,3.0,2008.0,1,40.0,2011.0,"Feb,May,Aug,Nov",2015,4,3,14,2,Friday
37,5,2015-04-03,3908,687,1,0,0,0,d,a,7500.0,3.0,2008.0,1,40.0,2009.0,"Mar,Jun,Sept,Dec",2015,4,3,14,2,Friday
38,5,2015-04-03,8790,977,1,0,0,0,a,a,3000.0,3.0,2010.0,0,0.0,0.0,None,2015,4,3,14,2,Friday
39,5,2015-04-03,5133,534,1,1,0,0,c,a,7500.0,7.0,2014.0,1,14.0,2015.0,"Jan,Apr,Jul,Oct",2015,4,3,14,2,Friday
40,5,2015-04-03,5235,680,1,1,0,0,d,a,1500.0,11.0,2008.0,1,22.0,2013.0,"Jan,Apr,Jul,Oct",2015,4,3,14,2,Friday
41,5,2015-04-03,6387,1061,1,0,0,1,a,c,500.0,1.0,0.0,0,0.0,0.0,None,2015,4,3,14,2,Friday
42,5,2015-04-03,13834,1145,1,1,0,0,d,c,120.0,1.0,2014.0,0,0.0,0.0,None,2015,4,3,14,2,Friday
43,5,2015-04-03,10136,1135,1,1,0,0,a,a,500.0,0.0,0.0,1,31.0,2011.0,"Mar,Jun,Sept,Dec",2015,4,3,14,2,Friday
44,5,2015-04-03,4630,558,1,1,0,0,a,a,1500.0,5.0,2005.0,0,0.0,0.0,None,2015,4,3,14,2,Friday
45,5,2015-04-03,5354,608,1,0,0,1,c,a,120.0,9.0,2014.0,1,22.0,2011.0,"Feb,May,Aug,Nov",2015,4,3,14,2,Friday
46,5,2015-04-03,2277,357,1,0,0,0,a,c,500.0,1.0,2014.0,0,0.0,0.0,None,2015,4,3,14,2,Friday
47,5,2015-04-03,5117,790,1,0,0,0,c,a,1500.0,0.0,0.0,1,40.0,2013.0,"Jan,Apr,Jul,Oct",2015,4,3,14,2,Friday
48,5,2015-04-03,5790,734,1,0,0,0,a,c,500.0,7.0,2010.0,1,22.0,2011.0,"Mar,Jun,Sept,Dec",2015,4,3,14,2,Friday
49,5,2015-04-03,9086,1087,1,0,0,1,d,a,120.0,1.0,2010.0,1,14.0,2009.0,"Mar,Jun,Sept,Dec",2015,4,3,14,2,Friday
50,5,2015-04-03,8249,757,1,1,0,0,a,c,500.0,1.0,2012.0,0,0.0,0.0,None,2015,4,3,14,2,Friday
51,5,2015-04-03,4889,578,1,1,0,0,a,c,120.0,1.0,0.0,0,0.0,0.0,None,2015,4,3,14,2,Friday
52,5,2015-04-03,6142,653,1,0,0,0,a,a,120.0,7.0,2012.0,1,31.0,2013.0,"Mar,Jun,Sept,Dec",2015,4,3,14,2,Friday
53,5,2015-04-03,5809,1032,1,0,0,0,a,c,1500.0,0.0,0.0,1,14.0,2009.0,"Feb,May,Aug,Nov",2015,4,3,14,2,Friday
54,5,2015-04-03,5471,702,1,1,0,0,a,a,1500.0,0.0,0.0,0,0.0,0.0,None,2015,4,3,14,2,Friday
55,5,2015-04-03,5759,508,1,1,0,1,d,c,1500.0,1.0,2005.0,1,22.0,2009.0,"Feb,May,Aug,Nov",2015,4,3,14,2,Friday
56,5,2015-04-03,3944,381,1,1,0,0,a,a,1500.0,7.0,2010.0,0,0.0,0.0,None,2015,4,3,14,2,Friday
57,5,2015-04-03,6214,734,1,1,0,0,a,c,1500.0,0.0,2012.0,1,10.0,2009.0,"Mar,Jun,Sept,Dec",2015,4,3,14,2,Friday
58,5,2015-04-03,3187,307,1,0,0,0,d,c,1500.0,0.0,0.0,1,14.0,2009.0,"Mar,Jun,Sept,Dec",2015,4,3,14,2,Friday
59,5,2015-04-03,10302,1144,1,0,0,0,d,c,500.0,7.0,2012.0,0,0.0,0.0,None,2015,4,3,14,2,Friday
60,5,2015-04-03,10812,816,1,1,0,0,a,a,1500.0,11.0,0.0,1,31.0,2011.0,"Feb,May,Aug,Nov",2015,4,3,14,2,Friday
61,5,2015-04-03,6738,706,1,0,0,0,a,c,500.0,5.0,2005.0,1,31.0,2013.0,"Jan,Apr,Jul,Oct",2015,4,3,14,2,Friday
62,5,2015-04-03,10167,1131,1,0,0,0,a,a,15000.0,5.0,2005.0,0,0.0,0.0,None,2015,4,3,14,2,Friday
63,5,2015-04-03,10567,903,1,0,0,0,c,c,3000.0,5.0,2005.0,0,0.0,0.0,None,2015,4,3,14,2,Friday
64,5,2015-04-03,6691,1170,1,0,0,1,c,c,1500.0,5.0,0.0,1,1.0,2013.0,"Jan,Apr,Jul,Oct",2015,4,3,14,2,Friday
65,5,2015-04-03,5572,831,1,0,0,0,a,c,1500.0,0.0,2014.0,0,0.0,0.0,None,2015,4,3,14,2,Friday
66,5,2015-04-03,11798,1061,1,1,0,1,a,a,15000.0,3.0,2010.0,0,0.0,0.0,None,2015,4,3,14,2,Friday
67,5,2015-04-03,5444,494,1,0,0,0,d,c,1500.0,1.0,2012.0,0,0.0,0.0,None,2015,4,3,14,2,Friday
68,5,2015-04-03,4702,432,1,0,0,0,c,c,500.0,7.0,0.0,0,0.0,0.0,None,2015,4,3,14,2,Friday
69,5,2015-04-03,13842,1078,1,1,0,0,d,c,15000.0,1.0,2012.0,1,31.0,2013.0,"Mar,Jun,Sept,Dec",2015,4,3,14,2,Friday
70,5,2015-04-03,4590,429,1,0,0,0,a,a,3000.0,5.0,0.0,0,0.0,0.0,None,2015,4,3,14,2,Friday
71,5,2015-04-03,7981,968,1,0,0,0,a,c,120.0,1.0,2008.0,1,31.0,2009.0,"Jan,Apr,Jul,Oct",2015,4,3,14,2,Friday
72,5,2015-04-03,6640,1168,1,0,0,0,a,c,7500.0,9.0,2010.0,0,0.0,0.0,None,2015,4,3,14,2,Friday
73,5,2015-04-03,9099,874,1,0,0,0,d,c,500.0,5.0,2008.0,1,40.0,2013.0,"Mar,Jun,Sept,Dec",2015,4,3,14,2,Friday
74,5,2015-04-03,4376,356,1,1,0,1,a,a,500.0,7.0,2012.0,0,0.0,0.0,None,2015,4,3,14,2,Friday
75,5,2015-04-03,8564,1110,1,0,0,0,c,c,3000.0,11.0,0.0,1,14.0,2009.0,"Feb,May,Aug,Nov",2015,4,3,14,2,Friday
76,5,2015-04-03,3911,688,1,0,0,0,a,a,120.0,0.0,2014.0,0,0.0,0.0,None,2015,4,3,14,2,Friday
77,5,2015-04-03,8570,995,1,1,0,0,d,c,1500.0,11.0,2012.0,0,0.0,0.0,None,2015,4,3,14,2,Friday
78,5,2015-04-03,6395,603,1,0,0,0,d,c,500.0,3.0,2010.0,0,0.0,0.0,None,2015,4,3,14,2,Friday
79,5,2015-04-03,3046,350,1,0,0,1,a,a,500.0,0.0,2012.0,1,14.0,2015.0,"Mar,Jun,Sept,Dec",2015,4,3,14,2,Friday
80,5,2015-04-03,6811,737,1,0,0,0,a,a,15000.0,9.0,2010.0,0,0.0,0.0,None,2015,4,3,14,2,Friday
81,5,2015-04-03,3349,417,1,0,0,1,a,a,1500.0,1.0,2010.0,1,22.0,2009.0,"Jan,Apr,Jul,Oct",2015,4,3,14,2,Friday
82,5,2015-04-03,6752,562,1,1,0,0,a,a,1500.0,0.0,0.0,0,0.0,0.0,None,2015,4,3,14,2,Friday
83,5,2015-04-03,4488,388,1,0,0,0,a,c,500.0,7.0,2014.0,0,0.0,0.0,None,2015,4,3,14,2,Friday
84,5,2015-04-03,3435,342,1,0,0,0,d,a,1500.0,0.0,2005.0,0,0.0,0.0,None,2015,4,3,14,2,Friday
85,5,2015-04-03,4078,592,1,0,0,0,d,c,120.0,0.0,2014.0,1,1.0,2013.0,"Jan,Apr,Jul,Oct",2015,4,3,14,2,Friday
86,5,2015-04-03,7467,595,1,1,0,0,d,a,3000.0,0.0,2012.0,0,0.0,0.0,None,2015,4,3,14,2,Friday
87,5,2015-04-03,7580,1096,1,0,0,0,a,a,1500.0,0.0,0.0,0,0.0,0.0,None,2015,4,3,14,2,Friday
88,5,2015-04-03,4549,506,1,1,0,1,d,c,3000.0,3.0,2012.0,1,31.0,2009.0,"Feb,May,Aug,Nov",2015,4,3,14,2,Friday
89,5,2015-04-03,3811,645,1,0,0,0,d,a,1500.0,9.0,0.0,1,31.0,2015.0,"Feb,May,Aug,Nov",2015,4,3,14,2,Friday
90,5,2015-04-03,8469,793,1,0,0,1,d,c,1500.0,0.0,0.0,0,0.0,0.0,None,2015,4,3,14,2,Friday
91,5,2015-04-03,5294,726,1,1,0,0,a,c,1500.0,3.0,2008.0,0,0.0,0.0,None,2015,4,3,14,2,Friday
92,5,2015-04-03,8200,733,1,1,0,1,d,c,120.0,3.0,0.0,1,31.0,2009.0,"Feb,May,Aug,Nov",2015,4,3,14,2,Friday
93,5,2015-04-03,3126,428,1,0,0,0,d,a,120.0,5.0,2005.0,0,0.0,0.0,None,2015,4,3,14,2,Friday
94,5,2015-04-03,14210,1160,1,1,0,0,c,a,500.0,11.0,2005.0,0,0.0,0.0,None,2015,4,3,14,2,Friday
95,5,2015-04-03,0,0,0,0,0,1,a,c,500.0,11.0,2005.0,1,31.0,2009.0,"Feb,May,Aug,Nov",2015,4,3,14,2,Friday
96,5,2015-04-03,10260,1195,1,0,0,1,d,c,500.0,7.0,2005.0,1,10.0,2009.0,"Feb,May,Aug,Nov",2015,4,3,14,2,Friday
97,5,2015-04-03,6852,466,1,1,0,0,c,a,120.0,0.0,2008.0,0,0.0,0.0,None,2015,4,3,14,2,Friday
98,5,2015-04-03,9753,889,1,0,0,1,c,a,500.0,3.0,2008.0,1,10.0,2009.0,"Feb,May,Aug,Nov",2015,4,3,14,2,Friday
99,5,2015-04-03,4479,379,1,1,0,0,a,c,500.0,1.0,2012.0,0,0.0,0.0,None,2015,4,3,14,2,Friday
100,5,2015-04-03,9963,1013,1,1,0,1,b,c,500.0,9.0,2005.0,0,0.0,0.0,None,2015,4,3,14,2,Friday
1,6,2015-04-04,4678,655,1,0,0,0,a,c,3000.0,7.0,2012.0,0,0.0,0.0,None,2015,4,4,14,2,Saturday
2,6,2015-04-04,8324,838,1,0,0,0,a,a,7500.0,5.0,2008.0,0,0.0,0.0,None,2015,4,4,14,2,Saturday
3,6,2015-04-04,2484,360,1,0,0,0,d,c,500.0,5.0,2012.0,1,10.0,2011.0,"Jan,Apr,Jul,Oct",2015,4,4,14,2,Saturday
4,6,2015-04-04,12002,1032,1,0,0,0,a,a,1500.0,1.0,2010.0,1,40.0,2011.0,"Mar,Jun,Sept,Dec",2015,4,4,14,2,Saturday
5,6,2015-04-04,3817,498,1,0,0,0,c,a,15000.0,0.0,2008.0,1,31.0,2009.0,"Mar,Jun,Sept,Dec",2015,4,4,14,2,Saturday
6,6,2015-04-04,7235,723,1,0,0,0,a,c,1500.0,1.0,0.0,0,0.0,0.0,None,2015,4,4,14,2,Saturday
7,6,2015-04-04,3966,673,1,0,0,0,a,a,1500.0,5.0,2012.0,1,14.0,2011.0,"Jan,Apr,Jul,Oct",2015,4,4,14,2,Saturday
8,6,2015-04-04,10168,1083,1,0,0,0,a,c,500.0,9.0,2014.0,1,40.0,2009.0,"Mar,Jun,Sept,Dec",2015,4,4,14,2,Saturday
9,6,2015-04-04,10281,1141,1,0,0,0,d,a,500.0,5.0,2014.0,1,40.0,2013.0,"Jan,Apr,Jul,Oct",2015,4,4,14,2,Saturday
10,6,2015-04-04,12987,1127,1,0,0,0,d,c,3000.0,11.0,2012.0,1,1.0,2015.0,"Jan,Apr,Jul,Oct",2015,4,4,14,2,Saturday
11,6,2015-04-04,6831,760,1,0,0,0,a,c,120.0,11.0,0.0,1,22.0,2015.0,"Mar,Jun,Sept,Dec",2015,4,4,14,2,Saturday
12,6,2015-04-04,7543,700,1,0,0,1,d,c,3000.0,0.0,2008.0,0,0.0,0.0,None,2015,4,4,14,2,Saturday
13,6,2015-04-04,2861,456,1,0,0,0,a,a,7500.0,5.0,2005.0,0,0.0,0.0,None,2015,4,4,14,2,Saturday
14,6,2015-04-04,5773,962,1,0,0,0,a,c,1500.0,5.0,2014.0,1,1.0,2013.0,"Jan,Apr,Jul,Oct",2015,4,4,14,2,Saturday
15,6,2015-04-04,0,0,0,0,0,0,d,c,3000.0,11.0,2014.0,1,1.0,2013.0,"Mar,Jun,Sept,Dec",2015,4,4,14,2,Saturday
16,6,2015-04-04,11888,1134,1,0,0,0,a,a,500.0,11.0,0.0,0,0.0,0.0,None,2015,4,4,14,2,Saturday
17,6,2015-04-04,7924,664,1,0,0,1,a,c,500.0,7.0,2008.0,0,0.0,0.0,None,2015,4,4,14,2,Saturday
18,6,2015-04-04,6806,1022,1,0,0,0,d,c,1500.0,5.0,2005.0,1,40.0,2009.0,"Jan,Apr,Jul,Oct",2015,4,4,14,2,Saturday
19,6,2015-04-04,2762,448,1,0,0,0,d,c,120.0,9.0,2014.0,1,10.0,2013.0,"Jan,Apr,Jul,Oct",2015,4,4,14,2,Saturday
20,6,2015-04-04,8374,927,1,0,0,1,a,a,500.0,9.0,0.0,1,1.0,2013.0,"Mar,Jun,Sept,Dec",2015,4,4,14,2,Saturday
21,6,2015-04-04,5657,583,1,0,0,0,a,c,1500.0,0.0,2008.0,0,0.0,0.0,None,2015,4,4,14,2,Saturday
22,6,2015-04-04,4842,870,1,0,0,0,a,a,500.0,0.0,2010.0,0,0.0,0.0,None,2015,4,4,14,2,Saturday
23,6,2015-04-04,5632,920,1,0,0,0,d,c,500.0,1.0,2008.0,0,0.0,0.0,None,2015,4,4,14,2,Saturday
24,6,2015-04-04,6136,890,1,0,0,1,a,a,1500.0,1.0,2010.0,0,0.0,0.0,None,2015,4,4,14,2,Saturday
25,6,2015-04-04,9751,1116,1,0,0,0,a,c,500.0,1.0,2012.0,0,0.0,0.0,None,2015,4,4,14,2,Saturday
26,6,2015-04-04,4578,583,1,0,0,0,d,a,1500.0,3.0,2008.0,0,0.0,0.0,None,2015,4,4,14,2,Saturday
27,6,2015-04-04,3212,309,1,0,0,0,d,a,15000.0,9.0,2008.0,1,1.0,2009.0,"Mar,Jun,Sept,Dec",2015,4,4,14,2,Saturday
28,6,2015-04-04,8922,1075,1,0,0,0,a,a,1500.0,3.0,2010.0,0,0.0,0.0,None,2015,4,4,14,2,Saturday
29,6,2015-04-04,3549,423,1,0,0,0,a,a,1500.0,5.0,0.0,1,10.0,2015.0,"Jan,Apr,Jul,Oct",2015,4,4,14,2,Saturday
30,6,2015-04-04,7562,811,1,0,0,0,c,c,500.0,11.0,2014.0,1,22.0,2015.0,"Feb,May,Aug,Nov",2015,4,4,14,2,Saturday
31,6,2015-04-04,5924,957,1,0,0,1,d,c,500.0,0.0,2014.0,1,31.0,2015.0,"Mar,Jun,Sept,Dec",2015,4,4,14,2,Saturday
32,6,2015-04-04,10941,1179,1,0,0,0,a,a,3000.0,3.0,2010.0,1,1.0,2015.0,"Mar,Jun,Sept,Dec",2015,4,4,14,2,Saturday
33,6,2015-04-04,9387,805,1,0,0,1,d,c,1500.0,9.0,2008.0,0,0.0,0.0,None,2015,4,4,14,2,Saturday
34,6,2015-04-04,9095,1165,1,0,0,1,d,c,500.0,9.0,2005.0,0,0.0,0.0,None,2015,4,4,14,2,Saturday
35,6,2015-04-04,3627,622,1,0,0,0,a,c,120.0,5.0,0.0,1,22.0,2015.0,"Mar,Jun,Sept,Dec",2015,4,4,14,2,Saturday
36,6,2015-04-04,5510,986,1,0,0,1,d,a,1500.0,3.0,2008.0,1,40.0,2011.0,"Feb,May,Aug,Nov",2015,4,4,14,2,Saturday
37,6,2015-04-04,6736,562,1,0,0,0,d,a,7500.0,3.0,2008.0,1,40.0,2009.0,"Mar,Jun,Sept,Dec",2015,4,4,14,2,Saturday
38,6,2015-04-04,5076,764,1,0,0,0,a,a,3000.0,3.0,2010.0,0,0.0,0.0,None,2015,4,4,14,2,Saturday
39,6,2015-04-04,4032,390,1,0,0,0,c,a,7500.0,7.0,2014.0,1,14.0,2015.0,"Jan,Apr,Jul,Oct",2015,4,4,14,2,Saturday
40,6,2015-04-04,4599,665,1,0,0,0,d,a,1500.0,11.0,2008.0,1,22.0,2013.0,"Jan,Apr,Jul,Oct",2015,4,4,14,2,Saturday
41,6,2015-04-04,7383,665,1,0,0,1,a,c,500.0,1.0,0.0,0,0.0,0.0,None,2015,4,4,14,2,Saturday
42,6,2015-04-04,6443,824,1,0,0,1,d,c,120.0,1.0,2014.0,0,0.0,0.0,None,2015,4,4,14,2,Saturday
43,6,2015-04-04,2876,497,1,0,0,0,a,a,500.0,0.0,0.0,1,31.0,2011.0,"Mar,Jun,Sept,Dec",2015,4,4,14,2,Saturday
44,6,2015-04-04,7845,827,1,0,0,0,a,a,1500.0,5.0,2005.0,0,0.0,0.0,None,2015,4,4,14,2,Saturday
45,6,2015-04-04,6293,962,1,0,0,0,c,a,120.0,9.0,2014.0,1,22.0,2011.0,"Feb,May,Aug,Nov",2015,4,4,14,2,Saturday
46,6,2015-04-04,3977,578,1,0,0,0,a,c,500.0,1.0,2014.0,0,0.0,0.0,None,2015,4,4,14,2,Saturday
47,6,2015-04-04,5297,539,1,0,0,0,c,a,1500.0,0.0,0.0,1,40.0,2013.0,"Jan,Apr,Jul,Oct",2015,4,4,14,2,Saturday
48,6,2015-04-04,6343,1102,1,0,0,0,a,c,500.0,7.0,2010.0,1,22.0,2011.0,"Mar,Jun,Sept,Dec",2015,4,4,14,2,Saturday
49,6,2015-04-04,3745,671,1,0,0,0,d,a,120.0,1.0,2010.0,1,14.0,2009.0,"Mar,Jun,Sept,Dec",2015,4,4,14,2,Saturday
50,6,2015-04-04,9165,1038,1,0,0,0,a,c,500.0,1.0,2012.0,0,0.0,0.0,None,2015,4,4,14,2,Saturday
51,6,2015-04-04,5771,946,1,0,0,0,a,c,120.0,1.0,0.0,0,0.0,0.0,None,2015,4,4,14,2,Saturday
52,6,2015-04-04,9414,1167,1,0,0,0,a,a,120.0,7.0,2012.0,1,31.0,2013.0,"Mar,Jun,Sept,Dec",2015,4,4,14,2,Saturday
53,6,2015-04-04,11889,1187,1,0,0,0,a,c,1500.0,0.0,0.0,1,14.0,2009.0,"Feb,May,Aug,Nov",2015,4,4,14,2,Saturday
54,6,2015-04-04,6868,827,1,0,0,0,a,a,1500.0,0.0,0.0,0,0.0,0.0,None,2015,4,4,14,2,Saturday
55,6,2015-04-04,4214,686,1,0,0,0,d,c,1500.0,1.0,2005.0,1,22.0,2009.0,"Feb,May,Aug,Nov",2015,4,4,14,2,Saturday
56,6,2015-04-04,13071,1140,1,0,0,1,a,a,1500.0,7.0,2010.0,0,0.0,0.0,None,2015,4,4,14,2,Saturday
57,6,2015-04-04,5174,613,1,0,0,0,a,c,1500.0,0.0,2012.0,1,10.0,2009.0,"Mar,Jun,Sept,Dec",2015,4,4,14,2,Saturday
58,6,2015-04-04,7124,907,1,0,0,0,d,c,1500.0,0.0,0.0,1,14.0,2009.0,"Mar,Jun,Sept,Dec",2015,4,4,14,2,Saturday
59,6,2015-04-04,5202,750,1,0,0,0,d,c,500.0,7.0,2012.0,0,0.0,0.0,None,2015,4,4,14,2,Saturday
60,6,2015-04-04,2716,363,1,0,0,0,a,a,1500.0,11.0,0.0,1,31.0,2011.0,"Feb,May,Aug,Nov",2015,4,4,14,2,Saturday
61,6,2015-04-04,8780,1021,1,0,0,0,a,c,500.0,5.0,2005.0,1,31.0,2013.0,"Jan,Apr,Jul,Oct",2015,4,4,14,2,Saturday
62,6,2015-04-04,3162,511,1,0,0,1,a,a,15000.0,5.0,2005.0,0,0.0,0.0,None,2015,4,4,14,2,Saturday
63,6,2015-04-04,11306,1007,1,0,0,0,c,c,3000.0,5.0,2005.0,0,0.0,0.0,None,2015,4,4,14,2,Saturday
64,6,2015-04-04,8765,1035,1,0,0,0,c,c,1500.0,5.0,0.0,1,1.0,2013.0,"Jan,Apr,Jul,Oct",2015,4,4,14,2,Saturday
65,6,2015-04-04,7162,1088,1,0,0,0,a,c,1500.0,0.0,2014.0,0,0.0,0.0,None,2015,4,4,14,2,Saturday
66,6,2015-04-04,6871,830,1,0,0,1,a,a,15000.0,3.0,2010.0,0,0.0,0.0,None,2015,4,4,14,2,Saturday
67,6,2015-04-04,3015,422,1,0,0,1,d,c,1500.0,1.0,2012.0,0,0.0,0.0,None,2015,4,4,14,2,Saturday
68,6,2015-04-04,4932,843,1,0,0,0,c,c,500.0,7.0,0.0,0,0.0,0.0,None,2015,4,4,14,2,Saturday
69,6,2015-04-04,5813,544,1,0,0,0,d,c,15000.0,1.0,2012.0,1,31.0,2013.0,"Mar,Jun,Sept,Dec",2015,4,4,14,2,Saturday
70,6,2015-04-04,2266,310,1,0,0,0,a,a,3000.0,5.0,0.0,0,0.0,0.0,None,2015,4,4,14,2,Saturday
71,6,2015-04-04,2470,386,1,0,0,0,a,c,120.0,1.0,2008.0,1,31.0,2009.0,"Jan,Apr,Jul,Oct",2015,4,4,14,2,Saturday
72,6,2015-04-04,9767,820,1,0,0,1,a,c,7500.0,9.0,2010.0,0,0.0,0.0,None,2015,4,4,14,2,Saturday
73,6,2015-04-04,10092,1024,1,0,0,0,d,c,500.0,5.0,2008.0,1,40.0,2013.0,"Mar,Jun,Sept,Dec",2015,4,4,14,2,Saturday
74,6,2015-04-04,7896,810,1,0,0,1,a,a,500.0,7.0,2012.0,0,0.0,0.0,None,2015,4,4,14,2,Saturday
75,6,2015-04-04,5255,663,1,0,0,1,c,c,3000.0,11.0,0.0,1,14.0,2009.0,"Feb,May,Aug,Nov",2015,4,4,14,2,Saturday
76,6,2015-04-04,6089,583,1,0,0,1,a,a,120.0,0.0,2014.0,0,0.0,0.0,None,2015,4,4,14,2,Saturday
77,6,2015-04-04,7383,778,1,0,0,0,d,c,1500.0,11.0,2012.0,0,0.0,0.0,None,2015,4,4,14,2,Saturday
78,6,2015-04-04,6061,513,1,0,0,0,d,c,500.0,3.0,2010.0,0,0.0,0.0,None,2015,4,4,14,2,Saturday
79,6,2015-04-04,3641,433,1,0,0,0,a,a,500.0,0.0,2012.0,1,14.0,2015.0,"Mar,Jun,Sept,Dec",2015,4,4,14,2,Saturday
80,6,2015-04-04,7250,623,1,0,0,0,a,a,15000.0,9.0,2010.0,0,0.0,0.0,None,2015,4,4,14,2,Saturday
81,6,2015-04-04,4141,465,1,0,0,1,a,a,1500.0,1.0,2010.0,1,22.0,2009.0,"Jan,Apr,Jul,Oct",2015,4,4,14,2,Saturday
82,6,2015-04-04,0,0,0,0,0,0,a,a,1500.0,0.0,0.0,0,0.0,0.0,None,2015,4,4,14,2,Saturday
83,6,2015-04-04,8253,1061,1,0,0,0,a,c,500.0,7.0,2014.0,0,0.0,0.0,None,2015,4,4,14,2,Saturday
84,6,2015-04-04,5671,971,1,0,0,0,d,a,1500.0,0.0,2005.0,0,0.0,0.0,None,2015,4,4,14,2,Saturday
85,6,2015-04-04,2483,366,1,0,0,0,d,c,120.0,0.0,2014.0,1,1.0,2013.0,"Jan,Apr,Jul,Oct",2015,4,4,14,2,Saturday
86,6,2015-04-04,3640,315,1,0,0,0,d,a,3000.0,0.0,2012.0,0,0.0,0.0,None,2015,4,4,14,2,Saturday
87,6,2015-04-04,4842,435,1,0,0,0,a,a,1500.0,0.0,0.0,0,0.0,0.0,None,2015,4,4,14,2,Saturday
88,6,2015-04-04,4782,841,1,0,0,1,d,c,3000.0,3.0,2012.0,1,31.0,2009.0,"Feb,May,Aug,Nov",2015,4,4,14,2,Saturday
89,6,2015-04-04,8096,979,1,0,0,0,d,a,1500.0,9.0,0.0,1,31.0,2015.0,"Feb,May,Aug,Nov",2015,4,4,14,2,Saturday
90,6,2015-04-04,7907,772,1,0,0,1,d,c,1500.0,0.0,0.0,0,0.0,0.0,None,2015,4,4,14,2,Saturday
91,6,2015-04-04,5818,517,1,0,0,0,a,c,1500.0,3.0,2008.0,0,0.0,0.0,None,2015,4,4,14,2,Saturday
92,6,2015-04-04,4283,744,1,0,0,0,d,c,120.0,3.0,0.0,1,31.0,2009.0,"Feb,May,Aug,Nov",2015,4,4,14,2,Saturday
93,6,2015-04-04,13034,1121,1,0,0,0,d,a,120.0,5.0,2005.0,0,0.0,0.0,None,2015,4,4,14,2,Saturday
94,6,2015-04-04,7076,642,1,0,0,0,c,a,500.0,11.0,2005.0,0,0.0,0.0,None,2015,4,4,14,2,Saturday
95,6,2015-04-04,6849,1105,1,0,0,0,a,c,500.0,11.0,2005.0,1,31.0,2009.0,"Feb,May,Aug,Nov",2015,4,4,14,2,Saturday
96,6,2015-04-04,5769,584,1,0,0,1,d,c,500.0,7.0,2005.0,1,10.0,2009.0,"Feb,May,Aug,Nov",2015,4,4,14,2,Saturday
97,6,2015-04-04,4905,562,1,0,0,1,c,a,120.0,0.0,2008.0,0,0.0,0.0,None,2015,4,4,14,2,Saturday
98,6,2015-04-04,13979,1165,1,0,0,0,c,a,500.0,3.0,2008.0,1,10.0,2009.0,"Feb,May,Aug,Nov",2015,4,4,14,2,Saturday
99,6,2015-04-04,8324,897,1,0,0,1,a,c,500.0,1.0,2012.0,0,0.0,0.0,None,2015,4,4,14,2,Saturday
100,6,2015-04-04,10608,998,1,0,0,0,b,c,500.0,9.0,2005.0,0,0.0,0.0,None,2015,4,4,14,2,Saturday
1,7,2015-04-05,0,0,0,0,0,0,a,c,3000.0,7.0,2012.0,0,0.0,0.0,None,2015,4,5,14,2,Sunday
2,7,2015-04-05,0,0,0,0,0,0,a,a,7500.0,5.0,2008.0,0,0.0,0.0,None,2015,4,5,14,2,Sunday
3,7,2015-04-05,0,0,0,0,0,0,d,c,500.0,5.0,2012.0,1,10.0,2011.0,"Jan,Apr,Jul,Oct",2015,4,5,14,2,Sunday
4,7,2015-04-05,0,0,0,0,0,0,a,a,1500.0,1.0,2010.0,1,40.0,2011.0,"Mar,Jun,Sept,Dec",2015,4,5,14,2,Sunday
5,7,2015-04-05,0,0,0,0,0,0,c,a,15000.0,0.0,2008.0,1,31.0,2009.0,"Mar,Jun,Sept,Dec",2015,4,5,14,2,Sunday
6,7,2015-04-05,0,0,0,0,0,1,a,c,1500.0,1.0,0.0,0,0.0,0.0,None,2015,4,5,14,2,Sunday
7,7,2015-04-05,0,0,0,0,0,0,a,a,1500.0,5.0,2012.0,1,14.0,2011.0,"Jan,Apr,Jul,Oct",2015,4,5,14,2,Sunday
8,7,2015-04-05,0,0,0,0,0,0,a,c,500.0,9.0,2014.0,1,40.0,2009.0,"Mar,Jun,Sept,Dec",2015,4,5,14,2,Sunday
9,7,2015-04-05,0,0,0,0,0,0,d,a,500.0,5.0,2014.0,1,40.0,2013.0,"Jan,Apr,Jul,Oct",2015,4,5,14,2,Sunday
10,7,2015-04-05,0,0,0,0,0,1,d,c,3000.0,11.0,2012.0,1,1.0,2015.0,"Jan,Apr,Jul,Oct",2015,4,5,14,2,Sunday
11,7,2015-04-05,0,0,0,0,0,0,a,c,120.0,11.0,0.0,1,22.0,2015.0,"Mar,Jun,Sept,Dec",2015,4,5,14,2,Sunday
12,7,2015-04-05,0,0,0,0,0,0,d,c,3000.0,0.0,2008.0,0,0.0,0.0,None,2015,4,5,14,2,Sunday
13,7,2015-04-05,0,0,0,0,0,1,a,a,7500.0,5.0,2005.0,0,0.0,0.0,None,2015,4,5,14,2,Sunday
14,7,2015-04-05,0,0,0,0,0,0,a,c,1500.0,5.0,2014.0,1,1.0,2013.0,"Jan,Apr,Jul,Oct",2015,4,5,14,2,Sunday
15,7,2015-04-05,0,0,0,0,0,0,d,c,3000.0,11.0,2014.0,1,1.0,2013.0,"Mar,Jun,Sept,Dec",2015,4,5,14,2,Sunday
16,7,2015-04-05,0,0,0,0,0,0,a,a,500.0,11.0,0.0,0,0.0,0.0,None,2015,4,5,14,2,Sunday
17,7,2015-04-05,0,0,0,0,0,1,a,c,500.0,7.0,2008.0,0,0.0,0.0,None,2015,4,5,14,2,Sunday
18,7,2015-04-05,0,0,0,0,0,0,d,c,1500.0,5.0,2005.0,1,40.0,2009.0,"Jan,Apr,Jul,Oct",2015,4,5,14,2,Sunday
19,7,2015-04-05,0,0,0,0,0,1,d,c,120.0,9.0,2014.0,1,10.0,2013.0,"Jan,Apr,Jul,Oct",2015,4,5,14,2,Sunday
20,7,2015-04-05,0,0,0,0,0,0,a,a,500.0,9.0,0.0,1,1.0,2013.0,"Mar,Jun,Sept,Dec",2015,4,5,14,2,Sunday
21,7,2015-04-05,0,0,0,0,0,0,a,c,1500.0,0.0,2008.0,0,0.0,0.0,None,2015,4,5,14,2,Sunday
22,7,2015-04-05,0,0,0,0,0,0,a,a,500.0,0.0,2010.0,0,0.0,0.0,None,2015,4,5,14,2,Sunday
23,7,2015-04-05,0,0,0,0,0,0,d,c,500.0,1.0,2008.0,0,0.0,0.0,None,2015,4,5,14,2,Sunday
24,7,2015-04-05,0,0,0,0,0,1,a,a,1500.0,1.0,2010.0,0,0.0,0.0,None,2015,4,5,14,2,Sunday
25,7,2015-04-05,0,0,0,0,0,0,a,c,500.0,1.0,2012.0,0,0.0,0.0,None,2015,4,5,14,2,Sunday
26,7,2015-04-05,0,0,0,0,0,0,d,a,1500.0,3.0,2008.0,0,0.0,0.0,None,2015,4,5,14,2,Sunday
27,7,2015-04-05,0,0,0,0,0,0,d,a,15000.0,9.0,2008.0,1,1.0,2009.0,"Mar,Jun,Sept,Dec",2015,4,5,14,2,Sunday
28,7,2015-04-05,0,0,0,0,0,0,a,a,1500.0,3.0,2010.0,0,0.0,0.0,None,2015,4,5,14,2,Sunday
29,7,2015-04-05,0,0,0,0,0,0,a,a,1500.0,5.0,0.0,1,10.0,2015.0,"Jan,Apr,Jul,Oct",2015,4,5,14,2,Sunday
30,7,2015-04-05,0,0,0,0,0,0,c,c,500.0,11.0,2014.0,1,22.0,2015.0,"Feb,May,Aug,Nov",2015,4,5,14,2,Sunday
31,7,2015-04-05,0,0,0,0,0,1,d,c,500.0,0.0,2014.0,1,31.0,2015.0,"Mar,Jun,Sept,Dec",2015,4,5,14,2,Sunday
32,7,2015-04-05,0,0,0,0,0,0,a,a,3000.0,3.0,2010.0,1,1.0,2015.0,"Mar,Jun,Sept,Dec",2015,4,5,14,2,Sunday
33,7,2015-04-05,0,0,0,0,0,1,d,c,1500.0,9.0,2008.0,0,0.0,0.0,None,2015,4,5,14,2,Sunday
34,7,2015-04-05,0,0,0,0,0,0,d,c,500.0,9.0,2005.0,0,0.0,0.0,None,2015,4,5,14,2,Sunday
35,7,2015-04-05,0,0,0,0,0,0,a,c,120.0,5.0,0.0,1,22.0,2015.0,"Mar,Jun,Sept,Dec",2015,4,5,14,2,Sunday
36,7,2015-04-05,0,0,0,0,0,0,d,a,1500.0,3.0,2008.0,1,40.0,2011.0,"Feb,May,Aug,Nov",2015,4,5,14,2,Sunday
37,7,2015-04-05,0,0,0,0,0,1,d,a,7500.0,3.0,2008.0,1,40.0,2009.0,"Mar,Jun,Sept,Dec",2015,4,5,14,2,Sunday
38,7,2015-04-05,0,0,0,0,0,0,a,a,3000.0,3.0,2010.0,0,0.0,0.0,None,2015,4,5,14,2,Sunday
39,7,2015-04-05,0,0,0,0,0,0,c,a,7500.0,7.0,2014.0,1,14.0,2015.0,"Jan,Apr,Jul,Oct",2015,4,5,14,2,Sunday
40,7,2015-04-05,0,0,0,0,0,0,d,a,1500.0,11.0,2008.0,1,22.0,2013.0,"Jan,Apr,Jul,Oct",2015,4,5,14,2,Sunday
41,7,2015-04-05,0,0,0,0,0,0,a,c,500.0,1.0,0.0,0,0.0,0.0,None,2015,4,5,14,2,Sunday
42,7,2015-04-05,0,0,0,0,0,0,d,c,120.0,1.0,2014.0,0,0.0,0.0,None,2015,4,5,14,2,Sunday
43,7,2015-04-05,0,0,0,0,0,0,a,a,500.0,0.0,0.0,1,31.0,2011.0,"Mar,Jun,Sept,Dec",2015,4,5,14,2,Sunday
44,7,2015-04-05,0,0,0,0,0,0,a,a,1500.0,5.0,2005.0,0,0.0,0.0,None,2015,4,5,14,2,Sunday
45,7,2015-04-05,0,0,0,0,0,1,c,a,120.0,9.0,2014.0,1,22.0,2011.0,"Feb,May,Aug,Nov",2015,4,5,14,2,Sunday
46,7,2015-04-05,0,0,0,0,0,0,a,c,500.0,1.0,2014.0,0,0.0,0.0,None,2015,4,5,14,2,Sunday
47,7,2015-04-05,0,0,0,0,0,0,c,a,1500.0,0.0,0.0,1,40.0,2013.0,"Jan,Apr,Jul,Oct",2015,4,5,14,2,Sunday
48,7,2015-04-05,0,0,0,0,0,0,a,c,500.0,7.0,2010.0,1,22.0,2011.0,"Mar,Jun,Sept,Dec",2015,4,5,14,2,Sunday
49,7,2015-04-05,0,0,0,0,0,0,d,a,120.0,1.0,2010.0,1,14.0,2009.0,"Mar,Jun,Sept,Dec",2015,4,5,14,2,Sunday
50,7,2015-04-05,0,0,0,0,0,1,a,c,500.0,1.0,2012.0,0,0.0,0.0,None,2015,4,5,14,2,Sunday
51,7,2015-04-05,0,0,0,0,0,0,a,c,120.0,1.0,0.0,0,0.0,0.0,None,2015,4,5,14,2,Sunday
52,7,2015-04-05,0,0,0,0,0,0,a,a,120.0,7.0,2012.0,1,31.0,2013.0,"Mar,Jun,Sept,Dec",2015,4,5,14,2,Sunday
53,7,2015-04-05,0,0,0,0,0,0,a,c,1500.0,0.0,0.0,1,14.0,2009.0,"Feb,May,Aug,Nov",2015,4,5,14,2,Sunday
54,7,2015-04-05,0,0,0,0,0,0,a,a,1500.0,0.0,0.0,0,0.0,0.0,None,2015,4,5,14,2,Sunday
55,7,2015-04-05,0,0,0,0,0,0,d,c,1500.0,1.0,2005.0,1,22.0,2009.0,"Feb,May,Aug,Nov",2015,4,5,14,2,Sunday
56,7,2015-04-05,0,0,0,0,0,0,a,a,1500.0,7.0,2010.0,0,0.0,0.0,None,2015,4,5,14,2,Sunday
57,7,2015-04-05,0,0,0,0,0,0,a,c,1500.0,0.0,2012.0,1,10.0,2009.0,"Mar,Jun,Sept,Dec",2015,4,5,14,2,Sunday
58,7,2015-04-05,0,0,0,0,0,0,d,c,1500.0,0.0,0.0,1,14.0,2009.0,"Mar,Jun,Sept,Dec",2015,4,5,14,2,Sunday
59,7,2015-04-05,0,0,0,0,0,1,d,c,500.0,7.0,2012.0,0,0.0,0.0,None,2015,4,5,14,2,Sunday
60,7,2015-04-05,0,0,0,0,0,0,a,a,1500.0,11.0,0.0,1,31.0,2011.0,"Feb,May,Aug,Nov",2015,4,5,14,2,Sunday
61,7,2015-04-05,0,0,0,0,0,0,a,c,500.0,5.0,2005.0,1,31.0,2013.0,"Jan,Apr,Jul,Oct",2015,4,5,14,2,Sunday
62,7,2015-04-05,0,0,0,0,0,0,a,a,15000.0,5.0,2005.0,0,0.0,0.0,None,2015,4,5,14,2,Sunday
63,7,2015-04-05,0,0,0,0,0,0,c,c,3000.0,5.0,2005.0,0,0.0,0.0,None,2015,4,5,14,2,Sunday
64,7,2015-04-05,0,0,0,0,0,0,c,c,1500.0,5.0,0.0,1,1.0,2013.0,"Jan,Apr,Jul,Oct",2015,4,5,14,2,Sunday
65,7,2015-04-05,0,0,0,0,0,0,a,c,1500.0,0.0,2014.0,0,0.0,0.0,None,2015,4,5,14,2,Sunday
66,7,2015-04-05,0,0,0,0,0,0,a,a,15000.0,3.0,2010.0,0,0.0,0.0,None,2015,4,5,14,2,Sunday
67,7,2015-04-05,0,0,0,0,0,0,d,c,1500.0,1.0,2012.0,0,0.0,0.0,None,2015,4,5,14,2,Sunday
68,7,2015-04-05,0,0,0,0,0,0,c,c,500.0,7.0,0.0,0,0.0,0.0,None,2015,4,5,14,2,Sunday
69,7,2015-04-05,0,0,0,0,0,0,d,c,15000.0,1.0,2012.0,1,31.0,2013.0,"Mar,Jun,Sept,Dec",2015,4,5,14,2,Sunday
70,7,2015-04-05,0,0,0,0,0,0,a,a,3000.0,5.0,0.0,0,0.0,0.0,None,2015,4,5,14,2,Sunday
71,7,2015-04-05,0,0,0,0,0,0,a,c,120.0,1.0,2008.0,1,31.0,2009.0,"Jan,Apr,Jul,Oct",2015,4,5,14,2,Sunday
72,7,2015-04-05,0,0,0,0,0,0,a,c,7500.0,9.0,2010.0,0,0.0,0.0,None,2015,4,5,14,2,Sunday
73,7,2015-04-05,0,0,0,0,0,0,d,c,500.0,5.0,2008.0,1,40.0,2013.0,"Mar,Jun,Sept,Dec",2015,4,5,14,2,Sunday
74,7,2015-04-05,0,0,0,0,0,1,a,a,500.0,7.0,2012.0,0,0.0,0.0,None,2015,4,5,14,2,Sunday
75,7,2015-04-05,0,0,0,0,0,1,c,c,3000.0,11.0,0.0,1,14.0,2009.0,"Feb,May,Aug,Nov",2015,4,5,14,2,Sunday
76,7,2015-04-05,0,0,0,0,0,1,a,a,120.0,0.0,2014.0,0,0.0,0.0,None,2015,4,5,14,2,Sunday
77,7,2015-04-05,0,0,0,0,0,0,d,c,1500.0,11.0,2012.0,0,0.0,0.0,None,2015,4,5,14,2,Sunday
78,7,2015-04-05,0,0,0,0,0,1,d,c,500.0,3.0,2010.0,0,0.0,0.0,None,2015,4,5,14,2,Sunday
79,7,2015-04-05,0,0,0,0,0,0,a,a,500.0,0.0,2012.0,1,14.0,2015.0,"Mar,Jun,Sept,Dec",2015,4,5,14,2,Sunday
80,7,2015-04-05,0,0,0,0,0,1,a,a,15000.0,9.0,2010.0,0,0.0,0.0,None,2015,4,5,14,2,Sunday
81,7,2015-04-05,0,0,0,0,0,1,a,a,1500.0,1.0,2010.0,1,22.0,2009.0,"Jan,Apr,Jul,Oct",2015,4,5,14,2,Sunday
82,7,2015-04-05,0,0,0,0,0,0,a,a,1500.0,0.0,0.0,0,0.0,0.0,None,2015,4,5,14,2,Sunday
83,7,2015-04-05,0,0,0,0,0,0,a,c,500.0,7.0,2014.0,0,0.0,0.0,None,2015,4,5,14,2,Sunday
84,7,2015-04-05,0,0,0,0,0,0,d,a,1500.0,0.0,2005.0,0,0.0,0.0,None,2015,4,5,14,2,Sunday
85,7,2015-04-05,0,0,0,0,0,0,d,c,120.0,0.0,2014.0,1,1.0,2013.0,"Jan,Apr,Jul,Oct",2015,4,5,14,2,Sunday
86,7,2015-04-05,0,0,0,0,0,0,d,a,3000.0,0.0,2012.0,0,0.0,0.0,None,2015,4,5,14,2,Sunday
87,7,2015-04-05,0,0,0,0,0,0,a,a,1500.0,0.0,0.0,0,0.0,0.0,None,2015,4,5,14,2,Sunday
88,7,2015-04-05,0,0,0,0,0,0,d,c,3000.0,3.0,2012.0,1,31.0,2009.0,"Feb,May,Aug,Nov",2015,4,5,14,2,Sunday
89,7,2015-04-05,0,0,0,0,0,0,d,a,1500.0,9.0,0.0,1,31.0,2015.0,"Feb,May,Aug,Nov",2015,4,5,14,2,Sunday
90,7,2015-04-05,0,0,0,0,0,1,d,c,1500.0,0.0,0.0,0,0.0,0.0,None,2015,4,5,14,2,Sunday
91,7,2015-04-05,0,0,0,0,0,0,a,c,1500.0,3.0,2008.0,0,0.0,0.0,None,2015,4,5,14,2,Sunday
92,7,2015-04-05,0,0,0,0,0,0,d,c,120.0,3.0,0.0,1,31.0,2009.0,"Feb,May,Aug,Nov",2015,4,5,14,2,Sunday
93,7,2015-04-05,0,0,0,0,0,0,d,a,120.0,5.0,2005.0,0,0.0,0.0,None,2015,4,5,14,2,Sunday
94,7,2015-04-05,0,0,0,0,0,1,c,a,500.0,11.0,2005.0,0,0.0,0.0,None,2015,4,5,14,2,Sunday
95,7,2015-04-05,0,0,0,0,0,0,a,c,500.0,11.0,2005.0,1,31.0,2009.0,"Feb,May,Aug,Nov",2015,4,5,14,2,Sunday
96,7,2015-04-05,0,0,0,0,0,0,d,c,500.0,7.0,2005.0,1,10.0,2009.0,"Feb,May,Aug,Nov",2015,4,5,14,2,Sunday
97,7,2015-04-05,0,0,0,0,0,0,c,a,120.0,0.0,2008.0,0,0.0,0.0,None,2015,4,5,14,2,Sunday
98,7,2015-04-05,0,0,0,0,0,0,c,a,500.0,3.0,2008.0,1,10.0,2009.0,"Feb,May,Aug,Nov",2015,4,5,14,2,Sunday
99,7,2015-04-05,0,0,0,0,0,0,a,c,500.0,1.0,2012.0,0,0.0,0.0,None,2015,4,5,14,2,Sunday
100,7,2015-04-05,0,0,0,0,0,0,b,c,500.0,9.0,2005.0,0,0.0,0.0,None,2015,4,5,14,2,Sunday
1,1,2015-04-06,4573,438,1,0,0,0,a,c,3000.0,7.0,2012.0,0,0.0,0.0,None,2015,4,6,15,2,Monday
2,1,2015-04-06,5954,449,1,1,0,0,a,a,7500.0,5.0,2008.0,0,0.0,0.0,None,2015,4,6,15,2,Monday
3,1,2015-04-06,5457,765,1,0,0,0,d,c,500.0,5.0,2012.0,1,10.0,2011.0,"Jan,Apr,Jul,Oct",2015,4,6,15,2,Monday
4,1,2015-04-06,10897,1076,1,0,0,0,a,a,1500.0,1.0,2010.0,1,40.0,2011.0,"Mar,Jun,Sept,Dec",2015,4,6,15,2,Monday
5,1,2015-04-06,6546,831,1,1,0,1,c,a,15000.0,0.0,2008.0,1,31.0,2009.0,"Mar,Jun,Sept,Dec",2015,4,6,15,2,Monday
6,1,2015-04-06,3513,345,1,1,0,0,a,c,1500.0,1.0,0.0,0,0.0,0.0,None,2015,4,6,15,2,Monday
7,1,2015-04-06,5616,782,1,0,0,0,a,a,1500.0,5.0,2012.0,1,14.0,2011.0,"Jan,Apr,Jul,Oct",2015,4,6,15,2,Monday
8,1,2015-04-06,4123,552,1,0,0,0,a,c,500.0,9.0,2014.0,1,40.0,2009.0,"Mar,Jun,Sept,Dec",2015,4,6,15,2,Monday
9,1,2015-04-06,4897,867,1,0,0,1,d,a,500.0,5.0,2014.0,1,40.0,2013.0,"Jan,Apr,Jul,Oct",2015,4,6,15,2,Monday
10,1,2015-04-06,4189,367,1,1,0,0,d,c,3000.0,11.0,2012.0,1,1.0,2015.0,"Jan,Apr,Jul,Oct",2015,4,6,15,2,Monday
11,1,2015-04-06,6068,588,1,1,0,0,a,c,120.0,11.0,0.0,1,22.0,2015.0,"Mar,Jun,Sept,Dec",2015,4,6,15,2,Monday
12,1,2015-04-06,6358,887,1,0,0,0,d,c,3000.0,0.0,2008.0,0,0.0,0.0,None,2015,4,6,15,2,Monday
13,1,2015-04-06,7026,628,1,1,0,0,a,a,7500.0,5.0,2005.0,0,0.0,0.0,None,2015,4,6,15,2,Monday
14,1,2015-04-06,4431,472,1,0,0,0,a,c,1500.0,5.0,2014.0,1,1.0,2013.0,"Jan,Apr,Jul,Oct",2015,4,6,15,2,Monday
15,1,2015-04-06,3287,346,1,0,0,0,d,c,3000.0,11.0,2014.0,1,1.0,2013.0,"Mar,Jun,Sept,Dec",2015,4,6,15,2,Monday
16,1,2015-04-06,8749,893,1,1,0,0,a,a,500.0,11.0,0.0,0,0.0,0.0,None,2015,4,6,15,2,Monday
17,1,2015-04-06,4953,525,1,0,0,0,a,c,500.0,7.0,2008.0,0,0.0,0.0,None,2015,4,6,15,2,Monday
18,1,2015-04-06,6020,621,1,0,0,1,d,c,1500.0,5.0,2005.0,1,40.0,2009.0,"Jan,Apr,Jul,Oct",2015,4,6,15,2,Monday
19,1,2015-04-06,9723,804,1,1,0,1,d,c,120.0,9.0,2014.0,1,10.0,2013.0,"Jan,Apr,Jul,Oct",2015,4,6,15,2,Monday
20,1,2015-04-06,9925,990,1,1,0,0,a,a,500.0,9.0,0.0,1,1.0,2013.0,"Mar,Jun,Sept,Dec",2015,4,6,15,2,Monday
21,1,2015-04-06,6703,601,1,0,0,0,a,c,1500.0,0.0,2008.0,0,0.0,0.0,None,2015,4,6,15,2,Monday
22,1,2015-04-06,13415,1180,1,1,0,0,a,a,500.0,0.0,2010.0,0,0.0,0.0,None,2015,4,6,15,2,Monday
23,1,2015-04-06,10988,916,1,1,0,0,d,c,500.0,1.0,2008.0,0,0.0,0.0,None,2015,4,6,15,2,Monday
24,1,2015-04-06,3245,458,1,0,0,0,a,a,1500.0,1.0,2010.0,0,0.0,0.0,None,2015,4,6,15,2,Monday
25,1,2015-04-06,3404,416,1,0,0,0,a,c,500.0,1.0,2012.0,0,0.0,0.0,None,2015,4,6,15,2,Monday
26,1,2015-04-06,5218,933,1,0,0,1,d,a,1500.0,3.0,2008.0,0,0.0,0.0,None,2015,4,6,15,2,Monday
27,1,2015-04-06,3608,452,1,1,0,0,d,a,15000.0,9.0,2008.0,1,1.0,2009.0,"Mar,Jun,Sept,Dec",2015,4,6,15,2,Monday
28,1,2015-04-06,7466,871,1,1,0,0,a,a,1500.0,3.0,2010.0,0,0.0,0.0,None,2015,4,6,15,2,Monday
29,1,2015-04-06,3611,316,1,0,0,0,a,a,1500.0,5.0,0.0,1,10.0,2015.0,"Jan,Apr,Jul,Oct",2015,4,6,15,2,Monday
30,1,2015-04-06,6562,967,1,0,0,0,c,c,500.0,11.0,2014.0,1,22.0,2015.0,"Feb,May,Aug,Nov",2015,4,6,15,2,Monday
31,1,2015-04-06,8799,1033,1,0,0,0,d,c,500.0,0.0,2014.0,1,31.0,2015.0,"Mar,Jun,Sept,Dec",2015,4,6,15,2,Monday
32,1,2015-04-06,3540,347,1,0,0,0,a,a,3000.0,3.0,2010.0,1,1.0,2015.0,"Mar,Jun,Sept,Dec",2015,4,6,15,2,Monday
33,1,2015-04-06,6335,1053,1,0,0,0,d,c,1500.0,9.0,2008.0,0,0.0,0.0,None,2015,4,6,15,2,Monday
34,1,2015-04-06,10125,1132,1,1,0,0,d,c,500.0,9.0,2005.0,0,0.0,0.0,None,2015,4,6,15,2,Monday
35,1,2015-04-06,9023,1101,1,1,0,1,a,c,120.0,5.0,0.0,1,22.0,2015.0,"Mar,Jun,Sept,Dec",2015,4,6,15,2,Monday
36,1,2015-04-06,8357,794,1,0,0,0,d,a,1500.0,3.0,2008.0,1,40.0,2011.0,"Feb,May,Aug,Nov",2015,4,6,15,2,Monday
37,1,2015-04-06,3315,532,1,0,0,0,d,a,7500.0,3.0,2008.0,1,40.0,2009.0,"Mar,Jun,Sept,Dec",2015,4,6,15,2,Monday
38,1,2015-04-06,3960,305,1,1,0,0,a,a,3000.0,3.0,2010.0,0,0.0,0.0,None,2015,4,6,15,2,Monday
39,1,2015-04-06,3094,434,1,0,0,0,c,a,7500.0,7.0,2014.0,1,14.0,2015.0,"Jan,Apr,Jul,Oct",2015,4,6,15,2,Monday
40,1,2015-04-06,3711,314,1,1,0,0,d,a,1500.0,11.0,2008.0,1,22.0,2013.0,"Jan,Apr,Jul,Oct",2015,4,6,15,2,Monday
41,1,2015-04-06,8636,1118,1,0,0,0,a,c,500.0,1.0,0.0,0,0.0,0.0,None,2015,4,6,15,2,Monday
42,1,2015-04-06,5455,756,1,0,0,0,d,c,120.0,1.0,2014.0,0,0.0,0.0,None,2015,4,6,15,2,Monday
43,1,2015-04-06,13537,1146,1,0,0,0,a,a,500.0,0.0,0.0,1,31.0,2011.0,"Mar,Jun,Sept,Dec",2015,4,6,15,2,Monday
44,1,2015-04-06,9937,1009,1,0,0,0,a,a,1500.0,5.0,2005.0,0,0.0,0.0,None,2015,4,6,15,2,Monday
45,1,2015-04-06,6497,640,1,1,0,0,c,a,120.0,9.0,2014.0,1,22.0,2011.0,"Feb,May,Aug,Nov",2015,4,6,15,2,Monday
46,1,2015-04-06,3210,403,1,0,0,0,a,c,500.0,1.0,2014.0,0,0.0,0.0,None,2015,4,6,15,2,Monday
47,1,2015-04-06,6428,813,1,0,0,0,c,a,1500.0,0.0,0.0,1,40.0,2013.0,"Jan,Apr,Jul,Oct",2015,4,6,15,2,Monday
48,1,2015-04-06,6882,650,1,1,0,1,a,c,500.0,7.0,2010.0,1,22.0,2011.0,"Mar,Jun,Sept,Dec",2015,4,6,15,2,Monday
49,1,2015-04-06,9251,757,1,1,0,1,d,a,120.0,1.0,2010.0,1,14.0,2009.0,"Mar,Jun,Sept,Dec",2015,4,6,15,2,Monday
50,1,2015-04-06,4779,467,1,1,0,0,a,c,500.0,1.0,2012.0,0,0.0,0.0,None,2015,4,6,15,2,Monday
51,1,2015-04-06,8805,800,1,1,0,0,a,c,120.0,1.0,0.0,0,0.0,0.0,None,2015,4,6,15,2,Monday
52,1,2015-04-06,3167,347,1,0,0,1,a,a,120.0,7.0,2012.0,1,31.0,2013.0,"Mar,Jun,Sept,Dec",2015,4,6,15,2,Monday
53,1,2015-04-06,9194,915,1,0,0,0,a,c,1500.0,0.0,0.0,1,14.0,2009.0,"Feb,May,Aug,Nov",2015,4,6,15,2,Monday
54,1,2015-04-06,7617,928,1,1,0,0,a,a,1500.0,0.0,0.0,0,0.0,0.0,None,2015,4,6,15,2,Monday
55,1,2015-04-06,6854,1093,1,1,0,0,d,c,1500.0,1.0,2005.0,1,22.0,2009.0,"Feb,May,Aug,Nov",2015,4,6,15,2,Monday
56,1,2015-04-06,8138,922,1,1,0,0,a,a,1500.0,7.0,2010.0,0,0.0,0.0,None,2015,4,6,15,2,Monday
57,1,2015-04-06,5876,712,1,0,0,1,a,c,1500.0,0.0,2012.0,1,10.0,2009.0,"Mar,Jun,Sept,Dec",2015,4,6,15,2,Monday
58,1,2015-04-06,4095,414,1,1,0,0,d,c,1500.0,0.0,0.0,1,14.0,2009.0,"Mar,Jun,Sept,Dec",2015,4,6,15,2,Monday
59,1,2015-04-06,4173,480,1,0,0,0,d,c,500.0,7.0,2012.0,0,0.0,0.0,None,2015,4,6,15,2,Monday
60,1,2015-04-06,5693,1005,1,0,0,0,a,a,1500.0,11.0,0.0,1,31.0,2011.0,"Feb,May,Aug,Nov",2015,4,6,15,2,Monday
61,1,2015-04-06,7680,785,1,1,0,0,a,c,500.0,5.0,2005.0,1,31.0,2013.0,"Jan,Apr,Jul,Oct",2015,4,6,15,2,Monday
62,1,2015-04-06,9882,932,1,1,0,1,a,a,15000.0,5.0,2005.0,0,0.0,0.0,None,2015,4,6,15,2,Monday
63,1,2015-04-06,6963,1058,1,1,0,0,c,c,3000.0,5.0,2005.0,0,0.0,0.0,None,2015,4,6,15,2,Monday
64,1,2015-04-06,7209,1114,1,0,0,0,c,c,1500.0,5.0,0.0,1,1.0,2013.0,"Jan,Apr,Jul,Oct",2015,4,6,15,2,Monday
65,1,2015-04-06,6265,851,1,0,0,0,a,c,1500.0,0.0,2014.0,0,0.0,0.0,None,2015,4,6,15,2,Monday
66,1,2015-04-06,3448,415,1,0,0,1,a,a,15000.0,3.0,2010.0,0,0.0,0.0,None,2015,4,6,15,2,Monday
67,1,2015-04-06,5714,1022,1,0,0,0,d,c,1500.0,1.0,2012.0,0,0.0,0.0,None,2015,4,6,15,2,Monday
68,1,2015-04-06,9223,1131,1,0,0,0,c,c,500.0,7.0,0.0,0,0.0,0.0,None,2015,4,6,15,2,Monday
69,1,2015-04-06,8682,1144,1,1,0,0,d,c,15000.0,1.0,2012.0,1,31.0,2013.0,"Mar,Jun,Sept,Dec",2015,4,6,15,2,Monday
70,1,2015-04-06,8285,697,1,1,0,0,a,a,3000.0,5.0,0.0,0,0.0,0.0,None,2015,4,6,15,2,Monday
71,1,2015-04-06,5422,628,1,1,0,1,a,c,120.0,1.0,2008.0,1,31.0,2009.0,"Jan,Apr,Jul,Oct",2015,4,6,15,2,Monday
72,1,2015-04-06,6890,690,1,0,0,1,a,c,7500.0,9.0,2010.0,0,0.0,0.0,None,2015,4,6,15,2,Monday
73,1,2015-04-06,3845,427,1,1,0,0,d,c,500.0,5.0,2008.0,1,40.0,2013.0,"Mar,Jun,Sept,Dec",2015,4,6,15,2,Monday
74,1,2015-04-06,5515,424,1,1,0,0,a,a,500.0,7.0,2012.0,0,0.0,0.0,None,2015,4,6,15,2,Monday
75,1,2015-04-06,4870,361,1,1,0,0,c,c,3000.0,11.0,0.0,1,14.0,2009.0,"Feb,May,Aug,Nov",2015,4,6,15,2,Monday
76,1,2015-04-06,10306,801,1,1,0,1,a,a,120.0,0.0,2014.0,0,0.0,0.0,None,2015,4,6,15,2,Monday
77,1,2015-04-06,5562,659,1,0,0,0,d,c,1500.0,11.0,2012.0,0,0.0,0.0,None,2015,4,6,15,2,Monday
78,1,2015-04-06,11933,1096,1,0,0,0,d,c,500.0,3.0,2010.0,0,0.0,0.0,None,2015,4,6,15,2,Monday
79,1,2015-04-06,7201,656,1,0,0,0,a,a,500.0,0.0,2012.0,1,14.0,2015.0,"Mar,Jun,Sept,Dec",2015,4,6,15,2,Monday
80,1,2015-04-06,4929,637,1,0,0,1,a,a,15000.0,9.0,2010.0,0,0.0,0.0,None,2015,4,6,15,2,Monday
81,1,2015-04-06,4810,583,1,0,0,0,a,a,1500.0,1.0,2010.0,1,22.0,2009.0,"Jan,Apr,Jul,Oct",2015,4,6,15,2,Monday
82,1,2015-04-06,4375,491,1,0,0,1,a,a,1500.0,0.0,0.0,0,0.0,0.0,None,2015,4,6,15,2,Monday
83,1,2015-04-06,5418,563,1,1,0,1,a,c,500.0,7.0,2014.0,0,0.0,0.0,None,2015,4,6,15,2,Monday
84,1,2015-04-06,5873,562,1,1,0,1,d,a,1500.0,0.0,2005.0,0,0.0,0.0,None,2015,4,6,15,2,Monday
85,1,2015-04-06,8716,862,1,0,0,0,d,c,120.0,0.0,2014.0,1,1.0,2013.0,"Jan,Apr,Jul,Oct",2015,4,6,15,2,Monday
86,1,2015-04-06,6278,1041,1,0,0,0,d,a,3000.0,0.0,2012.0,0,0.0,0.0,None,2015,4,6,15,2,Monday
87,1,2015-04-06,4103,678,1,0,0,0,a,a,1500.0,0.0,0.0,0,0.0,0.0,None,2015,4,6,15,2,Monday
88,1,2015-04-06,6554,724,1,1,0,0,d,c,3000.0,3.0,2012.0,1,31.0,2009.0,"Feb,May,Aug,Nov",2015,4,6,15,2,Monday
89,1,2015-04-06,5537,629,1,0,0,0,d,a,1500.0,9.0,0.0,1,31.0,2015.0,"Feb,May,Aug,Nov",2015,4,6,15,2,Monday
90,1,2015-04-06,4821,659,1,1,0,1,d,c,1500.0,0.0,0.0,0,0.0,0.0,None,2015,4,6,15,2,Monday
91,1,2015-04-06,5241,643,1,0,0,1,a,c,1500.0,3.0,2008.0,0,0.0,0.0,None,2015,4,6,15,2,Monday
92,1,2015-04-06,10393,855,1,1,0,1,d,c,120.0,3.0,0.0,1,31.0,2009.0,"Feb,May,Aug,Nov",2015,4,6,15,2,Monday
93,1,2015-04-06,7441,967,1,0,0,0,d,a,120.0,5.0,2005.0,0,0.0,0.0,None,2015,4,6,15,2,Monday
94,1,2015-04-06,9322,957,1,0,0,0,c,a,500.0,11.0,2005.0,0,0.0,0.0,None,2015,4,6,15,2,Monday
95,1,2015-04-06,3705,566,1,0,0,0,a,c,500.0,11.0,2005.0,1,31.0,2009.0,"Feb,May,Aug,Nov",2015,4,6,15,2,Monday
96,1,2015-04-06,9077,987,1,1,0,0,d,c,500.0,7.0,2005.0,1,10.0,2009.0,"Feb,May,Aug,Nov",2015,4,6,15,2,Monday
97,1,2015-04-06,7901,761,1,0,0,0,c,a,120.0,0.0,2008.0,0,0.0,0.0,None,2015,4,6,15,2,Monday
98,1,2015-04-06,6545,722,1,1,0,0,c,a,500.0,3.0,2008.0,1,10.0,2009.0,"Feb,May,Aug,Nov",2015,4,6,15,2,Monday
99,1,2015-04-06,6257,577,1,0,0,0,a,c,500.0,1.0,2012.0,0,0.0,0.0,None,2015,4,6,15,2,Monday
100,1,2015-04-06,8026,721,1,0,0,0,b,c,500.0,9.0,2005.0,0,0.0,0.0,None,2015,4,6,15,2,Monday
1,2,2015-04-07,3286,579,1,0,0,0,a,c,3000.0,7.0,2012.0,0,0.0,0.0,None,2015,4,7,15,2,Tuesday
2,2,2015-04-07,8054,752,1,1,0,0,a,a,7500.0,5.0,2008.0,0,0.0,0.0,None,2015,4,7,15,2,Tuesday
3,2,2015-04-07,6298,688,1,0,0,0,d,c,500.0,5.0,2012.0,1,10.0,2011.0,"Jan,Apr,Jul,Oct",2015,4,7,15,2,Tuesday
4,2,2015-04-07,5918,627,1,0,0,1,a,a,1500.0,1.0,2010.0,1,40.0,2011.0,"Mar,Jun,Sept,Dec",2015,4,7,15,2,Tuesday
5,2,2015-04-07,9236,743,1,1,0,0,c,a,15000.0,0.0,2008.0,1,31.0,2009.0,"Mar,Jun,Sept,Dec",2015,4,7,15,2,Tuesday
6,2,2015-04-07,10895,990,1,1,0,0,a,c,1500.0,1.0,0.0,0,0.0,0.0,None,2015,4,7,15,2,Tuesday
7,2,2015-04-07,7257,1143,1,0,0,1,a,a,1500.0,5.0,2012.0,1,14.0,2011.0,"Jan,Apr,Jul,Oct",2015,4,7,15,2,Tuesday
8,2,2015-04-07,4989,528,1,0,0,0,a,c,500.0,9.0,2014.0,1,40.0,2009.0,"Mar,Jun,Sept,Dec",2015,4,7,15,2,Tuesday
9,2,2015-04-07,3133,314,1,0,0,0,d,a,500.0,5.0,2014.0,1,40.0,2013.0,"Jan,Apr,Jul,Oct",2015,4,7,15,2,Tuesday
10,2,2015-04-07,3591,453,1,1,0,0,d,c,3000.0,11.0,2012.0,1,1.0,2015.0,"Jan,Apr,Jul,Oct",2015,4,7,15,2,Tuesday
11,2,2015-04-07,6457,668,1,1,0,0,a,c,120.0,11.0,0.0,1,22.0,2015.0,"Mar,Jun,Sept,Dec",2015,4,7,15,2,Tuesday
12,2,2015-04-07,7728,813,1,0,0,1,d,c,3000.0,0.0,2008.0,0,0.0,0.0,None,2015,4,7,15,2,Tuesday
13,2,2015-04-07,10846,909,1,0,0,1,a,a,7500.0,5.0,2005.0,0,0.0,0.0,None,2015,4,7,15,2,Tuesday
14,2,2015-04-07,5217,430,1,1,0,0,a,c,1500.0,5.0,2014.0,1,1.0,2013.0,"Jan,Apr,Jul,Oct",2015,4,7,15,2,Tuesday
15,2,2015-04-07,7221,1170,1,0,0,0,d,c,3000.0,11.0,2014.0,1,1.0,2013.0,"Mar,Jun,Sept,Dec",2015,4,7,15,2,Tuesday
16,2,2015-04-07,8217,947,1,1,0,0,a,a,500.0,11.0,0.0,0,0.0,0.0,None,2015,4,7,15,2,Tuesday
17,2,2015-04-07,6696,708,1,0,0,0,a,c,500.0,7.0,2008.0,0,0.0,0.0,None,2015,4,7,15,2,Tuesday
18,2,2015-04-07,2664,304,1,1,0,0,d,c,1500.0,5.0,2005.0,1,40.0,2009.0,"Jan,Apr,Jul,Oct",2015,4,7,15,2,Tuesday
19,2,2015-04-07,7294,711,1,0,0,0,d,c,120.0,9.0,2014.0,1,10.0,2013.0,"Jan,Apr,Jul,Oct",2015,4,7,15,2,Tuesday
20,2,2015-04-07,7792,1026,1,0,0,0,a,a,500.0,9.0,0.0,1,1.0,2013.0,"Mar,Jun,Sept,Dec",2015,4,7,15,2,Tuesday
21,2,2015-04-07,2438,382,1,0,0,0,a,c,1500.0,0.0,2008.0,0,0.0,0.0,None,2015,4,7,15,2,Tuesday
22,2,2015-04-07,11653,1133,1,0,0,1,a,a,500.0,0.0,2010.0,0,0.0,0.0,None,2015,4,7,15,2,Tuesday
23,2,2015-04-07,6559,766,1,0,0,0,d,c,500.0,1.0,2008.0,0,0.0,0.0,None,2015,4,7,15,2,Tuesday
24,2,2015-04-07,6162,926,1,0,0,0,a,a,1500.0,1.0,2010.0,0,0.0,0.0,None,2015,4,7,15,2,Tuesday
25,2,2015-04-07,6398,904,1,0,0,0,a,c,500.0,1.0,2012.0,0,0.0,0.0,None,2015,4,7,15,2,Tuesday
26,2,2015-04-07,6446,710,1,0,0,0,d,a,1500.0,3.0,2008.0,0,0.0,0.0,None,2015,4,7,15,2,Tuesday
27,2,2015-04-07,4777,369,1,1,0,0,d,a,15000.0,9.0,2008.0,1,1.0,2009.0,"Mar,Jun,Sept,Dec",2015,4,7,15,2,Tuesday
28,2,2015-04-07,7091,657,1,0,0,0,a,a,1500.0,3.0,2010.0,0,0.0,0.0,None,2015,4,7,15,2,Tuesday
29,2,2015-04-07,12113,1061,1,1,0,0,a,a,1500.0,5.0,0.0,1,10.0,2015.0,"Jan,Apr,Jul,Oct",2015,4,7,15,2,Tuesday
30,2,2015-04-07,5264,650,1,0,0,0,c,c,500.0,11.0,2014.0,1,22.0,2015.0,"Feb,May,Aug,Nov",2015,4,7,15,2,Tuesday
31,2,2015-04-07,8914,785,1,1,0,1,d,c,500.0,0.0,2014.0,1,31.0,2015.0,"Mar,Jun,Sept,Dec",2015,4,7,15,2,Tuesday
32,2,2015-04-07,11761,1146,1,0,0,0,a,a,3000.0,3.0,2010.0,1,1.0,2015.0,"Mar,Jun,Sept,Dec",2015,4,7,15,2,Tuesday
33,2,2015-04-07,9474,1048,1,0,0,1,d,c,1500.0,9.0,2008.0,0,0.0,0.0,None,2015,4,7,15,2,Tuesday
34,2,2015-04-07,8000,1054,1,1,0,0,d,c,500.0,9.0,2005.0,0,0.0,0.0,None,2015,4,7,15,2,Tuesday
35,2,2015-04-07,2012,361,1,0,0,0,a,c,120.0,5.0,0.0,1,22.0,2015.0,"Mar,Jun,Sept,Dec",2015,4,7,15,2,Tuesday
36,2,2015-04-07,5682,501,1,1,0,0,d,a,1500.0,3.0,2008.0,1,40.0,2011.0,"Feb,May,Aug,Nov",2015,4,7,15,2,Tuesday
37,2,2015-04-07,4981,496,1,0,0,0,d,a,7500.0,3.0,2008.0,1,40.0,2009.0,"Mar,Jun,Sept,Dec",2015,4,7,15,2,Tuesday
38,2,2015-04-07,6574,620,1,0,0,0,a,a,3000.0,3.0,2010.0,0,0.0,0.0,None,2015,4,7,15,2,Tuesday
39,2,2015-04-07,4298,458,1,1,0,0,c,a,7500.0,7.0,2014.0,1,14.0,2015.0,"Jan,Apr,Jul,Oct",2015,4,7,15,2,Tuesday
40,2,2015-04-07,7785,850,1,0,0,0,d,a,1500.0,11.0,2008.0,1,22.0,2013.0,"Jan,Apr,Jul,Oct",2015,4,7,15,2,Tuesday
41,2,2015-04-07,0,0,0,0,0,0,a,c,500.0,1.0,0.0,0,0.0,0.0,None,2015,4,7,15,2,Tuesday
42,2,2015-04-07,7283,622,1,0,0,0,d,c,120.0,1.0,2014.0,0,0.0,0.0,None,2015,4,7,15,2,Tuesday
43,2,2015-04-07,6070,946,1,1,0,0,a,a,500.0,0.0,0.0,1,31.0,2011.0,"Mar,Jun,Sept,Dec",2015,4,7,15,2,Tuesday
44,2,2015-04-07,3737,530,1,0,0,0,a,a,1500.0,5.0,2005.0,0,0.0,0.0,None,2015,4,7,15,2,Tuesday
45,2,2015-04-07,6332,576,1,0,0,0,c,a,120.0,9.0,2014.0,1,22.0,2011.0,"Feb,May,Aug,Nov",2015,4,7,15,2,Tuesday
46,2,2015-04-07,5267,588,1,1,0,0,a,c,500.0,1.0,2014.0,0,0.0,0.0,None,2015,4,7,15,2,Tuesday
47,2,2015-04-07,7391,672,1,0,0,0,c,a,1500.0,0.0,0.0,1,40.0,2013.0,"Jan,Apr,Jul,Oct",2015,4,7,15,2,Tuesday
48,2,2015-04-07,9769,896,1,0,0,0,a,c,500.0,7.0,2010.0,1,22.0,2011.0,"Mar,Jun,Sept,Dec",2015,4,7,15,2,Tuesday
49,2,2015-04-07,9507,813,1,1,0,1,d,a,120.0,1.0,2010.0,1,14.0,2009.0,"Mar,Jun,Sept,Dec",2015,4,7,15,2,Tuesday
50,2,2015-04-07,8874,1132,1,1,0,0,a,c,500.0,1.0,2012.0,0,0.0,0.0,None,2015,4,7,15,2,Tuesday
51,2,2015-04-07,8592,623,1,1,0,1,a,c,120.0,1.0,0.0,0,0.0,0.0,None,2015,4,7,15,2,Tuesday
52,2,2015-04-07,12273,1052,1,0,0,0,a,a,120.0,7.0,2012.0,1,31.0,2013.0,"Mar,Jun,Sept,Dec",2015,4,7,15,2,Tuesday
53,2,2015-04-07,3719,410,1,1,0,0,a,c,1500.0,0.0,0.0,1,14.0,2009.0,"Feb,May,Aug,Nov",2015,4,7,15,2,Tuesday
54,2,2015-04-07,6014,483,1,1,0,0,a,a,1500.0,0.0,0.0,0,0.0,0.0,None,2015,4,7,15,2,Tuesday
55,2,2015-04-07,6809,571,1,0,0,0,d,c,1500.0,1.0,2005.0,1,22.0,2009.0,"Feb,May,Aug,Nov",2015,4,7,15,2,Tuesday
56,2,2015-04-07,8201,798,1,1,0,0,a,a,1500.0,7.0,2010.0,0,0.0,0.0,None,2015,4,7,15,2,Tuesday
57,2,2015-04-07,4636,442,1,0,0,0,a,c,1500.0,0.0,2012.0,1,10.0,2009.0,"Mar,Jun,Sept,Dec",2015,4,7,15,2,Tuesday
58,2,2015-04-07,13796,1033,1,1,0,1,d,c,1500.0,0.0,0.0,1,14.0,2009.0,"Mar,Jun,Sept,Dec",2015,4,7,15,2,Tuesday
59,2,2015-04-07,3490,409,1,0,0,0,d,c,500.0,7.0,2012.0,0,0.0,0.0,None,2015,4,7,15,2,Tuesday
60,2,2015-04-07,10106,772,1,1,0,0,a,a,1500.0,11.0,0.0,1,31.0,2011.0,"Feb,May,Aug,Nov",2015,4,7,15,2,Tuesday
61,2,2015-04-07,6517,947,1,0,0,1,a,c,500.0,5.0,2005.0,1,31.0,2013.0,"Jan,Apr,Jul,Oct",2015,4,7,15,2,Tuesday
62,2,2015-04-07,6402,518,1,1,0,0,a,a,15000.0,5.0,2005.0,0,0.0,0.0,None,2015,4,7,15,2,Tuesday
63,2,2015-04-07,4085,545,1,0,0,0,c,c,3000.0,5.0,2005.0,0,0.0,0.0,None,2015,4,7,15,2,Tuesday
64,2,2015-04-07,4975,343,1,1,0,0,c,c,1500.0,5.0,0.0,1,1.0,2013.0,"Jan,Apr,Jul,Oct",2015,4,7,15,2,Tuesday
65,2,2015-04-07,7260,607,1,0,0,1,a,c,1500.0,0.0,2014.0,0,0.0,0.0,None,2015,4,7,15,2,Tuesday
66,2,2015-04-07,14310,1187,1,1,0,0,a,a,15000.0,3.0,2010.0,0,0.0,0.0,None,2015,4,7,15,2,Tuesday
67,2,2015-04-07,11624,1006,1,0,0,1,d,c,1500.0,1.0,2012.0,0,0.0,0.0,None,2015,4,7,15,2,Tuesday
68,2,2015-04-07,7489,657,1,1,0,0,c,c,500.0,7.0,0.0,0,0.0,0.0,None,2015,4,7,15,2,Tuesday
69,2,2015-04-07,6239,757,1,0,0,0,d,c,15000.0,1.0,2012.0,1,31.0,2013.0,"Mar,Jun,Sept,Dec",2015,4,7,15,2,Tuesday
70,2,2015-04-07,4704,552,1,1,0,0,a,a,3000.0,5.0,0.0,0,0.0,0.0,None,2015,4,7,15,2,Tuesday
71,2,2015-04-07,9664,911,1,1,0,0,a,c,120.0,1.0,2008.0,1,31.0,2009.0,"Jan,Apr,Jul,Oct",2015,4,7,15,2,Tuesday
72,2,2015-04-07,2848,311,1,0,0,0,a,c,7500.0,9.0,2010.0,0,0.0,0.0,None,2015,4,7,15,2,Tuesday
73,2,2015-04-07,7574,990,1,0,0,0,d,c,500.0,5.0,2008.0,1,40.0,2013.0,"Mar,Jun,Sept,Dec",2015,4,7,15,2,Tuesday
74,2,2015-04-07,9935,983,1,1,0,0,a,a,500.0,7.0,2012.0,0,0.0,0.0,None,2015,4,7,15,2,Tuesday
75,2,2015-04-07,14230,1190,1,0,0,0,c,c,3000.0,11.0,0.0,1,14.0,2009.0,"Feb,May,Aug,Nov",2015,4,7,15,2,Tuesday
76,2,2015-04-07,11676,1103,1,0,0,0,a,a,120.0,0.0,2014.0,0,0.0,0.0,None,2015,4,7,15,2,Tuesday
77,2,2015-04-07,8834,1102,1,0,0,0,d,c,1500.0,11.0,2012.0,0,0.0,0.0,None,2015,4,7,15,2,Tuesday
78,2,2015-04-07,10972,1031,1,1,0,0,d,c,500.0,3.0,2010.0,0,0.0,0.0,None,2015,4,7,15,2,Tuesday
79,2,2015-04-07,4954,430,1,1,0,0,a,a,500.0,0.0,2012.0,1,14.0,2015.0,"Mar,Jun,Sept,Dec",2015,4,7,15,2,Tuesday
80,2,2015-04-07,8779,1003,1,0,0,1,a,a,15000.0,9.0,2010.0,0,0.0,0.0,None,2015,4,7,15,2,Tuesday
81,2,2015-04-07,4380,367,1,1,0,0,a,a,1500.0,1.0,2010.0,1,22.0,2009.0,"Jan,Apr,Jul,Oct",2015,4,7,15,2,Tuesday
82,2,2015-04-07,6739,913,1,0,0,0,a,a,1500.0,0.0,0.0,0,0.0,0.0,None,2015,4,7,15,2,Tuesday
83,2,2015-04-07,4129,387,1,0,0,0,a,c,500.0,7.0,2014.0,0,0.0,0.0,None,2015,4,7,15,2,Tuesday
84,2,2015-04-07,13684,1176,1,1,0,0,d,a,1500.0,0.0,2005.0,0,0.0,0.0,None,2015,4,7,15,2,Tuesday
85,2,2015-04-07,3573,508,1,0,0,0,d,c,120.0,0.0,2014.0,1,1.0,2013.0,"Jan,Apr,Jul,Oct",2015,4,7,15,2,Tuesday
86,2,2015-04-07,11189,1120,1,0,0,0,d,a,3000.0,0.0,2012.0,0,0.0,0.0,None,2015,4,7,15,2,Tuesday
87,2,2015-04-07,7419,1126,1,0,0,0,a,a,1500.0,0.0,0.0,0,0.0,0.0,None,2015,4,7,15,2,Tuesday
88,2,2015-04-07,4020,675,1,0,0,0,d,c,3000.0,3.0,2012.0,1,31.0,2009.0,"Feb,May,Aug,Nov",2015,4,7,15,2,Tuesday
89,2,2015-04-07,2239,368,1,0,0,0,d,a,1500.0,9.0,0.0,1,31.0,2015.0,"Feb,May,Aug,Nov",2015,4,7,15,2,Tuesday
90,2,2015-04-07,7017,673,1,0,0,1,d,c,1500.0,0.0,0.0,0,0.0,0.0,None,2015,4,7,15,2,Tuesday
91,2,2015-04-07,7891,750,1,1,0,0,a,c,1500.0,3.0,2008.0,0,0.0,0.0,None,2015,4,7,15,2,Tuesday
92,2,2015-04-07,8386,604,1,1,0,0,d,c,120.0,3.0,0.0,1,31.0,2009.0,"Feb,May,Aug,Nov",2015,4,7,15,2,Tuesday
93,2,2015-04-07,4054,357,1,0,0,0,d,a,120.0,5.0,2005.0,0,0.0,0.0,None,2015,4,7,15,2,Tuesday
94,2,2015-04-07,5006,388,1,1,0,1,c,a,500.0,11.0,2005.0,0,0.0,0.0,None,2015,4,7,15,2,Tuesday
95,2,2015-04-07,5463,969,1,0,0,0,a,c,500.0,11.0,2005.0,1,31.0,2009.0,"Feb,May,Aug,Nov",2015,4,7,15,2,Tuesday
96,2,2015-04-07,10036,817,1,1,0,0,d,c,500.0,7.0,2005.0,1,10.0,2009.0,"Feb,May,Aug,Nov",2015,4,7,15,2,Tuesday
97,2,2015-04-07,6702,1106,1,0,0,0,c,a,120.0,0.0,2008.0,0,0.0,0.0,None,2015,4,7,15,2,Tuesday
98,2,2015-04-07,0,0,0,1,0,0,c,a,500.0,3.0,2008.0,1,10.0,2009.0,"Feb,May,Aug,Nov",2015,4,7,15,2,Tuesday
99,2,2015-04-07,2353,368,1,0,0,0,a,c,500.0,1.0,2012.0,0,0.0,0.0,None,2015,4,7,15,2,Tuesday
100,2,2015-04-07,4965,644,1,0,0,0,b,c,500.0,9.0,2005.0,0,0.0,0.0,None,2015,4,7,15,2,Tuesday
1,3,2015-04-08,11944,1034,1,1,0,0,a,c,3000.0,7.0,2012.0,0,0.0,0.0,None,2015,4,8,15,2,Wednesday
2,3,2015-04-08,3778,398,1,0,0,1,a,a,7500.0,5.0,2008.0,0,0.0,0.0,None,2015,4,8,15,2,Wednesday
3,3,2015-04-08,9546,908,1,0,0,0,d,c,500.0,5.0,2012.0,1,10.0,2011.0,"Jan,Apr,Jul,Oct",2015,4,8,15,2,Wednesday
4,3,2015-04-08,4657,391,1,1,0,0,a,a,1500.0,1.0,2010.0,1,40.0,2011.0,"Mar,Jun,Sept,Dec",2015,4,8,15,2,Wednesday
5,3,2015-04-08,10697,957,1,0,0,1,c,a,15000.0,0.0,2008.0,1,31.0,2009.0,"Mar,Jun,Sept,Dec",2015,4,8,15,2,Wednesday
6,3,2015-04-08,2538,446,1,0,0,0,a,c,1500.0,1.0,0.0,0,0.0,0.0,None,2015,4,8,15,2,Wednesday
7,3,2015-04-08,8444,870,1,0,0,0,a,a,1500.0,5.0,2012.0,1,14.0,2011.0,"Jan,Apr,Jul,Oct",2015,4,8,15,2,Wednesday
8,3,2015-04-08,6264,991,1,0,0,1,a,c,500.0,9.0,2014.0,1,40.0,2009.0,"Mar,Jun,Sept,Dec",2015,4,8,15,2,Wednesday
9,3,2015-04-08,3566,363,1,1,0,1,d,a,500.0,5.0,2014.0,1,40.0,2013.0,"Jan,Apr,Jul,Oct",2015,4,8,15,2,Wednesday
10,3,2015-04-08,4513,697,1,0,0,0,d,c,3000.0,11.0,2012.0,1,1.0,2015.0,"Jan,Apr,Jul,Oct",2015,4,8,15,2,Wednesday
11,3,2015-04-08,8970,766,1,0,0,0,a,c,120.0,11.0,0.0,1,22.0,2015.0,"Mar,Jun,Sept,Dec",2015,4,8,15,2,Wednesday
12,3,2015-04-08,3395,530,1,0,0,0,d,c,3000.0,0.0,2008.0,0,0.0,0.0,None,2015,4,8,15,2,Wednesday
13,3,2015-04-08,10085,996,1,0,0,0,a,a,7500.0,5.0,2005.0,0,0.0,0.0,None,2015,4,8,15,2,Wednesday
14,3,2015-04-08,6075,790,1,0,0,0,a,c,1500.0,5.0,2014.0,1,1.0,2013.0,"Jan,Apr,Jul,Oct",2015,4,8,15,2,Wednesday
15,3,2015-04-08,7584,685,1,1,0,1,d,c,3000.0,11.0,2014.0,1,1.0,2013.0,"Mar,Jun,Sept,Dec",2015,4,8,15,2,Wednesday
16,3,2015-04-08,7216,961,1,0,0,1,a,a,500.0,11.0,0.0,0,0.0,0.0,None,2015,4,8,15,2,Wednesday
17,3,2015-04-08,12452,1113,1,0,0,0,a,c,500.0,7.0,2008.0,0,0.0,0.0,None,2015,4,8,15,2,Wednesday
18,3,2015-04-08,10392,985,1,0,0,0,d,c,1500.0,5.0,2005.0,1,40.0,2009.0,"Jan,Apr,Jul,Oct",2015,4,8,15,2,Wednesday
19,3,2015-04-08,7153,555,1,1,0,0,d,c,120.0,9.0,2014.0,1,10.0,2013.0,"Jan,Apr,Jul,Oct",2015,4,8,15,2,Wednesday
20,3,2015-04-08,9299,854,1,0,0,0,a,a,500.0,9.0,0.0,1,1.0,2013.0,"Mar,Jun,Sept,Dec",2015,4,8,15,2,Wednesday
21,3,2015-04-08,4103,414,1,1,0,0,a,c,1500.0,0.0,2008.0,0,0.0,0.0,None,2015,4,8,15,2,Wednesday
22,3,2015-04-08,1942,313,1,0,0,0,a,a,500.0,0.0,2010.0,0,0.0,0.0,None,2015,4,8,15,2,Wednesday
23,3,2015-04-08,7140,732,1,1,0,0,d,c,500.0,1.0,2008.0,0,0.0,0.0,None,2015,4,8,15,2,Wednesday
24,3,2015-04-08,7531,887,1,0,0,0,a,a,1500.0,1.0,2010.0,0,0.0,0.0,None,2015,4,8,15,2,Wednesday
25,3,2015-04-08,10004,879,1,0,0,0,a,c,500.0,1.0,2012.0,0,0.0,0.0,None,2015,4,8,15,2,Wednesday
26,3,2015-04-08,7842,598,1,1,0,0,d,a,1500.0,3.0,2008.0,0,0.0,0.0,None,2015,4,8,15,2,Wednesday
27,3,2015-04-08,3315,300,1,0,0,0,d,a,15000.0,9.0,2008.0,1,1.0,2009.0,"Mar,Jun,Sept,Dec",2015,4,8,15,2,Wednesday
28,3,2015-04-08,6249,627,1,1,0,0,a,a,1500.0,3.0,2010.0,0,0.0,0.0,None,2015,4,8,15,2,Wednesday
29,3,2015-04-08,7266,1026,1,1,0,0,a,a,1500.0,5.0,0.0,1,10.0,2015.0,"Jan,Apr,Jul,Oct",2015,4,8,15,2,Wednesday
30,3,2015-04-08,8634,1150,1,0,0,0,c,c,500.0,11.0,2014.0,1,22.0,2015.0,"Feb,May,Aug,Nov",2015,4,8,15,2,Wednesday
31,3,2015-04-08,8059,830,1,0,0,0,d,c,500.0,0.0,2014.0,1,31.0,2015.0,"Mar,Jun,Sept,Dec",2015,4,8,15,2,Wednesday
32,3,2015-04-08,11180,962,1,0,0,1,a,a,3000.0,3.0,2010.0,1,1.0,2015.0,"Mar,Jun,Sept,Dec",2015,4,8,15,2,Wednesday
33,3,2015-04-08,10297,1059,1,0,0,0,d,c,1500.0,9.0,2008.0,0,0.0,0.0,None,2015,4,8,15,2,Wednesday
34,3,2015-04-08,11727,973,1,1,0,1,d,c,500.0,9.0,2005.0,0,0.0,0.0,None,2015,4,8,15,2,Wednesday
35,3,2015-04-08,7782,1053,1,0,0,0,a,c,120.0,5.0,0.0,1,22.0,2015.0,"Mar,Jun,Sept,Dec",2015,4,8,15,2,Wednesday
36,3,2015-04-08,5628,803,1,0,0,1,d,a,1500.0,3.0,2008.0,1,40.0,2011.0,"Feb,May,Aug,Nov",2015,4,8,15,2,Wednesday
37,3,2015-04-08,3806,447,1,0,0,0,d,a,7500.0,3.0,2008.0,1,40.0,2009.0,"Mar,Jun,Sept,Dec",2015,4,8,15,2,Wednesday
38,3,2015-04-08,11314,1151,1,1,0,0,a,a,3000.0,3.0,2010.0,0,0.0,0.0,None,2015,4,8,15,2,Wednesday
39,3,2015-04-08,9330,855,1,1,0,0,c,a,7500.0,7.0,2014.0,1,14.0,2015.0,"Jan,Apr,Jul,Oct",2015,4,8,15,2,Wednesday
40,3,2015-04-08,4535,415,1,0,0,0,d,a,1500.0,11.0,2008.0,1,22.0,2013.0,"Jan,Apr,Jul,Oct",2015,4,8,15,2,Wednesday
41,3,2015-04-08,6555,566,1,0,0,0,a,c,500.0,1.0,0.0,0,0.0,0.0,None,2015,4,8,15,2,Wednesday
42,3,2015-04-08,5688,688,1,1,0,0,d,c,120.0,1.0,2014.0,0,0.0,0.0,None,2015,4,8,15,2,Wednesday
43,3,2015-04-08,4365,637,1,0,0,0,a,a,500.0,0.0,0.0,1,31.0,2011.0,"Mar,Jun,Sept,Dec",2015,4,8,15,2,Wednesday
44,3,2015-04-08,3838,347,1,0,0,1,a,a,1500.0,5.0,2005.0,0,0.0,0.0,None,2015,4,8,15,2,Wednesday
45,3,2015-04-08,5470,574,1,1,0,0,c,a,120.0,9.0,2014.0,1,22.0,2011.0,"Feb,May,Aug,Nov",2015,4,8,15,2,Wednesday
46,3,2015-04-08,2691,310,1,0,0,0,a,c,500.0,1.0,2014.0,0,0.0,0.0,None,2015,4,8,15,2,Wednesday
47,3,2015-04-08,9348,890,1,1,0,0,c,a,1500.0,0.0,0.0,1,40.0,2013.0,"Jan,Apr,Jul,Oct",2015,4,8,15,2,Wednesday
48,3,2015-04-08,5144,437,1,0,0,0,a,c,500.0,7.0,2010.0,1,22.0,2011.0,"Mar,Jun,Sept,Dec",2015,4,8,15,2,Wednesday
49,3,2015-04-08,7147,1120,1,0,0,0,d,a,120.0,1.0,2010.0,1,14.0,2009.0,"Mar,Jun,Sept,Dec",2015,4,8,15,2,Wednesday
50,3,2015-04-08,0,0,0,1,0,0,a,c,500.0,1.0,2012.0,0,0.0,0.0,None,2015,4,8,15,2,Wednesday
51,3,2015-04-08,4827,484,1,0,0,0,a,c,120.0,1.0,0.0,0,0.0,0.0,None,2015,4,8,15,2,Wednesday
52,3,2015-04-08,8508,820,1,0,0,1,a,a,120.0,7.0,2012.0,1,31.0,2013.0,"Mar,Jun,Sept,Dec",2015,4,8,15,2,Wednesday
53,3,2015-04-08,7595,821,1,1,0,0,a,c,1500.0,0.0,0.0,1,14.0,2009.0,"Feb,May,Aug,Nov",2015,4,8,15,2,Wednesday
54,3,2015-04-08,7425,736,1,0,0,0,a,a,1500.0,0.0,0.0,0,0.0,0.0,None,2015,4,8,15,2,Wednesday
55,3,2015-04-08,12380,1150,1,0,0,0,d,c,1500.0,1.0,2005.0,1,22.0,2009.0,"Feb,May,Aug,Nov",2015,4,8,15,2,Wednesday
56,3,2015-04-08,4423,541,1,0,0,1,a,a,1500.0,7.0,2010.0,0,0.0,0.0,None,2015,4,8,15,2,Wednesday
57,3,2015-04-08,5391,708,1,1,0,0,a,c,1500.0,0.0,2012.0,1,10.0,2009.0,"Mar,Jun,Sept,Dec",2015,4,8,15,2,Wednesday
58,3,2015-04-08,3211,536,1,0,0,0,d,c,1500.0,0.0,0.0,1,14.0,2009.0,"Mar,Jun,Sept,Dec",2015,4,8,15,2,Wednesday
59,3,2015-04-08,8467,867,1,0,0,0,d,c,500.0,7.0,2012.0,0,0.0,0.0,None,2015,4,8,15,2,Wednesday
60,3,2015-04-08,9226,1018,1,1,0,0,a,a,1500.0,11.0,0.0,1,31.0,2011.0,"Feb,May,Aug,Nov",2015,4,8,15,2,Wednesday
61,3,2015-04-08,6584,611,1,1,0,0,a,c,500.0,5.0,2005.0,1,31.0,2013.0,"Jan,Apr,Jul,Oct",2015,4,8,15,2,Wednesday
62,3,2015-04-08,4661,713,1,1,0,0,a,a,15000.0,5.0,2005.0,0,0.0,0.0,None,2015,4,8,15,2,Wednesday
63,3,2015-04-08,3490,369,1,1,0,1,c,c,3000.0,5.0,2005.0,0,0.0,0.0,None,2015,4,8,15,2,Wednesday
64,3,2015-04-08,0,0,0,0,0,1,c,c,1500.0,5.0,0.0,1,1.0,2013.0,"Jan,Apr,Jul,Oct",2015,4,8,15,2,Wednesday
65,3,2015-04-08,5950,590,1,0,0,1,a,c,1500.0,0.0,2014.0,0,0.0,0.0,None,2015,4,8,15,2,Wednesday
66,3,2015-04-08,10159,972,1,1,0,0,a,a,15000.0,3.0,2010.0,0,0.0,0.0,None,2015,4,8,15,2,Wednesday
67,3,2015-04-08,4244,482,1,1,0,0,d,c,1500.0,1.0,2012.0,0,0.0,0.0,None,2015,4,8,15,2,Wednesday
68,3,2015-04-08,4607,773,1,0,0,0,c,c,500.0,7.0,0.0,0,0.0,0.0,None,2015,4,8,15,2,Wednesday
69,3,2015-04-08,3750,384,1,0,0,0,d,c,15000.0,1.0,2012.0,1,31.0,2013.0,"Mar,Jun,Sept,Dec",2015,4,8,15,2,Wednesday
70,3,2015-04-08,5809,649,1,0,0,1,a,a,3000.0,5.0,0.0,0,0.0,0.0,None,2015,4,8,15,2,Wednesday
71,3,2015-04-08,7211,557,1,1,0,0,a,c,120.0,1.0,2008.0,1,31.0,2009.0,"Jan,Apr,Jul,Oct",2015,4,8,15,2,Wednesday
72,3,2015-04-08,4098,493,1,0,0,0,a,c,7500.0,9.0,2010.0,0,0.0,0.0,None,2015,4,8,15,2,Wednesday
73,3,2015-04-08,3616,368,1,0,0,0,d,c,500.0,5.0,2008.0,1,40.0,2013.0,"Mar,Jun,Sept,Dec",2015,4,8,15,2,Wednesday
74,3,2015-04-08,6326,685,1,0,0,0,a,a,500.0,7.0,2012.0,0,0.0,0.0,None,2015,4,8,15,2,Wednesday
75,3,2015-04-08,4643,583,1,1,0,0,c,c,3000.0,11.0,0.0,1,14.0,2009.0,"Feb,May,Aug,Nov",2015,4,8,15,2,Wednesday
76,3,2015-04-08,4138,508,1,0,0,0,a,a,120.0,0.0,2014.0,0,0.0,0.0,None,2015,4,8,15,2,Wednesday
77,3,2015-04-08,5620,895,1,0,0,0,d,c,1500.0,11.0,2012.0,0,0.0,0.0,None,2015,4,8,15,2,Wednesday
78,3,2015-04-08,4229,436,1,0,0,1,d,c,500.0,3.0,2010.0,0,0.0,0.0,None,2015,4,8,15,2,Wednesday
79,3,2015-04-08,4540,621,1,0,0,0,a,a,500.0,0.0,2012.0,1,14.0,2015.0,"Mar,Jun,Sept,Dec",2015,4,8,15,2,Wednesday
80,3,2015-04-08,4978,370,1,1,0,1,a,a,15000.0,9.0,2010.0,0,0.0,0.0,None,2015,4,8,15,2,Wednesday
81,3,2015-04-08,4506,502,1,0,0,0,a,a,1500.0,1.0,2010.0,1,22.0,2009.0,"Jan,Apr,Jul,Oct",2015,4,8,15,2,Wednesday
82,3,2015-04-08,3569,482,1,0,0,0,a,a,1500.0,0.0,0.0,0,0.0,0.0,None,2015,4,8,15,2,Wednesday
83,3,2015-04-08,7899,849,1,1,0,0,a,c,500.0,7.0,2014.0,0,0.0,0.0,None,2015,4,8,15,2,Wednesday
84,3,2015-04-08,7097,1109,1,0,0,0,d,a,1500.0,0.0,2005.0,0,0.0,0.0,None,2015,4,8,15,2,Wednesday
85,3,2015-04-08,2880,320,1,1,0,1,d,c,120.0,0.0,2014.0,1,1.0,2013.0,"Jan,Apr,Jul,Oct",2015,4,8,15,2,Wednesday
86,3,2015-04-08,5922,879,1,1,0,0,d,a,3000.0,0.0,2012.0,0,0.0,0.0,None,2015,4,8,15,2,Wednesday
87,3,2015-04-08,6242,544,1,0,0,0,a,a,1500.0,0.0,0.0,0,0.0,0.0,None,2015,4,8,15,2,Wednesday
88,3,2015-04-08,11222,1147,1,1,0,0,d,c,3000.0,3.0,2012.0,1,31.0,2009.0,"Feb,May,Aug,Nov",2015,4,8,15,2,Wednesday
89,3,2015-04-08,5361,822,1,1,0,0,d,a,1500.0,9.0,0.0,1,31.0,2015.0,"Feb,May,Aug,Nov",2015,4,8,15,2,Wednesday
90,3,2015-04-08,8657,961,1,0,0,0,d,c,1500.0,0.0,0.0,0,0.0,0.0,None,2015,4,8,15,2,Wednesday
91,3,2015-04-08,8675,881,1,0,0,0,a,c,1500.0,3.0,2008.0,0,0.0,0.0,None,2015,4,8,15,2,Wednesday
92,3,2015-04-08,6441,844,1,0,0,0,d,c,120.0,3.0,0.0,1,31.0,2009.0,"Feb,May,Aug,Nov",2015,4,8,15,2,Wednesday
93,3,2015-04-08,9919,1186,1,0,0,0,d,a,120.0,5.0,2005.0,0,0.0,0.0,None,2015,4,8,15,2,Wednesday
94,3,2015-04-08,9276,1141,1,1,0,0,c,a,500.0,11.0,2005.0,0,0.0,0.0,None,2015,4,8,15,2,Wednesday
95,3,2015-04-08,7122,1120,1,1,0,0,a,c,500.0,11.0,2005.0,1,31.0,2009.0,"Feb,May,Aug,Nov",2015,4,8,15,2,Wednesday
96,3,2015-04-08,5174,886,1,0,0,0,d,c,500.0,7.0,2005.0,1,10.0,2009.0,"Feb,May,Aug,Nov",2015,4,8,15,2,Wednesday
97,3,2015-04-08,6197,645,1,0,0,1,c,a,120.0,0.0,2008.0,0,0.0,0.0,None,2015,4,8,15,2,Wednesday
98,3,2015-04-08,10478,933,1,1,0,0,c,a,500.0,3.0,2008.0,1,10.0,2009.0,"Feb,May,Aug,Nov",2015,4,8,15,2,Wednesday
99,3,2015-04-08,6142,568,1,0,0,0,a,c,500.0,1.0,2012.0,0,0.0,0.0,None,2015,4,8,15,2,Wednesday
100,3,2015-04-08,11274,1072,1,1,0,0,b,c,500.0,9.0,2005.0,0,0.0,0.0,None,2015,4,8,15,2,Wednesday
1,4,2015-04-09,3058,337,1,1,0,0,a,c,3000.0,7.0,2012.0,0,0.0,0.0,None,2015,4,9,15,2,Thursday
2,4,2015-04-09,2952,397,1,0,0,0,a,a,7500.0,5.0,2008.0,0,0.0,0.0,None,2015,4,9,15,2,Thursday
3,4,2015-04-09,6048,716,1,1,0,0,d,c,500.0,5.0,2012.0,1,10.0,2011.0,"Jan,Apr,Jul,Oct",2015,4,9,15,2,Thursday
4,4,2015-04-09,6471,1072,1,0,0,1,a,a,1500.0,1.0,2010.0,1,40.0,2011.0,"Mar,Jun,Sept,Dec",2015,4,9,15,2,Thursday
5,4,2015-04-09,3967,433,1,0,0,0,c,a,15000.0,0.0,2008.0,1,31.0,2009.0,"Mar,Jun,Sept,Dec",2015,4,9,15,2,Thursday
6,4,2015-04-09,5910,539,1,0,0,0,a,c,1500.0,1.0,0.0,0,0.0,0.0,None,2015,4,9,15,2,Thursday
7,4,2015-04-09,3884,461,1,1,0,0,a,a,1500.0,5.0,2012.0,1,14.0,2011.0,"Jan,Apr,Jul,Oct",2015,4,9,15,2,Thursday
8,4,2015-04-09,11540,1186,1,0,0,0,a,c,500.0,9.0,2014.0,1,40.0,2009.0,"Mar,Jun,Sept,Dec",2015,4,9,15,2,Thursday
9,4,2015-04-09,2932,366,1,1,0,0,d,a,500.0,5.0,2014.0,1,40.0,2013.0,"Jan,Apr,Jul,Oct",2015,4,9,15,2,Thursday
10,4,2015-04-09,4307,313,1,1,0,0,d,c,3000.0,11.0,2012.0,1,1.0,2015.0,"Jan,Apr,Jul,Oct",2015,4,9,15,2,Thursday
11,4,2015-04-09,4258,685,1,0,0,0,a,c,120.0,11.0,0.0,1,22.0,2015.0,"Mar,Jun,Sept,Dec",2015,4,9,15,2,Thursday
12,4,2015-04-09,11869,1002,1,0,0,0,d,c,3000.0,0.0,2008.0,0,0.0,0.0,None,2015,4,9,15,2,Thursday
13,4,2015-04-09,13179,1143,1,0,0,0,a,a,7500.0,5.0,2005.0,0,0.0,0.0,None,2015,4,9,15,2,Thursday
14,4,2015-04-09,4863,411,1,0,0,0,a,c,1500.0,5.0,2014.0,1,1.0,2013.0,"Jan,Apr,Jul,Oct",2015,4,9,15,2,Thursday
15,4,2015-04-09,8158,799,1,1,0,0,d,c,3000.0,11.0,2014.0,1,1.0,2013.0,"Mar,Jun,Sept,Dec",2015,4,9,15,2,Thursday
16,4,2015-04-09,3947,441,1,0,0,0,a,a,500.0,11.0,0.0,0,0.0,0.0,None,2015,4,9,15,2,Thursday
17,4,2015-04-09,6002,632,1,0,0,0,a,c,500.0,7.0,2008.0,0,0.0,0.0,None,2015,4,9,15,2,Thursday
18,4,2015-04-09,7917,944,1,1,0,0,d,c,1500.0,5.0,2005.0,1,40.0,2009.0,"Jan,Apr,Jul,Oct",2015,4,9,15,2,Thursday
19,4,2015-04-09,6757,1026,1,0,0,1,d,c,120.0,9.0,2014.0,1,10.0,2013.0,"Jan,Apr,Jul,Oct",2015,4,9,15,2,Thursday
20,4,2015-04-09,6026,711,1,0,0,0,a,a,500.0,9.0,0.0,1,1.0,2013.0,"Mar,Jun,Sept,Dec",2015,4,9,15,2,Thursday
21,4,2015-04-09,8677,946,1,0,0,0,a,c,1500.0,0.0,2008.0,0,0.0,0.0,None,2015,4,9,15,2,Thursday
22,4,2015-04-09,0,0,0,0,0,0,a,a,500.0,0.0,2010.0,0,0.0,0.0,None,2015,4,9,15,2,Thursday
23,4,2015-04-09,4149,615,1,0,0,0,d,c,500.0,1.0,2008.0,0,0.0,0.0,None,2015,4,9,15,2,Thursday
24,4,2015-04-09,8574,817,1,0,0,1,a,a,1500.0,1.0,2010.0,0,0.0,0.0,None,2015,4,9,15,2,Thursday
25,4,2015-04-09,2140,385,1,0,0,0,a,c,500.0,1.0,2012.0,0,0.0,0.0,None,2015,4,9,15,2,Thursday
26,4,2015-04-09,12889,1183,1,1,0,0,d,a,1500.0,3.0,2008.0,0,0.0,0.0,None,2015,4,9,15,2,Thursday
27,4,2015-04-09,8467,723,1,0,0,0,d,a,15000.0,9.0,2008.0,1,1.0,2009.0,"Mar,Jun,Sept,Dec",2015,4,9,15,2,Thursday
28,4,2015-04-09,4640,488,1,0,0,0,a,a,1500.0,3.0,2010.0,0,0.0,0.0,None,2015,4,9,15,2,Thursday
29,4,2015-04-09,6974,1032,1,1,0,0,a,a,1500.0,5.0,0.0,1,10.0,2015.0,"Jan,Apr,Jul,Oct",2015,4,9,15,2,Thursday
30,4,2015-04-09,3889,654,1,0,0,0,c,c,500.0,11.0,2014.0,1,22.0,2015.0,"Feb,May,Aug,Nov",2015,4,9,15,2,Thursday
31,4,2015-04-09,3809,331,1,1,0,0,d,c,500.0,0.0,2014.0,1,31.0,2015.0,"Mar,Jun,Sept,Dec",2015,4,9,15,2,Thursday
32,4,2015-04-09,11683,1089,1,1,0,1,a,a,3000.0,3.0,2010.0,1,1.0,2015.0,"Mar,Jun,Sept,Dec",2015,4,9,15,2,Thursday
33,4,2015-04-09,6915,498,1,1,0,0,d,c,1500.0,9.0,2008.0,0,0.0,0.0,None,2015,4,9,15,2,Thursday
34,4,2015-04-09,3590,420,1,1,0,1,d,c,500.0,9.0,2005.0,0,0.0,0.0,None,2015,4,9,15,2,Thursday
35,4,2015-04-09,8933,1157,1,1,0,0,a,c,120.0,5.0,0.0,1,22.0,2015.0,"Mar,Jun,Sept,Dec",2015,4,9,15,2,Thursday
36,4,2015-04-09,8841,938,1,0,0,0,d,a,1500.0,3.0,2008.0,1,40.0,2011.0,"Feb,May,Aug,Nov",2015,4,9,15,2,Thursday
37,4,2015-04-09,10430,825,1,1,0,0,d,a,7500.0,3.0,2008.0,1,40.0,2009.0,"Mar,Jun,Sept,Dec",2015,4,9,15,2,Thursday
38,4,2015-04-09,5953,787,1,1,0,0,a,a,3000.0,3.0,2010.0,0,0.0,0.0,None,2015,4,9,15,2,Thursday
39,4,2015-04-09,4929,703,1,0,0,1,c,a,7500.0,7.0,2014.0,1,14.0,2015.0,"Jan,Apr,Jul,Oct",2015,4,9,15,2,Thursday
40,4,2015-04-09,2263,310,1,0,0,0,d,a,1500.0,11.0,2008.0,1,22.0,2013.0,"Jan,Apr,Jul,Oct",2015,4,9,15,2,Thursday
41,4,2015-04-09,3361,546,1,0,0,0,a,c,500.0,1.0,0.0,0,0.0,0.0,None,2015,4,9,15,2,Thursday
42,4,2015-04-09,9082,1183,1,0,0,0,d,c,120.0,1.0,2014.0,0,0.0,0.0,None,2015,4,9,15,2,Thursday
43,4,2015-04-09,9526,1081,1,0,0,1,a,a,500.0,0.0,0.0,1,31.0,2011.0,"Mar,Jun,Sept,Dec",2015,4,9,15,2,Thursday
44,4,2015-04-09,6503,588,1,1,0,0,a,a,1500.0,5.0,2005.0,0,0.0,0.0,None,2015,4,9,15,2,Thursday
45,4,2015-04-09,4311,390,1,0,0,0,c,a,120.0,9.0,2014.0,1,22.0,2011.0,"Feb,May,Aug,Nov",2015,4,9,15,2,Thursday
46,4,2015-04-09,6273,775,1,0,0,0,a,c,500.0,1.0,2014.0,0,0.0,0.0,None,2015,4,9,15,2,Thursday
47,4,2015-04-09,8506,758,1,0,0,0,c,a,1500.0,0.0,0.0,1,40.0,2013.0,"Jan,Apr,Jul,Oct",2015,4,9,15,2,Thursday
48,4,2015-04-09,4929,517,1,0,0,0,a,c,500.0,7.0,2010.0,1,22.0,2011.0,"Mar,Jun,Sept,Dec",2015,4,9,15,2,Thursday
49,4,2015-04-09,2862,423,1,0,0,1,d,a,120.0,1.0,2010.0,1,14.0,2009.0,"Mar,Jun,Sept,Dec",2015,4,9,15,2,Thursday
50,4,2015-04-09,4688,569,1,0,0,0,a,c,500.0,1.0,2012.0,0,0.0,0.0,None,2015,4,9,15,2,Thursday
51,4,2015-04-09,7297,745,1,1,0,0,a,c,120.0,1.0,0.0,0,0.0,0.0,None,2015,4,9,15,2,Thursday
52,4,2015-04-09,7156,805,1,1,0,1,a,a,120.0,7.0,2012.0,1,31.0,2013.0,"Mar,Jun,Sept,Dec",2015,4,9,15,2,Thursday
53,4,2015-04-09,6173,756,1,0,0,0,a,c,1500.0,0.0,0.0,1,14.0,2009.0,"Feb,May,Aug,Nov",2015,4,9,15,2,Thursday
54,4,2015-04-09,3508,577,1,0,0,0,a,a,1500.0,0.0,0.0,0,0.0,0.0,None,2015,4,9,15,2,Thursday
55,4,2015-04-09,4154,569,1,0,0,1,d,c,1500.0,1.0,2005.0,1,22.0,2009.0,"Feb,May,Aug,Nov",2015,4,9,15,2,Thursday
56,4,2015-04-09,5466,834,1,1,0,1,a,a,1500.0,7.0,2010.0,0,0.0,0.0,None,2015,4,9,15,2,Thursday
57,4,2015-04-09,3420,339,1,0,0,0,a,c,1500.0,0.0,2012.0,1,10.0,2009.0,"Mar,Jun,Sept,Dec",2015,4,9,15,2,Thursday
58,4,2015-04-09,10069,786,1,1,0,1,d,c,1500.0,0.0,0.0,1,14.0,2009.0,"Mar,Jun,Sept,Dec",2015,4,9,15,2,Thursday
59,4,2015-04-09,8451,713,1,1,0,0,d,c,500.0,7.0,2012.0,0,0.0,0.0,None,2015,4,9,15,2,Thursday
60,4,2015-04-09,7962,1170,1,1,0,0,a,a,1500.0,11.0,0.0,1,31.0,2011.0,"Feb,May,Aug,Nov",2015,4,9,15,2,Thursday
61,4,2015-04-09,7683,938,1,0,0,1,a,c,500.0,5.0,2005.0,1,31.0,2013.0,"Jan,Apr,Jul,Oct",2015,4,9,15,2,Thursday
62,4,2015-04-09,2999,410,1,0,0,1,a,a,15000.0,5.0,2005.0,0,0.0,0.0,None,2015,4,9,15,2,Thursday
63,4,2015-04-09,4308,503,1,0,0,1,c,c,3000.0,5.0,2005.0,0,0.0,0.0,None,2015,4,9,15,2,Thursday
64,4,2015-04-09,5905,515,1,0,0,1,c,c,1500.0,5.0,0.0,1,1.0,2013.0,"Jan,Apr,Jul,Oct",2015,4,9,15,2,Thursday
65,4,2015-04-09,4918,621,1,0,0,0,a,c,1500.0,0.0,2014.0,0,0.0,0.0,None,2015,4,9,15,2,Thursday
66,4,2015-04-09,4808,437,1,1,0,0,a,a,15000.0,3.0,2010.0,0,0.0,0.0,None,2015,4,9,15,2,Thursday
67,4,2015-04-09,9806,836,1,0,0,0,d,c,1500.0,1.0,2012.0,0,0.0,0.0,None,2015,4,9,15,2,Thursday
68,4,2015-04-09,10960,1083,1,0,0,0,c,c,500.0,7.0,0.0,0,0.0,0.0,None,2015,4,9,15,2,Thursday
69,4,2015-04-09,9181,713,1,1,0,0,d,c,15000.0,1.0,2012.0,1,31.0,2013.0,"Mar,Jun,Sept,Dec",2015,4,9,15,2,Thursday
70,4,2015-04-09,2174,374,1,0,0,1,a,a,3000.0,5.0,0.0,0,0.0,0.0,None,2015,4,9,15,2,Thursday
71,4,2015-04-09,6248,549,1,0,0,0,a,c,120.0,1.0,2008.0,1,31.0,2009.0,"Jan,Apr,Jul,Oct",2015,4,9,15,2,Thursday
72,4,2015-04-09,0,0,0,0,0,0,a,c,7500.0,9.0,2010.0,0,0.0,0.0,None,2015,4,9,15,2,Thursday
73,4,2015-04-09,3859,697,1,0,0,0,d,c,500.0,5.0,2008.0,1,40.0,2013.0,"Mar,Jun,Sept,Dec",2015,4,9,15,2,Thursday
74,4,2015-04-09,6829,1042,1,0,0,0,a,a,500.0,7.0,2012.0,0,0.0,0.0,None,2015,4,9,15,2,Thursday
75,4,2015-04-09,7264,796,1,1,0,0,c,c,3000.0,11.0,0.0,1,14.0,2009.0,"Feb,May,Aug,Nov",2015,4,9,15,2,Thursday
76,4,2015-04-09,12312,1168,1,0,0,0,a,a,120.0,0.0,2014.0,0,0.0,0.0,None,2015,4,9,15,2,Thursday
77,4,2015-04-09,4483,315,1,1,0,0,d,c,1500.0,11.0,2012.0,0,0.0,0.0,None,2015,4,9,15,2,Thursday
78,4,2015-04-09,7227,784,1,0,0,0,d,c,500.0,3.0,2010.0,0,0.0,0.0,None,2015,4,9,15,2,Thursday
79,4,2015-04-09,3311,584,1,0,0,0,a,a,500.0,0.0,2012.0,1,14.0,2015.0,"Mar,Jun,Sept,Dec",2015,4,9,15,2,Thursday
80,4,2015-04-09,8202,914,1,0,0,0,a,a,15000.0,9.0,2010.0,0,0.0,0.0,None,2015,4,9,15,2,Thursday
81,4,2015-04-09,6144,817,1,0,0,1,a,a,1500.0,1.0,2010.0,1,22.0,2009.0,"Jan,Apr,Jul,Oct",2015,4,9,15,2,Thursday
82,4,2015-04-09,5679,667,1,1,0,0,a,a,1500.0,0.0,0.0,0,0.0,0.0,None,2015,4,9,15,2,Thursday
83,4,2015-04-09,6769,871,1,0,0,0,a,c,500.0,7.0,2014.0,0,0.0,0.0,None,2015,4,9,15,2,Thursday
84,4,2015-04-09,14591,1187,1,1,0,1,d,a,1500.0,0.0,2005.0,0,0.0,0.0,None,2015,4,9,15,2,Thursday
85,4,2015-04-09,3658,627,1,0,0,0,d,c,120.0,0.0,2014.0,1,1.0,2013.0,"Jan,Apr,Jul,Oct",2015,4,9,15,2,Thursday
86,4,2015-04-09,5449,528,1,0,0,0,d,a,3000.0,0.0,2012.0,0,0.0,0.0,None,2015,4,9,15,2,Thursday
87,4,2015-04-09,9952,938,1,1,0,0,a,a,1500.0,0.0,0.0,0,0.0,0.0,None,2015,4,9,15,2,Thursday
88,4,2015-04-09,10166,1159,1,0,0,0,d,c,3000.0,3.0,2012.0,1,31.0,2009.0,"Feb,May,Aug,Nov",2015,4,9,15,2,Thursday
89,4,2015-04-09,4805,707,1,1,0,0,d,a,1500.0,9.0,0.0,1,31.0,2015.0,"Feb,May,Aug,Nov",2015,4,9,15,2,Thursday
90,4,2015-04-09,3039,320,1,0,0,0,d,c,1500.0,0.0,0.0,0,0.0,0.0,None,2015,4,9,15,2,Thursday
91,4,2015-04-09,7732,672,1,0,0,1,a,c,1500.0,3.0,2008.0,0,0.0,0.0,None,2015,4,9,15,2,Thursday
92,4,2015-04-09,5326,457,1,1,0,0,d,c,120.0,3.0,0.0,1,31.0,2009.0,"Feb,May,Aug,Nov",2015,4,9,15,2,Thursday
93,4,2015-04-09,8593,1111,1,0,0,0,d,a,120.0,5.0,2005.0,0,0.0,0.0,None,2015,4,9,15,2,Thursday
94,4,2015-04-09,6694,634,1,0,0,0,c,a,500.0,11.0,2005.0,0,0.0,0.0,None,2015,4,9,15,2,Thursday
95,4,2015-04-09,9672,1187,1,0,0,0,a,c,500.0,11.0,2005.0,1,31.0,2009.0,"Feb,May,Aug,Nov",2015,4,9,15,2,Thursday
96,4,2015-04-09,7178,620,1,1,0,0,d,c,500.0,7.0,2005.0,1,10.0,2009.0,"Feb,May,Aug,Nov",2015,4,9,15,2,Thursday
97,4,2015-04-09,7291,891,1,0,0,0,c,a,120.0,0.0,2008.0,0,0.0,0.0,None,2015,4,9,15,2,Thursday
98,4,2015-04-09,5956,739,1,0,0,0,c,a,500.0,3.0,2008.0,1,10.0,2009.0,"Feb,May,Aug,Nov",2015,4,9,15,2,Thursday
99,4,2015-04-09,11910,1132,1,0,0,0,a,c,500.0,1.0,2012.0,0,0.0,0.0,None,2015,4,9,15,2,Thursday
100,4,2015-04-09,4415,781,1,0,0,1,b,c,500.0,9.0,2005.0,0,0.0,0.0,None,2015,4,9,15,2,Thursday
1,5,2015-04-10,5744,455,1,1,0,0,a,c,3000.0,7.0,2012.0,0,0.0,0.0,None,2015,4,10,15,2,Friday
2,5,2015-04-10,8438,1163,1,0,0,0,a,a,7500.0,5.0,2008.0,0,0.0,0.0,None,2015,4,10,15,2,Friday
3,5,2015-04-10,2602,320,1,0,0,1,d,c,500.0,5.0,2012.0,1,10.0,2011.0,"Jan,Apr,Jul,Oct",2015,4,10,15,2,Friday
4,5,2015-04-10,3699,425,1,1,0,0,a,a,1500.0,1.0,2010.0,1,40.0,2011.0,"Mar,Jun,Sept,Dec",2015,4,10,15,2,Friday
5,5,2015-04-10,4086,344,1,1,0,0,c,a,15000.0,0.0,2008.0,1,31.0,2009.0,"Mar,Jun,Sept,Dec",2015,4,10,15,2,Friday
6,5,2015-04-10,4677,570,1,1,0,0,a,c,1500.0,1.0,0.0,0,0.0,0.0,None,2015,4,10,15,2,Friday
7,5,2015-04-10,3781,342,1,0,0,0,a,a,1500.0,5.0,2012.0,1,14.0,2011.0,"Jan,Apr,Jul,Oct",2015,4,10,15,2,Friday
8,5,2015-04-10,8107,685,1,0,0,0,a,c,500.0,9.0,2014.0,1,40.0,2009.0,"Mar,Jun,Sept,Dec",2015,4,10,15,2,Friday
9,5,2015-04-10,8959,893,1,0,0,0,d,a,500.0,5.0,2014.0,1,40.0,2013.0,"Jan,Apr,Jul,Oct",2015,4,10,15,2,Friday
10,5,2015-04-10,4351,561,1,1,0,0,d,c,3000.0,11.0,2012.0,1,1.0,2015.0,"Jan,Apr,Jul,Oct",2015,4,10,15,2,Friday
11,5,2015-04-10,9496,914,1,0,0,0,a,c,120.0,11.0,0.0,1,22.0,2015.0,"Mar,Jun,Sept,Dec",2015,4,10,15,2,Friday
12,5,2015-04-10,9128,1113,1,0,0,0,d,c,3000.0,0.0,2008.0,0,0.0,0.0,None,2015,4,10,15,2,Friday
13,5,2015-04-10,4669,847,1,0,0,0,a,a,7500.0,5.0,2005.0,0,0.0,0.0,None,2015,4,10,15,2,Friday
14,5,2015-04-10,8451,1061,1,0,0,0,a,c,1500.0,5.0,2014.0,1,1.0,2013.0,"Jan,Apr,Jul,Oct",2015,4,10,15,2,Friday
15,5,2015-04-10,8924,1130,1,1,0,0,d,c,3000.0,11.0,2014.0,1,1.0,2013.0,"Mar,Jun,Sept,Dec",2015,4,10,15,2,Friday
16,5,2015-04-10,4177,668,1,0,0,1,a,a,500.0,11.0,0.0,0,0.0,0.0,None,2015,4,10,15,2,Friday
17,5,2015-04-10,7292,978,1,0,0,0,a,c,500.0,7.0,2008.0,0,0.0,0.0,None,2015,4,10,15,2,Friday
18,5,2015-04-10,13140,1012,1,1,0,0,d,c,1500.0,5.0,2005.0,1,40.0,2009.0,"Jan,Apr,Jul,Oct",2015,4,10,15,2,Friday
19,5,2015-04-10,7397,685,1,1,0,0,d,c,120.0,9.0,2014.0,1,10.0,2013.0,"Jan,Apr,Jul,Oct",2015,4,10,15,2,Friday
20,5,2015-04-10,3822,456,1,0,0,0,a,a,500.0,9.0,0.0,1,1.0,2013.0,"Mar,Jun,Sept,Dec",2015,4,10,15,2,Friday
21,5,2015-04-10,3202,425,1,1,0,0,a,c,1500.0,0.0,2008.0,0,0.0,0.0,None,2015,4,10,15,2,Friday
22,5,2015-04-10,2053,306,1,0,0,0,a,a,500.0,0.0,2010.0,0,0.0,0.0,None,2015,4,10,15,2,Friday
23,5,2015-04-10,4936,754,1,0,0,0,d,c,500.0,1.0,2008.0,0,0.0,0.0,None,2015,4,10,15,2,Friday
24,5,2015-04-10,4524,393,1,0,0,1,a,a,1500.0,1.0,2010.0,0,0.0,0.0,None,2015,4,10,15,2,Friday
25,5,2015-04-10,11224,1111,1,0,0,0,a,c,500.0,1.0,2012.0,0,0.0,0.0,None,2015,4,10,15,2,Friday
26,5,2015-04-10,7463,998,1,0,0,1,d,a,1500.0,3.0,2008.0,0,0.0,0.0,None,2015,4,10,15,2,Friday
27,5,2015-04-10,11854,995,1,0,0,0,d,a,15000.0,9.0,2008.0,1,1.0,2009.0,"Mar,Jun,Sept,Dec",2015,4,10,15,2,Friday
28,5,2015-04-10,11286,1134,1,0,0,0,a,a,1500.0,3.0,2010.0,0,0.0,0.0,None,2015,4,10,15,2,Friday
29,5,2015-04-10,7127,860,1,1,0,0,a,a,1500.0,5.0,0.0,1,10.0,2015.0,"Jan,Apr,Jul,Oct",2015,4,10,15,2,Friday
30,5,2015-04-10,6164,479,1,1,0,1,c,c,500.0,11.0,2014.0,1,22.0,2015.0,"Feb,May,Aug,Nov",2015,4,10,15,2,Friday
31,5,2015-04-10,5797,1051,1,0,0,1,d,c,500.0,0.0,2014.0,1,31.0,2015.0,"Mar,Jun,Sept,Dec",2015,4,10,15,2,Friday
32,5,2015-04-10,3058,438,1,0,0,0,a,a,3000.0,3.0,2010.0,1,1.0,2015.0,"Mar,Jun,Sept,Dec",2015,4,10,15,2,Friday
33,5,2015-04-10,4207,543,1,0,0,0,d,c,1500.0,9.0,2008.0,0,0.0,0.0,None,2015,4,10,15,2,Friday
34,5,2015-04-10,12542,1116,1,1,0,0,d,c,500.0,9.0,2005.0,0,0.0,0.0,None,2015,4,10,15,2,Friday
35,5,2015-04-10,8186,748,1,1,0,0,a,c,120.0,5.0,0.0,1,22.0,2015.0,"Mar,Jun,Sept,Dec",2015,4,10,15,2,Friday
36,5,2015-04-10,1844,302,1,0,0,0,d,a,1500.0,3.0,2008.0,1,40.0,2011.0,"Feb,May,Aug,Nov",2015,4,10,15,2,Friday
37,5,2015-04-10,11645,1043,1,1,0,0,d,a,7500.0,3.0,2008.0,1,40.0,2009.0,"Mar,Jun,Sept,Dec",2015,4,10,15,2,Friday
38,5,2015-04-10,3175,432,1,0,0,0,a,a,3000.0,3.0,2010.0,0,0.0,0.0,None,2015,4,10,15,2,Friday
39,5,2015-04-10,8493,969,1,0,0,1,c,a,7500.0,7.0,2014.0,1,14.0,2015.0,"Jan,Apr,Jul,Oct",2015,4,10,15,2,Friday
40,5,2015-04-10,13762,1158,1,0,0,0,d,a,1500.0,11.0,2008.0,1,22.0,2013.0,"Jan,Apr,Jul,Oct",2015,4,10,15,2,Friday
41,5,2015-04-10,6885,1046,1,0,0,0,a,c,500.0,1.0,0.0,0,0.0,0.0,None,2015,4,10,15,2,Friday
42,5,2015-04-10,8394,764,1,0,0,0,d,c,120.0,1.0,2014.0,0,0.0,0.0,None,2015,4,10,15,2,Friday
43,5,2015-04-10,11890,1058,1,1,0,0,a,a,500.0,0.0,0.0,1,31.0,2011.0,"Mar,Jun,Sept,Dec",2015,4,10,15,2,Friday
44,5,2015-04-10,9623,758,1,1,0,0,a,a,1500.0,5.0,2005.0,0,0.0,0.0,None,2015,4,10,15,2,Friday
45,5,2015-04-10,5280,607,1,1,0,0,c,a,120.0,9.0,2014.0,1,22.0,2011.0,"Feb,May,Aug,Nov",2015,4,10,15,2,Friday
46,5,2015-04-10,5823,577,1,0,0,0,a,c,500.0,1.0,2014.0,0,0.0,0.0,None,2015,4,10,15,2,Friday
47,5,2015-04-10,3538,439,1,1,0,0,c,a,1500.0,0.0,0.0,1,40.0,2013.0,"Jan,Apr,Jul,Oct",2015,4,10,15,2,Friday
48,5,2015-04-10,3935,534,1,0,0,1,a,c,500.0,7.0,2010.0,1,22.0,2011.0,"Mar,Jun,Sept,Dec",2015,4,10,15,2,Friday
49,5,2015-04-10,0,0,0,1,0,0,d,a,120.0,1.0,2010.0,1,14.0,2009.0,"Mar,Jun,Sept,Dec",2015,4,10,15,2,Friday
50,5,2015-04-10,4487,466,1,0,0,0,a,c,500.0,1.0,2012.0,0,0.0,0.0,None,2015,4,10,15,2,Friday
51,5,2015-04-10,2602,470,1,0,0,1,a,c,120.0,1.0,0.0,0,0.0,0.0,None,2015,4,10,15,2,Friday
52,5,2015-04-10,7921,766,1,0,0,0,a,a,120.0,7.0,2012.0,1,31.0,2013.0,"Mar,Jun,Sept,Dec",2015,4,10,15,2,Friday
53,5,2015-04-10,7762,1085,1,1,0,0,a,c,1500.0,0.0,0.0,1,14.0,2009.0,"Feb,May,Aug,Nov",2015,4,10,15,2,Friday
54,5,2015-04-10,7043,1078,1,1,0,0,a,a,1500.0,0.0,0.0,0,0.0,0.0,None,2015,4,10,15,2,Friday
55,5,2015-04-10,13019,1199,1,0,0,0,d,c,1500.0,1.0,2005.0,1,22.0,2009.0,"Feb,May,Aug,Nov",2015,4,10,15,2,Friday
56,5,2015-04-10,8050,752,1,0,0,0,a,a,1500.0,7.0,2010.0,0,0.0,0.0,None,2015,4,10,15,2,Friday
57,5,2015-04-10,4594,763,1,0,0,0,a,c,1500.0,0.0,2012.0,1,10.0,2009.0,"Mar,Jun,Sept,Dec",2015,4,10,15,2,Friday
58,5,2015-04-10,8372,943,1,1,0,0,d,c,1500.0,0.0,0.0,1,14.0,2009.0,"Mar,Jun,Sept,Dec",2015,4,10,15,2,Friday
59,5,2015-04-10,7264,1017,1,0,0,0,d,c,500.0,7.0,2012.0,0,0.0,0.0,None,2015,4,10,15,2,Friday
60,5,2015-04-10,10889,947,1,1,0,0,a,a,1500.0,11.0,0.0,1,31.0,2011.0,"Feb,May,Aug,Nov",2015,4,10,15,2,Friday
61,5,2015-04-10,13295,1004,1,1,0,0,a,c,500.0,5.0,2005.0,1,31.0,2013.0,"Jan,Apr,Jul,Oct",2015,4,10,15,2,Friday
62,5,2015-04-10,6927,1105,1,0,0,0,a,a,15000.0,5.0,2005.0,0,0.0,0.0,None,2015,4,10,15,2,Friday
63,5,2015-04-10,4880,595,1,1,0,0,c,c,3000.0,5.0,2005.0,0,0.0,0.0,None,2015,4,10,15,2,Friday
64,5,2015-04-10,4371,644,1,0,0,0,c,c,1500.0,5.0,0.0,1,1.0,2013.0,"Jan,Apr,Jul,Oct",2015,4,10,15,2,Friday
65,5,2015-04-10,0,0,0,1,0,1,a,c,1500.0,0.0,2014.0,0,0.0,0.0,None,2015,4,10,15,2,Friday
66,5,2015-04-10,4618,631,1,0,0,0,a,a,15000.0,3.0,2010.0,0,0.0,0.0,None,2015,4,10,15,2,Friday
67,5,2015-04-10,6754,652,1,0,0,0,d,c,1500.0,1.0,2012.0,0,0.0,0.0,None,2015,4,10,15,2,Friday
68,5,2015-04-10,4336,400,1,0,0,1,c,c,500.0,7.0,0.0,0,0.0,0.0,None,2015,4,10,15,2,Friday
69,5,2015-04-10,9833,879,1,0,0,0,d,c,15000.0,1.0,2012.0,1,31.0,2013.0,"Mar,Jun,Sept,Dec",2015,4,10,15,2,Friday
70,5,2015-04-10,4848,438,1,0,0,0,a,a,3000.0,5.0,0.0,0,0.0,0.0,None,2015,4,10,15,2,Friday
71,5,2015-04-10,3581,592,1,0,0,0,a,c,120.0,1.0,2008.0,1,31.0,2009.0,"Jan,Apr,Jul,Oct",2015,4,10,15,2,Friday
72,5,2015-04-10,10625,995,1,0,0,0,a,c,7500.0,9.0,2010.0,0,0.0,0.0,None,2015,4,10,15,2,Friday
73,5,2015-04-10,7042,1057,1,0,0,1,d,c,500.0,5.0,2008.0,1,40.0,2013.0,"Mar,Jun,Sept,Dec",2015,4,10,15,2,Friday
74,5,2015-04-10,3554,532,1,0,0,1,a,a,500.0,7.0,2012.0,0,0.0,0.0,None,2015,4,10,15,2,Friday
75,5,2015-04-10,8475,1023,1,0,0,0,c,c,3000.0,11.0,0.0,1,14.0,2009.0,"Feb,May,Aug,Nov",2015,4,10,15,2,Friday
76,5,2015-04-10,8276,695,1,1,0,0,a,a,120.0,0.0,2014.0,0,0.0,0.0,None,2015,4,10,15,2,Friday
77,5,2015-04-10,4450,383,1,0,0,0,d,c,1500.0,11.0,2012.0,0,0.0,0.0,None,2015,4,10,15,2,Friday
78,5,2015-04-10,8854,680,1,1,0,0,d,c,500.0,3.0,2010.0,0,0.0,0.0,None,2015,4,10,15,2,Friday
79,5,2015-04-10,7712,829,1,0,0,0,a,a,500.0,0.0,2012.0,1,14.0,2015.0,"Mar,Jun,Sept,Dec",2015,4,10,15,2,Friday
80,5,2015-04-10,7947,945,1,0,0,1,a,a,15000.0,9.0,2010.0,0,0.0,0.0,None,2015,4,10,15,2,Friday
81,5,2015-04-10,10691,898,1,0,0,0,a,a,1500.0,1.0,2010.0,1,22.0,2009.0,"Jan,Apr,Jul,Oct",2015,4,10,15,2,Friday
82,5,2015-04-10,10916,1198,1,1,0,1,a,a,1500.0,0.0,0.0,0,0.0,0.0,None,2015,4,10,15,2,Friday
83,5,2015-04-10,7295,772,1,0,0,0,a,c,500.0,7.0,2014.0,0,0.0,0.0,None,2015,4,10,15,2,Friday
84,5,2015-04-10,3927,357,1,1,0,0,d,a,1500.0,0.0,2005.0,0,0.0,0.0,None,2015,4,10,15,2,Friday
85,5,2015-04-10,0,0,0,1,0,0,d,c,120.0,0.0,2014.0,1,1.0,2013.0,"Jan,Apr,Jul,Oct",2015,4,10,15,2,Friday
86,5,2015-04-10,6549,686,1,0,0,0,d,a,3000.0,0.0,2012.0,0,0.0,0.0,None,2015,4,10,15,2,Friday
87,5,2015-04-10,12223,1106,1,0,0,0,a,a,1500.0,0.0,0.0,0,0.0,0.0,None,2015,4,10,15,2,Friday
88,5,2015-04-10,5406,490,1,1,0,1,d,c,3000.0,3.0,2012.0,1,31.0,2009.0,"Feb,May,Aug,Nov",2015,4,10,15,2,Friday
89,5,2015-04-10,8519,639,1,1,0,1,d,a,1500.0,9.0,0.0,1,31.0,2015.0,"Feb,May,Aug,Nov",2015,4,10,15,2,Friday
90,5,2015-04-10,4178,715,1,0,0,0,d,c,1500.0,0.0,0.0,0,0.0,0.0,None,2015,4,10,15,2,Friday
91,5,2015-04-10,4034,368,1,0,0,0,a,c,1500.0,3.0,2008.0,0,0.0,0.0,None,2015,4,10,15,2,Friday
92,5,2015-04-10,4282,530,1,0,0,0,d,c,120.0,3.0,0.0,1,31.0,2009.0,"Feb,May,Aug,Nov",2015,4,10,15,2,Friday
93,5,2015-04-10,4643,389,1,0,0,0,d,a,120.0,5.0,2005.0,0,0.0,0.0,None,2015,4,10,15,2,Friday
94,5,2015-04-10,13712,1181,1,0,0,0,c,a,500.0,11.0,2005.0,0,0.0,0.0,None,2015,4,10,15,2,Friday
95,5,2015-04-10,5269,689,1,0,0,1,a,c,500.0,11.0,2005.0,1,31.0,2009.0,"Feb,May,Aug,Nov",2015,4,10,15,2,Friday
96,5,2015-04-10,7773,746,1,0,0,0,d,c,500.0,7.0,2005.0,1,10.0,2009.0,"Feb,May,Aug,Nov",2015,4,10,15,2,Friday
97,5,2015-04-10,6806,802,1,0,0,0,c,a,120.0,0.0,2008.0,0,0.0,0.0,None,2015,4,10,15,2,Friday
98,5,2015-04-10,6953,762,1,1,0,0,c,a,500.0,3.0,2008.0,1,10.0,2009.0,"Feb,May,Aug,Nov",2015,4,10,15,2,Friday
99,5,2015-04-10,11895,1069,1,0,0,0,a,c,500.0,1.0,2012.0,0,0.0,0.0,None,2015,4,10,15,2,Friday
100,5,2015-04-10,8269,656,1,1,0,0,b,c,500.0,9.0,2005.0,0,0.0,0.0,None,2015,4,10,15,2,Friday
